GeneID	log2FC_geo	padj_geo	Symbol_geo	log2FC	padj_py	Symbol_py
1728	1.7651805	1.62e-26	NQO1	-1.8261788885114736		NQO1
8425	-1.477995	4.98e-24	LTBP4	1.8500704261520104		LTBP4
8237	-0.8616388	8.829999999999999e-23	USP11	0.9071988978273816		USP11
3151	-1.0752262	5.07e-22	HMGN2	0.8897078488945818		HMGN2
9429	-2.4402474	9.76e-22	ABCG2	2.638117048046348		ABCG2
23544	-4.4655896	9.76e-22	SEZ6L	3.61832877149916		SEZ6L
8932	0.6162275	7.06e-21	MBD2	-0.4400111456348989		MBD2
102724009	0.7268139	7.11e-20	KIF1C-AS1	0.0407867946037856		KIF1C-AS1
220963	-2.5045209	1.75e-18	SLC16A9	2.4630479268422416		SLC16A9
55132	0.5880211	2.35e-18	LARP1B	-0.3672257701503376		LARP1B
54865	0.7391006	2.92e-18	GPATCH4	-0.7631563542138071		GPATCH4
10058	0.8772793	1.17e-17	ABCB6	-0.9585031894605284		ABCB6
51002	0.9519376	9.02e-17	TPRKB	-0.7511136321396901		TPRKB
84624	-2.6621631	2.06e-16	FNDC1	2.933453668752572		FNDC1
8738	-0.6765266	3.46e-16	CRADD	0.8695694045227471		CRADD
152518	1.7541213	5.36e-16	NFXL1	0.0612311714411015		NFXL1
4528	0.5749945	6.77e-16	MTIF2	-0.7612364763737336		MTIF2
221476	-2.6867856	8.05e-16	PI16	3.2856090315122453		PI16
84893	0.4788197	9.46e-16	FBH1	0.0269858114315821		FBH1
101927417	-3.4490293	1.43e-15	FHAD1-AS1	4.3234351222167495		FHAD1-AS1
3068	0.5296882	2.38e-15	HDGF	-0.6129200462901396		HDGF
10307	-0.8805162	2.72e-15	APBB3	0.9220461227875578		APBB3
56654	-0.6477164	3.2e-15	NPDC1	0.5424370614411238		NPDC1
285175	-4.0109988	4.96e-15	UNC80	4.316537795383677		UNC80
26033	-2.9841021	9.14e-15	ATRNL1	2.950098280588312		ATRNL1
9703	0.4318898	1.84e-14	BLTP2	-0.1958844222133473		BLTP2
151194	0.5875524	1.98e-14	METTL21A	-0.6325953621204139		METTL21A
55831	0.8105488	2.17e-14	EMC3	-0.7272014450124686		EMC3
4054	-0.9135474	2.58e-14	LTBP3	0.4728782176614432		LTBP3
335	-2.4222177	2.82e-14	APOA1	2.5099067144902545		APOA1
51389	0.6563447	3.52e-14	RWDD1	-0.6380029904146358		RWDD1
23326	-0.5129476	3.95e-14	USP22	0.0616795499954374		USP22
65094	-1.1232267	4.8e-14	JMJD4	0.343718185886293		JMJD4
5226	0.6036679	6.78e-14	PGD	-0.5603976996528877		PGD
10749	0.5435947	6.78e-14	KIF1C	-0.4041845666738783		KIF1C
55768	0.5590339	8.96e-14	NGLY1	-0.4844095935927406		NGLY1
26778	-0.962765	9.06e-14	SNORA70	0.0		SNORA70
6919	-0.661424	9.6e-14	TCEA2	0.6062242507448525		TCEA2
57482	-3.0494258	1.13e-13	CRACD	2.442734206983594		CRACD
9766	-0.510066	1.19e-13	SUSD6	0.7732912575277884		SUSD6
7517	-0.581318	1.19e-13	XRCC3	0.3565636780215098		XRCC3
219402	0.7720456	1.25e-13	MTIF3	-0.8312986919729397		MTIF3
107985194	-1.9583008	1.29e-13	LINC02798	2.327678531914834		LINC02798
116841	-1.3311196	1.29e-13	SNAP47	1.4494081665110317		SNAP47
755	-0.5031287	1.29e-13	CFAP410	0.6569951483031602		CFAP410
652	-1.212235	1.44e-13	BMP4	1.1265770042801533		BMP4
56967	-2.2531509	1.89e-13	C14orf132	2.393962089622523		C14orf132
1033	1.4829642	2.17e-13	CDKN3	-1.4071177936563637		CDKN3
7273	0.6718366	2.66e-13	TTN	-0.5996701712638597		TTN
221120	0.6864798	2.79e-13	ALKBH3	-0.3887188207134437		ALKBH3
10010	0.4922581	4.52e-13	TANK	-0.3781262254569641		TANK
10133	0.6776729	4.69e-13	OPTN	-0.5502979266874064		OPTN
5348	-0.657497	4.69e-13	FXYD1	0.9241154061953178		FXYD1
145788	0.8952543	4.81e-13	PIERCE2	-0.7410087138852428		PIERCE2
118813	-0.659976	5.14e-13	ZFYVE27	0.8616088806956177		ZFYVE27
3671	-1.4603469	5.35e-13	ISLR	1.548310716599386		ISLR
64771	0.6327814	5.55e-13	ILRUN	-0.9865934804150892		ILRUN
221264	0.8236805	5.64e-13	AK9	-0.96827437261156		AK9
2487	-2.3537902	5.95e-13	FRZB	2.5271775464947144		FRZB
6424	-3.7016359	6.02e-13	SFRP4	3.682665715507434		SFRP4
84628	-1.7251401	7.28e-13	NTNG2	1.943421792300276		NTNG2
5493	1.182459	8.7e-13	PPL	-1.2160626746006535		PPL
80321	0.4492243	9.08e-13	CEP70	-0.5206602413233288		CEP70
89872	-3.4895331	9.53e-13	AQP10	3.6269777190204815		AQP10
64102	-4.8537718	9.59e-13	TNMD	5.006501537300292		TNMD
93210	-0.6433714	1.01e-12	PGAP3	0.5311268503066868		PGAP3
4338	0.4554277	1.04e-12	MOCS2	-0.4444326767503277		MOCS2
3931	-0.5968345	1.04e-12	LCAT	0.7863390485488555		LCAT
7536	-0.398362	1.07e-12	SF1	0.1432003589213666		SF1
285908	-0.944334	1.11e-12	LINC00174	0.8104787364895867		LINC00174
147660	-0.8123553	1.38e-12	ZNF578	0.7551022569497972		ZNF578
84067	-0.4514985	1.84e-12	FHIP1B	0.4864876315904274		FHIP1B
375056	0.4660163	1.88e-12	MIA3	-0.2239385772566589		MIA3
4878	-4.8325135	1.97e-12	NPPA	4.9619039582123605		NPPA
23118	0.6219712	2.38e-12	TAB2	-0.5750073924284793		TAB2
8835	-1.1356414	3.07e-12	SOCS2	1.2176426549249233		SOCS2
1112	0.564534	3.07e-12	FOXN3	-0.5891436590552797		FOXN3
115	0.5474631	3.07e-12	ADCY9	-0.6918603209501946		ADCY9
7077	-0.9043397	3.18e-12	TIMP2	0.985651997397496		TIMP2
9790	0.3270321	3.33e-12	BMS1	-0.0985120402197448		BMS1
4052	-0.8405061	3.4e-12	LTBP1	0.9473463478288524		LTBP1
127435	-1.3076289	3.45e-12	PODN	1.6191395828570876		PODN
8073	0.5127932	3.92e-12	PTP4A2	-0.6010107640040729		PTP4A2
55064	-1.3121143	3.92e-12	SPATA6L	1.1875997876061315		SPATA6L
51699	0.4112605	4.27e-12	VPS29	-0.39131205743249		VPS29
1032	0.5959745	4.8e-12	CDKN2D	-0.6114387984074812		CDKN2D
9283	-1.3218649	5.53e-12	GPR37L1	0.7300934770338321		GPR37L1
150572	0.7765604	5.53e-12	SMYD1	-0.6282889630896555		SMYD1
57758	-2.2795652	5.61e-12	SCUBE2	2.2433627000477205		SCUBE2
64094	-1.5790878	5.77e-12	SMOC2	1.403588425753819		SMOC2
192668	-1.3950019	6.2e-12	CYS1	1.3972663343078464		CYS1
7135	-4.0355434	6.55e-12	TNNI1	4.271437274644287		TNNI1
2935	0.3509012	6.84e-12	GSPT1	-0.5341190038530632		GSPT1
104326055	-2.1538547	7.98e-12	APOA1-AS	1.611087843442601		APOA1-AS
83690	-2.7935321	8.36e-12	CRISPLD1	2.791928488186705		CRISPLD1
30812	-1.5977933	8.36e-12	SOX8	1.8369703620093316		SOX8
26140	-0.7341719	8.38e-12	TTLL3	0.9619652500353144		TTLL3
7044	-2.6611512	8.51e-12	LEFTY2	2.7866171143078784		LEFTY2
1489	-0.8215982	9.2e-12	CTF1	1.1518300049760477		CTF1
7086	0.8723319	9.63e-12	TKT	-0.8187759180359633		TKT
387914	-3.5237272	9.63e-12	SHISA2	3.508750335988671		SHISA2
79144	-1.0614141	9.76e-12	PPDPF	1.4174379214977035		PPDPF
84792	0.6187084	1.04e-11	FAM220A	-0.5907612596154053		FAM220A
23518	0.5105772	1.11e-11	R3HDM1	-0.4219691325067654		R3HDM1
7324	0.3261469	1.33e-11	UBE2E1	-0.0554272800162909		UBE2E1
55856	0.5181437	1.33e-11	ACOT13	-0.4344696534212211		ACOT13
4192	-1.3870688	1.33e-11	MDK	1.6724522073587815		MDK
57414	-0.542646	1.42e-11	RHBDD2	0.6352114870155505		RHBDD2
7084	-0.3899851	1.56e-11	TK2	0.0901958239944829		TK2
7084	-0.3899851	1.56e-11	TK2	-0.6600264177230168		TK2
100302254	0.8694344	1.57e-11	MIR1282	-2.4756494144056016		MIR1282
79109	0.4234507	1.73e-11	MAPKAP1	-0.2648447710283443		MAPKAP1
352909	-1.7490447	1.75e-11	DNAAF3	0.9869289918454798		DNAAF3
22803	0.3220312	1.83e-11	XRN2	-0.101183235085462		XRN2
7483	-3.320506	1.87e-11	WNT9A	3.4253843673169757		WNT9A
197335	-0.7053395	2.07e-11	WDR90	0.908192339695316		WDR90
4056	-1.3716985	2.07e-11	LTC4S	2.0280493718120223		LTC4S
201134	0.6596734	2.07e-11	CEP112	-0.6058391415190858		CEP112
1622	0.8287616	2.13e-11	DBI	-0.5888144068488153		DBI
4831	0.6055621	2.19e-11	NME2	-0.3434370868252596		NME2
392	-0.7534981	2.63e-11	ARHGAP1	0.8007374232574582		ARHGAP1
112885	-2.0220351	2.76e-11	PHF21B	1.0467251789344665		PHF21B
728643	-0.7859137	2.89e-11	HNRNPA1P33	-0.0712094768388109		HNRNPA1P33
56261	-0.8328585	2.89e-11	GPCPD1	0.671125383136113		GPCPD1
51582	-0.9879895	2.9e-11	AZIN1	1.0707503489226475		AZIN1
400569	0.4556988	3.28e-11	MED11	-0.2016974114522778		MED11
147841	1.2055625	3.44e-11	SPC24	-1.147147399964289		SPC24
26019	0.5016704	3.51e-11	UPF2	-0.4810508923034575		UPF2
3163	0.9188681	3.6e-11	HMOX2	-0.8879165538469804		HMOX2
114881	-0.5887415	3.7e-11	OSBPL7	0.3190196190179613		OSBPL7
80352	0.6994113	3.76e-11	RNF39	-0.5678742517036266		RNF39
3898	2.2521739	3.95e-11	LAD1	-24.30609225207584		LAD1
654364	0.5989326	4.43e-11	NME1-NME2	-0.4217610464930594		NME1-NME2
651746	-1.4137544	4.75e-11	ANKRD33B	1.73431919747187		ANKRD33B
65982	-0.6092938	4.76e-11	ZSCAN18	0.6132051918360384		ZSCAN18
1981	0.4223765	5.19e-11	EIF4G1	-0.3296024513429101		EIF4G1
3717	-1.2393484	5.63e-11	JAK2	1.4203385032914737		JAK2
27101	0.6027796	5.72e-11	CACYBP	-0.7062106013321996		CACYBP
94122	-3.2932631	5.76e-11	SYTL5	3.56643610799869		SYTL5
6524	-0.6001678	6.5e-11	SLC5A2	2.979501629714614		SLC5A2
113675	-1.3506949	6.98e-11	SDSL	1.7418157923171746		SDSL
55362	0.4874875	7.6e-11	TMEM63B	-0.5899711852326668		TMEM63B
4194	-0.470179	7.68e-11	MDM4	0.1625518419331397		MDM4
729867	0.9647633	7.87e-11	LOC729867	0.0763667990382648		LOC729867
11222	0.3999023	8.2e-11	MRPL3	-0.501840048237737		MRPL3
51319	0.3522486	8.2e-11	RSRC1	-0.2342117545426725		RSRC1
84446	-1.291585	8.42e-11	BRSK1	1.4640168761293515		BRSK1
84286	-0.3798548	9.09e-11	TMEM175	0.4103830034095779		TMEM175
386724	-0.7872522	9.73e-11	AMIGO3	0.9598390616543128		AMIGO3
133396	-3.5911444	9.81e-11	IL31RA	3.4239724817670627		IL31RA
22891	-2.8256598	9.96e-11	ZNF365	2.969250808379595		ZNF365
80254	0.5061083	1.11e-10	CEP63	-0.3286849346590657		CEP63
55214	-2.2677407	1.11e-10	P3H2	1.9426358685999772		P3H2
84991	0.4073449	1.12e-10	RBM17	-0.2531705483245394		RBM17
6036	3.2601216	1.14e-10	RNASE2	-3.1320193039304227		RNASE2
4122	0.7709209	1.14e-10	MAN2A2	-0.6047963870718887		MAN2A2
5764	-1.3979169	1.33e-10	PTN	1.5087463865597712		PTN
27043	-0.4967598	1.33e-10	PELP1	0.5630840429541006		PELP1
669	0.4490543	1.48e-10	BPGM	-0.2392117054501898		BPGM
8439	0.3754896	1.59e-10	NSMAF	-0.6511173673943942		NSMAF
83940	0.6506919	1.67e-10	TATDN1	-0.7323012152709119		TATDN1
10949	-0.4235212	1.7e-10	HNRNPA0	0.445546416533694		HNRNPA0
123803	0.7566865	1.7e-10	NTAN1	-0.875933660085443		NTAN1
51343	-0.4246491	1.79e-10	FZR1	0.4103211178847488		FZR1
56965	0.4615891	1.81e-10	PARP6	-0.4385989243897281		PARP6
8463	0.6651877	1.83e-10	TEAD2	-0.771705497512646		TEAD2
1499	-0.2823923	1.83e-10	CTNNB1	0.4693996382519918		CTNNB1
4199	0.6088007	1.84e-10	ME1	-0.6492165618575099		ME1
11186	-0.8338731	1.87e-10	RASSF1	0.9043158290114546		RASSF1
8677	0.447558	1.87e-10	STX10	-0.211510819152501		STX10
5518	-0.4507797	1.9e-10	PPP2R1A	0.6318639006214379		PPP2R1A
80760	-1.1523578	1.96e-10	ITIH5	1.2873817372377112		ITIH5
81890	-0.4713566	1.96e-10	QTRT1	0.7614891920703233		QTRT1
246181	-0.9904212	2.04e-10	AKR7L	0.927798398427292		AKR7L
79971	-0.3625194	2.13e-10	WLS	0.247545026786133		WLS
4591	0.5274751	2.2e-10	TRIM37	-0.6130456187133859		TRIM37
7919	-0.3687298	2.38e-10	DDX39B	0.3729297696482572		DDX39B
23287	0.8215063	2.38e-10	AGTPBP1	-0.7587182159409265		AGTPBP1
23310	-0.4369083	2.39e-10	NCAPD3	0.4844430564323354		NCAPD3
5371	-0.4366944	2.46e-10	PML	0.5948775562595872		PML
100532737	-0.3679146	2.55e-10	ATP6V1G2-DDX39B	0.3079883489876864		ATP6V1G2-DDX39B
57595	-1.0716849	2.55e-10	PDZD4	0.9156479380432468		PDZD4
5713	0.4367061	2.78e-10	PSMD7	-0.3365405060622217		PSMD7
8745	0.6129955	2.78e-10	ADAM23	-0.3265598710847248		ADAM23
10715	-1.4696592	2.86e-10	CERS1	1.4795755913314386		CERS1
3716	0.6703943	2.88e-10	JAK1	-0.6806398603026338		JAK1
10644	0.5955051	2.98e-10	IGF2BP2	-0.5007362615386071		IGF2BP2
55240	1.1520938	3.04e-10	STEAP3	-1.040675059040182		STEAP3
55799	1.1820671	3.08e-10	CACNA2D3	-1.0036420121985907		CACNA2D3
79973	-0.8613102	3.5e-10	ZNF442	0.4986112869943599		ZNF442
23383	-0.4245873	3.58e-10	MAU2	0.5574322073434717		MAU2
284297	-1.7735581	3.66e-10	SSC5D	2.069146440517382		SSC5D
144481	-1.6357291	3.94e-10	SOCS2-AS1	1.712184355312022		SOCS2-AS1
387522	0.4124239	4e-10	PEDS1-UBE2V1	0.0842802595032701		PEDS1-UBE2V1
149345	0.8540484	4.04e-10	SHISA4	-0.6417977111700841		SHISA4
2252	1.3073733	4.22e-10	FGF7	-1.490878229803437		FGF7
284034	-1.9220208	4.22e-10	LINC00670	2.442350667917902		LINC00670
79828	0.4679881	4.45e-10	METTL8	-0.4658545165310754		METTL8
9372	0.4303338	4.46e-10	ZFYVE9	-0.2717155038465746		ZFYVE9
10768	0.2763891	4.49e-10	AHCYL1	-0.1587314067389851		AHCYL1
1781	0.2709459	4.92e-10	DYNC1I2	-0.4690998270598401		DYNC1I2
4675	-1.7608782	5.18e-10	NAP1L3	1.907174502689517		NAP1L3
123099	-0.7100179	5.34e-10	DEGS2	1.711365639406826		DEGS2
57099	0.6374567	5.34e-10	AVEN	-0.7085632669930186		AVEN
1307	-1.4551882	5.44e-10	COL16A1	1.6070979804274694		COL16A1
3116	-2.1068319	5.46e-10	HLA-DPB2	0.9231652697277736		HLA-DPB2
11066	0.4825208	5.46e-10	SNRNP35	-0.3069957522316642		SNRNP35
79006	-0.6645482	5.81e-10	METRN	0.9858605744703643		METRN
9843	-0.9728334	5.86e-10	HEPH	1.0369051767801722		HEPH
1730	0.3953137	5.87e-10	DIAPH2	-0.2452205930135997		DIAPH2
9592	-1.1263292	5.9e-10	IER2	1.3699710515599053		IER2
2331	-2.7151155	5.99e-10	FMOD	2.954061902036171		FMOD
644019	0.5098399	6.06e-10	ZNG1F	1.8103894445489648		ZNG1F
3837	0.3057591	6.33e-10	KPNB1	-0.0575562070636737		KPNB1
116151	0.4685431	6.49e-10	FAM210B	-0.2292419342739968		FAM210B
100128071	-1.3705332	6.62e-10	FAM229A	0.3992117959271719		FAM229A
58506	-0.4333501	6.72e-10	SCAF1	0.6556547720549193		SCAF1
4801	0.6217506	6.79e-10	NFYB	-0.7738013618471866		NFYB
4092	-0.9916044	6.79e-10	SMAD7	1.002024159098451		SMAD7
353116	0.5654176	6.86e-10	RILPL1	-0.5102730203661556		RILPL1
26038	-2.5721097	7.22e-10	CHD5	2.317168237572097		CHD5
55384	-0.8827753	7.24e-10	MEG3	1.149483876952785		MEG3
23154	-0.6252016	7.45e-10	NCDN	0.6591774059251438		NCDN
11164	0.4500873	7.52e-10	NUDT5	-0.6580084027026301		NUDT5
1978	1.0269465	7.77e-10	EIF4EBP1	-0.9566447351256048		EIF4EBP1
54850	-0.4973055	7.77e-10	FBXL12	0.5124709572107125		FBXL12
2948	0.4955824	7.79e-10	GSTM4	-0.3033318231796675		GSTM4
23127	-0.9943868	7.81e-10	COLGALT2	1.063432271180042		COLGALT2
55182	0.3707388	8.56e-10	RNF220	-0.4111568057418004		RNF220
23559	-0.551663	8.56e-10	WBP1	0.956301520409724		WBP1
65265	-0.3015562	8.56e-10	C8orf33	0.1230873615758314		C8orf33
56851	0.4444733	8.56e-10	EMC7	-0.497824597016562		EMC7
10778	0.4535588	8.56e-10	ZNF271P	-0.352085688807171		ZNF271P
26330	-0.7633956	8.56e-10	GAPDHS	0.493329183511535		GAPDHS
56935	0.4400123	8.89e-10	SMCO4	-0.5198773772198919		SMCO4
114294	0.6474032	8.89e-10	LACTB	-0.8741601655546871		LACTB
1314	-0.3758513	8.9e-10	COPA	0.4033676820726342		COPA
7335	0.4036602	9.11e-10	UBE2V1	-0.4791392299986983		UBE2V1
80011	0.2561256	9.49e-10	PSME3IP1	-0.3603488718692498		PSME3IP1
27067	0.512097	9.67e-10	STAU2	-0.5744064789567336		STAU2
26001	0.3966375	9.85e-10	RNF167	-0.1079682557312375		RNF167
445571	0.489099	1.03e-09	ZNG1C	0.0003597618463864		ZNG1C
3417	0.7208536	1.05e-09	IDH1	-0.6426938906371751		IDH1
9879	0.3873176	1.07e-09	DDX46	-0.2103043559965138		DDX46
51361	1.6391162	1.09e-09	HOOK1	-1.0126446615924498		HOOK1
727866	-0.4454678	1.09e-09	FAM156B	0.7427992717658001		FAM156B
51564	-0.4365896	1.1e-09	HDAC7	0.2474416282742		HDAC7
84946	0.4914177	1.13e-09	LTV1	-0.2609384464563442		LTV1
1490	-2.1476927	1.24e-09	CCN2	2.307757699129473		CCN2
4239	-1.4861088	1.28e-09	MFAP4	1.4774162491630536		MFAP4
11124	0.3496011	1.3e-09	FAF1	-0.3900792750576043		FAF1
118490	-1.4264552	1.32e-09	MSS51	1.470885125916802		MSS51
339929	-0.9844593	1.35e-09	LPP-AS2	1.0826721319767467		LPP-AS2
26007	-0.5114054	1.35e-09	TKFC	0.853502602510412		TKFC
966	0.4883537	1.37e-09	CD59	-0.4497677418453349		CD59
85013	-0.587536	1.42e-09	TMEM128	0.8552259674603158		TMEM128
169044	-3.7602746	1.43e-09	COL22A1	2.991489588540944		COL22A1
11059	0.6551456	1.49e-09	WWP1	-0.8767290889850301		WWP1
342527	1.3266675	1.66e-09	SMTNL2	-1.24544991277694		SMTNL2
84299	0.5774468	1.72e-09	MIEN1	-0.5714510159765753		MIEN1
3705	0.6017252	1.72e-09	ITPK1	-0.7695627681987824		ITPK1
5468	0.6802102	1.75e-09	PPARG	-0.5841764953760253		PPARG
28232	0.357624	1.82e-09	SLCO3A1	-0.1931722778361262		SLCO3A1
7975	-0.9997567	1.84e-09	MAFK	1.1837757577652963		MAFK
58526	0.9157121	1.85e-09	MID1IP1	-0.8412037515476145		MID1IP1
1903	1.2068576	1.9e-09	S1PR3	-1.0783066932818937		S1PR3
360200	-1.0635883	1.91e-09	TMPRSS9	2.522065248277638		TMPRSS9
64151	1.0159698	1.94e-09	NCAPG	-1.1515976067680758		NCAPG
23462	-0.6619889	1.97e-09	HEY1	0.6265670089028177		HEY1
100874097	0.5413197	1.97e-09	UBE2Q1-AS1	0.7682501050336548		UBE2Q1-AS1
1991	1.4493106	1.98e-09	ELANE	-1.0503910915029802		ELANE
23379	0.3796127	2.04e-09	ICE1	-0.179305694358844		ICE1
8452	0.3312044	2.07e-09	CUL3	-0.145595853271379		CUL3
84669	0.4745167	2.07e-09	USP32	-0.6196969506282839		USP32
146909	2.1617159	2.14e-09	KIF18B	-2.1049944000607157		KIF18B
80167	-1.0694683	2.23e-09	ABHD18	1.2414650797644593		ABHD18
94103	-0.5869813	2.29e-09	ORMDL3	0.4844257754720562		ORMDL3
8850	0.6149535	2.32e-09	KAT2B	-0.7658603051048916		KAT2B
79020	0.4998581	2.35e-09	C7orf25	-0.1421115612154634		C7orf25
79957	-0.9989729	2.35e-09	PAQR6	0.9488140045706688		PAQR6
83700	-0.5473262	2.45e-09	JAM3	0.8788541770393792		JAM3
23247	-0.5798926	2.5e-09	KATNIP	0.7360202570595393		KATNIP
9678	0.2617388	2.51e-09	PHF14	-0.0178080633401132		PHF14
128854	-1.1491923	2.55e-09	TSPY26P	0.7265204418489043		TSPY26P
10969	0.550118	2.56e-09	EBNA1BP2	-0.592230889042253		EBNA1BP2
64755	-0.5393531	2.56e-09	RUSF1	0.6009958558409885		RUSF1
106456574	-1.6911126	2.69e-09	LINC01616	1.7984385076054883		LINC01616
93664	1.1783743	2.89e-09	CADPS2	-1.0605080044861612		CADPS2
10553	0.9147539	2.89e-09	HTATIP2	-0.8808585253740908		HTATIP2
55660	0.3886048	2.91e-09	PRPF40A	-0.3189779528431753		PRPF40A
100996694	-0.9102888	2.93e-09	LINC02502	1.1970287542909857		LINC02502
50861	-0.7628218	2.97e-09	STMN3	0.8151819897167965		STMN3
23439	-3.1711011	2.97e-09	ATP1B4	3.304976161543356		ATP1B4
10589	0.5200064	3e-09	DRAP1	-0.2962873958956393		DRAP1
64788	-0.7325417	3.16e-09	LMF1	0.5905572661605984		LMF1
56110	-0.4283096	3.16e-09	PCDHGA5	0.8003518877512708		PCDHGA5
79724	0.4489196	3.3e-09	ZNF768	-0.4365559812081345		ZNF768
51315	0.3916601	3.32e-09	KRCC1	-0.3471835501807385		KRCC1
2971	0.6396931	3.42e-09	GTF3A	-0.6025679237177535		GTF3A
23303	-0.6400975	3.48e-09	KIF13B	0.7207158143585704		KIF13B
9149	-0.7026561	3.54e-09	DYRK1B	0.3892434140239489		DYRK1B
55165	2.3880354	3.57e-09	CEP55	-2.2409665972439647		CEP55
51520	0.3284934	3.62e-09	LARS1	-0.4387129587128076		LARS1
58529	-1.9030294	3.76e-09	MYOZ1	2.0298278395148506		MYOZ1
26528	0.4836152	3.79e-09	DAZAP1	-0.3714367062847232		DAZAP1
83468	-0.8202649	3.8e-09	GLT8D2	0.9448977804938744		GLT8D2
7874	0.3549123	3.81e-09	USP7	-0.3357652132089983		USP7
328	0.3585488	3.9e-09	APEX1	-0.180791823237393		APEX1
8883	0.293089	3.9e-09	NAE1	-0.1202807989016863		NAE1
4123	-0.5316078	3.93e-09	MAN2C1	0.4534695565811981		MAN2C1
6249	0.4935416	3.94e-09	CLIP1	-0.4833679561668322		CLIP1
653519	0.3516616	3.96e-09	GPR89A	-0.2567981994940465		GPR89A
90411	0.4298695	4.05e-09	MCFD2	-0.4443332530592547		MCFD2
8872	0.4184319	4.05e-09	CDC123	-0.2107500189136431		CDC123
8669	0.4085885	4.44e-09	EIF3J	-0.3263876989631846		EIF3J
1855	0.6445191	4.53e-09	DVL1	-0.6504859348867846		DVL1
3622	0.840492	4.57e-09	ING2	-0.6342553464239087		ING2
388135	0.9521237	4.6e-09	INSYN1	-1.0889500114277553		INSYN1
10248	0.4544229	4.61e-09	POP7	-0.3468106028183451		POP7
64321	-1.3741845	4.83e-09	SOX17	1.5164064061678144		SOX17
23101	-1.3064584	4.83e-09	MCF2L2	0.7158924663010855		MCF2L2
51162	-0.6423761	5.07e-09	EGFL7	0.8496949165301553		EGFL7
55216	0.4159018	5.15e-09	NKAPD1	-0.0586457831411797		NKAPD1
60386	0.6426004	5.17e-09	SLC25A19	-0.6739172478938396		SLC25A19
6399	-0.4465852	5.2e-09	TRAPPC2	0.4272742765339745		TRAPPC2
51550	0.5065128	5.25e-09	CINP	-0.6027064720156998		CINP
51550	0.5065128	5.25e-09	CINP	0.4750896287019992		CINP
79648	0.3181005	5.28e-09	MCPH1	0.0982586425871283		MCPH1
84293	0.6416581	5.52e-09	PRXL2A	-0.456595823143699		PRXL2A
50512	-1.1024875	5.54e-09	PODXL2	1.4185634831375558		PODXL2
51207	1.2265368	5.54e-09	DUSP13	-1.081550732378454		DUSP13
8834	0.523752	5.55e-09	TMEM11	-0.5309314041254334		TMEM11
10533	-0.2833669	5.59e-09	ATG7	0.3183164601052879		ATG7
7444	0.5217019	5.6e-09	VRK2	-0.3919471999257462		VRK2
8924	0.4041243	5.74e-09	HERC2	-0.2440194889154661		HERC2
26112	0.6499495	5.81e-09	CCDC69	-1.1353382726994503		CCDC69
51118	0.630203	5.91e-09	UTP11	-0.5357708513727486		UTP11
54468	0.3396014	5.98e-09	MIOS	-0.1776649993359838		MIOS
148709	-1.9012504	6.11e-09	ACTG1P25	0.6778875059362743		ACTG1P25
4060	-1.6783995	6.11e-09	LUM	1.8120006957174688		LUM
57459	-0.4084389	6.15e-09	GATAD2B	0.4268120628706873		GATAD2B
10490	0.338718	6.22e-09	VTI1B	-0.1391487963662729		VTI1B
65057	-0.4926247	6.59e-09	ACD	0.4768742209021006		ACD
388531	1.3073143	6.69e-09	RGS9BP	-1.2284370858824485		RGS9BP
60468	-0.8217005	6.72e-09	BACH2	0.837053357856447		BACH2
91179	-1.1395837	6.82e-09	SCARF2	0.7950973724845649		SCARF2
285389	-1.7056965	6.86e-09	LINC02028	2.019911076610798		LINC02028
2874	0.4954735	6.86e-09	GPS2	-0.5049509068560676		GPS2
115703	-0.7367583	7.04e-09	ARHGAP33	0.990132603690158		ARHGAP33
2800	0.2841432	7.04e-09	GOLGA1	-0.4392613789696682		GOLGA1
4898	0.3404239	7.13e-09	NRDC	0.00867886261668		NRDC
6728	0.4122938	7.38e-09	SRP19	-0.494457112685243		SRP19
26251	-0.5243812	7.43e-09	KCNG2	-0.4324680394790592		KCNG2
23022	0.7335686	7.54e-09	PALLD	-0.975933610076801		PALLD
3150	-0.5610979	7.56e-09	HMGN1	0.4200140770587408		HMGN1
158326	-1.331956	7.89e-09	FREM1	1.5521140608637691		FREM1
128853	-1.2820652	7.9e-09	DUSP15	1.2554260911922812		DUSP15
4953	-0.7943044	7.94e-09	ODC1	0.8394472866606932		ODC1
153768	1.4979293	8.24e-09	PRELID2	-1.072667453276199		PRELID2
23598	-0.494589	8.29e-09	PATZ1	0.5406094715429282		PATZ1
2287	0.5774909	8.68e-09	FKBP3	-0.4683487640053938		FKBP3
8602	0.3685691	8.74e-09	NOP14	-0.3180151598296148		NOP14
51196	-1.1798838	9.11e-09	PLCE1	1.547288437379644		PLCE1
3824	-1.0366354	9.37e-09	KLRD1	1.4802882530452035		KLRD1
6844	-0.3853509	9.37e-09	VAMP2	0.4144758637512105		VAMP2
284273	0.4110756	9.53e-09	PTGR3	-0.2486809451703004		PTGR3
2207	1.0904342	9.53e-09	FCER1G	-0.9082975602492818		FCER1G
54943	0.801157	9.53e-09	DNAJC28	-0.812756150630086		DNAJC28
388341	-0.4457184	9.92e-09	LRRC75A	0.2975255765006048		LRRC75A
26577	-0.9381077	1.01e-08	PCOLCE2	0.9183746568286892		PCOLCE2
54328	-1.1881943	1.01e-08	GPR173	1.2858728343027706		GPR173
816	-0.5029608	1.01e-08	CAMK2B	0.392053326373869		CAMK2B
3045	-4.302293	1.02e-08	HBD	3.373479848767129		HBD
8675	-0.4216581	1.02e-08	STX16	-1.4020980385215829		STX16
23014	-0.5303059	1.03e-08	FBXO21	0.4587177530360229		FBXO21
51463	0.3555463	1.04e-08	GPR89B	-0.278976910495819		GPR89B
7373	-2.0350267	1.04e-08	COL14A1	2.356917508745209		COL14A1
161291	-2.2902635	1.04e-08	TMEM30B	2.354751539308872		TMEM30B
27232	2.1678569	1.08e-08	GNMT	-2.282236981095309		GNMT
342667	2.7255301	1.08e-08	STAC2	-3.016853922885036		STAC2
283130	-0.7678071	1.09e-08	SLC25A45	0.8999049347094323		SLC25A45
9141	0.5305212	1.09e-08	PDCD5	-0.3070050223994744		PDCD5
165	-2.1790717	1.11e-08	AEBP1	2.3175186393351543		AEBP1
54505	0.3205519	1.14e-08	DHX29	-0.2638464537174374		DHX29
90293	-0.6783224	1.14e-08	KLHL13	0.466773974550501		KLHL13
23241	0.2597508	1.15e-08	PACS2	0.1476809040386939		PACS2
5502	1.3134034	1.15e-08	PPP1R1A	-1.4474752207796238		PPP1R1A
8894	0.479708	1.15e-08	EIF2S2	-0.4969809506815776		EIF2S2
79631	0.5251201	1.15e-08	EFL1	-0.3848302361043725		EFL1
9130	0.4817605	1.16e-08	FAM50A	-0.1748237475533365		FAM50A
6649	-1.0012037	1.17e-08	SOD3	1.4037718278625118		SOD3
84064	0.3452837	1.17e-08	HDHD2	-0.4168751972187978		HDHD2
10565	0.4871546	1.18e-08	ARFGEF1	-0.311199299522908		ARFGEF1
3613	0.8969112	1.18e-08	IMPA2	-0.6989201253224122		IMPA2
51053	0.6149826	1.18e-08	GMNN	-0.7234553974671947		GMNN
54617	0.2599113	1.18e-08	INO80	-0.5321861975660651		INO80
1832	0.6266401	1.25e-08	DSP	-0.427167064955416		DSP
54958	-1.1127656	1.25e-08	TMEM160	1.0544073881592584		TMEM160
4147	-1.0503916	1.25e-08	MATN2	1.1668214140089574		MATN2
339366	-0.8925814	1.25e-08	ADAMTSL5	1.1506106745330174		ADAMTSL5
9120	-1.7985045	1.26e-08	SLC16A6	2.146508708296475		SLC16A6
10767	0.3303354	1.29e-08	HBS1L	-0.5266897826734107		HBS1L
4832	-0.7343051	1.29e-08	NME3	0.7947867915337836		NME3
100526740	0.9889852	1.31e-08	ATP5MF-PTCD1	-0.0014579712750615		ATP5MF-PTCD1
79762	0.8189124	1.32e-08	C1orf115	-0.5991326234617862		C1orf115
1950	0.6128025	1.36e-08	EGF	-0.3240020294738968		EGF
3040	-2.2726343	1.39e-08	HBA2	2.6908750888571817		HBA2
56288	0.4740172	1.4e-08	PARD3	-0.661303873283158		PARD3
9812	-0.4750404	1.4e-08	DELE1	0.6289204459973128		DELE1
3017	0.8289801	1.47e-08	H2BC5	-0.7020087899150731		H2BC5
29789	0.4157582	1.49e-08	OLA1	-0.5610305138379399		OLA1
9322	0.596759	1.5e-08	TRIP10	-0.5723376150435406		TRIP10
1404	-2.8505557	1.5e-08	HAPLN1	0.9495931933088624		HAPLN1
6992	0.3759798	1.57e-08	PPP1R11	-0.1936440363873961		PPP1R11
8195	0.4978181	1.59e-08	MKKS	-0.6248440844144945		MKKS
92346	2.2496571	1.63e-08	C1orf105	-2.3479253707882397		C1orf105
728975	0.9927477	1.66e-08	CAPN1-AS1	-1.02586609709371		CAPN1-AS1
55677	0.3756105	1.69e-08	IWS1	-0.3863934783211036		IWS1
10478	-0.4561416	1.71e-08	SLC25A17	0.3182764289679167		SLC25A17
7518	1.2207324	1.77e-08	XRCC4	-1.0120995181286494		XRCC4
646603	-0.6050307	1.77e-08	C4orf51	3.110568662383203		C4orf51
84259	0.3835467	1.81e-08	DCUN1D5	-0.4419981849243202		DCUN1D5
55225	0.4396095	1.87e-08	RAVER2	-0.2845941159530514		RAVER2
55437	0.6349642	1.87e-08	STRADB	-0.5585210736355304		STRADB
403	0.4193489	1.87e-08	ARL3	-0.3379829889317776		ARL3
414918	-0.7293053	1.93e-08	DENND6B	0.9263255778554824		DENND6B
3181	0.3648866	1.94e-08	HNRNPA2B1	-0.5887349992283415		HNRNPA2B1
6257	-0.3021637	1.99e-08	RXRB	0.3220252715081857		RXRB
3741	-1.2776936	2e-08	KCNA5	1.6394448999285327		KCNA5
8434	-0.6221884	2.02e-08	RECK	0.9077422016675428		RECK
54910	-0.8123608	2.06e-08	SEMA4C	0.8547830624998776		SEMA4C
166336	-0.7364574	2.07e-08	PRICKLE2	0.7999755897272589		PRICKLE2
2657	-1.5095325	2.07e-08	GDF1	1.9471846255177776		GDF1
196410	1.3084928	2.08e-08	METTL7B	-1.547028551633975		METTL7B
80148	-0.431822	2.09e-08	SLC66A2	0.4101272978456736		SLC66A2
9907	-0.5457486	2.13e-08	AP5Z1	0.7862309914181465		AP5Z1
221927	-0.4411499	2.14e-08	BRAT1	0.5393407240219674		BRAT1
9101	0.4024167	2.16e-08	USP8	-0.306503557246268		USP8
911	-1.9448707	2.27e-08	CD1C	1.83212192970516		CD1C
51380	-0.4587497	2.28e-08	CSAD	0.4497657430977817		CSAD
6892	-0.432393	2.31e-08	TAPBP	0.4996156891548748		TAPBP
84310	-0.6711417	2.32e-08	C7orf50	0.5257519676823916		C7orf50
30011	0.9680462	2.53e-08	SH3KBP1	-1.0268459911217906		SH3KBP1
2286	0.608017	2.61e-08	FKBP2	-0.4337277852553391		FKBP2
112752	-0.5900722	2.64e-08	IFT43	0.8566185509125512		IFT43
144406	-1.3966615	2.67e-08	CFAP251	1.6680670459458262		CFAP251
83933	-0.5784364	2.67e-08	HDAC10	0.6624652377852667		HDAC10
11190	0.4353719	2.67e-08	CEP250	-0.3776866463273558		CEP250
146395	-3.6204294	2.69e-08	GSG1L	3.9658768021219215		GSG1L
55585	0.3686991	2.8e-08	UBE2Q1	-0.3824072594331715		UBE2Q1
5104	1.7855974	2.81e-08	SERPINA5	-1.4628791483555217		SERPINA5
130814	-0.4224015	2.85e-08	SLC66A3	0.700732037773792		SLC66A3
3005	0.7148954	2.92e-08	H1-0	-0.5253141383626136		H1-0
28512	0.3023628	2.93e-08	NKIRAS1	-0.590875183199457		NKIRAS1
54830	-1.267381	2.97e-08	NUP62CL	0.8689928711879146		NUP62CL
5884	0.312577	2.97e-08	RAD17	-0.1047957773200662		RAD17
254827	-0.8311638	3e-08	NAALADL2	0.7728269494348898		NAALADL2
64979	0.6192359	3.1e-08	MRPL36	-0.5679938382327077		MRPL36
10979	0.3200917	3.1e-08	FERMT2	-0.5182418761832723		FERMT2
4311	-1.400037	3.11e-08	MME	1.3383275767732306		MME
125	1.4792749	3.11e-08	ADH1B	-1.5017709081620625		ADH1B
23029	0.4423918	3.12e-08	RBM34	-0.376401128254888		RBM34
5654	-0.7391821	3.12e-08	HTRA1	1.040743183804115		HTRA1
90135	0.3757444	3.12e-08	BTBD6	-0.1780474245768868		BTBD6
112755	-1.3947603	3.15e-08	STX1B	1.4686986353753897		STX1B
6774	0.7597079	3.17e-08	STAT3	-0.9064344568714376		STAT3
9553	0.8022164	3.19e-08	MRPL33	-0.5575193849715703		MRPL33
116225	0.5153824	3.24e-08	ZMYND19	-0.4851754364662191		ZMYND19
9887	0.3412048	3.24e-08	SMG7	-0.1913433063384095		SMG7
65993	0.481301	3.27e-08	MRPS34	-0.5544340301071129		MRPS34
56888	0.3423819	3.28e-08	KCMF1	-0.1873200927647396		KCMF1
5496	0.3783731	3.32e-08	PPM1G	-0.3930084925962367		PPM1G
540	-0.5842178	3.32e-08	ATP7B	0.6090773516559764		ATP7B
399664	-0.6968333	3.34e-08	MEX3D	0.7159557480270615		MEX3D
51287	0.4384401	3.4e-08	COA4	-0.3850012753196754		COA4
5095	0.4881016	3.43e-08	PCCA	-0.2767503499133106		PCCA
11011	0.2942238	3.49e-08	TLK2	-0.0240011492416676		TLK2
100130705	-2.6172388	3.64e-08	ATP6V1FNB	3.1903377123276044		ATP6V1FNB
85480	0.7655817	3.7e-08	TSLP	-0.8283399519930752		TSLP
23087	-0.4252971	3.72e-08	TRIM35	0.1958711990708308		TRIM35
255043	-0.7000885	3.83e-08	TMEM86B	0.6675905262029628		TMEM86B
1848	-0.705633	3.88e-08	DUSP6	0.7311710362895321		DUSP6
114795	1.9270784	3.9e-08	TMEM132B	-1.9024711583134584		TMEM132B
4692	-0.4741492	3.9e-08	NDN	0.52301053737584		NDN
12	2.5027615	4.08e-08	SERPINA3	-2.8113895449971094		SERPINA3
4330	-0.972632	4.17e-08	MN1	0.8031059565685132		MN1
79811	0.5451595	4.24e-08	SLTM	-0.6428452502069106		SLTM
7148	-0.8787473	4.26e-08	TNXB	1.049623103620232		TNXB
93643	-0.3610608	4.33e-08	TJAP1	0.3979414234408489		TJAP1
55288	0.5307269	4.5e-08	RHOT1	-0.4633932127467783		RHOT1
387893	0.4034864	4.54e-08	KMT5A	0.2583759211515084		KMT5A
23028	0.2801368	4.56e-08	KDM1A	0.0777785923142762		KDM1A
7205	-0.581893	4.69e-08	TRIP6	0.809984310305178		TRIP6
6376	-0.7904572	4.72e-08	CX3CL1	0.9848184312548072		CX3CL1
23281	0.7715614	4.75e-08	MTUS2	-0.615264987309577		MTUS2
9617	0.4507041	5.02e-08	MTRF1	-0.4465937715766932		MTRF1
83938	1.2894233	5.03e-08	LRMDA	-1.1950458954765129		LRMDA
4624	0.942193	5.03e-08	MYH6	-0.6234832416009084		MYH6
22822	-1.7682939	5.03e-08	PHLDA1	1.9224315294158851		PHLDA1
3043	-2.5106065	5.1e-08	HBB	2.6632142306004827		HBB
2255	2.9434625	5.2e-08	FGF10	-3.589538775693384		FGF10
91782	0.3045995	5.37e-08	CHMP7	-0.2377321308884976		CHMP7
26472	0.8572132	5.37e-08	PPP1R14B	-0.8055874944271331		PPP1R14B
219844	0.7417598	5.58e-08	HYLS1	-0.6427043040752869		HYLS1
57801	-0.8311166	5.61e-08	HES4	1.0172377418535272		HES4
113189	-0.4589434	5.61e-08	CHST14	0.6780651397596951		CHST14
4632	-3.0305752	5.65e-08	MYL1	2.9167506434508352		MYL1
53345	-1.3524287	5.65e-08	TM6SF2	1.1341951713196716		TM6SF2
8864	-1.2393219	5.66e-08	PER2	1.245532366064931		PER2
3039	-2.1774212	5.66e-08	HBA1	2.5978465354719957		HBA1
1298	-1.2656303	5.66e-08	COL9A2	1.4226384379389974		COL9A2
27351	0.5827799	5.66e-08	DESI1	-0.8483729026190687		DESI1
10536	-0.8412611	5.72e-08	P3H3	1.1099290644825737		P3H3
4879	-3.6686828	5.79e-08	NPPB	3.797484256853728		NPPB
124935	-1.028314	5.83e-08	SLC43A2	1.2729555135302189		SLC43A2
203430	-1.9380591	5.86e-08	RTL3	2.10423224441488		RTL3
51573	0.3673871	5.91e-08	GDE1	-0.1639488459602915		GDE1
8805	0.3417444	5.98e-08	TRIM24	-0.3220723330587356		TRIM24
80212	0.386213	5.98e-08	CCDC92	-0.3738827899754842		CCDC92
392255	-2.3947405	5.99e-08	GDF6	2.428146657983004		GDF6
10717	-0.3374031	6.01e-08	AP4B1	0.3176046504524352		AP4B1
26058	0.3153201	6.04e-08	GIGYF2	-0.2451758575998734		GIGYF2
10489	-0.3285908	6.13e-08	LRRC41	0.3203451575846792		LRRC41
6356	2.1569163	6.13e-08	CCL11	-2.0234599301828786		CCL11
26071	0.3869313	6.13e-08	RTL8A	-0.4693504727000475		RTL8A
928	-0.6834834	6.17e-08	CD9	0.8963972136975755		CD9
26750	0.313038	6.17e-08	RPS6KC1	-0.1222495305003059		RPS6KC1
55201	-0.4773466	6.2e-08	MAP1S	0.7152174126612607		MAP1S
8754	0.5508634	6.24e-08	ADAM9	-0.4682835164563412		ADAM9
57003	0.3424178	6.24e-08	CCDC47	-0.4021612621291215		CCDC47
7499	-2.4728626	6.24e-08	XG	2.7983681598600905		XG
83540	1.8336472	6.51e-08	NUF2	-1.402146869329849		NUF2
29123	0.3621887	6.68e-08	ANKRD11	-0.282307518147868		ANKRD11
23098	-0.4177984	6.71e-08	SARM1	1.0562091200309145		SARM1
374654	-0.7681387	6.75e-08	KIF7	0.8339219191754501		KIF7
678655	-0.660234	6.82e-08	CD27-AS1	0.2727730406616135		CD27-AS1
139065	-2.4228899	6.87e-08	SLITRK4	2.15512709166509		SLITRK4
85437	0.3578866	7.04e-08	ZCRB1	-0.3768892216928075		ZCRB1
56928	-0.4561848	7.06e-08	SPPL2B	0.5185607642086643		SPPL2B
28981	0.5280033	7.07e-08	IFT81	-0.5625824046472383		IFT81
5211	-0.376322	7.29e-08	PFKL	0.5988651100709186		PFKL
10930	0.7259002	7.43e-08	APOBEC2	-0.5517297495128153		APOBEC2
10721	0.9162425	7.57e-08	POLQ	-0.943891901418175		POLQ
51300	0.5380253	7.65e-08	TIMMDC1	-0.3490974091689933		TIMMDC1
374659	0.4558189	7.65e-08	HDDC3	-0.4062822734361075		HDDC3
100526832	0.6811624	7.66e-08	PHOSPHO2-KLHL23	-0.8246977739751298		PHOSPHO2-KLHL23
84520	0.4670998	7.85e-08	GON7	-0.2931555866651338		GON7
29761	0.3902582	8.23e-08	USP25	-0.4851006163475606		USP25
3743	2.2866254	8.27e-08	KCNA7	-2.423694397634936		KCNA7
151230	0.6842203	8.45e-08	KLHL23	-0.8246977739751298		KLHL23
58504	-0.9757419	8.45e-08	ARHGAP22	1.104080540895757		ARHGAP22
81488	-0.5049173	8.45e-08	POLR2M	0.5812861562213385		POLR2M
79661	-0.3932111	8.46e-08	NEIL1	0.2797650601111194		NEIL1
84878	-0.4201552	8.53e-08	ZBTB45	0.3757116904294943		ZBTB45
8851	-0.6885855	8.65e-08	CDK5R1	0.6330317541638594		CDK5R1
10867	-0.7381257	8.76e-08	TSPAN9	0.7993674404422073		TSPAN9
54187	0.4641088	8.76e-08	NANS	-0.2857864807626038		NANS
10983	-0.4481432	8.79e-08	CCNI	0.2565046930838957		CCNI
6924	0.2963913	8.91e-08	ELOA	-0.2311082165467843		ELOA
51377	0.4546365	8.91e-08	UCHL5	-0.549840687006701		UCHL5
51637	0.4184977	8.91e-08	RTRAF	-0.3002342300132223		RTRAF
5414	0.620762	8.91e-08	SEPTIN4	-0.562075686564282		SEPTIN4
254428	0.5809703	8.96e-08	SLC41A1	-0.5810053024218078		SLC41A1
105371049	-0.7570026	8.96e-08	PKD1-AS1	-0.3623672933175492		PKD1-AS1
137964	0.2774197	9.1e-08	GPAT4	-0.2109626121896219		GPAT4
81669	-0.2787098	9.26e-08	CCNL2	0.3058037174120587		CCNL2
127495	0.7549067	9.26e-08	LRRC39	-0.7258043639311182		LRRC39
100526693	-0.3659356	9.26e-08	ARPC4-TTLL3	0.7482307986405874		ARPC4-TTLL3
9990	0.4474858	9.26e-08	SLC12A6	-0.6145115042481804		SLC12A6
64853	0.30426	9.44e-08	AIDA	-0.3213087833116144		AIDA
51676	0.8928873	9.49e-08	ASB2	-0.9447766082461584		ASB2
8739	-2.1289795	9.77e-08	HRK	1.372760467670726		HRK
222068	-0.3187841	9.8e-08	TMED4	0.2605309787575987		TMED4
11144	-1.5218381	9.9e-08	DMC1	1.4062532454397094		DMC1
4175	-0.5301729	1.02e-07	MCM6	0.6472113929711707		MCM6
259217	0.6339805	1.02e-07	HSPA12A	-0.5609782166198825		HSPA12A
25759	-0.5796055	1.03e-07	SHC2	0.5820019493119357		SHC2
7988	-0.4277747	1.03e-07	ZNF212	0.5861175051392329		ZNF212
55293	0.4154094	1.03e-07	UEVLD	-0.3942091154000255		UEVLD
84319	0.5953932	1.05e-07	CMSS1	-0.3143034181983957		CMSS1
9793	0.3262754	1.07e-07	CKAP5	-0.3369982038224943		CKAP5
410	-0.4202558	1.07e-07	ARSA	0.5174046357046729		ARSA
5521	-2.4668536	1.1e-07	PPP2R2B	2.25835597855419		PPP2R2B
165140	-1.5313652	1.1e-07	OXER1	1.709510755286484		OXER1
9229	-2.1925737	1.12e-07	DLGAP1	1.9144750354731768		DLGAP1
3141	0.4942271	1.12e-07	HLCS	-0.5381385140198611		HLCS
10362	0.4399597	1.12e-07	HMG20B	-0.2942884792291949		HMG20B
114823	-0.4147526	1.18e-07	LENG8	0.532382324030582		LENG8
100506469	-0.4071526	1.18e-07	TMEM147-AS1	0.6234888544416357		TMEM147-AS1
10142	0.7001102	1.2e-07	AKAP9	-0.2546555370924164		AKAP9
147968	-0.7712911	1.21e-07	CAPN12	0.1432358970411769		CAPN12
1955	1.0488789	1.23e-07	MEGF9	-1.0878965033872243		MEGF9
9398	-0.7785726	1.23e-07	CD101	0.202284703365371		CD101
57596	-1.3618921	1.23e-07	BEGAIN	0.9410092135834284		BEGAIN
254559	-1.1487366	1.24e-07	MIR9-3HG	1.2196151045653776		MIR9-3HG
1297	-1.6538381	1.26e-07	COL9A1	1.319097462610439		COL9A1
339456	1.2563337	1.27e-07	TMEM52	-1.3378672518618695		TMEM52
339201	-0.457736	1.3e-07	ASB16-AS1	0.4585922399738691		ASB16-AS1
2149	-1.2333806	1.3e-07	F2R	1.5697138541887043		F2R
6256	0.4587414	1.31e-07	RXRA	-0.3016064825555276		RXRA
9586	-1.4810873	1.32e-07	CREB5	2.220030132530213		CREB5
166647	0.444658	1.32e-07	ADGRA3	-0.7220020847527708		ADGRA3
7283	0.5108201	1.34e-07	TUBG1	-0.4112660560449281		TUBG1
54927	0.502101	1.35e-07	CHCHD3	-0.5145161919386734		CHCHD3
64969	0.4262907	1.36e-07	MRPS5	-0.2967373588194366		MRPS5
7249	-0.2863925	1.36e-07	TSC2	0.315271420621726		TSC2
257177	0.500021	1.41e-07	CFAP126	5.270158271037018		CFAP126
131474	0.4480159	1.42e-07	CHCHD4	-0.4312454591855452		CHCHD4
10301	0.7152821	1.42e-07	DLEU1	-0.6021358865856392		DLEU1
10301	0.7152821	1.42e-07	DLEU1	0.0		DLEU1
54922	-0.8231602	1.42e-07	RASIP1	0.8027331560959086		RASIP1
5501	0.5271773	1.43e-07	PPP1CC	-0.7030524597480721		PPP1CC
22977	-0.9213429	1.43e-07	AKR7A3	1.085720247365229		AKR7A3
83460	0.5511906	1.47e-07	EMC6	-0.3539396344100893		EMC6
113026	0.6260479	1.48e-07	PLCD3	-0.8026101504724092		PLCD3
2784	-0.9631053	1.49e-07	GNB3	1.2051516746829676		GNB3
55049	-0.661052	1.49e-07	REX1BD	0.6998808881365459		REX1BD
22796	0.351437	1.52e-07	COG2	-0.0378834783782831		COG2
57486	0.6267874	1.59e-07	NLN	-0.3482885046091315		NLN
5160	0.483141	1.62e-07	PDHA1	-0.3231123722755242		PDHA1
91653	-0.8820098	1.63e-07	BOC	1.1784346584384302		BOC
84196	0.2631831	1.69e-07	USP48	-0.2427372168132562		USP48
654483	0.6678622	1.69e-07	BOLA2B	0.946375832028153		BOLA2B
55421	-0.3337642	1.69e-07	NCBP3	0.5190590270803765		NCBP3
5527	0.3786106	1.72e-07	PPP2R5C	-0.3199857298793853		PPP2R5C
56886	0.3681301	1.73e-07	UGGT1	-0.5888027310080992		UGGT1
9352	0.3683346	1.74e-07	TXNL1	-0.3887551642053806		TXNL1
9905	-0.332113	1.76e-07	SGSM2	0.4483748223459445		SGSM2
6693	-1.1215037	1.76e-07	SPN	1.4102515993123603		SPN
654320	-0.9926941	1.77e-07	SNORA8	3.4473506010683064		SNORA8
255411	-0.5945312	1.77e-07	TEX49	-0.774188926221056		TEX49
65125	0.5367624	1.78e-07	WNK1	-0.0603227660440408		WNK1
54793	0.4045327	1.79e-07	KCTD9	-0.3775730900929215		KCTD9
220869	0.3762583	1.79e-07	ZNG1E	-0.4824945069589285		ZNG1E
6274	1.3987916	1.81e-07	S100A3	-1.5950354142126066		S100A3
10437	1.2192497	1.81e-07	IFI30	-0.9782518409704952		IFI30
23392	0.3540414	1.83e-07	ECPAS	-0.4200180613976227		ECPAS
9232	1.6436419	1.85e-07	PTTG1	-1.5280739382968285		PTTG1
2131	-0.8861004	1.85e-07	EXT1	0.983335370846392		EXT1
8648	0.4078389	1.86e-07	NCOA1	-0.1897239272547053		NCOA1
8547	1.6385969	1.86e-07	FCN3	-1.5756993755578137		FCN3
6727	0.4188943	1.86e-07	SRP14	-0.4500662926016812		SRP14
84706	0.9658347	1.87e-07	GPT2	-0.76598486104881		GPT2
5699	-0.5416244	1.87e-07	PSMB10	0.6289420903793461		PSMB10
84287	0.4974757	1.88e-07	ZDHHC16	-0.3359533622716935		ZDHHC16
81621	-1.0386783	1.88e-07	KAZALD1	1.234958466325787		KAZALD1
10480	0.3190913	1.88e-07	EIF3M	-0.148676606780068		EIF3M
83608	0.4402052	1.89e-07	C18orf21	-0.2419092769040167		C18orf21
390980	-0.4166832	1.92e-07	ZNF805	0.2654297361325288		ZNF805
5355	0.6936931	1.93e-07	PLP2	-0.5156912611418276		PLP2
55287	1.3685958	1.95e-07	TMEM40	-1.362197810170461		TMEM40
4288	2.210252	1.96e-07	MKI67	-2.188392549014517		MKI67
25797	-1.298634	2.01e-07	QPCT	1.4370312234961968		QPCT
80022	-0.5390271	2.05e-07	MYO15B	0.7725476877543818		MYO15B
6940	0.478415	2.05e-07	ZNF354A	-0.3838922988653377		ZNF354A
116987	0.3815493	2.06e-07	AGAP1	-0.6217325488468677		AGAP1
3069	0.2670976	2.09e-07	HDLBP	-0.3835375401689216		HDLBP
54475	-0.4823512	2.15e-07	NLE1	0.3009231159344219		NLE1
100506866	1.4293675	2.17e-07	TTN-AS1	-0.7492485596007064		TTN-AS1
79184	0.3314951	2.18e-07	BRCC3	-0.1140604915745489		BRCC3
3960	-1.3687325	2.19e-07	LGALS4	1.1798364274510733		LGALS4
54820	-0.529368	2.21e-07	NDE1	0.6116084470936918		NDE1
3624	-1.7957271	2.22e-07	INHBA	1.834201410804888		INHBA
79974	-0.628209	2.22e-07	CPED1	0.7194985570168186		CPED1
10523	-0.2871973	2.22e-07	CHERP	0.289495402938714		CHERP
391059	-0.6875123	2.23e-07	FRRS1	0.6410682714942655		FRRS1
55656	0.4005383	2.23e-07	INTS8	-0.2979539546653393		INTS8
80230	0.2927893	2.23e-07	RUFY1	-0.3435826211367399		RUFY1
56344	-0.7853486	2.24e-07	CABP5	-1.365419951642477		CABP5
8615	0.3777945	2.25e-07	USO1	-0.1959671754427523		USO1
57222	0.2983091	2.27e-07	ERGIC1	-0.1434554040395044		ERGIC1
9520	0.3342501	2.27e-07	NPEPPS	-0.173843337452471		NPEPPS
3182	0.4078575	2.27e-07	HNRNPAB	-0.204584804177915		HNRNPAB
3399	-0.639817	2.29e-07	ID3	0.6730776485756422		ID3
11122	-1.2827494	2.3e-07	PTPRT	1.1574978681657797		PTPRT
353355	0.4279917	2.32e-07	ZNF233	-0.2149382234822328		ZNF233
91012	-0.4724467	2.36e-07	CERS5	0.6225373640815635		CERS5
255189	2.4144432	2.38e-07	PLA2G4F	-2.4288333496952745		PLA2G4F
23229	-0.39206	2.4e-07	ARHGEF9	0.0310158609165069		ARHGEF9
6696	2.3366155	2.46e-07	SPP1	-2.5200549499143934		SPP1
11031	-0.7463861	2.47e-07	RAB31	0.941573005809312		RAB31
51226	-0.5340387	2.48e-07	COPZ2	0.7008376154634179		COPZ2
3425	-0.7371365	2.49e-07	IDUA	0.8559382358678587		IDUA
57017	0.4859051	2.49e-07	COQ9	-0.2643821608244643		COQ9
51107	-0.363545	2.5e-07	APH1A	0.4421290328355916		APH1A
150696	-0.6080696	2.56e-07	PROM2	0.6942595300700498		PROM2
83605	0.3959976	2.61e-07	CCM2	-0.1707934877242758		CCM2
10211	0.3369725	2.62e-07	FLOT1	-0.5099538994603492		FLOT1
2058	0.2855824	2.76e-07	EPRS1	-0.171623359140618		EPRS1
5939	-0.2788634	2.78e-07	RBMS2	0.4907748521731707		RBMS2
59269	0.6564092	2.81e-07	HIVEP3	-0.6553628523769		HIVEP3
1965	0.2386424	2.85e-07	EIF2S1	-0.2537438536325958		EIF2S1
1311	-3.1389289	2.96e-07	COMP	4.194322062005673		COMP
51537	1.058297	2.96e-07	MTFP1	-1.0900638813856411		MTFP1
387119	1.1328839	2.96e-07	CEP85L	-1.1739610656702948		CEP85L
23119	-0.5401437	2.96e-07	HIC2	0.6826950921166346		HIC2
9379	-1.5988093	2.97e-07	NRXN2	1.5561245738283052		NRXN2
51100	0.4537667	3.02e-07	SH3GLB1	-0.3414504628656587		SH3GLB1
55852	0.34578	3.06e-07	TEX2	-0.5116894301044468		TEX2
5995	2.458912	3.07e-07	RGR	-1.9467440383264687		RGR
101929415	-2.9019569	3.08e-07	PENK-AS1	1.1493228057834406		PENK-AS1
1104	0.7561377	3.1e-07	RCC1	-0.703900766045334		RCC1
9737	-0.7223445	3.15e-07	GPRASP1	0.9320278185871372		GPRASP1
594855	2.0160064	3.16e-07	CPLX3	-1.838787425708932		CPLX3
9368	1.0097849	3.16e-07	NHERF1	-1.0037262787250905		NHERF1
150472	0.4423817	3.18e-07	ZNG1B	-0.1917862365867417		ZNG1B
25831	0.3745784	3.18e-07	HECTD1	-0.2626981179732039		HECTD1
79797	-0.5024576	3.22e-07	ZNF408	0.6275292728614241		ZNF408
192683	-1.2866033	3.22e-07	SCAMP5	1.5397219962362998		SCAMP5
51458	-2.8059573	3.23e-07	RHCG	2.811027226449915		RHCG
913	-2.6293024	3.28e-07	CD1E	1.900225369163297		CD1E
57149	0.4714355	3.28e-07	LYRM1	-0.3355783735741218		LYRM1
730051	-0.3601547	3.28e-07	ZNF814	-0.0571710576897621		ZNF814
57610	-0.4533106	3.32e-07	RANBP10	0.5679162201883257		RANBP10
6529	-1.2907187	3.35e-07	SLC6A1	1.5114634928646642		SLC6A1
9166	0.4035856	3.35e-07	EBAG9	-0.262088622351798		EBAG9
388753	0.5731924	3.42e-07	COA6	-0.3611778362232805		COA6
10240	0.4489283	3.46e-07	MRPS31	-0.3789809709141938		MRPS31
5817	0.8298808	3.48e-07	PVR	-0.8848469168295638		PVR
6251	0.487165	3.53e-07	RSU1	-0.5710466792504061		RSU1
49855	0.3995006	3.54e-07	SCAPER	-0.1690425500482399		SCAPER
100505994	1.6377651	3.55e-07	LUCAT1	-1.7954455162519691		LUCAT1
3145	0.5646868	3.61e-07	HMBS	-0.60385219872866		HMBS
79877	-0.4676999	3.61e-07	DCAKD	0.5237789409409004		DCAKD
347862	-0.2992599	3.64e-07	GATD1	0.3477097714081694		GATD1
30008	-0.346539	3.64e-07	EFEMP2	0.2921098042665964		EFEMP2
642938	-1.7593299	3.67e-07	INSYN2A	2.2337434141146413		INSYN2A
51586	-0.2746797	3.77e-07	MED15	0.4057779088127686		MED15
6921	0.4039636	3.79e-07	ELOC	-0.3871382850236697		ELOC
2903	2.0451107	3.79e-07	GRIN2A	-1.8950379547040792		GRIN2A
57165	-0.9804619	3.82e-07	GJC2	1.222697867450825		GJC2
11140	0.3341805	3.87e-07	CDC37	-0.4166006242319948		CDC37
761	-2.7757316	3.93e-07	CA3	3.109082537872466		CA3
7439	0.8201864	3.93e-07	BEST1	0.0248310508316016		BEST1
51082	0.3960431	4e-07	POLR1D	-0.2895816409511278		POLR1D
84515	0.4815807	4e-07	MCM8	-0.3119262184646731		MCM8
4969	-1.5705341	4.02e-07	OGN	1.545091707072808		OGN
399888	-2.7497528	4.06e-07	FAM180B	3.2146774349889617		FAM180B
29074	0.3752881	4.08e-07	MRPL18	-0.1082808844805605		MRPL18
7633	0.4370664	4.15e-07	ZNF79	-0.187458980487061		ZNF79
440104	-0.6207518	4.18e-07	TMEM198B	0.8807039781721988		TMEM198B
3084	-2.826463	4.24e-07	NRG1	1.5057334570146717		NRG1
8725	0.2583528	4.26e-07	URI1	-0.2022615749491851		URI1
493860	0.521796	4.27e-07	CCDC73	-1.2500117229225485		CCDC73
79095	-0.5776631	4.29e-07	BBLN	0.7327294535579512		BBLN
8395	0.6734887	4.36e-07	PIP5K1B	-0.584930365490111		PIP5K1B
57475	0.6609225	4.36e-07	PLEKHH1	-0.6172507848560218		PLEKHH1
57619	-0.5783471	4.4e-07	SHROOM3	0.6496035966077205		SHROOM3
5987	-0.2939149	4.4e-07	TRIM27	0.3119132957454891		TRIM27
8682	0.5069318	4.42e-07	PEA15	-0.3579148029927754		PEA15
23214	-0.2152966	4.51e-07	XPO6	0.1520346644936205		XPO6
199731	0.484369	4.54e-07	CADM4	-0.3342132847736989		CADM4
3725	-0.7934839	4.58e-07	JUN	0.7965136449684636		JUN
202051	0.6033053	4.59e-07	SPATA24	-0.4543781014960082		SPATA24
84334	0.4783757	4.61e-07	COA8	-0.2357729915300828		COA8
65981	0.3700873	4.64e-07	CAPRIN2	-0.5282103602104335		CAPRIN2
5464	0.4973856	4.66e-07	PPA1	-0.4272238621390345		PPA1
1296	-1.6004944	4.68e-07	COL8A2	1.5243832796948151		COL8A2
6383	-0.5620192	4.75e-07	SDC2	0.5769532016827252		SDC2
80344	0.3401767	4.75e-07	DCAF11	-0.4128118188651877		DCAF11
6945	0.578912	4.77e-07	MLX	-0.3385272743104313		MLX
63935	-0.3260678	4.85e-07	PCIF1	0.5647513715605288		PCIF1
4257	1.6287787	4.91e-07	MGST1	-1.6568821359167574		MGST1
84168	-0.9566791	4.94e-07	ANTXR1	1.2355977093058672		ANTXR1
10241	0.6445403	5e-07	CALCOCO2	-0.6949625106966133		CALCOCO2
2799	0.3848295	5.04e-07	GNS	-0.49771523275475		GNS
255783	-0.5774028	5.1e-07	INAFM1	0.8418823889536777		INAFM1
29101	0.4849887	5.1e-07	SSU72	-0.4797600154560406		SSU72
51455	0.8000102	5.25e-07	REV1	-1.0295055383573049		REV1
100527963	0.4990806	5.26e-07	PMF1-BGLAP	-0.2297063803693477		PMF1-BGLAP
5052	0.4433111	5.27e-07	PRDX1	-0.3915236724973336		PRDX1
55152	-0.3376399	5.27e-07	DALRD3	0.4420900638394935		DALRD3
7982	0.4529244	5.42e-07	ST7	-0.3307792406685745		ST7
81848	-0.7085693	5.49e-07	SPRY4	0.7406580248677059		SPRY4
25915	-0.442278	5.54e-07	NDUFAF3	0.7093287823959553		NDUFAF3
23426	2.0856771	5.57e-07	GRIP1	-1.92185871788988		GRIP1
1476	0.4570883	5.62e-07	CSTB	-0.7278145253555381		CSTB
53905	-0.885213	5.92e-07	DUOX1	1.0401345978043897		DUOX1
23505	0.2825684	5.94e-07	TMEM131	-0.1578953353351622		TMEM131
100533467	0.2993215	5.94e-07	BIVM-ERCC5	-0.1531876026575225		BIVM-ERCC5
54751	0.6925179	5.96e-07	FBLIM1	-0.4873877352632672		FBLIM1
8453	0.3095533	6.1e-07	CUL2	-0.4786679447675483		CUL2
28952	-0.3764438	6.29e-07	CCDC22	0.5628411426269238		CCDC22
80318	0.5554205	6.33e-07	GKAP1	-0.5581640748611392		GKAP1
5564	-0.4688934	6.58e-07	PRKAB1	0.6460633887285572		PRKAB1
200734	-0.4801328	6.61e-07	SPRED2	0.4293087173683454		SPRED2
80758	-1.3003129	6.61e-07	PRR7	1.5924655408664905		PRR7
738	-0.381782	6.62e-07	VPS51	0.2971133593970112		VPS51
6666	0.8636845	6.62e-07	SOX12	-0.7693463857385956		SOX12
11235	0.3558341	6.74e-07	PDCD10	-0.246889867558897		PDCD10
92154	0.5791012	6.87e-07	MTSS2	-0.9143349532388888		MTSS2
24149	0.4584539	6.98e-07	ZNF318	-0.053126889302514		ZNF318
26175	0.4557733	7.03e-07	LYSET	-0.2090548398242901		LYSET
2794	-0.3459447	7.08e-07	GNL1	0.3613131391269828		GNL1
8914	0.538695	7.1e-07	TIMELESS	-0.4368341748801458		TIMELESS
1136	-2.0832596	7.13e-07	CHRNA3	3.234968830624373		CHRNA3
84272	-0.4180318	7.14e-07	YIPF4	0.5199350026239475		YIPF4
55003	0.4265347	7.23e-07	PAK1IP1	-0.2019676245749093		PAK1IP1
256158	-1.1337764	7.27e-07	HMCN2	0.964136069545222		HMCN2
256158	-1.1337764	7.27e-07	HMCN2	1.184492693327809		HMCN2
256158	-1.1337764	7.27e-07	HMCN2	1.039748293037154		HMCN2
256158	-1.1337764	7.27e-07	HMCN2	1.579612306996008		HMCN2
10283	0.3313535	7.34e-07	CWC27	-0.0031416679776912		CWC27
26354	0.3422827	7.38e-07	GNL3	-0.4651511575684077		GNL3
144203	3.0636738	7.41e-07	OVOS2	-3.104420271265408		OVOS2
54849	-0.3234488	7.48e-07	DEF8	0.3010563599440878		DEF8
8637	-0.8580631	7.54e-07	EIF4EBP3	1.5968441258065758		EIF4EBP3
84923	0.2829358	7.62e-07	FAM104A	-0.5314492344258981		FAM104A
151556	0.5458314	7.65e-07	GPR155	-0.5410014225117936		GPR155
58513	0.5212914	7.7e-07	EPS15L1	-0.4053399100368517		EPS15L1
64943	0.51862	7.85e-07	NT5DC2	-0.5044379976726683		NT5DC2
79770	0.2543963	7.89e-07	TXNDC15	-0.2293832716299793		TXNDC15
340390	-0.7410985	7.92e-07	WDR97	0.8733227466469666		WDR97
7139	0.53751	7.97e-07	TNNT2	-12.617195215892092		TNNT2
102723566	-0.7100243	7.99e-07	LOC102723566	0.8319823263120516		LOC102723566
103689912	-0.7763512	7.99e-07	TBX2-AS1	0.3536415196141118		TBX2-AS1
641	1.6637799	8.16e-07	BLM	-1.5690557137261072		BLM
1894	0.7365502	8.21e-07	ECT2	-0.5774688577760152		ECT2
5272	-0.5807196	8.21e-07	SERPINB9	0.6435401934924407		SERPINB9
43	-0.9213556	8.35e-07	ACHE	1.5220317599289923		ACHE
655	2.1423804	8.35e-07	BMP7	-1.992471006199211		BMP7
57602	-0.4231706	8.35e-07	USP36	0.7538509480517717		USP36
8897	-0.3347353	8.35e-07	MTMR3	0.411404537193448		MTMR3
114898	-1.0870276	8.41e-07	C1QTNF2	1.22058930997911		C1QTNF2
647286	0.6365737	8.53e-07	RD3L	-0.5095729072094946		RD3L
285958	-0.6730924	8.86e-07	SNHG15	0.5449714925168827		SNHG15
23301	0.3826145	8.98e-07	EHBP1	-0.2252503729238522		EHBP1
3185	0.2549723	9.47e-07	HNRNPF	-0.2067958256816124		HNRNPF
116372	-2.8267125	9.57e-07	LYPD1	3.5065898196339926		LYPD1
51258	0.466994	9.75e-07	MRPL51	-0.4605399132455972		MRPL51
84065	-0.3505856	9.76e-07	TMEM222	0.5442586364563367		TMEM222
101927009	2.4898995	9.78e-07	LINC02177	-2.2920019042435045		LINC02177
25791	-2.9001155	9.79e-07	NGEF	1.935613437932728		NGEF
84688	-0.7018702	9.87e-07	C9orf24	1.0131614853846278		C9orf24
23551	0.8009571	9.94e-07	RASD2	-0.6334055136679575		RASD2
27180	1.1473621	9.96e-07	SIGLEC9	-0.964424537780092		SIGLEC9
10730	0.240403	1e-06	YME1L1	-0.3206971597301464		YME1L1
91942	0.6656889	1.01e-06	NDUFAF2	-0.1878840995245116		NDUFAF2
5145	-1.5359337	1.01e-06	PDE6A	1.676282186393635		PDE6A
252839	-0.4828146	1.02e-06	TMEM9	0.4670781907978574		TMEM9
2879	0.3896063	1.02e-06	GPX4	0.1376011105807766		GPX4
54906	0.3011025	1.06e-06	TASOR2	-0.138316264874359		TASOR2
56904	-0.298127	1.06e-06	SH3GLB2	0.2562882952828067		SH3GLB2
8575	0.3211365	1.07e-06	PRKRA	-0.3514048121580115		PRKRA
51645	0.7368725	1.07e-06	PPIL1	-0.7767009611065854		PPIL1
2098	0.372908	1.08e-06	ESD	-0.3030407933423911		ESD
200407	-2.0126052	1.09e-06	CREG2	2.23905323045439		CREG2
7106	-0.5260473	1.14e-06	TSPAN4	0.7366786945702639		TSPAN4
79882	0.3238187	1.14e-06	ZC3H14	-0.2401863630358622		ZC3H14
286256	-1.1771419	1.15e-06	LCN12	1.5965152174268082		LCN12
3761	-0.9939165	1.15e-06	KCNJ4	1.1187688949333907		KCNJ4
339122	-0.4113143	1.16e-06	RAB43	0.4774396652635184		RAB43
54482	0.4011937	1.16e-06	TRMT13	-0.1299335599779048		TRMT13
56100	-0.3393454	1.16e-06	PCDHGB6	0.5931731976574086		PCDHGB6
79683	-0.7767331	1.16e-06	ZDHHC14	0.6998445807923792		ZDHHC14
64425	-0.5758139	1.17e-06	POLR1E	0.8544478659570656		POLR1E
25974	0.3570087	1.17e-06	MMACHC	-0.1477387730101247		MMACHC
84191	0.3893029	1.2e-06	CIAO2A	-0.3073937701912568		CIAO2A
105376156	0.6799076	1.21e-06	LOC105376156	-0.2276669473111565		LOC105376156
9791	1.0123417	1.21e-06	PTDSS1	18.15983376587012		PTDSS1
9317	0.6870896	1.22e-06	PTER	-0.7417036777314667		PTER
6631	0.4225921	1.23e-06	SNRPC	-0.3254343846760159		SNRPC
100131434	-0.6926327	1.23e-06	EOLA1-DT	0.6892308652466381		EOLA1-DT
221191	-0.8939396	1.25e-06	PRSS54	1.6077381752465003		PRSS54
9025	0.3324097	1.26e-06	RNF8	-0.2440088026401046		RNF8
55847	0.3333571	1.26e-06	CISD1	-0.1519996445409699		CISD1
256051	-0.2828051	1.27e-06	ZNF549	0.3765226850990917		ZNF549
10469	0.4403938	1.27e-06	TIMM44	-0.2641046833369271		TIMM44
6281	0.862416	1.28e-06	S100A10	-0.8334825062256535		S100A10
149297	0.8441586	1.29e-06	FAM78B	-0.8712320400861289		FAM78B
140739	0.3064584	1.32e-06	UBE2F	-0.2237692664082571		UBE2F
286336	0.8409921	1.32e-06	FAM78A	-0.8576841901858492		FAM78A
3757	0.4639249	1.34e-06	KCNH2	-0.5324859441152334		KCNH2
10865	-1.3862381	1.35e-06	ARID5A	1.560648716633163		ARID5A
158358	0.4491134	1.36e-06	KIAA2026	-0.4687083323284726		KIAA2026
7003	0.5358237	1.37e-06	TEAD1	-0.4865925774919573		TEAD1
813	0.5991742	1.38e-06	CALU	-0.5529318110584978		CALU
55349	1.7282527	1.4e-06	CHDH	-2.199141641265701		CHDH
387521	0.5267553	1.4e-06	PEDS1	-0.530058388359989		PEDS1
51398	-0.3860635	1.44e-06	WDR83OS	0.4366761462805364		WDR83OS
3895	0.4809878	1.45e-06	KTN1	-0.1632986234385498		KTN1
9745	-1.0617853	1.45e-06	ZNF536	1.3244358388291424		ZNF536
92949	-2.173315	1.45e-06	ADAMTSL1	2.144207553545357		ADAMTSL1
145508	0.565461	1.45e-06	CEP128	-0.2402132642136856		CEP128
79018	0.3318733	1.48e-06	GID4	-0.4013231371245149		GID4
488	0.7502922	1.52e-06	ATP2A2	-0.4612340062034761		ATP2A2
100996570	-1.7545987	1.53e-06	NFIA-AS2	1.739364391668431		NFIA-AS2
91875	-0.3541872	1.53e-06	TTC5	0.4185968147751593		TTC5
102157402	0.3789769	1.53e-06	AK6	-0.3047343864406331		AK6
22864	-0.4879296	1.55e-06	R3HDM2	0.1184493264274388		R3HDM2
100506144	-0.4147497	1.55e-06	TMEM35B	0.7420747207981009		TMEM35B
3688	0.5975219	1.55e-06	ITGB1	-0.6826842710774237		ITGB1
10521	-0.2417803	1.56e-06	DDX17	0.1647464886750711		DDX17
1031	0.4831197	1.57e-06	CDKN2C	-0.2569587496198839		CDKN2C
1583	-1.3291192	1.57e-06	CYP11A1	1.1773654184391047		CYP11A1
79639	0.5513157	1.58e-06	TMEM53	-0.5579843737622268		TMEM53
51043	0.4881962	1.58e-06	ZBTB7B	-0.0868892174929678		ZBTB7B
8661	0.3297555	1.59e-06	EIF3A	-0.3476520380031704		EIF3A
55285	0.5253629	1.59e-06	RBM41	-0.708789544258345		RBM41
5981	0.2630358	1.59e-06	RFC1	-0.7609272824046664		RFC1
652966	-1.0356453	1.59e-06	SNORD10	1.2502245748465683		SNORD10
441381	-0.6479463	1.59e-06	LRRC24	0.9799938796435952		LRRC24
100506321	0.6888721	1.6e-06	LOC100506321	-0.4956915745897996		LOC100506321
11082	-2.7397514	1.61e-06	ESM1	2.6722302721649416		ESM1
51434	0.240652	1.61e-06	ANAPC7	-0.3205741879811858		ANAPC7
10858	-0.7604366	1.61e-06	CYP46A1	0.9662940850412356		CYP46A1
26011	-1.1782229	1.62e-06	TENM4	1.2963003731903524		TENM4
26011	-1.1782229	1.62e-06	TENM4	-0.7028124356461278		TENM4
81926	-0.3656229	1.62e-06	ABHD17A	0.6828774052085187		ABHD17A
23262	0.681773	1.62e-06	PPIP5K2	-0.8695666842956866		PPIP5K2
30000	-0.2997931	1.63e-06	TNPO2	0.0597542456016144		TNPO2
64960	0.463488	1.63e-06	MRPS15	-0.417818995175466		MRPS15
10423	-0.3710104	1.65e-06	CDIPT	0.2791982494070177		CDIPT
5179	-2.6978435	1.65e-06	PENK	2.640139325124692		PENK
1116	2.2731178	1.66e-06	CHI3L1	-1.7918695966517104		CHI3L1
100874111	0.859472	1.68e-06	STEAP3-AS1	0.7694767349662825		STEAP3-AS1
7037	1.3701662	1.68e-06	TFRC	-1.4020987345375566		TFRC
2067	0.3743391	1.7e-06	ERCC1	-0.3063428815215498		ERCC1
27000	0.3319337	1.75e-06	DNAJC2	-0.3673515696951392		DNAJC2
10011	-0.5109891	1.76e-06	SRA1	0.4464118670408128		SRA1
7727	0.4071365	1.77e-06	ZNF174	-0.2983025047993828		ZNF174
487	-0.6624365	1.78e-06	ATP2A1	0.1882721068981728		ATP2A1
130271	-1.3743804	1.79e-06	PLEKHH2	1.6739267092261565		PLEKHH2
9762	0.6030693	1.81e-06	LZTS3	-0.7051346453170777		LZTS3
55695	-0.3446663	1.81e-06	NSUN5	0.4362507954391015		NSUN5
126823	-0.9356488	1.82e-06	KLHDC9	1.2838074399826251		KLHDC9
55827	0.3926311	1.84e-06	DCAF6	-0.1316486736551354		DCAF6
57212	-0.2741186	1.85e-06	TP73-AS1	0.2669559873049349		TP73-AS1
100533179	0.3231721	1.85e-06	UBE2F-SCLY	-0.0623030379904583		UBE2F-SCLY
10947	-0.5266518	1.85e-06	AP3M2	0.618483638677271		AP3M2
158427	0.3383796	1.85e-06	TSTD2	-0.3062811691101554		TSTD2
22878	0.3514067	1.85e-06	TRAPPC8	-0.2705367904932254		TRAPPC8
150465	0.293971	1.85e-06	TTL	-0.0424941883901137		TTL
6583	-0.6065274	1.86e-06	SLC22A4	0.940001054572505		SLC22A4
8544	0.6905861	1.87e-06	PIR	-0.6413336639478739		PIR
5320	2.406714	1.89e-06	PLA2G2A	-2.515856108640775		PLA2G2A
151516	-0.8810276	1.92e-06	ASPRV1	0.1232035206809918		ASPRV1
9338	0.3544075	1.92e-06	TCEAL1	-0.3175452414680713		TCEAL1
1428	-0.9557249	1.93e-06	CRYM	0.7640933479035228		CRYM
2495	0.7849569	1.93e-06	FTH1	-0.7005235911925691		FTH1
6627	0.3785749	1.94e-06	SNRPA1	-0.3797166125400251		SNRPA1
116228	0.3155301	1.98e-06	COX20	-0.2320350369030936		COX20
317671	0.5348878	2e-06	RFESD	-0.154398072654335		RFESD
79017	0.4236038	2.01e-06	GGCT	-0.3794966322534163		GGCT
7322	0.2341058	2.01e-06	UBE2D2	-0.1259884436641893		UBE2D2
51335	0.3732067	2.04e-06	NGRN	-0.2425325533122215		NGRN
654434	-0.5074884	2.07e-06	SNHG20	0.681099201117805		SNHG20
7465	-0.6501176	2.12e-06	WEE1	0.7615567230943281		WEE1
5954	0.558209	2.13e-06	RCN1	-0.4330430821500268		RCN1
105374836	-0.9272561	2.15e-06	LOC105374836	0.2671829987386967		LOC105374836
124	1.2524707	2.16e-06	ADH1A	-1.1261408427714483		ADH1A
64859	0.8419659	2.16e-06	NABP1	-0.6962767941391586		NABP1
56911	-2.0209707	2.16e-06	MAP3K7CL	2.0244192282155185		MAP3K7CL
4340	1.8011755	2.19e-06	MOG	-1.4065714336149064		MOG
84734	1.2378911	2.19e-06	FAM167B	-1.1186271344003431		FAM167B
55726	0.404313	2.19e-06	INTS13	-0.4692024108657495		INTS13
23042	0.2416595	2.21e-06	PDXDC1	0.0039737294488881		PDXDC1
9970	0.3842675	2.22e-06	NR1I3	-0.7990674579539676		NR1I3
9868	0.3030792	2.24e-06	TOMM70	-0.2734368787229497		TOMM70
825	-0.552788	2.24e-06	CAPN3	0.6390378455472678		CAPN3
2912	-1.3476113	2.24e-06	GRM2	1.4916175939944794		GRM2
11185	-0.8017931	2.24e-06	INMT	1.0729222900100988		INMT
23318	0.3691429	2.25e-06	TUT4	-0.01556501827495		TUT4
57524	0.7698928	2.25e-06	CASKIN1	-0.761475857722		CASKIN1
3939	0.8052179	2.25e-06	LDHA	-0.8867990049934651		LDHA
152006	-0.4994274	2.29e-06	RNF38	0.5039238928850374		RNF38
2863	-2.728699	2.32e-06	GPR39	0.4357897071594312		GPR39
8928	0.5662163	2.34e-06	FOXH1	1.1766340086396123		FOXH1
79134	-0.2594893	2.34e-06	TMEM185B	0.3951378270617467		TMEM185B
55210	0.3347097	2.35e-06	ATAD3A	-0.4596272277885003		ATAD3A
123283	0.4412346	2.35e-06	TARS3	-0.4831123880048675		TARS3
5738	-0.7186839	2.37e-06	PTGFRN	1.031849688464507		PTGFRN
100874212	0.5518061	2.37e-06	MYCBP2-AS1	-0.0935839968701719		MYCBP2-AS1
10056	0.349605	2.41e-06	FARSB	-0.238792265292691		FARSB
54991	-0.4225652	2.45e-06	C1orf159	0.5182390963898387		C1orf159
64983	0.3948102	2.45e-06	MRPL32	-0.1421656200618626		MRPL32
101928731	-1.9468938	2.45e-06	CRADD-AS1	2.2689229192259828		CRADD-AS1
221154	0.3658286	2.45e-06	MICU2	-0.3787326114235192		MICU2
164312	0.6488379	2.45e-06	LRRN4	-1.4154217038620915		LRRN4
6461	-0.6559506	2.47e-06	SHB	0.6446346929442353		SHB
8541	-0.5666364	2.51e-06	PPFIA3	0.8232496607998738		PPFIA3
2627	-0.4554417	2.52e-06	GATA6	0.6286493943294937		GATA6
25895	-0.5755374	2.54e-06	EEF1AKMT3	0.6650802679080969		EEF1AKMT3
9902	-1.1138924	2.55e-06	MRC2	1.2690825289810128		MRC2
10539	0.3990357	2.55e-06	GLRX3	-0.1652943155408337		GLRX3
8546	0.2942889	2.6e-06	AP3B1	-0.0296130065425908		AP3B1
5002	-0.6682399	2.6e-06	SLC22A18	0.9100236089545364		SLC22A18
90701	0.5148541	2.68e-06	SEC11C	-0.2439645982326963		SEC11C
2585	0.3015572	2.68e-06	GALK2	-0.17413658249031		GALK2
643837	0.6824478	2.69e-06	LINC01128	-0.4247592700441727		LINC01128
54795	-0.5484627	2.7e-06	TRPM4	0.66198951874106		TRPM4
63922	-0.5560845	2.7e-06	CHTF18	0.6426751171580278		CHTF18
197258	-0.3767256	2.72e-06	FCSK	0.5938921789309948		FCSK
158376	0.7311063	2.73e-06	SPAAR	-0.533471315859666		SPAAR
23126	-0.3067219	2.75e-06	POGZ	0.2989449275945404		POGZ
10120	-0.2578823	2.77e-06	ACTR1B	0.2970536455033858		ACTR1B
9692	0.3278401	2.8e-06	PRORP	-0.1748862583436774		PRORP
7867	0.4909615	2.8e-06	MAPKAPK3	-0.3635306336634967		MAPKAPK3
79081	0.4543455	2.82e-06	LBHD1	-0.4600681594503104		LBHD1
11093	-0.4579191	2.83e-06	ADAMTS13	0.6398529773122559		ADAMTS13
4684	0.4316005	2.83e-06	NCAM1	-0.5380236906055265		NCAM1
84790	0.6915044	2.83e-06	TUBA1C	-0.7010019886794256		TUBA1C
4267	0.5056111	2.83e-06	CD99	-0.852877730865826		CD99
526	-0.2840765	2.86e-06	ATP6V1B2	0.2450715753585033		ATP6V1B2
79657	0.3361186	2.9e-06	RPAP3	-0.525644034504082		RPAP3
10653	-0.8945376	2.91e-06	SPINT2	0.920635546269618		SPINT2
6453	0.447813	2.91e-06	ITSN1	-0.0816591511419861		ITSN1
27152	-0.4863021	2.92e-06	INTU	1.3507630652990883		INTU
54443	1.4124553	2.92e-06	ANLN	-0.9279067236521988		ANLN
7169	0.5307612	2.94e-06	TPM2	-0.4689598064603633		TPM2
64760	-0.2607309	2.97e-06	FHIP2B	0.3715777593529443		FHIP2B
6512	-1.637311	2.99e-06	SLC1A7	2.2789263934916404		SLC1A7
112495	0.3658937	2.99e-06	GTF3C6	-0.0721351642589454		GTF3C6
65992	0.3753189	3.02e-06	DDRGK1	-0.1727382980039529		DDRGK1
84869	0.4866037	3.07e-06	CBR4	-0.012840472818854		CBR4
10566	1.042036	3.13e-06	AKAP3	-0.8614918425747404		AKAP3
9538	0.2778868	3.15e-06	EI24	-0.3706176616701855		EI24
54681	-0.4525984	3.19e-06	P4HTM	0.5579405370804986		P4HTM
100133612	1.8899781	3.22e-06	LINC01134	-2.01216357503882		LINC01134
26790	0.8857695	3.26e-06	SNORD58B	10.664419577646909		SNORD58B
7581	0.4604654	3.3e-06	ZNF33A	-0.2646233723116538		ZNF33A
23078	0.4554261	3.32e-06	VWA8	-0.491947616175092		VWA8
7178	0.4727425	3.33e-06	TPT1	-0.4199630395962312		TPT1
154810	-0.6443313	3.34e-06	AMOTL1	0.7933993001422288		AMOTL1
53343	0.3345691	3.35e-06	NUDT9	-0.1778362029548565		NUDT9
7042	-1.7970922	3.35e-06	TGFB2	1.8635124024864345		TGFB2
79155	0.4420697	3.37e-06	TNIP2	-0.3714181462142001		TNIP2
9883	-0.2078529	3.39e-06	POM121	0.296607049913449		POM121
54982	-0.4350388	3.39e-06	CLN6	0.4254944690945894		CLN6
1734	-1.1728603	3.48e-06	DIO2	0.8092631027816992		DIO2
9980	0.572921	3.48e-06	DOP1B	-0.3747056838495346		DOP1B
2483	0.404092	3.55e-06	FRG1	0.0867238015040374		FRG1
6185	0.4195021	3.55e-06	RPN2	-0.274334113724608		RPN2
3914	1.1797912	3.55e-06	LAMB3	-1.177384518730387		LAMB3
29920	-0.2853622	3.56e-06	PYCR2	0.421138680213776		PYCR2
1741	0.3918784	3.57e-06	DLG3	-0.62719957192569		DLG3
79585	-0.4759924	3.57e-06	CORO7	0.2904352604685405		CORO7
595	-0.62155	3.58e-06	CCND1	0.6381863521061257		CCND1
63941	-0.4486811	3.58e-06	NECAB3	0.196019685221735		NECAB3
442898	-0.8529659	3.6e-06	MIR324	0.0		MIR324
65991	0.5090341	3.63e-06	FUNDC2	-0.3003968121611482		FUNDC2
8559	0.236364	3.67e-06	PRPF18	-0.0853268564101572		PRPF18
50488	0.2876927	3.67e-06	MINK1	-0.000146086515298		MINK1
157922	0.352888	3.67e-06	CAMSAP1	-0.4457376686322032		CAMSAP1
10809	0.6243915	3.68e-06	STARD10	-0.7380280782592283		STARD10
6622	-1.1975852	3.68e-06	SNCA	1.0172544540138748		SNCA
149986	0.2813696	3.68e-06	LSM14B	-0.1670160904979205		LSM14B
202915	-0.8306256	3.69e-06	TMEM184A	-0.4440371051737071		TMEM184A
29800	-0.4823276	3.73e-06	ZDHHC1	0.543947526457305		ZDHHC1
55755	0.4081525	3.79e-06	CDK5RAP2	-0.4900293902278143		CDK5RAP2
2589	0.4149266	3.8e-06	GALNT1	-0.4237390728388277		GALNT1
23140	0.2645076	3.85e-06	ZZEF1	-0.4804289099005521		ZZEF1
83891	0.3226076	3.85e-06	SNX25	-0.2467276793969417		SNX25
55014	0.2322918	3.85e-06	STX17	0.040382306770677		STX17
23093	0.3229288	3.87e-06	TTLL5	-0.0483974879415796		TTLL5
4059	-0.4379846	3.87e-06	BCAM	0.3968940552299127		BCAM
6497	-0.3651083	3.91e-06	SKI	0.3820219357608709		SKI
84182	-0.5933796	4.09e-06	MINDY4	1.1059124767999302		MINDY4
727910	0.7734197	4.16e-06	TLCD2	-0.3035783386189906		TLCD2
361	2.6723237	4.16e-06	AQP4	-2.783957530738258		AQP4
6229	0.600322	4.18e-06	RPS24	-0.3286445087126797		RPS24
10752	1.7079527	4.26e-06	CHL1	-2.3843740279204244		CHL1
55967	0.5514832	4.26e-06	NDUFA12	-0.5150317180039217		NDUFA12
1028	-0.9482181	4.26e-06	CDKN1C	0.93830925447892		CDKN1C
3654	0.5371924	4.29e-06	IRAK1	-0.4939600616670327		IRAK1
80173	0.3871806	4.32e-06	IFT74	-0.2026507648858935		IFT74
2803	0.5764462	4.34e-06	GOLGA4	-0.2289982972854582		GOLGA4
6732	0.3482643	4.34e-06	SRPK1	-0.6172047917630179		SRPK1
285016	-1.7837971	4.36e-06	ALKAL2	1.6666690525825951		ALKAL2
2743	-0.5155466	4.36e-06	GLRB	0.7523237697661971		GLRB
201931	0.4310092	4.4e-06	TMEM192	-0.5225976410056505		TMEM192
643854	0.8411136	4.4e-06	CTAGE9	-0.7844583668027223		CTAGE9
2192	-0.9755806	4.4e-06	FBLN1	1.1133810199928489		FBLN1
23173	0.3466889	4.4e-06	METAP1	-0.2379341481068699		METAP1
29072	0.2753676	4.44e-06	SETD2	-0.3447260592052181		SETD2
5903	0.3496597	4.47e-06	RANBP2	-0.0999288504611266		RANBP2
152110	0.8551575	4.47e-06	NEK10	-0.7514458336467986		NEK10
57020	-0.2157838	4.53e-06	VPS35L	0.5328418097987173		VPS35L
100505641	-0.2884929	4.56e-06	FGD5-AS1	0.1434220165515602		FGD5-AS1
79693	-0.4546572	4.58e-06	YRDC	0.4712463581832411		YRDC
7153	2.0010883	4.58e-06	TOP2A	-2.095868837293933		TOP2A
65997	-1.5231821	4.59e-06	RASL11B	1.847330409075264		RASL11B
23198	0.5057654	4.65e-06	PSME4	-0.2660609307525705		PSME4
56947	0.3239054	4.69e-06	MFF	-0.2162871596277336		MFF
124923	-0.5561504	4.83e-06	RSKR	0.5169423355703087		RSKR
5111	0.3768843	4.83e-06	PCNA	-0.3164469315414253		PCNA
137492	0.2506387	4.84e-06	VPS37A	-0.1080329443883023		VPS37A
51512	1.0658505	4.85e-06	GTSE1	-1.0407633448017664		GTSE1
55355	2.1040448	4.88e-06	HJURP	-1.387111463999329		HJURP
9708	-0.3879307	4.88e-06	PCDHGA8	0.2967053828164807		PCDHGA8
7474	1.0353627	5.03e-06	WNT5A	-1.0255428172408785		WNT5A
419	0.8917642	5.03e-06	ART3	-0.7987476987909607		ART3
23553	-2.1468604	5.04e-06	HYAL4	2.2425360803293413		HYAL4
79652	-0.7813718	5.04e-06	TMEM204	1.0168551622291533		TMEM204
220832	0.9377777	5.05e-06	FABP5P3	-0.2807566738338747		FABP5P3
25946	0.6171089	5.05e-06	ZNF385A	-0.6287036534207862		ZNF385A
55902	0.4386679	5.05e-06	ACSS2	-0.2524776451822834		ACSS2
10024	1.7930664	5.11e-06	TROAP	-1.0890118722981978		TROAP
90390	-0.5149787	5.15e-06	MED30	0.4743179372183954		MED30
60401	-1.2800902	5.15e-06	EDA2R	1.3426759556125818		EDA2R
5625	1.3775417	5.15e-06	PRODH	-1.2135655552245757		PRODH
5269	0.364153	5.21e-06	SERPINB6	-0.360185390521571		SERPINB6
2288	0.5178081	5.25e-06	FKBP4	-0.3260819770645735		FKBP4
1058	-2.484019	5.3e-06	CENPA	2.867074304698179		CENPA
81688	-0.4130044	5.32e-06	C6orf62	0.2868631134081827		C6orf62
5580	0.7063471	5.33e-06	PRKCD	-0.6075999846219209		PRKCD
126626	-0.4369737	5.36e-06	GABPB2	0.3903412420958059		GABPB2
8749	-2.6758927	5.37e-06	ADAM18	2.7388803482011865		ADAM18
6218	0.5462562	5.38e-06	RPS17	-0.3860602092610845		RPS17
79921	0.364657	5.38e-06	TCEAL4	-0.4843011595202364		TCEAL4
2887	-0.4491644	5.41e-06	GRB10	0.3820006265527471		GRB10
889	0.2606762	5.42e-06	KRIT1	-0.3381370478125189		KRIT1
23632	0.7514844	5.46e-06	CA14	-2.0770843674594826		CA14
80258	0.861657	5.46e-06	EFHC2	-0.7231618181083186		EFHC2
52	0.2505369	5.5e-06	ACP1	-0.267331457245362		ACP1
80204	0.2623692	5.5e-06	FBXO11	-0.1864368400794829		FBXO11
1513	-0.9617439	5.55e-06	CTSK	1.01170893123082		CTSK
134218	0.3563679	5.55e-06	DNAJC21	-0.2904633998774653		DNAJC21
25865	-0.4206691	5.59e-06	PRKD2	0.6306173393329462		PRKD2
144348	0.2984574	5.59e-06	ZNF664	-0.0751210700558413		ZNF664
1785	0.3568178	5.59e-06	DNM2	-0.2876353165698848		DNM2
8604	0.4093033	5.6e-06	SLC25A12	-0.4509366440869318		SLC25A12
4700	0.465103	5.64e-06	NDUFA6	-0.5394178844738988		NDUFA6
4731	0.4613221	5.66e-06	NDUFV3	-0.3368055315932183		NDUFV3
4171	-0.5893837	5.67e-06	MCM2	0.7491625233488177		MCM2
387715	-2.1927164	5.7e-06	ARMS2	2.6439883428132207		ARMS2
199692	-0.3580938	5.78e-06	ZNF627	0.6237528448665275		ZNF627
332	1.9280594	5.78e-06	BIRC5	-1.7302831968795271		BIRC5
11345	-0.3073109	5.79e-06	GABARAPL2	0.3378647865268407		GABARAPL2
113523640	1.5017678	5.84e-06	DCXR-DT	-1.1001042862837067		DCXR-DT
25827	-0.6051507	5.86e-06	FBXL2	0.9872684580631984		FBXL2
56104	-0.3809485	5.92e-06	PCDHGB1	0.4812595451835268		PCDHGB1
26268	-0.3756102	5.94e-06	FBXO9	0.5703102293578795		FBXO9
3752	0.7340312	5.96e-06	KCND3	-0.7684022787335265		KCND3
79792	-0.4483961	5.97e-06	GSDMD	0.8248481423973759		GSDMD
7223	1.8090117	5.97e-06	TRPC4	-2.210874597215776		TRPC4
113178	-0.2991645	5.97e-06	SCAMP4	0.6540564192392497		SCAMP4
26017	0.3786635	5.97e-06	FAM32A	-0.189804355645121		FAM32A
8321	-0.7887879	6.04e-06	FZD1	0.9716454499735644		FZD1
56203	0.4450565	6.1e-06	LMOD3	-0.5557947622121571		LMOD3
83786	-0.598506	6.1e-06	FRMD8	0.7223076774245714		FRMD8
10471	0.5005453	6.15e-06	PFDN6	-0.2847876966888174		PFDN6
126298	-0.2801361	6.15e-06	IRGQ	0.4361103028074615		IRGQ
212	-2.7141527	6.24e-06	ALAS2	2.293430637110028		ALAS2
148979	-1.9406775	6.27e-06	GLIS1	2.2371434290704517		GLIS1
55626	-0.2467008	6.28e-06	AMBRA1	0.1703139026530551		AMBRA1
10432	-0.4288021	6.33e-06	RBM14	0.7159656234587684		RBM14
27154	0.4378831	6.36e-06	BRPF3	-0.4374924944402436		BRPF3
11181	-0.4737368	6.36e-06	TREH	1.4338393819619937		TREH
100131187	-0.7226927	6.4e-06	TSTD1	0.8597805456932699		TSTD1
401466	0.3995492	6.4e-06	RBIS	-0.3519093061093024		RBIS
55366	0.7448209	6.4e-06	LGR4	-1.1025817265605349		LGR4
91289	-0.3237749	6.43e-06	LMF2	0.56223216028142		LMF2
100506779	0.3261897	6.51e-06	TSPOAP1-AS1	0.7603156754231948		TSPOAP1-AS1
780776	0.298409	6.63e-06	TVP23A	1.0353676182937974		TVP23A
84934	0.3769264	6.63e-06	RITA1	-0.1530850047201162		RITA1
79038	-0.2428797	6.63e-06	ZFYVE21	0.4740531499110707		ZFYVE21
124808	0.3009904	6.63e-06	CCDC43	-0.2514412613313084		CCDC43
135228	0.7532019	6.64e-06	CD109	-0.5223611711971801		CD109
80207	0.3574752	6.64e-06	OPA3	-0.3433093067258275		OPA3
55089	1.9636984	6.68e-06	SLC38A4	-1.749048003763836		SLC38A4
94015	0.5003416	6.7e-06	TTYH2	-0.2196028630367417		TTYH2
10610	0.5166122	6.7e-06	ST6GALNAC2	-0.6436453462948188		ST6GALNAC2
222183	0.9464434	6.71e-06	SRRM3	-0.6785176160029787		SRRM3
57604	0.5932154	6.75e-06	TRMT9B	-0.3172246768290323		TRMT9B
9440	-0.3007567	6.77e-06	MED17	0.3217997543470368		MED17
10477	0.2245556	6.84e-06	UBE2E3	-0.1000238057068427		UBE2E3
55610	0.2879698	6.84e-06	VPS50	-0.4447445054583725		VPS50
79848	0.3045467	6.85e-06	CSPP1	-0.3340421291592585		CSPP1
100129480	-1.5636934	6.85e-06	MKRN2OS	3.103968057735235		MKRN2OS
131566	-0.6773562	6.87e-06	DCBLD2	0.218990864896428		DCBLD2
2956	0.3365764	6.87e-06	MSH6	-0.3148614446730842		MSH6
1514	0.2971237	6.92e-06	CTSL	-0.0019404563838172		CTSL
4942	-0.282988	6.97e-06	OAT	0.1741537079292898		OAT
64405	1.4763122	6.99e-06	CDH22	-1.1923670943517843		CDH22
9126	0.3441486	7.01e-06	SMC3	-0.1432765549994141		SMC3
7626	0.3201606	7.04e-06	ZNF75D	-0.2967509222756863		ZNF75D
23171	0.6192686	7.06e-06	GPD1L	-0.367995443762048		GPD1L
131076	0.4888419	7.06e-06	MIX23	-0.417535682531664		MIX23
3739	-0.9689272	7.2e-06	KCNA4	0.8902661742428022		KCNA4
1593	-0.5694597	7.21e-06	CYP27A1	0.7897387914279976		CYP27A1
85441	-0.7342164	7.21e-06	HELZ2	0.5154227317287416		HELZ2
54497	0.5661096	7.26e-06	HEATR5B	-0.9272259782922556		HEATR5B
375035	-0.4428559	7.29e-06	SFT2D2	0.6889579326041522		SFT2D2
65072	0.4825914	7.34e-06	CFLAR-AS1	-0.8992083103049646		CFLAR-AS1
8927	-0.7390122	7.34e-06	BSN	1.0648974086478675		BSN
112268184	0.2831956	7.34e-06	KPNB1-DT	0.1156124387846714		KPNB1-DT
284391	-0.4913434	7.38e-06	ZNF844	0.4763880272452723		ZNF844
64901	-0.8469372	7.41e-06	RANBP17	1.0586461123109494		RANBP17
54345	-0.7848475	7.41e-06	SOX18	0.7487143493005393		SOX18
100289635	0.4013891	7.43e-06	ZNF605	-0.4234827259051337		ZNF605
286530	-1.321961	7.45e-06	P2RY8	1.2164776432788895		P2RY8
375790	-0.7685045	7.45e-06	AGRN	0.7785255217837617		AGRN
10581	0.4917014	7.45e-06	IFITM2	-0.2190876672942376		IFITM2
51018	0.3059493	7.55e-06	RRP15	-0.4670901105016081		RRP15
7265	0.5027929	7.6e-06	TTC1	-0.2701494733569722		TTC1
56900	-0.3356631	7.61e-06	TMEM167B	0.4992226357864364		TMEM167B
88455	0.5320255	7.61e-06	ANKRD13A	-0.4506160684991354		ANKRD13A
100130311	-1.4717909	7.61e-06	C17orf107	1.3430003038700444		C17orf107
9422	-0.3614746	7.61e-06	ZNF264	0.152098303291585		ZNF264
2660	-2.2450047	7.62e-06	MSTN	2.338885041902282		MSTN
2878	0.7238318	7.62e-06	GPX3	-0.6686903283923868		GPX3
8910	-0.4031932	7.62e-06	SGCE	0.3390954562566284		SGCE
55671	0.3002771	7.62e-06	PPP4R3A	-0.4224151111517678		PPP4R3A
51506	0.3445266	7.63e-06	UFC1	-0.2189537900215219		UFC1
2766	0.525757	7.67e-06	GMPR	-0.2657720777486316		GMPR
100303755	0.3616748	7.69e-06	PET117	-0.2915087610925519		PET117
8034	-0.3545529	7.7e-06	SLC25A16	0.1010256111612584		SLC25A16
90678	0.4711241	7.76e-06	LRSAM1	0.018455079134271		LRSAM1
100505894	0.5309816	7.79e-06	TMEM161B-DT	-1.007160096854106		TMEM161B-DT
286122	-1.0094116	7.79e-06	LINC02904	1.3066215811010249		LINC02904
220972	0.2943222	7.83e-06	MARCHF8	-0.4422694067183084		MARCHF8
55716	-0.3878796	7.83e-06	LMBR1L	0.4225909248508248		LMBR1L
54529	0.3365247	7.84e-06	ASNSD1	-0.5723396829646576		ASNSD1
79689	0.7073119	7.85e-06	STEAP4	-0.598691831152574		STEAP4
51290	0.3656621	7.98e-06	ERGIC2	-0.5650467084658484		ERGIC2
79823	0.4264858	8.04e-06	CAMKMT	-0.1577946201683011		CAMKMT
9209	0.412722	8.04e-06	LRRFIP2	-0.7676081304072646		LRRFIP2
5310	-0.4315039	8.06e-06	PKD1	0.4474445987871771		PKD1
57571	-0.8795541	8.2e-06	CARNS1	1.2964046129340587		CARNS1
29070	-0.7572123	8.26e-06	CCDC113	0.8399006011220493		CCDC113
2934	-0.6125318	8.27e-06	GSN	1.046451491279024		GSN
100499405	0.471401	8.27e-06	LINC00987	-0.1812787804299778		LINC00987
1240	-0.9237671	8.27e-06	CMKLR1	1.0829811166209835		CMKLR1
64411	-0.3846497	8.28e-06	ARAP3	0.4055368161354118		ARAP3
7442	-0.4727941	8.28e-06	TRPV1	0.3298482141372505		TRPV1
64215	0.4528854	8.28e-06	DNAJC1	-0.5022794505533597		DNAJC1
55505	0.4922362	8.28e-06	NOP10	-0.3091028576143744		NOP10
54332	-0.7032515	8.28e-06	GDAP1	0.3590312651302925		GDAP1
25764	0.5297383	8.29e-06	HYPK	0.7642861909759304		HYPK
126374	-0.5775491	8.33e-06	WTIP	0.555181881396086		WTIP
10345	0.3955286	8.34e-06	TRDN	-0.3239015875760458		TRDN
132299	0.7022964	8.49e-06	OCIAD2	-0.5744846029186963		OCIAD2
222166	-0.7313036	8.52e-06	MTURN	0.8875973803684256		MTURN
84232	0.3446488	8.53e-06	MAF1	-0.2511203122029215		MAF1
51642	0.5629223	8.53e-06	MRPL48	-0.5696473085581806		MRPL48
117581	1.0817875	8.56e-06	TWIST2	-0.6252422156244803		TWIST2
22852	0.5107938	8.56e-06	ANKRD26	-0.3361967541281778		ANKRD26
200162	0.6607592	8.62e-06	SPAG17	0.0522787952942516		SPAG17
25972	-0.2030846	8.7e-06	UNC50	0.6013356808233166		UNC50
6532	-2.0891893	8.73e-06	SLC6A4	2.2217766511938333		SLC6A4
338657	-0.3642573	8.75e-06	CENATAC	0.4303519463104841		CENATAC
92960	-0.8462731	8.76e-06	PEX11G	0.9542137996790262		PEX11G
10914	0.4132713	8.84e-06	PAPOLA	-0.1414134774314437		PAPOLA
150365	-1.4424843	8.91e-06	MEI1	1.4894068872520796		MEI1
100131801	0.7479575	9.04e-06	PET100	-0.2742563316358009		PET100
23511	-0.4421247	9.07e-06	NUP188	0.6598724889786585		NUP188
101929705	-0.8334643	9.22e-06	SCIRT	1.585247427213179		SCIRT
9133	1.576898	9.27e-06	CCNB2	-1.3945878759530022		CCNB2
56034	-0.4276398	9.39e-06	PDGFC	0.2828423037735064		PDGFC
23213	-1.1542761	9.44e-06	SULF1	1.1533057257995698		SULF1
101927795	0.9491623	9.58e-06	BZW1-AS1	0.5088439273789263		BZW1-AS1
2889	0.3938273	9.61e-06	RAPGEF1	-0.6598969880441921		RAPGEF1
494143	0.8850233	9.69e-06	CHAC2	-0.8585850810609037		CHAC2
65117	0.3889084	9.69e-06	RSRC2	-0.5037865282020331		RSRC2
201294	-0.7580982	9.74e-06	UNC13D	0.091760949059477		UNC13D
10135	0.6011128	9.77e-06	NAMPT	-1.487951150019012		NAMPT
4904	0.4097315	9.81e-06	YBX1	-0.201692277376452		YBX1
7332	0.29183	9.97e-06	UBE2L3	-0.4382129170092224		UBE2L3
11135	-0.4399152	9.98e-06	CDC42EP1	0.6169726512662419		CDC42EP1
4140	0.8586867	9.99e-06	MARK3	-0.7785531272732653		MARK3
54700	-0.4642857	1e-05	RRN3	0.4812069572843649		RRN3
6235	-0.4756028	1e-05	RPS29	0.6017575278014053		RPS29
10827	0.2380002	1e-05	FAM114A2	-0.3617462826019988		FAM114A2
220980	-1.2567606	1.01e-05	TMEM72-AS1	1.3023359107763324		TMEM72-AS1
653489	0.4197138	1.01e-05	RGPD3	-0.8688240274078561		RGPD3
105369725	0.8410068	1.02e-05	LOC105369725	0.2680235306767584		LOC105369725
1453	-0.2479653	1.02e-05	CSNK1D	0.0801673843297097		CSNK1D
777	2.5008654	1.02e-05	CACNA1E	-2.130693836748294		CACNA1E
25902	0.754337	1.02e-05	MTHFD1L	0.0990765726303006		MTHFD1L
23024	0.5412376	1.02e-05	PDZRN3	-0.9196162699037068		PDZRN3
10912	-1.4884032	1.03e-05	GADD45G	1.814252050667733		GADD45G
23370	-0.3036568	1.03e-05	ARHGEF18	0.4943755675893186		ARHGEF18
4038	0.532298	1.04e-05	LRP4	-0.4672363594197777		LRP4
56107	-0.4127767	1.04e-05	PCDHGA9	0.7723067782262061		PCDHGA9
114049	0.2866464	1.04e-05	BUD23	-0.153212090603267		BUD23
23360	0.5324307	1.04e-05	FNBP4	-0.5939136893411678		FNBP4
55284	-0.4612775	1.07e-05	UBE2W	0.2361474073008058		UBE2W
9750	-1.1199675	1.08e-05	RIPOR2	1.3121436870932313		RIPOR2
131616	-0.4055829	1.09e-05	TMEM42	0.6829450521093627		TMEM42
1063	1.4277766	1.09e-05	CENPF	-1.0752955097568424		CENPF
3006	0.7757227	1.09e-05	H1-2	-0.7859598019033367		H1-2
105369911	-0.877816	1.09e-05	LOC105369911	2.818249093076848		LOC105369911
8533	0.3209536	1.1e-05	COPS3	-0.4381418820813909		COPS3
54949	0.4208024	1.1e-05	SDHAF2	-0.0176582447907991		SDHAF2
119587	-1.674105	1.1e-05	CPXM2	1.8226237173702549		CPXM2
10280	0.3186903	1.11e-05	SIGMAR1	-0.3153638272197172		SIGMAR1
7469	-0.2869438	1.11e-05	NELFA	0.3602000065177373		NELFA
2665	0.2470674	1.12e-05	GDI2	-0.3594560784057625		GDI2
53632	-1.1875822	1.12e-05	PRKAG3	1.776883332233493		PRKAG3
7345	-1.7521153	1.13e-05	UCHL1	2.06716573470945		UCHL1
56606	0.7352531	1.13e-05	SLC2A9	-0.5868452762334129		SLC2A9
87178	0.302868	1.13e-05	PNPT1	-0.5113569805664593		PNPT1
1909	-1.0929101	1.14e-05	EDNRA	1.1343251072394804		EDNRA
552900	0.480195	1.14e-05	BOLA2	-0.6452333219573427		BOLA2
5506	0.697063	1.14e-05	PPP1R3A	-0.8797747635491477		PPP1R3A
6288	3.6538768	1.14e-05	SAA1	-3.696382074599839		SAA1
9684	-0.3099236	1.14e-05	LRRC14	0.3382801272934239		LRRC14
83451	-0.437394	1.15e-05	ABHD11	0.6177572358573862		ABHD11
51754	-0.4548006	1.15e-05	TMEM8B	0.4576124903646485		TMEM8B
6184	0.2965271	1.16e-05	RPN1	-0.4373380031084846		RPN1
152485	-0.4667216	1.16e-05	ZNF827	0.1310578103177713		ZNF827
401551	-0.5775331	1.17e-05	WDR38	0.5162461423896927		WDR38
3313	0.3179371	1.17e-05	HSPA9	-0.1900275862844314		HSPA9
79042	-0.404252	1.17e-05	TSEN34	0.6653908495614353		TSEN34
222389	0.4200314	1.17e-05	BEND7	-0.6101022782275725		BEND7
967	0.4936927	1.18e-05	CD63	-0.4805685253955154		CD63
4682	0.3254085	1.19e-05	NUBP1	-0.2463393818023149		NUBP1
5685	0.4363526	1.19e-05	PSMA4	-0.1273254809730781		PSMA4
534	-0.6261484	1.19e-05	ATP6V1G2	0.6016555557588761		ATP6V1G2
79190	-1.4556266	1.19e-05	IRX6	1.828229614686509		IRX6
7091	-0.3788055	1.2e-05	TLE4	0.3528687503466114		TLE4
6612	0.2275388	1.21e-05	SUMO3	-0.3301098301957941		SUMO3
84266	-0.5849664	1.22e-05	ALKBH7	0.7993221548987988		ALKBH7
55005	0.3680315	1.22e-05	RMND1	-0.2570706599607506		RMND1
728927	-0.474469	1.23e-05	ZNF736	0.6519055850554879		ZNF736
3385	0.5497291	1.24e-05	ICAM3	-0.6657238656235771		ICAM3
1998	0.2920896	1.24e-05	ELF2	-0.4202159316900191		ELF2
4698	0.4430302	1.24e-05	NDUFA5	-0.6230537405318834		NDUFA5
8934	0.5395321	1.25e-05	RAB29	-0.5038892845315495		RAB29
84937	0.4273877	1.26e-05	ZNRF1	-0.0491866490774555		ZNRF1
79064	0.452476	1.27e-05	TMEM223	-0.3364566268975952		TMEM223
55871	0.4999731	1.27e-05	ZNG1A	-0.7293974068028715		ZNG1A
100533106	0.4241127	1.27e-05	ZHX1-C8orf76	-0.0324069985958475		ZHX1-C8orf76
169270	-0.4868553	1.27e-05	ZNF596	0.7500591263993075		ZNF596
84417	-1.3302551	1.27e-05	ECRG4	1.6535071130009404		ECRG4
55040	1.1497606	1.28e-05	EPN3	-1.0875878448921603		EPN3
4037	-0.4606327	1.28e-05	LRP3	0.5334268702496048		LRP3
972	-0.7695957	1.28e-05	CD74	0.9169290940035904		CD74
6613	0.2540967	1.3e-05	SUMO2	-0.1800446335189978		SUMO2
29078	0.4721298	1.3e-05	NDUFAF4	-0.3185485913804653		NDUFAF4
148252	0.6503776	1.31e-05	DIRAS1	-0.6022199028085078		DIRAS1
10626	0.7569808	1.31e-05	TRIM16	-0.8819382151918855		TRIM16
64324	0.3026804	1.31e-05	NSD1	-0.1057356926340058		NSD1
2077	-0.4142223	1.32e-05	ERF	0.0988995668182211		ERF
137835	-0.8185128	1.32e-05	TMEM71	0.7019492973154451		TMEM71
4430	0.4442702	1.33e-05	MYO1B	-0.3661042399069902		MYO1B
55006	0.46944	1.35e-05	TRMT61B	-0.6056510418606784		TRMT61B
440078	-0.7569365	1.36e-05	FAM66C	0.8562541508166338		FAM66C
92235	-0.8478465	1.37e-05	STYXL2	1.1159727062833102		STYXL2
83643	-1.0611711	1.37e-05	CCDC3	1.2093837942417007		CCDC3
140876	0.7167808	1.37e-05	RIPOR3	-0.6387213298114167		RIPOR3
64852	-0.3343011	1.38e-05	TUT1	0.1691280391400238		TUT1
22850	-0.3676441	1.38e-05	ADNP2	0.6343394215229345		ADNP2
7620	0.4945683	1.39e-05	ZNF69	-0.5545844554824655		ZNF69
8502	0.4148437	1.4e-05	PKP4	-0.2842214119045714		PKP4
7855	0.404175	1.4e-05	FZD5	-0.3969954006900745		FZD5
8665	-0.2571066	1.4e-05	EIF3F	0.4676577277166664		EIF3F
10365	-0.8662893	1.4e-05	KLF2	0.9668080417123156		KLF2
100288198	0.4930646	1.4e-05	HMGN3-AS1	-0.21811609931632		HMGN3-AS1
23317	0.3236448	1.4e-05	DNAJC13	-0.0081492792895261		DNAJC13
9213	-0.7108522	1.41e-05	XPR1	1.1165354748007408		XPR1
10657	-0.248878	1.41e-05	KHDRBS1	0.5018267526730265		KHDRBS1
7528	0.2465264	1.41e-05	YY1	-0.1811147527595054		YY1
1854	-0.325514	1.42e-05	DUT	0.2530241185939674		DUT
873	0.5776705	1.42e-05	CBR1	-0.3854449299402582		CBR1
10227	-0.5387421	1.42e-05	MFSD10	0.5638550795748412		MFSD10
654463	2.314852	1.42e-05	FER1L6	-2.3596316224519205		FER1L6
9588	0.5798856	1.42e-05	PRDX6	-0.3603535409002436		PRDX6
5745	0.8744018	1.42e-05	PTH1R	-0.847141521586595		PTH1R
84967	0.4551442	1.43e-05	LSM10	-0.433130422550751		LSM10
9121	-0.6996446	1.43e-05	SLC16A5	1.0059412569281596		SLC16A5
6810	0.3141786	1.44e-05	STX4	0.2415007706973453		STX4
5036	0.3490876	1.44e-05	PA2G4	-0.1915014770361791		PA2G4
339751	0.6730817	1.45e-05	MAP3K20-AS1	-1.5689323509653414		MAP3K20-AS1
83450	-0.4317686	1.45e-05	DRC3	1.0502406244415208		DRC3
130507	0.545527	1.45e-05	UBR3	-0.6100756810574017		UBR3
51429	0.193595	1.46e-05	SNX9	0.0628080888102795		SNX9
894	-0.6464201	1.46e-05	CCND2	0.8698802588328007		CCND2
114804	1.3253859	1.46e-05	RNF157	-1.2401607770192946		RNF157
151648	1.5683508	1.48e-05	SGO1	-1.1862752097144489		SGO1
55297	0.3437747	1.48e-05	CCDC91	-0.4094700111113756		CCDC91
3178	-0.2524485	1.49e-05	HNRNPA1	0.3836039288830246		HNRNPA1
101927837	-0.5213585	1.49e-05	ATP6V0D1-DT	0.7946895269774222		ATP6V0D1-DT
8634	0.3503213	1.52e-05	RTCA	-0.1269629560943768		RTCA
9367	0.5129846	1.52e-05	RAB9A	-0.3749098190941025		RAB9A
4320	0.8942192	1.53e-05	MMP11	-0.4428328059291284		MMP11
56108	-0.3137955	1.53e-05	PCDHGA7	0.5243412367328323		PCDHGA7
54932	-0.3894321	1.53e-05	EXD3	0.4964775567076755		EXD3
92370	-0.8414489	1.54e-05	PXYLP1	1.0774999555704197		PXYLP1
29102	0.2474915	1.54e-05	DROSHA	-0.3890059442237872		DROSHA
8560	0.4307435	1.55e-05	DEGS1	-0.1468886732566732		DEGS1
10882	1.5845135	1.56e-05	C1QL1	-1.5835741462087944		C1QL1
54931	0.3976372	1.56e-05	TRMT10C	-0.3793626407053647		TRMT10C
116931	-1.039971	1.56e-05	MED12L	1.999431401348076		MED12L
56999	0.7770543	1.57e-05	ADAMTS9	-0.5944454321193335		ADAMTS9
55759	0.3419966	1.58e-05	WDR12	-0.3189226349152401		WDR12
64399	-1.6732664	1.59e-05	HHIP	1.2688081027052838		HHIP
4051	-1.963252	1.6e-05	CYP4F3	1.5076371878110582		CYP4F3
8404	0.5044077	1.61e-05	SPARCL1	-0.6125849637823464		SPARCL1
5141	0.7300259	1.61e-05	PDE4A	-0.6068702653196802		PDE4A
84154	0.3260617	1.62e-05	RPF2	-0.2100940547790086		RPF2
116236	0.4842066	1.62e-05	ABHD15	-0.501914211104348		ABHD15
1466	0.7572398	1.62e-05	CSRP2	-0.6926718577981195		CSRP2
113452	-0.8736805	1.62e-05	TMEM54	0.9498679958802744		TMEM54
100130417	-2.313184	1.63e-05	LINC02593	2.542401066436156		LINC02593
4150	0.4662052	1.64e-05	MAZ	-0.3907189178256258		MAZ
80174	-0.420197	1.64e-05	DBF4B	0.5803116249306641		DBF4B
26233	-0.4902834	1.68e-05	FBXL6	0.5829697841078443		FBXL6
55819	0.2670753	1.68e-05	RNF130	-0.1771168424297515		RNF130
105376541	-1.533224	1.69e-05	NRIP3-DT	-1.0955062753273666		NRIP3-DT
1445	0.4074615	1.7e-05	CSK	-0.2969499959730619		CSK
64067	-0.8082579	1.71e-05	NPAS3	0.836802027963949		NPAS3
54855	0.9083871	1.72e-05	TENT5C	-0.7299791019911834		TENT5C
1959	-2.1424772	1.72e-05	EGR2	2.30587816904436		EGR2
4729	0.4862236	1.74e-05	NDUFV2	-0.3728786286807892		NDUFV2
143689	-0.7790675	1.75e-05	PIWIL4	0.9505069219273482		PIWIL4
104909134	0.594795	1.75e-05	LINC02210-CRHR1	4.599763299034959		LINC02210-CRHR1
8165	0.4678488	1.75e-05	AKAP1	-0.5790104862374372		AKAP1
51651	0.4357059	1.75e-05	PTRH2	-0.4992636168077098		PTRH2
768211	-0.5489751	1.75e-05	RELL1	0.3400949996506752		RELL1
23563	-0.8840689	1.75e-05	CHST5	1.0514678256119367		CHST5
25996	0.3273753	1.76e-05	REXO2	-0.0454715302805386		REXO2
204	0.286344	1.76e-05	AK2	-0.3845983363106269		AK2
5514	-0.5191654	1.77e-05	PPP1R10	0.1639696496951579		PPP1R10
440567	0.4651066	1.77e-05	UQCRHL	-0.4550113142222063		UQCRHL
9819	-0.6430052	1.77e-05	TSC22D2	0.7027269303925494		TSC22D2
399959	-0.5047762	1.77e-05	MIR100HG	0.4665811995038487		MIR100HG
22974	1.4360663	1.77e-05	TPX2	-1.250632028729869		TPX2
23046	-0.9061153	1.78e-05	KIF21B	0.9968773373397783		KIF21B
146691	-0.355862	1.78e-05	TOM1L2	0.0304307700792056		TOM1L2
9611	0.2478727	1.78e-05	NCOR1	-0.2031802029424669		NCOR1
8614	1.2101932	1.78e-05	STC2	-1.1294169650887134		STC2
201625	-0.9529005	1.79e-05	DNAH12	1.329348904001809		DNAH12
84276	-0.2901467	1.8e-05	NICN1	0.1950764156570406		NICN1
5439	0.3727744	1.8e-05	POLR2J	0.1902002909152162		POLR2J
6629	0.2547333	1.8e-05	SNRPB2	-0.0292989318146359		SNRPB2
4982	-1.6516477	1.8e-05	TNFRSF11B	1.6742527899274915		TNFRSF11B
84033	-0.4194661	1.81e-05	OBSCN	-0.1797054571648679		OBSCN
5754	-0.8836299	1.81e-05	PTK7	1.1101306766325636		PTK7
26263	0.2595118	1.83e-05	FBXO22	-0.0611106291706322		FBXO22
51449	0.4524726	1.84e-05	PCYOX1	-0.3650496443025446		PCYOX1
4958	-1.1215673	1.84e-05	OMD	1.2527389393642627		OMD
25871	0.2229885	1.85e-05	NEPRO	-0.2250676059673342		NEPRO
310	-0.2470507	1.85e-05	ANXA7	0.2140743012482673		ANXA7
890	0.5083819	1.85e-05	CCNA2	-0.4333398088658033		CCNA2
100506365	0.3797511	1.86e-05	OTUD6B-AS1	-0.2929463461706163		OTUD6B-AS1
283987	-0.4838886	1.87e-05	HID1	0.4356167743060779		HID1
401491	-0.9004147	1.87e-05	VLDLR-AS1	0.9651011412686796		VLDLR-AS1
105370027	-0.7321343	1.88e-05	LOC105370027	0.5626132057033649		LOC105370027
102723508	-0.4667314	1.88e-05	KANTR	0.6823157676081277		KANTR
51375	0.4862001	1.88e-05	SNX7	-0.2778829507567684		SNX7
142686	0.8028156	1.89e-05	ASB14	-0.8534715440082765		ASB14
374286	0.4732227	1.9e-05	FBXW10B	-1.164817122906371		FBXW10B
27095	0.3221162	1.91e-05	TRAPPC3	-0.2714504687975738		TRAPPC3
7416	0.3421217	1.92e-05	VDAC1	-0.5730301396423894		VDAC1
22888	-0.4487726	1.92e-05	UBOX5	0.2839954763613246		UBOX5
80789	-0.3758219	1.92e-05	INTS5	0.3703064150673301		INTS5
56112	-0.4221058	1.93e-05	PCDHGA3	0.736160347110184		PCDHGA3
79748	1.5616527	1.93e-05	LMAN1L	-1.2943068521661747		LMAN1L
51001	0.5276795	1.94e-05	MTERF3	-0.497085128847031		MTERF3
55095	-0.2824806	1.95e-05	SAMD4B	0.4769736789714658		SAMD4B
1454	-0.2774816	1.96e-05	CSNK1E	0.2280632849191004		CSNK1E
23373	-0.3590547	1.98e-05	CRTC1	0.3456278858763992		CRTC1
1238	-1.5119524	2e-05	ACKR2	1.34287841120512		ACKR2
142	0.2987155	2.01e-05	PARP1	-0.4549532589120266		PARP1
51347	0.2550398	2.02e-05	TAOK3	-0.2608451061426411		TAOK3
124801	0.2673745	2.03e-05	LSM12	-0.063385768998576		LSM12
79777	-0.4167418	2.04e-05	ACBD4	0.7081094842862705		ACBD4
349136	-0.4837672	2.05e-05	WDR86	-0.1595067749228644		WDR86
81550	0.3224564	2.05e-05	TDRD3	-0.1168719517960812		TDRD3
389337	0.487626	2.06e-05	ARHGEF37	-0.331159051139243		ARHGEF37
29880	0.3262975	2.06e-05	ALG5	-0.1976299636604181		ALG5
6375	1.5050039	2.06e-05	XCL1	-0.7491593895345185		XCL1
79751	-0.408646	2.08e-05	SLC25A22	0.323872339774496		SLC25A22
54757	-0.5273032	2.09e-05	FAM20A	0.267361529164444		FAM20A
129531	0.3356878	2.11e-05	MITD1	-0.3073972585004902		MITD1
3899	-0.6918256	2.12e-05	AFF3	0.0542872602026585		AFF3
9894	-0.4866779	2.12e-05	TELO2	0.6553438315980786		TELO2
113828	1.1486528	2.13e-05	FAM83F	-0.9946724040667518		FAM83F
29116	-0.449791	2.13e-05	MYLIP	0.6619286823296737		MYLIP
56922	0.4140495	2.13e-05	MCCC1	-0.70749369128316		MCCC1
29093	0.4887888	2.14e-05	MRPL22	-0.209348883400108		MRPL22
54878	0.3727666	2.15e-05	DPP8	-0.5325663551754989		DPP8
10849	0.2942343	2.15e-05	POLR1G	-0.5754965297103993		POLR1G
84908	0.4608671	2.15e-05	FAM136A	-0.4241646140460506		FAM136A
3636	0.2867148	2.15e-05	INPPL1	-0.2697336278347251		INPPL1
9950	0.2880839	2.15e-05	GOLGA5	0.2248261015265438		GOLGA5
5522	1.4143313	2.16e-05	PPP2R2C	-1.4085322239120694		PPP2R2C
10381	0.6381978	2.16e-05	TUBB3	0.1388926838845788		TUBB3
25821	0.2731821	2.16e-05	MTO1	-0.0239185579480496		MTO1
54893	0.2909715	2.16e-05	MTMR10	-0.4575840593981457		MTMR10
55291	0.2125422	2.16e-05	PPP6R3	-0.2701961686151604		PPP6R3
7156	-0.2469877	2.17e-05	TOP3A	0.2938439387641325		TOP3A
54882	0.2350605	2.18e-05	ANKHD1	0.1452281559117425		ANKHD1
164284	-2.0935291	2.18e-05	APCDD1L	2.0371469332242054		APCDD1L
55733	-0.5350519	2.18e-05	HHAT	0.9397294584302788		HHAT
57611	-1.143531	2.19e-05	ISLR2	1.3289200830413788		ISLR2
81578	-0.6853514	2.19e-05	COL21A1	0.2532411949062627		COL21A1
6788	0.2414786	2.2e-05	STK3	-0.397425671568727		STK3
4803	0.7596165	2.22e-05	NGF	-0.8133703556150809		NGF
55334	-0.2158757	2.23e-05	SLC39A9	0.3831306994136279		SLC39A9
54516	0.3207795	2.24e-05	MTRF1L	-0.2971094948987209		MTRF1L
51373	0.3509159	2.24e-05	MRPS17	-0.1412297604688999		MRPS17
199675	1.7445777	2.25e-05	MCEMP1	-1.4351304298542065		MCEMP1
55109	0.208057	2.27e-05	AGGF1	0.0290335492461202		AGGF1
199953	-0.3938621	2.27e-05	TMEM201	0.6441147543949222		TMEM201
6230	0.5658444	2.27e-05	RPS25	-0.6770889300750245		RPS25
57194	-1.0607051	2.28e-05	ATP10A	1.1210548572824752		ATP10A
23498	-0.8424729	2.31e-05	HAAO	1.179957334085482		HAAO
6431	-0.2714228	2.31e-05	SRSF6	0.4436600958733097		SRSF6
57523	-0.4953957	2.32e-05	NYNRIN	0.8322463143371253		NYNRIN
142940	-0.6808024	2.32e-05	TRUB1	0.7150001489866025		TRUB1
154214	-0.5681926	2.33e-05	RNF217	0.7105686860526848		RNF217
25842	0.3486343	2.34e-05	ASF1A	-0.1005588238667396		ASF1A
4211	0.5263557	2.35e-05	MEIS1	-0.740860897397881		MEIS1
64218	-0.5830343	2.35e-05	SEMA4A	0.8281199333186424		SEMA4A
10971	-0.4940109	2.39e-05	YWHAQ	0.4435174839457172		YWHAQ
10260	0.3189895	2.39e-05	DENND4A	-0.4607881005863303		DENND4A
7060	-1.4882733	2.39e-05	THBS4	1.6909044735138288		THBS4
440836	-0.9231322	2.39e-05	ODF3B	1.0000157787151664		ODF3B
55844	0.3456971	2.42e-05	PPP2R2D	-0.0391394647404794		PPP2R2D
5430	-0.344472	2.42e-05	POLR2A	0.6135475077113837		POLR2A
7955	-1.0592874	2.43e-05	RNF217-AS1	1.0866439197962356		RNF217-AS1
24139	-0.3709869	2.43e-05	EML2	0.2926962494302954		EML2
23216	0.3266475	2.43e-05	TBC1D1	-0.2855059645397579		TBC1D1
7306	-0.5862982	2.43e-05	TYRP1	0.7962049975031391		TYRP1
5872	0.3566453	2.45e-05	RAB13	-0.2735897048408668		RAB13
101929243	0.3515024	2.47e-05	ILRUN-AS1	0.0549901202673259		ILRUN-AS1
54923	-0.3640855	2.48e-05	LIME1	1.4801221744823885		LIME1
54887	0.4253974	2.49e-05	BLTP3A	-0.26336761873302		BLTP3A
388552	-0.4352292	2.5e-05	BLOC1S3	0.648136711997048		BLOC1S3
29780	0.5606947	2.5e-05	PARVB	-0.3282274010818069		PARVB
55175	-0.425301	2.5e-05	KLHL11	0.0780589813345016		KLHL11
54801	0.3195308	2.52e-05	HAUS6	-0.3563080205976934		HAUS6
26153	-0.7455818	2.52e-05	KIF26A	0.9742414187768296		KIF26A
6241	1.4425735	2.52e-05	RRM2	-1.2922975817700046		RRM2
5962	0.3832778	2.54e-05	RDX	-0.7000833619048059		RDX
3133	-0.4072703	2.54e-05	HLA-E	0.6488645130235762		HLA-E
79716	-0.3150705	2.54e-05	NPEPL1	-1.4020980319863696		NPEPL1
25989	0.2708851	2.56e-05	ULK3	-0.2715756025622342		ULK3
283571	-0.5223847	2.57e-05	PROX2	1.358355224292063		PROX2
83742	-0.7233258	2.57e-05	MARVELD1	1.037312633826966		MARVELD1
51022	0.5793462	2.58e-05	GLRX2	-0.5248210448275179		GLRX2
55812	0.3000577	2.6e-05	SPATA7	-0.1326106504501178		SPATA7
114792	0.9819306	2.6e-05	KLHL32	-1.2395469186400936		KLHL32
79573	0.3427959	2.61e-05	TTC13	-0.6347438374125431		TTC13
10928	0.2665183	2.62e-05	RALBP1	-0.1087107389398065		RALBP1
6752	1.0210838	2.62e-05	SSTR2	-1.33927039195366		SSTR2
126299	-0.3160745	2.64e-05	ZNF428	0.3047579048234645		ZNF428
388115	0.3532123	2.64e-05	CCDC9B	-0.576573151051921		CCDC9B
1809	-0.9294575	2.68e-05	DPYSL3	0.9752653396531734		DPYSL3
100289678	-0.317934	2.68e-05	ZNF783	0.6902102424065686		ZNF783
80115	-0.7991619	2.7e-05	BAIAP2L2	0.2162981902526445		BAIAP2L2
7328	-0.4273302	2.7e-05	UBE2H	-0.0593141346566934		UBE2H
55647	-0.6750935	2.7e-05	RAB20	0.7000491427100815		RAB20
7593	-0.4159479	2.7e-05	MZF1	0.294224486704175		MZF1
51605	0.3192833	2.71e-05	TRMT6	-0.3299504803322919		TRMT6
140730	-2.1483778	2.73e-05	RIMS4	2.5116587944486417		RIMS4
7771	0.3170315	2.74e-05	ZNF112	-0.2620475034528635		ZNF112
51157	-0.3753564	2.74e-05	ZNF580	0.6128700507049945		ZNF580
56894	0.3525675	2.77e-05	AGPAT3	-0.198926118866229		AGPAT3
1589	-0.7648705	2.79e-05	CYP21A2	0.7587140420455007		CYP21A2
100505576	-1.2124046	2.79e-05	LINC00672	1.6400204814455062		LINC00672
117177	0.5078709	2.8e-05	RAB3IP	-0.391408797400075		RAB3IP
4215	-0.5061006	2.81e-05	MAP3K3	0.5716251959878855		MAP3K3
1047	0.5320357	2.82e-05	CLGN	-0.536587163498905		CLGN
348093	0.3624474	2.84e-05	RBPMS2	-0.3669084023413385		RBPMS2
64326	0.2622949	2.84e-05	COP1	-0.3126989729404057		COP1
1457	0.2071601	2.84e-05	CSNK2A1	-0.0940478053955891		CSNK2A1
100529097	0.2535985	2.84e-05	RPL36A-HNRNPH2	-0.551627466587622		RPL36A-HNRNPH2
8988	0.7250692	2.87e-05	HSPB3	-0.5046781702762857		HSPB3
9645	-0.4710277	2.87e-05	MICAL2	0.2237021163353159		MICAL2
5045	0.4293391	2.89e-05	FURIN	-0.5273442723126731		FURIN
374403	-0.9410745	2.9e-05	TBC1D10C	0.9029780617469148		TBC1D10C
91283	0.4677695	2.92e-05	MSANTD3	-0.3798044819911794		MSANTD3
390616	-1.6664724	2.94e-05	ANKRD34C	1.7302931855386714		ANKRD34C
146059	-0.324674	2.96e-05	CDAN1	0.4241057281372047		CDAN1
10572	-0.4300069	2.96e-05	SIVA1	0.767715177404102		SIVA1
7702	0.3447924	2.97e-05	ZNF143	-0.2887800613906668		ZNF143
23646	-0.2845902	2.97e-05	PLD3	0.2676622110062236		PLD3
26974	0.3411417	2.97e-05	ZNF285	-0.4334266283153285		ZNF285
8733	-0.3192386	2.98e-05	GPAA1	0.3530089804949305		GPAA1
84661	0.3309843	3.03e-05	DPY30	-0.2476288181398036		DPY30
7381	0.6314061	3.03e-05	UQCRB	-0.5199849872075291		UQCRB
3104	-0.3405332	3.04e-05	ZBTB48	0.579141486148103		ZBTB48
146330	-1.5848447	3.04e-05	FBXL16	4.770880870844247		FBXL16
10210	0.3061701	3.08e-05	TOPORS	-0.2899986435912569		TOPORS
80145	0.3407271	3.09e-05	THOC7	-0.4209983976038289		THOC7
100506688	-0.8277096	3.1e-05	LINC02982	0.9777484361905716		LINC02982
2167	0.9484861	3.13e-05	FABP4	-0.9778208421556158		FABP4
79798	-0.4234231	3.14e-05	ARMC5	0.5001045800257402		ARMC5
201140	2.4850738	3.15e-05	DHRS7C	-2.703980193064519		DHRS7C
84514	-0.4723523	3.16e-05	GHDC	0.4725282465462004		GHDC
644353	-0.3574812	3.16e-05	ZCCHC18	0.7662767488446288		ZCCHC18
160622	-0.9601873	3.21e-05	TAMALIN	1.1119272417588926		TAMALIN
106144593	-1.071557	3.23e-05	NOP53-AS1	0.0		NOP53-AS1
105370458	0.9171087	3.25e-05	SEC23A-AS1	0.3836774920726467		SEC23A-AS1
6897	0.4049717	3.27e-05	TARS1	-0.3030739819347499		TARS1
923	-1.3778749	3.27e-05	CD6	0.8590520255785292		CD6
51285	0.49895	3.27e-05	RASL12	-0.4737401609500109		RASL12
2308	-0.534233	3.29e-05	FOXO1	-0.0851880007079115		FOXO1
171222	0.6148967	3.29e-05	UBE2L5	0.0229654531885596		UBE2L5
9778	0.3231767	3.33e-05	KIAA0232	-0.2405087783034041		KIAA0232
8678	0.2350428	3.35e-05	BECN1	-0.409110609209411		BECN1
6253	0.4839482	3.4e-05	RTN2	-0.5620236224449213		RTN2
51105	0.3911569	3.45e-05	PHF20L1	-0.5364765580424953		PHF20L1
100874203	-0.7530778	3.45e-05	COL4A2-AS1	0.9935380458091768		COL4A2-AS1
5325	-0.6356548	3.47e-05	PLAGL1	0.5672096861766058		PLAGL1
177	-0.5374842	3.49e-05	AGER	0.5633907509987752		AGER
9986	-0.4442213	3.49e-05	RCE1	0.6974102720132298		RCE1
5396	-0.8497584	3.51e-05	PRRX1	0.7144728579554478		PRRX1
9968	-0.3093329	3.52e-05	MED12	0.3437318652279097		MED12
50943	-0.8652654	3.53e-05	FOXP3	1.421813588346101		FOXP3
220382	-1.4243639	3.53e-05	FAM181B	1.4300559214258457		FAM181B
118812	-0.5714448	3.57e-05	MORN4	0.337993870078221		MORN4
105375790	1.0535634	3.6e-05	LOC105375790	-0.9092752317533564		LOC105375790
53834	0.4301353	3.61e-05	FGFRL1	-0.2327202692198602		FGFRL1
79096	-0.3050285	3.63e-05	CSTPP1	0.4017659125325465		CSTPP1
22926	0.2283319	3.63e-05	ATF6	-0.1925132541259699		ATF6
163051	-0.4313367	3.65e-05	ZNF709	-0.1947005722988795		ZNF709
79803	-0.3757795	3.66e-05	HPS6	0.5943929511707264		HPS6
55031	0.3140575	3.66e-05	USP47	0.0914659930595318		USP47
7508	-0.3743882	3.66e-05	XPC	0.4326572436303757		XPC
1613	-0.7319482	3.66e-05	DAPK3	0.5719298186266135		DAPK3
2780	0.7425271	3.71e-05	GNAT2	1.6748364453350746		GNAT2
55684	0.2795139	3.73e-05	RABL6	0.012651498995452		RABL6
7048	0.4612307	3.74e-05	TGFBR2	-0.3037346707950012		TGFBR2
23172	0.1830139	3.74e-05	ABRAXAS2	0.0560251034209366		ABRAXAS2
51594	0.3943401	3.75e-05	NBAS	-0.117145851825672		NBAS
5627	-0.9084421	3.75e-05	PROS1	0.9873889911676156		PROS1
2512	0.5653297	3.8e-05	FTL	-0.3246140159576498		FTL
23641	-0.6773362	3.8e-05	LDOC1	0.7623454047986071		LDOC1
27031	-0.3836323	3.84e-05	NPHP3	0.2443675766017765		NPHP3
79654	0.3295173	3.86e-05	HECTD3	-0.3890244564284515		HECTD3
80155	0.3643066	3.88e-05	NAA15	-0.2563858195205908		NAA15
55361	-0.3670161	3.88e-05	PI4K2A	0.6509464247253285		PI4K2A
2030	0.4574899	3.88e-05	SLC29A1	-0.1899272576469286		SLC29A1
8893	0.1994953	3.88e-05	EIF2B5	-0.1337947893816213		EIF2B5
84883	0.3314424	3.88e-05	AIFM2	-0.304457496476096		AIFM2
30818	0.6595913	3.91e-05	KCNIP3	-0.3664529204135296		KCNIP3
10383	0.7117053	3.91e-05	TUBB4B	-0.6073127085813397		TUBB4B
7587	0.3394882	3.91e-05	ZNF37A	-0.0272629027886663		ZNF37A
91801	0.3304156	3.91e-05	ALKBH8	-0.3527366937252445		ALKBH8
84787	-0.4095955	3.92e-05	KMT5C	0.6205819721086083		KMT5C
10278	-0.5647957	3.93e-05	EFS	0.5980364368681528		EFS
83871	-0.4305846	3.97e-05	RAB34	0.6886164042700207		RAB34
9091	-0.4279803	3.98e-05	PIGQ	0.4851503552086686		PIGQ
79696	0.4212968	4.01e-05	ZC2HC1C	-0.3189440128264893		ZC2HC1C
883	0.3937783	4.05e-05	KYAT1	-0.3583591969313446		KYAT1
901	-0.7150251	4.06e-05	CCNG2	0.8688844598230085		CCNG2
5209	0.7635478	4.08e-05	PFKFB3	-0.6673622597210476		PFKFB3
123722	0.7747673	4.1e-05	FSD2	-0.9792318603326464		FSD2
151742	0.50365	4.12e-05	PPM1L	-0.3235180253983243		PPM1L
56978	-0.7463695	4.12e-05	PRDM8	0.6149206412724586		PRDM8
23109	1.4097274	4.12e-05	DDN	-1.5515855700398118		DDN
10422	0.3461412	4.13e-05	UBAC1	-0.8481260044756311		UBAC1
254359	-0.3015513	4.14e-05	ZDHHC24	0.3568492205264038		ZDHHC24
51065	0.4232981	4.14e-05	RPS27L	-0.3526950289644022		RPS27L
119710	0.3956585	4.17e-05	IFTAP	-0.1084763478470414		IFTAP
53342	-0.7450227	4.19e-05	IL17D	1.8672947423772752		IL17D
127018	-0.4203693	4.22e-05	LYPLAL1	0.5955103519569587		LYPLAL1
143187	0.290044	4.24e-05	VTI1A	-0.2139165932161559		VTI1A
100128569	-0.54586	4.27e-05	TEKTIP1	1.519945913067162		TEKTIP1
5590	0.4632659	4.28e-05	PRKCZ	-0.4917801885639417		PRKCZ
79583	-0.580543	4.29e-05	TMEM231	0.5035330720934366		TMEM231
145773	1.2241673	4.29e-05	FAM81A	-0.660402623944314		FAM81A
22948	0.3726397	4.31e-05	CCT5	-0.2604292235028964		CCT5
283933	-0.7514457	4.32e-05	ZNF843	0.8963219893652135		ZNF843
25941	-0.3455536	4.33e-05	TPGS2	-0.042500567612997		TPGS2
23649	0.3670692	4.36e-05	POLA2	-0.3086695465631508		POLA2
90990	0.4271053	4.37e-05	KIFC2	-0.301410511664653		KIFC2
5445	0.2452414	4.37e-05	PON2	-0.119803252620172		PON2
64651	-1.2097603	4.4e-05	CSRNP1	1.1268170356392808		CSRNP1
10501	0.7750527	4.41e-05	SEMA6B	-1.0259414269778184		SEMA6B
898	0.6943644	4.41e-05	CCNE1	-0.651928115565286		CCNE1
57045	-0.6092576	4.43e-05	TWSG1	0.7773795583008507		TWSG1
6196	0.3768145	4.48e-05	RPS6KA2	-0.6064752288890478		RPS6KA2
50515	-0.5811335	4.48e-05	CHST11	0.6936958028424672		CHST11
55345	0.5695533	4.5e-05	ZGRF1	-0.4724911780863108		ZGRF1
3094	0.352733	4.5e-05	HINT1	-0.0838456485724155		HINT1
8786	-0.698774	4.5e-05	RGS11	0.7233877155939288		RGS11
283219	0.4571937	4.5e-05	KCTD21	-0.4578338466690579		KCTD21
191	0.4364006	4.56e-05	AHCY	-0.3925486234254265		AHCY
5784	-0.5061503	4.59e-05	PTPN14	0.1182095573216486		PTPN14
794	2.357806	4.61e-05	CALB2	-2.0852534757764007		CALB2
101927565	-2.1121287	4.63e-05	LINC01267	2.3497677014143905		LINC01267
144571	-0.3379157	4.66e-05	A2M-AS1	0.5505591318901992		A2M-AS1
1828	1.0479639	4.68e-05	DSG1	-0.8439312617180543		DSG1
10775	0.401858	4.68e-05	POP4	-0.2069987482935946		POP4
100526825	-0.5677883	4.71e-05	INMT-MINDY4	-1.0830736353243116		INMT-MINDY4
9683	0.2598007	4.71e-05	N4BP1	-0.322685176720678		N4BP1
3161	1.0477321	4.73e-05	HMMR	-0.7259853495820779		HMMR
10869	-0.2695604	4.73e-05	USP19	0.1057128044073039		USP19
221960	0.2238614	4.74e-05	CCZ1B	-0.259590283672185		CCZ1B
56259	0.3276106	4.82e-05	CTNNBL1	-0.1062508914930182		CTNNBL1
23302	0.7590049	4.83e-05	WSCD1	-0.5882345439667405		WSCD1
3833	1.5431233	4.85e-05	KIFC1	-1.1657116236642229		KIFC1
51310	-0.5381797	4.86e-05	SLC22A17	0.455549859864742		SLC22A17
55219	0.2662542	4.91e-05	MACO1	-0.0163352013650022		MACO1
90507	-0.4899291	4.94e-05	SCRN2	0.4895660719490413		SCRN2
776	1.0339432	4.98e-05	CACNA1D	-0.2837580575456835		CACNA1D
378108	-0.2537244	5.01e-05	TRIM74	0.5814824702119495		TRIM74
93587	0.4035914	5.03e-05	TRMT10A	-0.670016873605312		TRMT10A
283106	0.2589841	5.05e-05	CSNK2A3	-0.36440484225787		CSNK2A3
10317	-2.1339927	5.05e-05	B3GALT5	1.985600446423992		B3GALT5
9349	0.4517336	5.09e-05	RPL23	-0.5097709816175726		RPL23
25829	-0.266098	5.11e-05	TMEM184B	-0.0260374195471682		TMEM184B
51282	-0.5130543	5.12e-05	SCAND1	0.6006557781304034		SCAND1
5478	0.3376127	5.12e-05	PPIA	-0.0262123762234427		PPIA
10999	0.3906003	5.12e-05	SLC27A4	-0.1512935806189927		SLC27A4
55692	-0.3116523	5.13e-05	LUC7L	0.3033709386689986		LUC7L
83640	0.2486975	5.14e-05	RAMAC	-0.0261069538165424		RAMAC
105378853	0.7403276	5.18e-05	LINC02609	-0.8124745831855908		LINC02609
1958	-2.0465238	5.18e-05	EGR1	2.482559770937861		EGR1
56113	-0.4615863	5.18e-05	PCDHGA2	0.9786314657274297		PCDHGA2
5315	0.2907904	5.18e-05	PKM	-0.3746891820315596		PKM
91452	0.3905673	5.18e-05	ACBD5	-0.477824182532089		ACBD5
7296	0.7461979	5.2e-05	TXNRD1	-1.0237781147753608		TXNRD1
9627	-0.9875919	5.2e-05	SNCAIP	1.035394408726164		SNCAIP
6650	-0.3169675	5.22e-05	CAPN15	0.2513305599051687		CAPN15
9727	-0.3644095	5.23e-05	RAB11FIP3	0.2545419376405888		RAB11FIP3
79149	0.4353896	5.23e-05	ZSCAN5A	0.3253341998731756		ZSCAN5A
79149	0.4353896	5.23e-05	ZSCAN5A	-0.0060568750238348		ZSCAN5A
54969	0.290641	5.25e-05	HPF1	-0.1803094646030825		HPF1
4074	0.2191269	5.34e-05	M6PR	-0.1507602680345572		M6PR
8970	0.9441371	5.35e-05	H2BC11	-0.9324099912265772		H2BC11
79991	0.3066483	5.38e-05	STN1	-0.2899020976065225		STN1
51099	0.3494626	5.43e-05	ABHD5	-0.2396908822347505		ABHD5
7448	-0.896288	5.44e-05	VTN	0.929087953584574		VTN
338	1.0781782	5.47e-05	APOB	-1.0682951797012037		APOB
80381	0.497906	5.5e-05	CD276	-0.3736721619890355		CD276
5127	0.2553607	5.51e-05	CDK16	0.0670521547170537		CDK16
51020	0.3748321	5.52e-05	HDDC2	-0.3743165988383028		HDDC2
22826	0.3000703	5.59e-05	DNAJC8	-0.253655730322138		DNAJC8
9498	-1.6088101	5.59e-05	SLC4A8	1.2297040885899635		SLC4A8
11157	0.4250376	5.6e-05	LSM6	-0.3174613148641079		LSM6
387890	-1.5249533	5.6e-05	TMEM233	1.487750159714996		TMEM233
3416	0.3702309	5.62e-05	IDE	-0.4112518180080471		IDE
112936	0.2317887	5.65e-05	VPS26B	0.0106423537126989		VPS26B
101927911	0.6871977	5.66e-05	LOC101927911	0.3563983397602355		LOC101927911
2047	1.0038673	5.67e-05	EPHB1	0.0074919177544152		EPHB1
158158	-2.2071519	5.67e-05	RASEF	2.410893526221622		RASEF
51759	0.2471011	5.69e-05	C9orf78	-0.4814576763944007		C9orf78
89797	-0.512583	5.7e-05	NAV2	0.932766152561785		NAV2
4296	-0.2993898	5.72e-05	MAP3K11	0.3753001636338693		MAP3K11
115201	0.2964531	5.72e-05	ATG4A	0.013392473483015		ATG4A
8620	-0.593391	5.72e-05	NPFF	0.9965215156559444		NPFF
824	0.2710557	5.74e-05	CAPN2	-0.2376849704954997		CAPN2
59339	-0.5056447	5.74e-05	PLEKHA2	0.715691801763449		PLEKHA2
2330	0.8380032	5.76e-05	FMO5	-2.260745134253968		FMO5
9527	-0.2938197	5.8e-05	GOSR1	0.3071311887779391		GOSR1
26259	-0.3668352	5.8e-05	FBXW8	0.763692785473308		FBXW8
10527	0.3108596	5.8e-05	IPO7	-0.4965877935339087		IPO7
4207	-0.3601925	5.8e-05	BORCS8-MEF2B	0.628415098122143		BORCS8-MEF2B
2042	-1.0794184	5.81e-05	EPHA3	1.3355229215704405		EPHA3
23155	0.211507	5.91e-05	CLCC1	-0.2190055715346783		CLCC1
2648	-0.3333481	5.92e-05	KAT2A	0.1655291228942497		KAT2A
113402	-0.2577444	5.93e-05	SFT2D1	0.1699185397423273		SFT2D1
646851	-0.6709772	5.98e-05	FAM227A	0.2980723668835467		FAM227A
51114	0.5972849	5.98e-05	ZDHHC9	-0.6404635292290961		ZDHHC9
22800	-0.9939294	6e-05	RRAS2	0.8671127075666449		RRAS2
118426	-0.2967679	6.01e-05	BORCS5	0.5870302742522666		BORCS5
57156	1.9893183	6.01e-05	TMEM63C	-1.711735132285699		TMEM63C
26048	-0.3266526	6.02e-05	ZNF500	0.4371504348083257		ZNF500
10157	0.7485586	6.05e-05	AASS	-0.6750217335968918		AASS
339318	0.2803926	6.11e-05	ZNF181	-0.2716927839519742		ZNF181
2983	0.486261	6.13e-05	GUCY1B1	-0.4959816297073534		GUCY1B1
345930	-1.4204617	6.13e-05	ECT2L	1.4253674914041403		ECT2L
2920	-1.4401745	6.13e-05	CXCL2	1.5748434964965536		CXCL2
10253	-0.3799258	6.14e-05	SPRY2	0.4368985542005958		SPRY2
55270	0.2767759	6.15e-05	NUDT15	-0.0634901316560787		NUDT15
60673	0.3474756	6.19e-05	ATG101	-0.2396175357801562		ATG101
25959	0.4326062	6.21e-05	KANK2	-0.6994825775686131		KANK2
6301	0.2834631	6.3e-05	SARS1	-0.0330627502883107		SARS1
85378	-0.2416771	6.33e-05	TUBGCP6	0.3633387619452177		TUBGCP6
3419	0.5176456	6.36e-05	IDH3A	-0.348887517198964		IDH3A
2314	0.3057841	6.38e-05	FLII	-0.1566341339253494		FLII
339327	-0.3093648	6.38e-05	ZNF546	0.426198958604199		ZNF546
101928228	1.4231679	6.41e-05	LOC101928228	-1.3386738373926694		LOC101928228
64798	0.64368	6.41e-05	DEPTOR	-0.3158750138499338		DEPTOR
952	0.9065343	6.42e-05	CD38	-1.0422304429565736		CD38
23184	0.2467203	6.43e-05	MESD	-0.1130964579965048		MESD
50804	-0.4374942	6.45e-05	MYEF2	0.5031341630016097		MYEF2
4725	0.5209062	6.52e-05	NDUFS5	-0.3092882686407403		NDUFS5
64965	0.4152763	6.55e-05	MRPS9	-0.1774489012086357		MRPS9
9638	0.4902567	6.57e-05	FEZ1	-0.235477191190303		FEZ1
5918	1.6270522	6.58e-05	RARRES1	-1.8024515592323151		RARRES1
113791	-0.7749159	6.6e-05	PIK3IP1	0.6818268740031908		PIK3IP1
30851	-0.3597605	6.63e-05	TAX1BP3	0.4312242445030012		TAX1BP3
1992	0.3132525	6.63e-05	SERPINB1	-0.4196120566750352		SERPINB1
6319	1.8609784	6.65e-05	SCD	-0.4721843769700453		SCD
51503	0.4465732	6.65e-05	CWC15	-0.4421210853591582		CWC15
56890	0.3190589	6.65e-05	MDM1	-0.4152465278876431		MDM1
57469	-0.8428082	6.65e-05	PNMA8B	0.8200949595176683		PNMA8B
10252	-0.6563749	6.68e-05	SPRY1	0.9431098274242872		SPRY1
81539	0.6547966	6.69e-05	SLC38A1	-0.6534795400418094		SLC38A1
29969	-0.6723611	6.69e-05	MDFIC	0.2956855784500996		MDFIC
51264	0.3924912	6.81e-05	MRPL27	-0.3158521704423069		MRPL27
401264	-0.3394585	6.81e-05	TRAM2-AS1	0.5250009759847534		TRAM2-AS1
5498	-0.2971615	6.83e-05	PPOX	0.5091084761969915		PPOX
5771	0.3233626	6.89e-05	PTPN2	-0.2661594213478073		PTPN2
50486	1.4983966	6.92e-05	G0S2	-1.5939296299830747		G0S2
645811	-0.7405814	7e-05	CCDC154	0.804683675426932		CCDC154
8728	-1.1325934	7.09e-05	ADAM19	22.089035084602404		ADAM19
57584	0.3431643	7.16e-05	ARHGAP21	-0.3658798468460187		ARHGAP21
10109	0.2173574	7.18e-05	ARPC2	-0.01871494029211		ARPC2
57568	0.5592939	7.18e-05	SIPA1L2	-0.4985365283702823		SIPA1L2
50618	0.5056967	7.22e-05	ITSN2	-0.2655806297469603		ITSN2
2151	-1.6369242	7.23e-05	F2RL2	1.828082809805169		F2RL2
57474	-0.3510885	7.23e-05	ZNF490	0.044330816821866		ZNF490
57470	-0.3000017	7.25e-05	LRRC47	0.3093885771440163		LRRC47
22883	-0.2572524	7.26e-05	CLSTN1	0.3256677784188255		CLSTN1
114928	-0.3557873	7.27e-05	GPRASP2	0.4909243983076279		GPRASP2
7923	-0.4666213	7.29e-05	HSD17B8	0.7384342643464232		HSD17B8
11247	-1.3121044	7.32e-05	NXPH4	1.640823355150937		NXPH4
3015	0.4276144	7.39e-05	H2AZ1	-0.411568662051728		H2AZ1
29775	-0.5955632	7.39e-05	CARD10	0.4954454535870156		CARD10
64236	-0.4754862	7.39e-05	PDLIM2	0.8030485502612548		PDLIM2
79135	0.4376944	7.42e-05	APOO	-0.4401250552003413		APOO
100996251	-0.9411976	7.46e-05	LRIG2-DT	0.9855648171221894		LRIG2-DT
253980	-0.3112216	7.46e-05	KCTD13	0.3917937147833226		KCTD13
100528064	0.4705602	7.52e-05	NEDD8-MDP1	-0.2027957429899824		NEDD8-MDP1
80310	-0.6514552	7.56e-05	PDGFD	0.6523608365718805		PDGFD
8454	0.2889915	7.57e-05	CUL1	-0.0938909107663894		CUL1
7730	-0.3326518	7.58e-05	ZNF177	0.5431554331333652		ZNF177
101929066	0.5009662	7.65e-05	ASAH1-AS1	0.0883858797651895		ASAH1-AS1
23286	1.962346	7.69e-05	WWC1	-1.7402863071936194		WWC1
493753	-0.234827	7.77e-05	COA5	0.3509458767046673		COA5
285489	-0.5944623	7.8e-05	DOK7	0.5921723660255571		DOK7
10961	0.4053235	7.8e-05	ERP29	-0.1117212479860096		ERP29
89822	-2.0723292	7.83e-05	KCNK17	2.071380647021332		KCNK17
100500851	-0.9967668	7.85e-05	MIR3918	0.0		MIR3918
115290	-0.6149825	7.88e-05	FBXO17	0.548674771460907		FBXO17
7107	0.3477186	7.89e-05	GPR137B	-0.0891037846318587		GPR137B
8178	-0.4122243	7.94e-05	ELL	0.2464436382224888		ELL
80219	-0.3438925	7.95e-05	COQ10B	0.4886349651798314		COQ10B
54942	0.3029692	7.95e-05	ABITRAM	-0.0618257601098948		ABITRAM
55553	-0.4069944	7.99e-05	SOX6	0.2741228239561017		SOX6
1303	-0.9708354	8.05e-05	COL12A1	0.9963756655561348		COL12A1
83854	-0.5097922	8.09e-05	ANGPTL6	1.4942994823552191		ANGPTL6
79083	0.8667229	8.21e-05	MLPH	-0.6569615215674398		MLPH
9761	0.3827389	8.22e-05	MLEC	-0.6194056236438108		MLEC
29090	0.3314983	8.22e-05	TIMM21	-0.3434706766188133		TIMM21
9551	0.4966335	8.24e-05	ATP5MF	-0.4972139660803822		ATP5MF
101929215	-1.3681425	8.29e-05	THBS4-AS1	0.0929180505735467		THBS4-AS1
84759	0.3064558	8.36e-05	PCGF1	-0.0086124849125237		PCGF1
23731	0.444886	8.37e-05	TMEM245	-0.6268450196302418		TMEM245
4313	-0.6378363	8.38e-05	MMP2	0.8377482845571755		MMP2
409	0.5776603	8.38e-05	ARRB2	-0.2617300183829361		ARRB2
116154	1.5330926	8.38e-05	PHACTR3	-1.0610176465062158		PHACTR3
84875	-0.5676964	8.4e-05	PARP10	0.3346835146948819		PARP10
4045	1.5425658	8.42e-05	LSAMP	-1.9939417420172585		LSAMP
57148	0.2206962	8.42e-05	RALGAPB	-0.0389670830481065		RALGAPB
51218	0.3722242	8.48e-05	GLRX5	-0.1065723452267537		GLRX5
114796	-0.6135342	8.49e-05	PSMG3-AS1	0.7995680167214534		PSMG3-AS1
471	0.2946085	8.51e-05	ATIC	0.0724777955715971		ATIC
3983	0.374882	8.52e-05	ABLIM1	-0.3511675970579091		ABLIM1
80829	0.2744364	8.52e-05	ZFP91	-0.0799589753513752		ZFP91
100506810	0.8980179	8.56e-05	LINC01132	-0.6800223892612554		LINC01132
143941	-0.8314443	8.57e-05	TTC36	0.2442513977841001		TTC36
54149	-0.5915614	8.63e-05	C21orf91	0.1110175624128215		C21orf91
53832	1.3610677	8.7e-05	IL20RA	-1.1665818816492828		IL20RA
286190	0.5714966	8.7e-05	LACTB2-AS1	-0.661673542235234		LACTB2-AS1
404093	0.2922915	8.7e-05	CUEDC1	-0.44220805693796		CUEDC1
54808	0.1834287	8.7e-05	DYM	-0.3823224925671988		DYM
10987	0.3798009	8.73e-05	COPS5	-0.4060383989285068		COPS5
54567	-0.6623638	8.74e-05	DLL4	0.939003349257101		DLL4
55295	-0.4989478	8.76e-05	KLHL26	0.6421566827012093		KLHL26
23261	-0.2396874	8.77e-05	CAMTA1	0.4666107509195543		CAMTA1
5663	0.1846449	8.8e-05	PSEN1	0.0319466795576706		PSEN1
2888	0.9609594	8.8e-05	GRB14	-0.9751252080331972		GRB14
2819	1.3902435	8.88e-05	GPD1	-1.2401594960573696		GPD1
55205	0.2925174	8.88e-05	ZNF532	-0.1489800174083857		ZNF532
23144	-0.3518673	8.88e-05	ZC3H3	0.3965341196975047		ZC3H3
9482	0.4346387	8.9e-05	STX8	-0.2595501916076523		STX8
489	-0.5623104	8.95e-05	ATP2A3	0.4086554589797067		ATP2A3
5718	0.2449343	8.96e-05	PSMD12	-0.3900899369350092		PSMD12
201181	-0.536103	8.99e-05	ZNF385C	0.8024460345366969		ZNF385C
89122	-0.3222101	8.99e-05	TRIM4	0.0512155710729222		TRIM4
7314	-0.3582831	8.99e-05	UBB	0.5127281165632347		UBB
7353	0.2972767	9.03e-05	UFD1	-0.3613628559733497		UFD1
1191	-0.6393504	9.04e-05	CLU	0.4434343344027898		CLU
55127	0.2955222	9.04e-05	HEATR1	-0.1597888245246661		HEATR1
26298	1.4666643	9.1e-05	EHF	-1.230562558375035		EHF
55751	0.3043201	9.14e-05	TMEM184C	-0.1858822700689533		TMEM184C
650	-0.9785184	9.2e-05	BMP2	1.2822373989027882		BMP2
4303	0.3659909	9.2e-05	FOXO4	-0.3275525764898246		FOXO4
5598	-0.3864965	9.22e-05	MAPK7	0.1794665461818425		MAPK7
81627	0.2524537	9.22e-05	TRMT1L	-0.6208141703614141		TRMT1L
151963	-0.6244702	9.23e-05	MB21D2	0.6381051318368758		MB21D2
25901	-0.3642587	9.31e-05	CCDC28A	0.5870067483831796		CCDC28A
390594	0.8527162	9.32e-05	KBTBD13	-0.5752826783280331		KBTBD13
390	-0.6037257	9.33e-05	RND3	0.6040177775325057		RND3
55333	0.2765469	9.34e-05	SYNJ2BP	-0.1948559785719084		SYNJ2BP
1946	-0.4644111	9.42e-05	EFNA5	-0.0019889048908714		EFNA5
8816	0.2298519	9.42e-05	DCAF5	-0.2223574872236176		DCAF5
27173	0.2819171	9.46e-05	SLC39A1	-0.2917251604969033		SLC39A1
57157	0.4479906	9.46e-05	PHTF2	-0.2983170065983844		PHTF2
285989	-0.3406041	9.65e-05	ZNF789	0.6319346987993941		ZNF789
4891	0.3005775	9.65e-05	SLC11A2	-0.2319446511064908		SLC11A2
27340	0.3115083	9.65e-05	UTP20	-0.0642884589843533		UTP20
54413	-0.8487515	9.66e-05	NLGN3	0.9730652314352312		NLGN3
85302	-0.4685237	9.72e-05	FBF1	0.4639491470344083		FBF1
2217	-0.405553	9.8e-05	FCGRT	0.8827065676535115		FCGRT
27233	-0.432734	9.8e-05	SULT1C4	0.597242683794855		SULT1C4
10633	-1.0929178	9.81e-05	RASL10A	0.9585602973470446		RASL10A
63891	-0.2488371	9.81e-05	RNF123	0.4547774120198937		RNF123
374618	-0.9505599	9.81e-05	TEX9	1.2101001904548792		TEX9
54826	0.3221327	9.84e-05	GIN1	-0.0044373952734826		GIN1
256815	-0.7833828	9.89e-05	C10orf67	0.7181253321225152		C10orf67
6692	1.2351875	9.91e-05	SPINT1	-1.0510161843357018		SPINT1
5701	0.2432798	9.94e-05	PSMC2	-0.0244920975370979		PSMC2
10382	0.7278356	9.96e-05	TUBB4A	-1.2553086577545087		TUBB4A
1263	-0.5448169	9.96e-05	PLK3	0.7801690053738537		PLK3
401251	-0.5626765	9.96e-05	SAPCD1	0.7386300934687544		SAPCD1
23645	-0.4339149	9.96e-05	PPP1R15A	0.6687773205175906		PPP1R15A
283232	-0.5762283	0.0001	TMEM80	0.8964129571195363		TMEM80
11333	0.2934218	0.0001	PDAP1	-0.3433042181999211		PDAP1
29079	0.2210924	0.000101	MED4	-0.1526674653793476		MED4
26231	-0.7086979	0.000101	FBXL9P	0.821328559107476		FBXL9P
2305	0.9662347	0.000101	FOXM1	-1.4411357777695486		FOXM1
57561	-0.7715398	0.000101	ARRDC3	0.7589675243178728		ARRDC3
389799	0.934642	0.000101	CFAP77	-0.6872434886835679		CFAP77
9230	-0.3150899	0.000102	RAB11B	0.4902052052834378		RAB11B
57623	0.3575424	0.000102	ZFAT	-0.380621867371758		ZFAT
317762	0.2838384	0.000102	CCDC85C	-0.4916903624011315		CCDC85C
80746	0.4189245	0.000102	TSEN2	-0.1735513299709432		TSEN2
9985	-0.5005365	0.000102	REC8	1.066992798512716		REC8
4552	0.3269072	0.000102	MTRR	-0.1712278736724064		MTRR
468	0.5498342	0.000103	ATF4	-0.5006375258403679		ATF4
10868	-0.2790733	0.000103	USP20	0.3817171952821137		USP20
220213	-1.2533994	0.000104	OTUD1	1.5379553646102386		OTUD1
9912	0.3196527	0.000104	ARHGAP44	-0.1987995564068367		ARHGAP44
23315	-0.3307932	0.000104	SLC9A8	0.508004435177511		SLC9A8
23397	0.963854	0.000104	NCAPH	-0.8151335920537819		NCAPH
8642	-0.6264666	0.000104	DCHS1	0.7099629802761533		DCHS1
29127	0.594535	0.000104	RACGAP1	-0.5074557502748802		RACGAP1
8443	0.2435275	0.000104	GNPAT	0.0426189221274153		GNPAT
158399	-0.5759135	0.000105	ZNF483	1.2835411121700249		ZNF483
57109	0.4421553	0.000105	REXO4	-0.6080362432279616		REXO4
10460	0.5371078	0.000106	TACC3	-0.1510119801774618		TACC3
11260	0.2922785	0.000107	XPOT	0.0829024180017139		XPOT
6427	-0.3017551	0.000107	SRSF2	0.1682214715444079		SRSF2
55194	-0.658021	0.000107	EVA1B	0.5915429728463466		EVA1B
57186	0.3325965	0.000108	RALGAPA2	-0.3968478776124975		RALGAPA2
51232	-0.626431	0.000108	CRIM1	0.6261885702399832		CRIM1
6790	0.5029018	0.000108	AURKA	-0.6276368869825788		AURKA
54939	-0.335951	0.000108	COMMD4	0.5648754756682788		COMMD4
79987	-0.7874178	0.000108	SVEP1	0.9596249446632844		SVEP1
100137049	-0.3588748	0.000109	PLA2G4B	0.6258908394855509		PLA2G4B
1653	0.3911347	0.000109	DDX1	-0.1218427477099188		DDX1
63971	-0.4607327	0.00011	KIF13A	0.5956891856579052		KIF13A
2009	0.4604785	0.00011	EML1	-0.4978673590660927		EML1
9409	-0.4078193	0.00011	PEX16	0.3877470836623748		PEX16
23569	-1.9645386	0.00011	PADI4	2.224567747982756		PADI4
4678	0.3019928	0.000111	NASP	-0.2132816242469513		NASP
55188	0.3832865	0.000111	RIC8B	-0.5326699031042894		RIC8B
64837	0.3721388	0.000111	KLC2	-0.0139748283764209		KLC2
400823	-0.7546014	0.000111	FAM177B	0.5734662769672303		FAM177B
57526	-0.9201037	0.000111	PCDH19	1.6211847917151112		PCDH19
6448	-0.3433676	0.000111	SGSH	0.5837106215730028		SGSH
51110	0.4906147	0.000112	LACTB2	-1.0691804301018593		LACTB2
339290	0.2451183	0.000112	LINC00667	0.1992583068655262		LINC00667
100529215	-0.30664	0.000112	ZNF559-ZNF177	-0.3613649255320003		ZNF559-ZNF177
23051	0.252671	0.000112	ZHX3	-0.4481987306353625		ZHX3
5684	0.2942207	0.000112	PSMA3	-0.0405716719105839		PSMA3
57514	0.3777227	0.000112	ARHGAP31	-0.2027946801766877		ARHGAP31
79876	0.219497	0.000112	UBA5	-0.0744057700335742		UBA5
10196	0.42431	0.000112	PRMT3	-0.3704639770071094		PRMT3
24141	-2.0288295	0.000113	LAMP5	2.314964163283853		LAMP5
8740	1.4084668	0.000113	TNFSF14	-1.3461764960330491		TNFSF14
4253	0.4323513	0.000113	MIA2	-0.1093590296526794		MIA2
64682	0.2148171	0.000114	ANAPC1	0.289486718125957		ANAPC1
2587	-2.1828391	0.000115	GALR1	1.8206590362987765		GALR1
6883	0.2876009	0.000115	TAF12	-0.2864670136248541		TAF12
100534595	0.2079926	0.000115	HNRNPUL2-BSCL2	-0.1668550095140641		HNRNPUL2-BSCL2
101927720	0.5620998	0.000115	ZNF793-AS1	-0.5239977265731213		ZNF793-AS1
128338	0.2814759	0.000115	DRAM2	-0.382618675475447		DRAM2
123169	0.3050032	0.000116	LEO1	-0.2573334228395096		LEO1
26099	0.238424	0.000116	SZRD1	-0.1945762201948184		SZRD1
6096	1.0355046	0.000116	RORB	-0.7057246214738307		RORB
54509	0.4653495	0.000116	RHOF	-0.4132708367131963		RHOF
105374114	0.4030695	0.000117	LOC105374114	0.3646015617667593		LOC105374114
55669	0.312273	0.000117	MFN1	-0.2951678045085346		MFN1
1847	-1.034319	0.000117	DUSP5	1.208372373602998		DUSP5
6742	0.3925845	0.000117	SSBP1	-0.1761386747572242		SSBP1
4858	-0.4815196	0.000118	NOVA2	0.1551908403855444		NOVA2
105379695	-1.3095275	0.000118	IER3-AS1	-0.6533052430913564		IER3-AS1
55145	0.3268013	0.000118	THAP1	-0.5471906793170875		THAP1
115704	0.332658	0.000118	EVI5L	-0.3081216144685128		EVI5L
144404	0.3476957	0.000119	TMEM120B	0.0045004576795282		TMEM120B
10780	0.2681812	0.000119	ZNF234	-0.1970548724482217		ZNF234
64116	0.9686096	0.000119	SLC39A8	-1.117250659041467		SLC39A8
16	0.2639218	0.000119	AARS1	-0.3426117958467003		AARS1
81603	0.3839905	0.000119	TRIM8	-0.1625345916704885		TRIM8
115752	0.3463937	0.000119	DIS3L	-0.4658593561220669		DIS3L
6634	0.2785068	0.000119	SNRPD3	-0.2151907407144611		SNRPD3
7093	-0.9507138	0.000119	TLL2	0.6866074092650862		TLL2
6652	0.5788614	0.00012	SORD	-0.2540942852161085		SORD
155400	-0.3235309	0.00012	NSUN5P1	0.9534691727051152		NSUN5P1
286075	-0.3250199	0.00012	ZNF707	0.4037556220735534		ZNF707
1608	-0.6925095	0.00012	DGKG	0.6027967385566404		DGKG
285368	-0.6540847	0.000121	PRRT3	0.8725545571664001		PRRT3
101927688	0.529981	0.000121	SEPTIN4-AS1	0.1320137539196856		SEPTIN4-AS1
701	1.0603233	0.000121	BUB1B	-0.5050779557709073		BUB1B
110806298	-0.7178972	0.000121	C17orf113	0.9527156502912368		C17orf113
84936	0.3840374	0.000122	ZFYVE19	-0.1997083487184778		ZFYVE19
64708	-0.3289253	0.000123	COPS7B	0.5348233871477719		COPS7B
594	0.4343309	0.000123	BCKDHB	-0.2811155912085361		BCKDHB
136895	0.6130014	0.000123	C7orf31	-0.6779391293168664		C7orf31
6949	0.278057	0.000123	TCOF1	-0.2474021948723641		TCOF1
5837	0.7060467	0.000125	PYGM	-0.6627673772683629		PYGM
24140	0.2550706	0.000125	FTSJ1	-0.25295514949965		FTSJ1
93100	-0.4854882	0.000125	NAPRT	0.4770405470884		NAPRT
6456	-1.2294404	0.000125	SH3GL2	1.3902149504370285		SH3GL2
254531	0.6681713	0.000125	LPCAT4	-0.7595725265598272		LPCAT4
26235	0.4072955	0.000126	FBXL4	-0.5335900422523627		FBXL4
1984	0.2843655	0.000127	EIF5A	-0.0257491830150842		EIF5A
5635	0.27987	0.000127	PRPSAP1	-0.2376545565249452		PRPSAP1
3026	-0.6633507	0.000127	HABP2	0.3079681512938066		HABP2
2958	0.3080107	0.000127	GTF2A2	-0.3109022272335648		GTF2A2
55870	0.3547169	0.000127	ASH1L	-0.184979327482587		ASH1L
1427	-0.4251463	0.000127	CRYGS	0.3975334090032807		CRYGS
4925	0.347712	0.000127	NUCB2	0.0205519173614456		NUCB2
54329	-1.0781196	0.000128	GPR85	1.0018639545265706		GPR85
9730	0.1999592	0.000128	DCAF1	-0.2987005229460009		DCAF1
154007	0.3934133	0.000129	SNRNP48	-0.1814031346987401		SNRNP48
84679	0.628234	0.000129	SLC9A7	-0.9240394806615853		SLC9A7
51272	-0.2406643	0.000129	BET1L	0.3343640417693612		BET1L
55323	0.4623235	0.00013	LARP6	-0.5674304329586306		LARP6
11073	0.259776	0.000131	TOPBP1	-0.4092602128921849		TOPBP1
1408	-0.4148579	0.000134	CRY2	0.5286112635825493		CRY2
162466	-1.0146007	0.000134	PHOSPHO1	0.9681168628616584		PHOSPHO1
57630	-0.4500616	0.000135	SH3RF1	0.432045651583326		SH3RF1
116	-1.8257388	0.000135	ADCYAP1	1.8096924895148376		ADCYAP1
5587	-0.3402792	0.000135	PRKD1	0.2901969084183449		PRKD1
85019	-0.5068157	0.000135	TMEM241	0.4904605440905907		TMEM241
7030	0.2653011	0.000135	TFE3	-0.2081579862256974		TFE3
2892	-1.5447659	0.000135	GRIA3	1.8630361017549888		GRIA3
6154	0.4656605	0.000136	RPL26	-0.5571351676912695		RPL26
101928403	-0.7872444	0.000136	EIF2AK3-DT	1.032795026439822		EIF2AK3-DT
3021	-0.3097377	0.000137	H3-3B	0.3431037986171699		H3-3B
8881	0.2213832	0.000137	CDC16	-0.0008127395813879		CDC16
245806	-2.8538896	0.000138	VGLL2	3.060955903100722		VGLL2
388795	-0.5674603	0.000138	EFCAB8	-0.0504244889218616		EFCAB8
388795	-0.5674603	0.000138	EFCAB8	1.2096691275652145		EFCAB8
388795	-0.5674603	0.000138	EFCAB8	4.992453670248666		EFCAB8
6950	0.2426248	0.000138	TCP1	-0.1651644221950414		TCP1
3675	0.731791	0.000139	ITGA3	-0.4244543201245685		ITGA3
100286844	-0.425164	0.00014	BCDIN3D-AS1	0.9767757172186148		BCDIN3D-AS1
55112	0.3924329	0.00014	DYNC2I1	-0.4047683064174681		DYNC2I1
80762	-0.2087317	0.00014	NDFIP1	0.4609218028361761		NDFIP1
348487	0.9716403	0.00014	FAM131C	-0.9416409291422684		FAM131C
643226	2.1209238	0.00014	GRXCR2	-2.110898744835452		GRXCR2
10825	-0.437207	0.00014	NEU3	0.5804671061232618		NEU3
57554	1.504235	0.000141	LRRC7	-1.7470288762726436		LRRC7
4216	0.3168588	0.000141	MAP3K4	-0.1593782242029906		MAP3K4
8512	-0.8910335	0.000142	MBL1P	0.6933631920338654		MBL1P
1141	-0.2618141	0.000142	CHRNB2	1.2370986477311383		CHRNB2
113451	-1.1108358	0.000142	AZIN2	1.3024943210481803		AZIN2
4594	0.2889646	0.000143	MMUT	-0.2184229977108538		MMUT
594840	0.7262782	0.000143	ZFAT-AS1	1.1684685742510954		ZFAT-AS1
26470	-1.1376228	0.000144	SEZ6L2	1.4760466943948078		SEZ6L2
768206	-0.5325994	0.000144	PRCD	1.0868295033444235		PRCD
3295	0.315754	0.000145	HSD17B4	-0.2043451132352292		HSD17B4
1501	-0.8637069	0.000146	CTNND2	0.4989073357630795		CTNND2
5122	0.9702736	0.000146	PCSK1	-0.6059545190906968		PCSK1
4522	0.3244478	0.000146	MTHFD1	-0.0709184016536976		MTHFD1
339344	0.3848277	0.000146	MYPOP	-0.4038229980387977		MYPOP
7812	0.2332761	0.000147	CSDE1	-0.4156029817074103		CSDE1
200205	-0.3608055	0.000147	IBA57	0.7776158987069088		IBA57
955	0.4489226	0.000148	ENTPD6	-0.3708397801092538		ENTPD6
9712	-0.3359934	0.000148	USP6NL	0.3344792788538937		USP6NL
100129461	0.7001051	0.000148	LYRM4-AS1	-0.8798965190451228		LYRM4-AS1
201305	-1.0297363	0.000148	SPNS3	1.2696884422554622		SPNS3
1215	-1.7227146	0.00015	CMA1	1.5618534062874874		CMA1
3703	0.2016047	0.00015	STT3A	0.0251605271213026		STT3A
50854	-0.3740151	0.00015	SNHG32	0.6073040151449618		SNHG32
2011	0.257835	0.000151	MARK2	-0.2178618376004668		MARK2
11163	0.5921991	0.000151	NUDT4	-0.6131827710517044		NUDT4
284677	-0.594055	0.000152	SNHG28	0.7052847747715454		SNHG28
91748	-0.3119798	0.000152	MIDEAS	0.2465619753157484		MIDEAS
57095	0.235979	0.000152	PITHD1	0.0007436757823606		PITHD1
2617	0.2620542	0.000152	GARS1	-0.0413996303571142		GARS1
27257	0.2963542	0.000152	LSM1	-0.2626968069799025		LSM1
8498	0.2011006	0.000152	RANBP3	-0.2815209750213983		RANBP3
2296	-0.6255385	0.000153	FOXC1	0.8902282998357328		FOXC1
2069	2.5068426	0.000154	EREG	-2.178610380631316		EREG
55731	0.2969718	0.000155	FAM222B	-0.4149752099611792		FAM222B
4010	-0.993932	0.000156	LMX1B	1.204082848161561		LMX1B
1230	0.9894395	0.000156	CCR1	-0.8819905270249523		CCR1
1780	0.5574135	0.000156	DYNC1I1	-0.6065656337929735		DYNC1I1
79840	0.3104954	0.000156	NHEJ1	-0.4979071479750003		NHEJ1
8552	-0.605579	0.000156	INE1	0.8822364450197473		INE1
563	1.0754861	0.000157	AZGP1	-0.8741825006661577		AZGP1
11267	0.2676729	0.000157	SNF8	-0.027672738673961		SNF8
84281	0.5027257	0.000158	C2orf88	-0.3068230430924443		C2orf88
23316	-2.4699056	0.000158	CUX2	2.988238951589033		CUX2
23770	-0.2451928	0.000158	FKBP8	0.0789710421771969		FKBP8
646127	-0.4371084	0.000158	TERF1P7	-0.2269107830298629		TERF1P7
7561	-0.3310235	0.000158	ZNF14	0.3789232320255991		ZNF14
7286	-0.5218447	0.000159	TUFT1	0.6352443686255893		TUFT1
2936	0.2920144	0.00016	GSR	-0.3019189389991368		GSR
80021	0.2970988	0.00016	TMEM62	-0.1746118798610707		TMEM62
57185	0.3524353	0.00016	NIPAL3	-0.123370342383533		NIPAL3
950	0.2292295	0.00016	SCARB2	-0.6301745109311243		SCARB2
84641	-0.2133249	0.000161	MFSD14B	0.4709879898410203		MFSD14B
10907	0.3828391	0.000161	TXNL4A	-0.397316426598671		TXNL4A
8565	0.3769072	0.000161	YARS1	-0.4169487374695464		YARS1
123606	0.3401518	0.000161	NIPA1	-0.3089090882062955		NIPA1
22839	-0.4618271	0.000162	DLGAP4	0.5819970266612877		DLGAP4
1842	-0.9554989	0.000163	ECM2	0.9273512998669776		ECM2
6320	-0.9296936	0.000163	CLEC11A	1.1453409497822526		CLEC11A
55276	0.3725242	0.000163	PGM2	-0.5013930140416503		PGM2
55342	0.3789763	0.000164	STRBP	-0.0416671849960197		STRBP
142685	0.7251786	0.000164	ASB15	-0.7194877325480791		ASB15
1244	0.7451407	0.000165	ABCC2	-0.7492234381180936		ABCC2
23196	0.3055286	0.000165	FAM120A	-0.3627754824752198		FAM120A
5557	0.4689074	0.000165	PRIM1	-0.5195910397091952		PRIM1
1786	0.2340254	0.000166	DNMT1	-0.2909800785260845		DNMT1
7295	0.4045744	0.000166	TXN	-0.4082456239674288		TXN
158586	-0.422445	0.000166	ZXDB	0.7395064843999789		ZXDB
9695	-0.2975935	0.000167	EDEM1	0.48688644592377		EDEM1
90379	-0.2821885	0.000168	DCAF15	0.4531380445040955		DCAF15
29899	0.2276239	0.000168	GPSM2	-1.0687006608481122		GPSM2
1182	0.4571302	0.000168	CLCN3	-0.7230566267368275		CLCN3
9318	0.2590233	0.000168	COPS2	-0.4673588950283545		COPS2
23657	1.1785441	0.000169	SLC7A11	-1.592911563516807		SLC7A11
374868	-0.2484967	0.000169	ATP9B	0.542688354467646		ATP9B
100133957	0.4389139	0.000169	UXT-AS1	-0.3035081078027378		UXT-AS1
9917	0.2147009	0.000169	FAM20B	0.0219896068214913		FAM20B
3875	1.1928181	0.00017	KRT18	-0.8247796133939445		KRT18
153443	0.3386461	0.000171	SRFBP1	-0.2889751503100322		SRFBP1
66005	-0.2988127	0.000171	CHID1	0.1700498640206174		CHID1
1805	-1.0111941	0.000172	DPT	1.122112754764748		DPT
57506	0.3019342	0.000175	MAVS	-0.1826140103945426		MAVS
130367	1.7807264	0.000175	SGPP2	-1.753272562600117		SGPP2
81631	0.2595055	0.000176	MAP1LC3B	-0.0609861685698946		MAP1LC3B
10948	-0.3775721	0.000177	STARD3	0.492763441248365		STARD3
148170	-0.5438844	0.000178	CDC42EP5	0.3271749066411473		CDC42EP5
677822	0.7880043	0.000178	SNORA40	0.0		SNORA40
10168	0.2374427	0.000178	ZNF197	-0.019201221802541		ZNF197
7336	0.2657401	0.000179	UBE2V2	-0.2963592146152667		UBE2V2
94009	-0.400952	0.00018	SERHL	0.2199759425072809		SERHL
7317	-0.2149308	0.00018	UBA1	0.4372211563796035		UBA1
60493	0.4053899	0.000181	FASTKD5	-0.436532828971961		FASTKD5
5989	-0.3452364	0.000181	RFX1	0.8809985312286148		RFX1
6369	-2.1331833	0.000181	CCL24	2.8065744534339423		CCL24
5780	-0.4434935	0.000181	PTPN9	0.4284696128049643		PTPN9
55356	0.3664979	0.000182	SLC22A15	-0.1361221998437969		SLC22A15
131034	1.455795	0.000182	CPNE4	-0.2457873278882312		CPNE4
54764	0.3438032	0.000182	ZRANB1	-0.2379930539668953		ZRANB1
5316	-0.3762865	0.000182	PKNOX1	0.3760679624203402		PKNOX1
1326	0.5464299	0.000182	MAP3K8	-0.3394487927182141		MAP3K8
51194	0.2871592	0.000183	IPO11	-0.1996547868765148		IPO11
5836	0.5041549	0.000184	PYGL	-0.4659028371548155		PYGL
9567	-0.2595628	0.000185	GTPBP1	0.2301442717929847		GTPBP1
55835	0.3078869	0.000185	CENPJ	-0.2018526067450459		CENPJ
5549	-1.1408051	0.000186	PRELP	1.3652962822782664		PRELP
6421	-0.2495868	0.000186	SFPQ	0.1453846329663406		SFPQ
8821	-0.5800539	0.000187	INPP4B	0.3139789730764155		INPP4B
84898	-0.7487214	0.000187	PLXDC2	0.6508132514708924		PLXDC2
9526	0.3235117	0.000187	MPDU1	-0.292649158304088		MPDU1
93654	0.5059442	0.000188	ST7-AS2	-2.880629707143041		ST7-AS2
55876	-0.6067798	0.000189	GSDMB	0.4361619888788821		GSDMB
80774	-0.4739567	0.000189	LIMD2	0.4433201732887983		LIMD2
8659	-0.5152104	0.00019	ALDH4A1	0.5800538289744397		ALDH4A1
7378	-0.4020456	0.00019	UPP1	0.6222610383020029		UPP1
1793	-0.2735206	0.00019	DOCK1	0.5919938726196268		DOCK1
115992	-0.3106935	0.00019	RNF166	0.2594227803722093		RNF166
79825	-0.8620962	0.000191	EFCC1	1.1784748504396745		EFCC1
27348	0.2429572	0.000191	TOR1B	-0.1158509885169385		TOR1B
51366	0.3051124	0.000191	UBR5	-0.400799310705545		UBR5
105374454	0.4738238	0.000192	RASGRP3-AS1	-0.4644889792804134		RASGRP3-AS1
100527943	0.2966198	0.000193	TGIF2-RAB5IF	-0.8031535005926522		TGIF2-RAB5IF
338799	-0.4160491	0.000193	LINC01089	0.4433253402013726		LINC01089
100128385	-1.0486256	0.000193	FAM225B	1.1531897829273048		FAM225B
84942	-0.2224272	0.000194	WDR73	0.1111044132932335		WDR73
161882	-0.4769074	0.000194	ZFPM1	0.4137579421679948		ZFPM1
26953	0.4199557	0.000194	RANBP6	-0.4130030701516594		RANBP6
101928550	0.8733451	0.000196	SMC2-DT	-0.4208816394566535		SMC2-DT
54622	-0.461596	0.000197	ARL15	0.373271335998055		ARL15
9994	0.386822	0.000197	CASP8AP2	-0.045636376302987		CASP8AP2
8622	-1.1820176	0.000197	PDE8B	1.4679063245898936		PDE8B
51092	-0.3369281	0.000197	SIDT2	0.5684085507709362		SIDT2
5818	0.7617645	0.000197	NECTIN1	-0.9666207573897964		NECTIN1
51281	-0.3071657	0.000198	ANKMY1	-0.0010935890521186		ANKMY1
9821	0.4949276	0.000198	RB1CC1	0.017785050789322		RB1CC1
23220	-0.7667538	0.000198	DTX4	0.6881751048527615		DTX4
100507607	-0.3387868	0.000199	NPIPB9	-1.2422022307532703		NPIPB9
26037	-0.380799	0.0002	SIPA1L1	0.5601726940537359		SIPA1L1
11033	-0.5030041	0.0002	ADAP1	0.4215565502827689		ADAP1
10060	0.459992	0.0002	ABCC9	-0.4852962290250184		ABCC9
114827	-1.5284551	0.0002	FHAD1	0.4103289114769879		FHAD1
283212	-1.0639971	0.000203	KLHL35	1.063972117004344		KLHL35
7535	-0.8197522	0.000203	ZAP70	1.222699902824465		ZAP70
100874237	0.9716449	0.000204	CACNA2D3-AS1	0.0844149263389359		CACNA2D3-AS1
22980	-0.1929621	0.000205	TCF25	0.4653735462754529		TCF25
10855	0.9667796	0.000205	HPSE	-0.856694689955754		HPSE
3356	-2.1563054	0.000206	HTR2A	1.935263124255017		HTR2A
283652	-0.547508	0.000206	SLC24A5	2.319969379591922		SLC24A5
149111	-0.7109837	0.000206	CNIH3	1.130498530949509		CNIH3
55750	0.2412431	0.000206	AGK	-0.2118072987894139		AGK
400831	0.8746053	0.000207	C20orf202	-0.6093983311269451		C20orf202
80781	-0.5672417	0.000207	COL18A1	0.4628070898803704		COL18A1
79629	0.5304203	0.000208	OCEL1	-0.3651809860014721		OCEL1
5899	0.1945453	0.000209	RALB	-0.0053687566039322		RALB
10266	-0.5772063	0.000209	RAMP2	1.9511739162558928		RAMP2
4726	0.5043122	0.00021	NDUFS6	-0.4986559286031724		NDUFS6
1815	-1.8216146	0.000211	DRD4	1.5297164502756306		DRD4
374383	-0.6850018	0.000211	NCR3LG1	0.9684901280839248		NCR3LG1
22928	0.240926	0.000211	SEPHS2	-0.1339973534544158		SEPHS2
2730	0.4142313	0.000211	GCLM	-0.4505622197132717		GCLM
79850	-0.4632374	0.000212	TLCD3A	0.830846619710499		TLCD3A
317781	-0.2884583	0.000212	DDX51	0.3611753630964354		DDX51
84058	-0.4182119	0.000212	WDR54	0.5408897671960626		WDR54
80726	-1.1116759	0.000212	IQCN	0.934645067348514		IQCN
59274	-0.4467942	0.000214	TLNRD1	0.6221601884940253		TLNRD1
3778	-1.0007978	0.000214	KCNMA1	1.0162892564353996		KCNMA1
1627	-0.520989	0.000215	DBN1	0.181693830552569		DBN1
339416	-1.2757606	0.000216	ANKRD45	0.5680526573991682		ANKRD45
3796	0.3250506	0.000216	KIF2A	-0.46428807523441		KIF2A
9700	1.3128865	0.000216	ESPL1	-0.7659256274546475		ESPL1
79833	0.2523465	0.000216	GEMIN6	-0.2331249247764235		GEMIN6
57538	-0.5054197	0.000216	ALPK3	0.8771745975852285		ALPK3
11326	1.1273728	0.000217	VSIG4	-1.1737586250216951		VSIG4
23786	0.3830538	0.000218	BCL2L13	-0.4402921937518211		BCL2L13
196394	0.3276827	0.000218	AMN1	-0.4614168397103926		AMN1
283870	-0.4374998	0.000218	BRICD5	0.5300575166907406		BRICD5
404037	-1.2799205	0.000221	HAPLN4	1.1491463645526396		HAPLN4
440145	-0.6775407	0.000222	MZT1	0.73583605954697		MZT1
8650	0.1612779	0.000224	NUMB	-0.3144296737336933		NUMB
284023	-0.4614891	0.000224	RNF227	0.5227743097944266		RNF227
26133	-0.182395	0.000224	TRPC4AP	0.2290044831253217		TRPC4AP
145864	-0.8351717	0.000225	HAPLN3	0.8759639935114172		HAPLN3
11095	-0.9449169	0.000225	ADAMTS8	0.6707331412579192		ADAMTS8
83890	0.3605477	0.000226	SPATA9	0.5629942311951963		SPATA9
25909	0.4085285	0.000226	AHCTF1	-0.5053403079517347		AHCTF1
5826	-0.2144179	0.000228	ABCD4	0.2624315379832582		ABCD4
7580	0.3622588	0.000229	ZNF32	-0.2944500765554032		ZNF32
7480	-1.4027506	0.000229	WNT10B	1.1390623779567417		WNT10B
283596	-0.37906	0.000232	SNHG10	0.5136841387665632		SNHG10
84752	-0.4339656	0.000232	B3GNT9	0.4693317366832703		B3GNT9
81792	0.6930588	0.000232	ADAMTS12	-0.1376655630151844		ADAMTS12
51626	-0.3773717	0.000232	DYNC2LI1	0.4040144999935813		DYNC2LI1
6665	-0.8623472	0.000232	SOX15	1.102970976030334		SOX15
8260	0.3435883	0.000232	NAA10	-0.2836986860422152		NAA10
51250	0.3051775	0.000235	MTRES1	-0.124759058728717		MTRES1
9901	-0.5227818	0.000236	SRGAP3	0.4006314311650634		SRGAP3
56172	-0.2712668	0.000236	ANKH	0.5523174718813015		ANKH
5051	-0.4140643	0.000236	PAFAH2	0.7482947929247059		PAFAH2
8820	-0.7867534	0.000237	HESX1	1.123323095993328		HESX1
2560	-0.8469998	0.000237	GABRB1	1.0166822070368908		GABRB1
10443	0.258135	0.000237	N4BP2L2	-0.5102209256037948		N4BP2L2
2738	-0.361456	0.000239	GLI4	0.5180586040291217		GLI4
100128054	-0.9147862	0.000239	PLCE1-AS1	0.4031202023913414		PLCE1-AS1
64506	-0.9332944	0.000239	CPEB1	1.025313976616247		CPEB1
9421	0.4323696	0.000239	HAND1	-0.4479590821609616		HAND1
55862	0.2368811	0.00024	ECHDC1	-0.2561594510672922		ECHDC1
27040	-0.552298	0.000242	LAT	0.5460056421339434		LAT
26960	0.4132896	0.000242	NBEA	-0.0591458985423001		NBEA
11188	-0.3364472	0.000242	NISCH	0.3609523500132088		NISCH
2110	0.4738103	0.000242	ETFDH	-0.4706222737411281		ETFDH
79632	0.9889081	0.000242	FAM184A	-0.5986878140794688		FAM184A
220929	0.3084279	0.000242	ZNF438	-0.2271149408831694		ZNF438
5869	0.1845934	0.000243	RAB5B	-0.1031369205974916		RAB5B
65123	-0.2362566	0.000244	INTS3	0.4336031339752999		INTS3
84215	-0.9353407	0.000246	ZNF541	0.9795854550766228		ZNF541
65990	-0.5176012	0.000247	ANTKMT	0.5541052700698423		ANTKMT
10627	-0.7250652	0.000247	MYL12A	0.815386728687864		MYL12A
50636	0.2350551	0.000248	ANO7	0.1240500509211335		ANO7
10063	0.5455841	0.00025	COX17	-0.4685524955007913		COX17
10044	-0.4803452	0.000251	SH2D3C	0.468034788312285		SH2D3C
28991	-0.2308962	0.000255	COMMD5	0.3654578022747161		COMMD5
5129	0.3419008	0.000255	CDK18	-0.1835716629842574		CDK18
6280	1.3630614	0.000256	S100A9	-1.083780745896339		S100A9
65018	0.2507557	0.000257	PINK1	-0.0070896490295986		PINK1
81889	0.5169735	0.000257	FAHD1	-0.3292798437093256		FAHD1
8644	0.7475799	0.000257	AKR1C3	-0.4643629463119425		AKR1C3
23243	0.2822934	0.000259	ANKRD28	-0.5775002826404494		ANKRD28
2584	0.470598	0.000259	GALK1	-0.3889964345984915		GALK1
114821	0.7566484	0.000259	SCAND3	-0.604596643029721		SCAND3
88745	0.2707803	0.000259	RRP36	0.0263041130157271		RRP36
285282	-0.2351993	0.00026	RABL3	0.022532451363495		RABL3
7375	-0.1737492	0.000261	USP4	0.0923241135956161		USP4
4053	-1.3606892	0.000261	LTBP2	1.6592915729898206		LTBP2
4880	2.0791888	0.000262	NPPC	-2.3297792972176152		NPPC
200539	-1.0923126	0.000262	ANKRD23	1.018002401769598		ANKRD23
57117	0.295316	0.000262	INTS12	-0.3271433132779684		INTS12
23539	-0.8391732	0.000262	SLC16A8	1.1712130846918207		SLC16A8
51517	-0.701645	0.000262	NCKIPSD	0.5909031396388418		NCKIPSD
9726	-0.2415144	0.000263	ZNF646	0.5497399136646048		ZNF646
440672	0.5668759	0.000263	NUDT4B	-0.9554261244796516		NUDT4B
11145	0.3810336	0.000264	PLAAT3	-0.1921595006049852		PLAAT3
100506963	0.2476727	0.000265	ELOA-AS1	0.0307268195542249		ELOA-AS1
29	0.2641793	0.000266	ABR	-0.5936324898962146		ABR
283316	-0.9932796	0.000266	CD163L1	0.2829741874147715		CD163L1
100507218	1.1603414	0.000266	RNF157-AS1	-0.0541215139741941		RNF157-AS1
8515	-1.1804332	0.000267	ITGA10	1.3071450017197297		ITGA10
1808	-0.4667193	0.000267	DPYSL2	0.6519292920689486		DPYSL2
79230	-0.4026139	0.000267	ZNF557	0.1548809062897036		ZNF557
101	-0.7795121	0.000268	ADAM8	1.2692928113649464		ADAM8
79703	-0.9575476	0.000268	C11orf80	1.2699356003544728		C11orf80
8476	0.2707615	0.00027	CDC42BPA	-0.2480502534876079		CDC42BPA
991	1.0814145	0.00027	CDC20	-1.030283839449972		CDC20
25994	0.3042735	0.00027	HIGD1A	-0.5958114193099657		HIGD1A
7574	-0.2760729	0.00027	ZNF26	0.9326451975458636		ZNF26
4907	-0.9552244	0.000271	NT5E	1.1326229577935851		NT5E
2329	-0.454821	0.000272	FMO4	0.6051484825851072		FMO4
100130733	-0.7455963	0.000272	LRRC70	0.8924179892105327		LRRC70
5875	0.2663781	0.000272	RABGGTA	-0.0820113909340172		RABGGTA
9261	0.2254913	0.000273	MAPKAPK2	-0.0027648420574779		MAPKAPK2
10174	-0.34589	0.000275	SORBS3	0.5462364498154626		SORBS3
142891	0.4480975	0.000275	SAMD8	-0.2393969856526503		SAMD8
11126	-0.7849905	0.000275	CD160	1.094765407003662		CD160
3263	-0.8641245	0.000275	HPX	0.8406855691990136		HPX
84536	-0.8051218	0.000275	LINC01547	0.8386808086489473		LINC01547
79954	0.2409738	0.000276	NOL10	-0.2201079542080517		NOL10
51019	0.3301467	0.000276	WASHC3	-0.2458491259042698		WASHC3
3158	2.4132388	0.000276	HMGCS2	-1.6766950978382482		HMGCS2
65078	-0.9422324	0.000276	RTN4R	0.9591254678745004		RTN4R
23522	0.3737742	0.000276	KAT6B	-0.2345771463952615		KAT6B
8317	0.8043063	0.000276	CDC7	-0.526614174587591		CDC7
23291	-0.2814274	0.000276	FBXW11	0.0777048426563657		FBXW11
100507347	-0.5773784	0.000278	VIM-AS1	-0.0191021179595215		VIM-AS1
611	0.6481834	0.000278	OPN1SW	4.106794898883363		OPN1SW
6540	-0.6160136	0.000278	SLC6A13	0.6294183378691907		SLC6A13
121551	1.0851334	0.00028	ABTB3	-0.8655811140246565		ABTB3
5168	-0.7426604	0.000282	ENPP2	0.7819983478487118		ENPP2
5168	-0.7426604	0.000282	ENPP2	1.5634522621042946		ENPP2
3996	-0.3229387	0.000282	LLGL1	0.5749164295407176		LLGL1
55790	0.4140712	0.000283	CSGALNACT1	-0.4391899791237943		CSGALNACT1
5423	0.4063497	0.000283	POLB	-0.2217458665279137		POLB
25945	0.4308181	0.000285	NECTIN3	-0.3059773198652427		NECTIN3
89941	-0.2395267	0.000285	RHOT2	0.3788188270683221		RHOT2
7069	2.6300113	0.000286	THRSP	-2.4051093742704284		THRSP
1674	0.3512874	0.000286	DES	-0.4239104487218519		DES
25930	-0.1802245	0.000286	PTPN23	0.2753057054654939		PTPN23
285315	-0.3693875	0.000286	C3orf33	0.3287472196914085		C3orf33
51191	-0.625058	0.000287	HERC5	0.8613283751364454		HERC5
151507	0.7903683	0.000288	MSL3P1	-0.5939214455112578		MSL3P1
51409	-0.2272358	0.000288	HEMK1	0.44741482330347		HEMK1
126668	-0.4665356	0.000288	TDRD10	0.8713629300578094		TDRD10
91851	-1.483165	0.000288	CHRDL1	1.615293442193465		CHRDL1
85449	-1.1852866	0.00029	KIAA1755	1.3277421735227073		KIAA1755
8398	-0.4192787	0.00029	PLA2G6	0.3989330253191836		PLA2G6
28982	-0.4078546	0.00029	FLVCR1	0.1470971960116643		FLVCR1
55196	0.4578746	0.000291	RESF1	-0.152934392044258		RESF1
9513	0.3152736	0.000291	FXR2	-0.342710919505242		FXR2
84798	-0.3976677	0.000291	C19orf48	0.5302786577154386		C19orf48
9328	0.289428	0.000292	GTF3C5	-0.1400877200955292		GTF3C5
770	0.701836	0.000292	CA11	-0.2479883594324787		CA11
286053	0.3329452	0.000292	NSMCE2	-0.1111832212370629		NSMCE2
221477	0.2636829	0.000292	C6orf89	-0.259760837437553		C6orf89
10404	-0.3166059	0.000293	CPQ	0.5803786172393748		CPQ
10159	-0.2838905	0.000294	ATP6AP2	0.292218263810307		ATP6AP2
4007	0.3439335	0.000295	PRICKLE3	-0.0630346165795288		PRICKLE3
378884	-0.7426813	0.000295	NHLRC1	0.8845194832214118		NHLRC1
203197	-0.393499	0.000295	TMEM268	0.6337890716621094		TMEM268
3101	0.9382504	0.000295	HK3	-1.050337898002001		HK3
8891	0.3023489	0.000296	EIF2B3	-0.2546521591723687		EIF2B3
57402	0.6775687	0.000296	S100A14	-0.5445906781808167		S100A14
388335	0.4070859	0.000297	TMEM220	-0.4364722191217254		TMEM220
148898	-0.4778244	0.000298	ZNF436-AS1	1.204747321092696		ZNF436-AS1
9270	0.2551291	0.000298	ITGB1BP1	-0.3406129338537855		ITGB1BP1
84226	-0.7134042	0.0003	C2orf16	0.4654916622364631		C2orf16
101929541	0.8935317	0.0003	LINC02608	-0.8425971305553017		LINC02608
54554	-0.234454	0.0003	WDR5B	0.1922856613007844		WDR5B
23358	0.3162374	0.000301	USP24	-0.3849449140948984		USP24
273	-0.8387095	0.000301	AMPH	0.7717967646726904		AMPH
10130	0.3412131	0.000301	PDIA6	-0.307398366671558		PDIA6
169693	0.6313851	0.000301	TMEM252	1.8951454650193469		TMEM252
54587	-0.8018244	0.000302	MXRA8	0.883623591057539		MXRA8
51430	0.2626856	0.000302	SUCO	-0.006798377371163		SUCO
147657	0.4010436	0.000303	ZNF480	-0.7138110965108861		ZNF480
50506	-1.0185212	0.000304	DUOX2	1.112828913405837		DUOX2
1896	0.5939578	0.000304	EDA	-0.4407998504105688		EDA
8500	0.2728195	0.000304	PPFIA1	-0.072624537164069		PPFIA1
23256	0.2156932	0.000304	SCFD1	-0.0344982005129193		SCFD1
8578	-0.348109	0.000304	SCARF1	0.376558815355807		SCARF1
60560	0.2203398	0.000305	NAA35	0.1095830201600214		NAA35
2246	-0.4890145	0.000306	FGF1	0.4052327676478109		FGF1
114034	-0.3175563	0.000306	TOE1	0.5154229366878631		TOE1
9962	-0.3583881	0.000306	SLC23A2	0.4263525695537629		SLC23A2
922	2.0177611	0.000306	CD5L	-2.1493662817329584		CD5L
101929559	-1.4264903	0.000307	PIRAT1	1.5047926613612557		PIRAT1
399668	0.7796543	0.000308	SMIM10L2A	-0.6119685127049284		SMIM10L2A
90187	-0.8413935	0.000308	EMILIN3	1.1046978355514248		EMILIN3
9500	-0.3238328	0.000308	MAGED1	0.2964116710550923		MAGED1
6741	0.283253	0.000309	SSB	0.024674588011778		SSB
5469	0.2477172	0.000309	MED1	-0.2358291792435563		MED1
147965	-0.3475628	0.00031	FAM98C	0.5125492171131927		FAM98C
6051	-0.2243687	0.000311	RNPEP	0.3643948646131276		RNPEP
2548	-0.3065067	0.000311	GAA	0.5049727052184219		GAA
125950	-0.2777161	0.000311	RAVER1	0.1478575377114666		RAVER1
113246	-0.3458416	0.000312	C12orf57	0.5902251795267626		C12orf57
79073	-0.1845763	0.000312	TMEM109	0.5281838933375624		TMEM109
6332	-0.6854816	0.000313	SCN7A	0.6807226465821801		SCN7A
159013	-0.2444442	0.000314	CXorf38	0.0805808105508809		CXorf38
6197	0.4077797	0.000314	RPS6KA3	-0.6282496184839408		RPS6KA3
56106	-0.3520042	0.000316	PCDHGA10	0.4587642585969715		PCDHGA10
375	-0.2062156	0.000318	ARF1	0.3576751714950577		ARF1
23099	0.3475164	0.00032	ZBTB43	0.1151636871109689		ZBTB43
126526	0.3029889	0.00032	C19orf47	-0.4066410775471034		C19orf47
9314	-0.8559889	0.000321	KLF4	0.777073299830171		KLF4
3782	-0.9431474	0.000321	KCNN3	0.7537648819879897		KCNN3
7690	0.2472829	0.000322	ZNF131	0.1000007749432683		ZNF131
100652770	0.5165518	0.000323	DSG2-AS1	1.527047335333359		DSG2-AS1
11180	-0.2191878	0.000323	WDR6	0.2677608498207071		WDR6
90993	0.560394	0.000323	CREB3L1	-0.454162606740681		CREB3L1
25917	0.226953	0.000325	THUMPD3	0.0011239447556734		THUMPD3
84225	-1.036708	0.000326	ZMYND15	1.0798690403608662		ZMYND15
4802	-0.2098635	0.000326	NFYC	0.2282425383709041		NFYC
1666	0.4304948	0.000327	DECR1	0.0492952286281873		DECR1
83939	0.2642577	0.000327	EIF2A	-0.2571904599466492		EIF2A
22820	-0.2109862	0.00033	COPG1	0.4163558077859699		COPG1
4294	0.3435419	0.00033	MAP3K10	-0.1917771110681663		MAP3K10
55749	0.3481708	0.000331	CCAR1	-0.2555531504617621		CCAR1
757	-0.2751733	0.000331	TMEM50B	0.3478669504364413		TMEM50B
84284	0.3350284	0.000334	NTPCR	-0.0354746090409276		NTPCR
162968	-0.6236202	0.000334	ZNF497	0.4124183090673745		ZNF497
26608	-0.2675149	0.000335	TBL2	0.2534783663967812		TBL2
2059	0.3297895	0.000335	EPS8	-0.2694691792147976		EPS8
9922	0.3268541	0.000336	IQSEC1	-0.3223063322380817		IQSEC1
51691	0.2333779	0.000336	LSM8	-0.4843590646403752		LSM8
643911	-0.8003003	0.000336	CRNDE	0.8815134698533642		CRNDE
55227	-0.486417	0.000339	LRRC1	0.9448123102418222		LRRC1
168544	-0.5289787	0.000339	ZNF467	0.5385758041813586		ZNF467
3091	0.3525779	0.00034	HIF1A	-0.2098358800334354		HIF1A
4681	-0.5255075	0.00034	NBL1	0.7529576089766445		NBL1
199	0.771448	0.000342	AIF1	-0.4837148417463979		AIF1
3134	-0.4469769	0.000344	HLA-F	0.7405939444410272		HLA-F
1302	-0.8346214	0.000344	COL11A2	0.8392044027699499		COL11A2
522	0.4654955	0.000344	ATP5PF	0.1124734722270766		ATP5PF
9686	-0.2982702	0.000344	VGLL4	0.2773595702101348		VGLL4
4337	0.373191	0.000345	MOCS1	-0.3487860232019786		MOCS1
11007	-0.5684665	0.000349	CCDC85B	0.7981500912807507		CCDC85B
56099	-0.3386584	0.000351	PCDHGB7	0.7045493618314609		PCDHGB7
80135	0.2960506	0.000351	RPF1	-0.0959293428934069		RPF1
30834	-0.3919139	0.000352	POLR1H	0.6512463596352829		POLR1H
84941	-1.0492194	0.000354	HSH2D	1.3920790159982173		HSH2D
29799	-0.3951796	0.000355	YPEL1	0.6151284062050277		YPEL1
5281	0.34903	0.000356	PIGF	0.1841126462467621		PIGF
1731	-0.5893718	0.000356	SEPTIN1	0.7822955796955554		SEPTIN1
25836	0.331644	0.000357	NIPBL	-0.0488570487004675		NIPBL
8564	0.5369153	0.000358	KMO	-0.1449236281424348		KMO
64981	0.4613214	0.000358	MRPL34	-0.3112628211970403		MRPL34
5747	0.2215345	0.000358	PTK2	-0.3129617009190406		PTK2
100506649	-0.3429925	0.00036	PXN-AS1	0.3576123110794238		PXN-AS1
100190938	-0.7755897	0.000362	RAMP2-AS1	0.9002996294175165		RAMP2-AS1
7978	0.3362673	0.000363	MTERF1	-0.4842741903132403		MTERF1
4709	0.4316398	0.000364	NDUFB3	-0.2597352375410047		NDUFB3
100131655	-0.8403887	0.000366	ZNF236-DT	1.056204519285889		ZNF236-DT
53407	0.2324451	0.000367	STX18	-0.1592489342144061		STX18
148254	0.298286	0.000368	ZNF555	-0.068571785339911		ZNF555
60526	0.3013711	0.000369	LDAH	-0.4320660007563282		LDAH
10195	0.3442711	0.000369	ALG3	-0.2607171455882762		ALG3
9775	-0.1939497	0.00037	EIF4A3	0.2667373120191607		EIF4A3
51249	0.2645082	0.000371	TMEM69	-0.0981775316552262		TMEM69
7259	-0.2468842	0.000372	TSPYL1	0.2327672461689065		TSPYL1
22894	0.2297614	0.000372	DIS3	-0.3721575495941804		DIS3
83638	-0.2729376	0.000372	C11orf68	0.3380337061135359		C11orf68
10550	0.2375142	0.000374	ARL6IP5	-0.0075090456481321		ARL6IP5
2264	1.0350673	0.000375	FGFR4	-0.6485357628375794		FGFR4
51491	0.4437511	0.000376	NOP16	-0.4707895631135805		NOP16
29088	0.2970845	0.000377	MRPL15	-0.02647305318151		MRPL15
53829	-0.9599749	0.000378	P2RY13	1.0287001729918677		P2RY13
9743	0.3764741	0.000379	ARHGAP32	-0.3283027938427389		ARHGAP32
399474	-0.3819909	0.00038	TMEM200B	0.6770403037640873		TMEM200B
90736	0.3595151	0.000381	FAM104B	-0.4148100531774767		FAM104B
9344	-0.1843433	0.000381	TAOK2	0.45331416244895		TAOK2
320	-0.5660111	0.000382	APBA1	0.7070186958217846		APBA1
79442	0.5176596	0.000382	LRRC2	-0.5254122361126106		LRRC2
10487	0.2660839	0.000383	CAP1	-0.0311403699669536		CAP1
64422	0.2234244	0.000383	ATG3	-0.4048236538649021		ATG3
762	-0.8067514	0.000383	CA4	1.1032401045629294		CA4
84134	0.2858212	0.000383	TOMM40L	-0.1942964707544812		TOMM40L
85865	0.2325128	0.000383	GTPBP10	-0.2507555326193742		GTPBP10
1355	-0.1858381	0.000383	COX15	0.3280454471187921		COX15
340359	0.7876181	0.000384	KLHL38	-0.7141567424875293		KLHL38
6786	-0.5320268	0.000384	STIM1	0.7376591616700354		STIM1
8870	-1.3889312	0.000387	IER3	1.6310464201131394		IER3
60677	-0.4967041	0.000387	CELF6	0.5233662065427698		CELF6
875	0.9740363	0.000387	CBS	-0.7610521139061119		CBS
5376	0.3138668	0.000388	PMP22	-0.4755910784882013		PMP22
28959	-0.8369922	0.00039	TMEM176B	0.9369688066377986		TMEM176B
643770	-0.9541356	0.000392	LINC02453	0.8181859312404516		LINC02453
2214	1.0233303	0.000393	FCGR3A	-0.8107269059561948		FCGR3A
203054	-0.3381197	0.000393	ADCK5	0.3221586820994033		ADCK5
81887	-0.2273419	0.000393	LAS1L	0.3273021692942297		LAS1L
54965	0.29127	0.000393	PIGX	0.0247912492622037		PIGX
84993	-0.2252293	0.000393	UBL7	0.3221507399765215		UBL7
7705	0.2671779	0.000395	ZNF146	-0.169137165403379		ZNF146
10894	0.9821122	0.000395	LYVE1	-0.9612098709280223		LYVE1
5716	-0.2770034	0.000395	PSMD10	0.2468815442652525		PSMD10
146556	-1.2847475	0.000396	C16orf89	1.3976883494775612		C16orf89
5422	0.2161062	0.000396	POLA1	-0.1085075732125611		POLA1
5274	-0.5993458	0.000396	SERPINI1	1.0619119407144058		SERPINI1
89932	-0.8107477	0.000396	PAPLN	0.981639215807154		PAPLN
4185	1.5285339	0.000396	ADAM11	-1.5335233186139172		ADAM11
206358	0.5792022	0.000398	SLC36A1	-0.4470248438119901		SLC36A1
55311	-0.3003477	0.000399	ZNF444	0.5886675893727746		ZNF444
79158	0.226444	0.000399	GNPTAB	-0.1466108829416663		GNPTAB
10964	-1.058143	0.0004	IFI44L	0.6260101227749177		IFI44L
100289388	0.4945947	0.000404	KCTD21-AS1	0.2461916919299893		KCTD21-AS1
25875	-0.3190711	0.000406	LETMD1	0.3839639350932202		LETMD1
123036	1.0271253	0.000406	TC2N	-1.5450362076737656		TC2N
253635	0.2759129	0.000408	GPATCH11	-0.1490717846806957		GPATCH11
112399	-0.7872883	0.000409	EGLN3	0.8574131273803758		EGLN3
55218	0.1791282	0.000409	EXD2	0.0893767679681034		EXD2
5291	0.3165736	0.00041	PIK3CB	-0.615025816241487		PIK3CB
10076	0.5323916	0.00041	PTPRU	-0.7190648994815456		PTPRU
1508	0.4671372	0.00041	CTSB	-0.428179874371617		CTSB
199223	-0.4382949	0.000411	TTC21A	0.6699143473993379		TTC21A
4200	0.391601	0.000411	ME2	-0.3082801852803518		ME2
5257	0.2572892	0.000412	PHKB	0.0169552086931243		PHKB
167681	-1.6474319	0.000413	PRSS35	1.879743430875382		PRSS35
388011	0.9724447	0.000413	LINC01550	-1.0594500032340846		LINC01550
23469	0.336418	0.000415	PHF3	-0.0954198224533469		PHF3
79090	-0.4055168	0.000416	TRAPPC6A	0.4963273449865029		TRAPPC6A
64921	-0.4384152	0.000417	CASD1	0.5689624016975343		CASD1
137392	0.2732743	0.000419	CIBAR1	-0.3582750730226891		CIBAR1
23508	-0.8292474	0.00042	TTC9	1.09819356592891		TTC9
203447	-1.0138515	0.00042	NRK	1.3198108073787296		NRK
8131	-0.2849019	0.00042	NPRL3	0.461292640279658		NPRL3
84932	-0.2238966	0.000421	RAB2B	-0.0430978048013956		RAB2B
7109	0.2173089	0.000421	TRAPPC10	-0.1537510204887584		TRAPPC10
85414	0.6256147	0.000422	SLC45A3	-0.6277200985263667		SLC45A3
93487	-0.2276876	0.000422	MAPK1IP1L	0.0135988956400021		MAPK1IP1L
51362	0.1825115	0.000422	CDC40	0.1188906784087935		CDC40
27332	0.3453152	0.000423	ZNF638	-0.055317660938873		ZNF638
27102	0.1927169	0.000423	EIF2AK1	-0.153912748014398		EIF2AK1
2868	-0.3799021	0.000424	GRK4	0.5760271220287745		GRK4
2868	-0.3799021	0.000424	GRK4	0.3959580163035485		GRK4
286333	-0.9814158	0.000424	FAM225A	1.092610431784057		FAM225A
9710	-0.2845287	0.000426	GARRE1	0.1446891439407003		GARRE1
57198	-0.4064923	0.000427	ATP8B2	0.8210163667009125		ATP8B2
90835	0.3660751	0.000427	CFAP119	-0.0254745080328715		CFAP119
1054	0.2798311	0.000427	CEBPG	-0.0566008579230978		CEBPG
91107	0.5243834	0.000428	TRIM47	-0.5212113859795666		TRIM47
4046	-0.9106323	0.000432	LSP1	1.0679629133908914		LSP1
9131	0.3381167	0.000432	AIFM1	-0.2828917377409095		AIFM1
55893	0.2561655	0.000434	ZNF395	-0.4167098493432339		ZNF395
23780	0.2960562	0.000438	APOL2	-0.2538078195686948		APOL2
582	-0.2558996	0.000438	BBS1	0.2994140996299328		BBS1
983	0.7814554	0.000441	CDK1	-0.4147386940966009		CDK1
26084	-0.8424003	0.000443	ARHGEF26	1.2953304457092518		ARHGEF26
1915	-0.558625	0.000443	EEF1A1	0.2986671618329746		EEF1A1
56945	0.3253389	0.000444	MRPS22	-0.109197822819687		MRPS22
104355297	0.6605526	0.000444	ABCA9-AS1	0.2645879750160942		ABCA9-AS1
2171	0.6353303	0.000444	FABP5	-0.0011727568039883		FABP5
27034	-0.2768932	0.000445	ACAD8	0.4324091659929401		ACAD8
126731	-0.408037	0.000447	CCSAP	0.5249507744125623		CCSAP
4818	-1.344719	0.000449	NKG7	1.4471538884624282		NKG7
1528	0.3510296	0.00045	CYB5A	-0.2355550647768147		CYB5A
553115	-0.2842213	0.000451	PEF1	0.3754069781089812		PEF1
158219	-0.6369613	0.000453	TTC39B	0.4813524386385774		TTC39B
9735	0.3885454	0.000453	KNTC1	0.0096269332195455		KNTC1
100132594	-0.5566451	0.000454	PGAM1P5	1.0301812956884513		PGAM1P5
29083	0.2973887	0.000455	GTPBP8	-0.3207227364720575		GTPBP8
8019	-0.2270987	0.000455	BRD3	-0.1146984574237799		BRD3
9733	-0.169886	0.000455	SART3	0.1093750755588232		SART3
8189	-0.276943	0.000455	SYMPK	0.1595761233860839		SYMPK
57001	0.3775822	0.000456	SDHAF3	-0.3520731668951367		SDHAF3
7266	0.2322088	0.000456	DNAJC7	-0.0337957171358409		DNAJC7
7266	0.2322088	0.000456	DNAJC7	0.7851699458616019		DNAJC7
7004	0.6154356	0.000457	TEAD4	-0.4184353881400797		TEAD4
55698	-0.4930775	0.000458	RADIL	0.6834464650748076		RADIL
7122	-1.2274785	0.000459	CLDN5	1.3472773926083503		CLDN5
11068	-0.4119478	0.000461	CYB561D2	0.5703108055665498		CYB561D2
26226	-0.50758	0.000461	FBXW4P1	0.1916430769541067		FBXW4P1
84069	0.6155396	0.000462	PLEKHN1	0.8427860140328036		PLEKHN1
1645	0.8333052	0.000462	AKR1C1	-0.2628344190535117		AKR1C1
285527	0.3721699	0.000462	FRYL	-0.1907262835713785		FRYL
55614	0.2980849	0.000462	KIF16B	-0.4579069288507713		KIF16B
8563	0.3384402	0.000462	THOC5	-0.5490474303235064		THOC5
100507632	-1.3639588	0.000462	LINC00968	1.026348375855444		LINC00968
23274	0.3333568	0.000463	CLEC16A	-0.0397161464978235		CLEC16A
54829	-1.4558675	0.000464	ASPN	1.4897197928581898		ASPN
57187	0.2769335	0.000464	THOC2	-0.2096665439907896		THOC2
54106	-0.7559649	0.000465	TLR9	0.9085996858860684		TLR9
10015	0.1861108	0.000465	PDCD6IP	-0.4002285420650606		PDCD6IP
78991	-0.3970882	0.000465	PCYOX1L	0.6034914847201103		PCYOX1L
6637	0.4933035	0.000465	SNRPG	-0.4286238359598142		SNRPG
101928304	-1.2690504	0.000466	LINC03002	1.4455235764218286		LINC03002
23002	0.4301849	0.000468	DAAM1	-0.5561698555426196		DAAM1
128239	1.4842432	0.000468	IQGAP3	-1.2687924574176004		IQGAP3
6286	-1.9027532	0.000468	S100P	2.124156296600071		S100P
90987	-0.4801702	0.000468	ZNF251	0.5397672980415047		ZNF251
7485	-0.3948791	0.000468	GET1	0.4001536454332526		GET1
22872	-0.2725278	0.00047	SEC31A	0.0599793691063101		SEC31A
6915	-0.6699415	0.000471	TBXA2R	0.7839595223086289		TBXA2R
23205	0.4493711	0.000475	ACSBG1	0.3905662840507427		ACSBG1
5528	0.2370725	0.000475	PPP2R5D	0.1079634170327441		PPP2R5D
2519	0.3008113	0.000477	FUCA2	-0.288003031279687		FUCA2
116159	0.4103614	0.000477	CYYR1	-0.3918524167234132		CYYR1
107986407	1.0969396	0.000477	MARCHF11-AS1	-0.9051329386021838		MARCHF11-AS1
107984875	0.3626652	0.00048	ZNF747-DT	-0.4747503267280322		ZNF747-DT
84552	-0.4236686	0.000484	PARD6G	0.6346264838014343		PARD6G
10311	0.2182921	0.000486	VPS26C	-0.3781317788065896		VPS26C
55197	0.2625588	0.000486	RPRD1A	-0.275110417847177		RPRD1A
90933	-0.2789077	0.000486	TRIM41	0.6800922754293772		TRIM41
56997	0.6205536	0.000488	COQ8A	-0.5704065966161176		COQ8A
4515	0.2822596	0.000489	MTCP1	0.006602427780785		MTCP1
8510	-0.6458155	0.00049	MMP23B	1.418690578014974		MMP23B
282973	0.5652584	0.00049	JAKMIP3	-0.2486043240786334		JAKMIP3
10072	0.4430608	0.00049	DPP3	-0.2606829141489508		DPP3
126147	-1.0331977	0.000491	NTN5	1.159037443245155		NTN5
79969	-0.4089113	0.000494	ATAT1	0.6603712783044762		ATAT1
124093	-0.6715754	0.000494	CCDC78	-0.4751276340869647		CCDC78
8082	-0.5304648	0.000494	SSPN	0.7584883004351659		SSPN
9860	-0.3069111	0.000496	LRIG2	0.4473019002074456		LRIG2
84167	-0.2468682	0.000496	C19orf44	0.4032189242848796		C19orf44
25807	-0.2849328	0.000499	RHBDD3	0.3324393367523832		RHBDD3
112939	0.3806681	0.000499	NACC1	-0.3488916537447544		NACC1
51574	0.292996	0.000499	LARP7	-0.2537263047078957		LARP7
23211	-0.2627231	0.000504	ZC3H4	0.1617498464095703		ZC3H4
55256	0.3000697	0.000505	ADI1	-0.0878007314713755		ADI1
10269	0.385061	0.000507	ZMPSTE24	-0.1780317381364957		ZMPSTE24
54437	-0.7046524	0.000508	SEMA5B	0.7384760091406952		SEMA5B
29984	0.644145	0.000508	RHOD	-0.5881736393948591		RHOD
5898	0.3938414	0.000509	RALA	-0.4614398110132187		RALA
81693	-0.2521035	0.000509	AMN	0.641301916844256		AMN
93436	-0.2619086	0.00051	ARMC6	0.3383730455910214		ARMC6
3177	0.4529712	0.00051	SLC29A2	-0.4991661375405947		SLC29A2
9518	-1.5081622	0.000511	GDF15	1.431618207104538		GDF15
81611	-0.4445699	0.000512	ANP32E	0.0621757289322806		ANP32E
157567	-0.3952826	0.000513	ANKRD46	0.1261767332194816		ANKRD46
64762	0.5925038	0.000513	GAREM1	-0.9402173697761732		GAREM1
29110	0.2111129	0.000516	TBK1	-0.0595268260998551		TBK1
79948	-0.2484764	0.000516	PLPPR3	-2.0955231971261705		PLPPR3
64072	-0.70533	0.000519	CDH23	0.8794275063430874		CDH23
10845	0.1902951	0.000519	CLPX	-0.5587108877957174		CLPX
754	0.2497296	0.000519	PTTG1IP	-0.1381688660857829		PTTG1IP
10787	0.3048214	0.000521	NCKAP1	-0.2298669641705055		NCKAP1
60491	0.2480695	0.000522	NIF3L1	0.0124220141924222		NIF3L1
10864	-1.6244462	0.000522	SLC22A7	0.0648316845723777		SLC22A7
29781	-0.2458989	0.000523	NCAPH2	0.6930338645082674		NCAPH2
126917	-0.374443	0.000524	IFFO2	0.253372101166067		IFFO2
84897	0.1585312	0.000528	TBRG1	0.0463981112268534		TBRG1
718	1.1208969	0.000531	C3	-1.2187360145627064		C3
221491	-0.3979493	0.000531	SMIM29	0.4867112786727459		SMIM29
84256	-0.3347007	0.000531	FLYWCH1	0.3624161764058433		FLYWCH1
84193	0.2089047	0.000531	SETD3	-0.4549687072061443		SETD3
1154	-0.8427837	0.000533	CISH	0.8936371841591377		CISH
84836	-0.3323436	0.000538	ABHD14B	0.3900683792448696		ABHD14B
252969	-0.4053002	0.00054	NEIL2	0.6479730105014228		NEIL2
105371814	0.3802547	0.00054	LOC105371814	-0.5314619942161096		LOC105371814
2199	-0.6845028	0.000541	FBLN2	0.8142053768351225		FBLN2
51271	0.2369217	0.000542	UBAP1	-0.0352236764273259		UBAP1
91300	-0.2406909	0.000544	R3HDM4	0.2007241256554675		R3HDM4
64386	-0.9213925	0.000547	MMP25	1.4766969553432436		MMP25
3953	-0.6651402	0.000547	LEPR	0.9016686010914184		LEPR
80856	0.4391378	0.000548	LNPK	-0.8440985148156557		LNPK
84656	0.2630094	0.00055	GLYR1	-0.6217650988857786		GLYR1
57205	-0.4711963	0.00055	ATP10D	0.7848655342863475		ATP10D
8802	0.3538437	0.00055	SUCLG1	-0.2801255988720044		SUCLG1
112817	0.7758738	0.000552	HOGA1	-0.4636086296403059		HOGA1
79590	0.3167103	0.000556	MRPL24	-0.3352961852727167		MRPL24
1635	-0.2045646	0.000556	DCTD	0.1619162825736015		DCTD
100861548	0.2164376	0.000556	PINK1-AS	0.0805117658190877		PINK1-AS
5188	0.3223983	0.000558	GATB	-0.4315859818460685		GATB
79443	0.4415446	0.000558	FYCO1	-0.3093117784993131		FYCO1
6144	0.5663528	0.000558	RPL21	0.0325189934641345		RPL21
100134015	-0.6888906	0.000558	UBOX5-AS1	0.8819248936005053		UBOX5-AS1
4004	1.2520234	0.000559	LMO1	-1.4998384744198372		LMO1
80003	-0.6201084	0.000561	PCNX2	0.466658878636379		PCNX2
55015	0.1851981	0.000561	PRPF39	-0.0886789759480706		PRPF39
3912	-0.5277171	0.000563	LAMB1	0.2379470216161268		LAMB1
387646	0.6623452	0.000566	LRRC37A6P	-0.6048540062050017		LRRC37A6P
9022	-0.8874831	0.000567	CLIC3	0.8198087987108726		CLIC3
105379362	0.4392859	0.000568	LOC105379362	0.0705072031444453		LOC105379362
125170	-0.5286838	0.000568	MIEF2	0.8161862505091393		MIEF2
1803	0.7319102	0.000568	DPP4	-0.8183408101098659		DPP4
23609	-0.2817537	0.000569	MKRN2	0.5516403582870009		MKRN2
79925	-0.5204889	0.000569	SPEF2	0.3742323224377989		SPEF2
26123	-0.2902019	0.000569	TCTN3	0.392187191307487		TCTN3
1349	0.4331146	0.000569	COX7B	-0.3632634696859167		COX7B
2475	0.212497	0.000572	MTOR	-0.1681224949903823		MTOR
51155	0.449932	0.000572	JPT1	-0.6514060687775727		JPT1
414208	0.2981137	0.000573	ZNF32-AS2	-0.234438209604026		ZNF32-AS2
51400	-0.1928073	0.000573	PPME1	0.1750677912263949		PPME1
92126	-0.6106836	0.000576	DSEL	0.7216945912928309		DSEL
100131244	1.7231772	0.000578	ANKRD63	-1.9071900988904096		ANKRD63
8773	-0.3310993	0.000579	SNAP23	0.0861602888333745		SNAP23
146227	0.7579636	0.000584	BEAN1	-0.9673620234650022		BEAN1
6390	0.3780579	0.000586	SDHB	-0.3402144600085126		SDHB
27295	-0.6744665	0.000586	PDLIM3	0.624649332343699		PDLIM3
57546	0.4159818	0.000588	PDP2	-0.4471072110521968		PDP2
51161	0.3586069	0.000589	C3orf18	-0.3814452715089302		C3orf18
51214	-1.0531486	0.00059	IGF2-AS	1.3120955560578969		IGF2-AS
292	-0.4328519	0.000591	SLC25A5	0.6510262049736122		SLC25A5
203523	0.4027139	0.000591	ZNF449	-0.1981553068770354		ZNF449
79656	-0.5181537	0.000592	BEND5	0.4129321637498324		BEND5
57189	0.3098851	0.000592	DENND11	-0.332955923814727		DENND11
196993	0.6581891	0.000593	CT62	-0.8681805270875159		CT62
401944	-0.4511297	0.000594	LDLRAD2	0.1149404578273989		LDLRAD2
200916	0.6259898	0.000594	RPL22L1	-0.5318086572459579		RPL22L1
1603	0.2656374	0.000595	DAD1	0.0108836707157502		DAD1
11062	0.260942	0.000598	DUS4L	-0.069198420721138		DUS4L
253959	0.3012508	0.000599	RALGAPA1	-0.3074963063731255		RALGAPA1
79609	-0.3614498	0.000599	VCPKMT	0.268870387356098		VCPKMT
342371	-0.3341063	0.000599	ATXN1L	0.5674356340962126		ATXN1L
2526	-0.5214887	0.000601	FUT4	0.8313022156756849		FUT4
128866	0.2830854	0.000601	CHMP4B	-0.0339471601673713		CHMP4B
26511	-0.3515456	0.000601	CHIC2	0.1497611591978018		CHIC2
55124	-0.9762552	0.000601	PIWIL2	1.2765244567516496		PIWIL2
9948	0.3206368	0.000603	WDR1	-0.4645934858340421		WDR1
84958	-0.8221686	0.000603	SYTL1	1.2928335402074602		SYTL1
3586	1.4060148	0.000603	IL10	-1.1184763148899326		IL10
7539	-0.4323319	0.000603	ZFP37	0.4706561219761153		ZFP37
123920	-0.4847512	0.000603	CMTM3	0.6596291829209591		CMTM3
388	-0.6448863	0.000604	RHOB	0.828579608328404		RHOB
51060	0.2351944	0.000605	TXNDC12	0.155309898658726		TXNDC12
7582	0.4116717	0.000605	ZNF33B	-0.3043174272346043		ZNF33B
7033	-0.9269435	0.000605	TFF3	1.2422511850846405		TFF3
84260	0.1854662	0.000609	TCHP	-0.0236805489020204		TCHP
2905	-0.7149736	0.000609	GRIN2C	0.9243338324651784		GRIN2C
8824	0.6331198	0.000609	CES2	-0.6803477967516134		CES2
29924	0.3468428	0.000611	EPN1	-0.2472290112677901		EPN1
729830	0.4561455	0.000611	FHIP1A	-0.3881870621814818		FHIP1A
83480	0.297391	0.000613	PUS3	-0.5007934417250341		PUS3
23233	-0.4019017	0.000615	EXOC6B	0.111614356808591		EXOC6B
58472	0.2839823	0.000615	SQOR	-0.0133836310078141		SQOR
138311	-0.3235049	0.000615	DIPK1B	0.62249832968498		DIPK1B
8175	-0.3015736	0.000619	SF3A2	0.3018953007865974		SF3A2
9900	-0.7278351	0.00062	SV2A	0.7601394055930133		SV2A
10213	0.2194192	0.000621	PSMD14	-0.0013810982820174		PSMD14
1737	0.3666072	0.000621	DLAT	-0.1533337654924356		DLAT
55966	-1.4538269	0.000623	AJAP1	1.68175395517029		AJAP1
6262	0.5194785	0.000625	RYR2	-0.1116552945942235		RYR2
91894	0.8314244	0.000625	C11orf52	-0.6643434693186986		C11orf52
113622	-0.4042421	0.000626	ADPRHL1	0.4451184589232824		ADPRHL1
55103	0.6188551	0.000628	RALGPS2	-1.0481583254936249		RALGPS2
100507421	0.8636377	0.000631	TMEM178B	-0.8313956884333566		TMEM178B
6035	0.5182681	0.000633	RNASE1	-0.4616390197488123		RNASE1
7329	0.1968285	0.000636	UBE2I	-0.3253376653610997		UBE2I
8707	1.0639885	0.000637	B3GALT2	-1.1593699696485809		B3GALT2
26262	0.3099475	0.000639	TSPAN17	-0.2567061764616865		TSPAN17
1647	-0.633349	0.00064	GADD45A	0.9190044659356102		GADD45A
79753	-0.2518368	0.000641	SNIP1	-0.067431462010274		SNIP1
29889	0.299338	0.000646	GNL2	-0.4808560376786897		GNL2
81606	-0.5093074	0.000647	LBH	0.3760581698796024		LBH
10272	-0.8538401	0.000648	FSTL3	1.0989465937946674		FSTL3
55086	-1.0009105	0.000648	RADX	0.8062327770957902		RADX
8086	-0.1959662	0.000649	AAAS	0.1780330689229421		AAAS
6175	0.3991746	0.000649	RPLP0	-0.4247740688920123		RPLP0
165186	1.3092167	0.000651	TOGARAM2	-0.9975826614970482		TOGARAM2
137886	0.2562153	0.000654	UBXN2B	-0.0217312551116877		UBXN2B
5576	0.2887983	0.000654	PRKAR2A	-1.0534194849936354		PRKAR2A
56992	0.666581	0.000655	KIF15	-0.4801217654699102		KIF15
55565	-0.5688414	0.000655	ZNF821	0.5532983689204576		ZNF821
11224	0.4657622	0.000657	RPL35	-0.3959984272460097		RPL35
23244	0.1928994	0.00066	PDS5A	-0.3810577552575855		PDS5A
79875	-0.4071979	0.000661	THSD4	0.6963667720652067		THSD4
9424	-0.7676274	0.000662	KCNK6	0.9842160080126549		KCNK6
1605	0.2905314	0.000662	DAG1	-0.0819109160107647		DAG1
8869	0.7079451	0.000666	ST3GAL5	-0.821387514142786		ST3GAL5
56103	-0.3253472	0.000667	PCDHGB2	0.6041562406016386		PCDHGB2
9987	0.2976447	0.000667	HNRNPDL	-0.2490718853938016		HNRNPDL
57687	-1.0047363	0.000667	VAT1L	1.3300351183323924		VAT1L
23534	0.2598676	0.000669	TNPO3	-0.2136642057944238		TNPO3
2618	0.2128832	0.000669	GART	-0.2499242435271638		GART
378938	0.6783176	0.00067	MALAT1	-0.279419133202035		MALAT1
84277	-0.3469249	0.000674	DNAJC30	0.4142432494034054		DNAJC30
84162	0.2863925	0.000675	BLTP1	0.0866215987755758		BLTP1
64432	0.4629823	0.000675	MRPS25	-0.8621432351221898		MRPS25
115817	-0.4317298	0.000675	DHRS1	0.5131329048097495		DHRS1
100131691	0.3202051	0.000681	MZF1-AS1	-0.575502459979566		MZF1-AS1
100529241	0.2430274	0.000684	HSPE1-MOB4	-1.9805096745255837		HSPE1-MOB4
56125	-0.7534423	0.000684	PCDHB11	1.0293471370871703		PCDHB11
79962	-1.3494519	0.000685	DNAJC22	1.5800378875253251		DNAJC22
8079	0.1852288	0.000686	MLF2	-0.127994228976874		MLF2
100506606	0.614236	0.000686	LOC100506606	-0.6097259271639446		LOC100506606
51616	-0.3165398	0.000686	TAF9B	0.3487582791377601		TAF9B
9445	-0.2569021	0.000686	ITM2B	0.2665813663372329		ITM2B
8892	0.3060852	0.000688	EIF2B2	-0.1038577059125991		EIF2B2
85459	0.2828635	0.000692	CEP295	-0.1108640436763463		CEP295
100507401	0.5602454	0.000692	LRP4-AS1	-1.6366911412838565		LRP4-AS1
57493	-0.3266204	0.000693	HEG1	0.1561916431072054		HEG1
23309	-0.2832764	0.000693	SIN3B	0.536432643337176		SIN3B
339105	-0.5092363	0.000693	PRSS53	0.228308697898392		PRSS53
259266	1.0781668	0.000694	ASPM	-0.9588343967780038		ASPM
55215	0.2739779	0.000695	FANCI	-0.2193052536835928		FANCI
29998	-0.2702792	0.000697	BICRA	0.1385248736412454		BICRA
5937	-0.251533	0.000699	RBMS1	0.0519543587630701		RBMS1
388569	-0.3483414	0.000699	ZNF324B	0.5597861743173379		ZNF324B
7879	0.2061884	0.000699	RAB7A	-0.3220823755606368		RAB7A
157777	0.3053843	0.000699	MCMDC2	-0.1237401221123862		MCMDC2
4595	-0.2436468	0.000701	MUTYH	0.2694299341103825		MUTYH
1495	0.2191187	0.000701	CTNNA1	-0.2896300997196057		CTNNA1
440093	-0.2811842	0.000701	H3-5	0.4203855177832976		H3-5
6932	0.7008349	0.000703	TCF7	-0.4306347332053639		TCF7
51603	0.1876948	0.000708	METTL13	-0.0965449772059647		METTL13
30819	1.5385303	0.000708	KCNIP2	-1.8134076289522487		KCNIP2
1979	0.3545206	0.000709	EIF4EBP2	-0.1373655943898475		EIF4EBP2
101928601	1.1299731	0.000709	MEI4	-0.9859361089662696		MEI4
7675	-0.2711708	0.000709	ZNF121	0.4457872711452362		ZNF121
7675	-0.2711708	0.000709	ZNF121	-0.4041306119422438		ZNF121
51666	0.8376556	0.000712	ASB4	-0.5417580223033154		ASB4
4694	0.5046686	0.000712	NDUFA1	-0.3178884300269704		NDUFA1
79634	0.2597123	0.000713	SCRN3	-0.3198794039535499		SCRN3
114327	-0.3176352	0.000713	EFHC1	0.4810551155562388		EFHC1
1819	-0.2227043	0.000716	DRG2	0.4122155068266036		DRG2
23760	-0.3955022	0.000716	PITPNB	0.2278841606299222		PITPNB
400506	0.6023014	0.000721	KNOP1	-0.6446623219698568		KNOP1
50937	0.5878848	0.000721	CDON	-0.7608739098769193		CDON
168537	0.6142671	0.000724	GIMAP7	-0.3451109517836155		GIMAP7
54993	0.2516106	0.000726	ZSCAN2	-0.4062692275039905		ZSCAN2
55780	-0.2694844	0.000727	ERMARD	0.5432144177005234		ERMARD
51072	0.3609553	0.000729	MEMO1	-0.2896850048431192		MEMO1
100271849	-0.5695838	0.00073	MEF2B	0.628415098122143		MEF2B
55082	-0.2897558	0.000732	ARGLU1	-0.058721955048866		ARGLU1
55337	-0.4008018	0.000732	SHFL	0.7397935209718138		SHFL
2869	0.4929537	0.000732	GRK5	-0.2632938745505901		GRK5
6166	0.4188192	0.000734	RPL36AL	-0.3624896801820476		RPL36AL
29893	0.376783	0.000734	PSMC3IP	0.1585591807515627		PSMC3IP
689	0.2948559	0.000738	BTF3	0.3138218913078301		BTF3
2319	0.1967985	0.000738	FLOT2	0.0151111122731757		FLOT2
29086	0.2647814	0.000739	BABAM1	-0.1384993736086865		BABAM1
1646	0.8112291	0.000743	AKR1C2	-0.7084064488845323		AKR1C2
9051	0.6453351	0.000744	PSTPIP1	-0.5486898221739134		PSTPIP1
3251	-0.3218631	0.000745	HPRT1	0.3585011101816908		HPRT1
1522	0.4137722	0.000745	CTSZ	-0.3497801139591443		CTSZ
3396	0.3752068	0.000745	MRPL58	-0.2405377811240807		MRPL58
92106	0.2378111	0.000745	OXNAD1	-0.0180117257207981		OXNAD1
55635	1.1718273	0.000746	DEPDC1	-0.7204875150206638		DEPDC1
27247	0.3712556	0.000746	NFU1	-0.235458679785161		NFU1
100526794	0.2761458	0.000747	NT5C1B-RDH14	0.0082923463899735		NT5C1B-RDH14
116173	1.2025346	0.000748	CMTM5	0.2210656119778908		CMTM5
23493	1.0418778	0.00075	HEY2	-0.9357201799972352		HEY2
2787	0.3514769	0.000752	GNG5	-0.2487579652725031		GNG5
10799	0.4746977	0.000752	RPP40	-0.5185279381134045		RPP40
6621	-0.2691025	0.000752	SNAPC4	0.3259080857212106		SNAPC4
100500865	-0.9106119	0.000754	MIR3936	0.9671393898650712		MIR3936
91373	0.4412904	0.000755	UAP1L1	-0.1811609888168632		UAP1L1
9097	0.1901665	0.000757	USP14	-0.1986661816350494		USP14
284361	-0.4591841	0.000757	EMC10	0.4832741667478126		EMC10
153769	0.6356413	0.00076	SH3RF2	-0.3689572363676081		SH3RF2
64081	-0.4080263	0.000761	PBLD	0.5434566754060368		PBLD
145820	0.6454839	0.000761	LINC00924	-0.3682768433570136		LINC00924
152503	0.3592658	0.000762	SH3D19	-0.3636186548680804		SH3D19
23091	0.2918051	0.000762	ZC3H13	-0.090615433953487		ZC3H13
57190	0.2602508	0.000762	SELENON	0.0444447619171235		SELENON
440275	0.2966857	0.000762	EIF2AK4	-0.0260241159812881		EIF2AK4
339487	0.2867849	0.000763	ZBTB8OS	-0.2695260922037858		ZBTB8OS
4212	0.3248378	0.000763	MEIS2	-0.5411096949160354		MEIS2
57406	0.3996065	0.000766	ABHD6	-0.1246469912956782		ABHD6
5877	0.3384543	0.000767	RABIF	-0.3161594911294085		RABIF
322	0.305704	0.000769	APBB1	-0.2114932545390075		APBB1
100506551	0.6798727	0.00077	LOC100506551	-1.5032733233676256		LOC100506551
5886	0.233107	0.00077	RAD23A	0.0476072622519696		RAD23A
53826	-0.3597445	0.000772	FXYD6	0.2973787415483615		FXYD6
9276	0.1682909	0.000774	COPB2	-0.2017688038386831		COPB2
10807	0.2752391	0.000774	ENTR1	-0.3457211514668046		ENTR1
7552	-0.829921	0.000777	ZNF711	1.0325841293112803		ZNF711
10497	0.2346608	0.000777	UNC13B	0.0311567851471306		UNC13B
647024	0.4769305	0.000777	C6orf132	-0.6476698423767595		C6orf132
65062	-0.3021537	0.000782	TMEM237	0.2020821396899483		TMEM237
29883	0.2295657	0.000784	CNOT7	-0.3976652366476889		CNOT7
64769	-0.3441308	0.000786	MEAF6	0.2868260813460779		MEAF6
27230	-0.2877434	0.000787	SERP1	0.2974847179868041		SERP1
10652	0.2382403	0.000787	YKT6	-0.320035632896694		YKT6
6161	0.4151085	0.00079	RPL32	-0.398455969117931		RPL32
23266	0.3389184	0.000791	ADGRL2	-0.0846426370138244		ADGRL2
51372	0.3827254	0.000791	TMA7	-0.0807301325213112		TMA7
51031	-0.2604222	0.000792	GLOD4	0.0965869699703052		GLOD4
10861	-0.5040885	0.000796	SLC26A1	-0.3615584526032906		SLC26A1
100532736	-0.4614901	0.000799	MICOS10-NBL1	0.7529576089766445		MICOS10-NBL1
10059	0.2366115	0.000802	DNM1L	-0.3716687588232616		DNM1L
1183	0.3117518	0.000802	CLCN4	-0.1218898357196236		CLCN4
10256	-0.6839477	0.000803	CNKSR1	1.0732451298122694		CNKSR1
79635	0.2936695	0.000803	CCDC121	-0.1920960305436914		CCDC121
4649	0.3164216	0.000803	MYO9A	-0.6282938771407616		MYO9A
8900	-1.4995641	0.000804	CCNA1	1.718001232249049		CCNA1
100302692	-0.3378725	0.000805	FTX	0.2222404848063053		FTX
9124	-0.4053381	0.000806	PDLIM1	0.3755617458658822		PDLIM1
54465	0.3620885	0.000807	ETAA1	0.0787954467487259		ETAA1
5326	-0.3308649	0.00081	PLAGL2	0.3691774666918137		PLAGL2
64854	-0.3969889	0.000812	USP46	0.1365176564881451		USP46
284129	-0.3970353	0.000812	SLC26A11	0.3240313923079654		SLC26A11
5089	0.2236206	0.000815	PBX2	-0.2279005486067697		PBX2
80772	0.5037771	0.000815	CPTP	-0.4200240622553854		CPTP
79098	1.178066	0.000815	C1orf116	-1.2323029130841074		C1orf116
9489	-0.2054935	0.000815	PGS1	0.3428212426961918		PGS1
91120	0.6033675	0.000815	ZNF682	-0.5424533513793879		ZNF682
51098	-0.3005814	0.000815	IFT52	0.452204377066808		IFT52
5334	0.4230948	0.000817	PLCL1	-0.4084497135229732		PLCL1
5334	0.4230948	0.000817	PLCL1	0.2945384061273772		PLCL1
388284	-0.381903	0.000817	C16orf86	0.4534557047879117		C16orf86
3728	0.3905639	0.000817	JUP	-0.3682412821827148		JUP
64359	0.5245491	0.00082	NXN	-0.769258698579165		NXN
23086	1.3983392	0.000821	EXPH5	-1.3523392366051		EXPH5
55803	0.5660982	0.000822	ADAP2	-0.6398048141663852		ADAP2
23212	0.2858318	0.000824	RRS1	-0.0920372185309115		RRS1
57010	0.6563721	0.000824	CABP4	-0.5972631736198125		CABP4
114902	-0.5435937	0.000828	C1QTNF5	0.5808939756806266		C1QTNF5
83552	-0.5435937	0.000828	MFRP	3.151272592909085		MFRP
116447	0.4476292	0.000828	TOP1MT	-0.3082611019911701		TOP1MT
7852	-0.9558909	0.000829	CXCR4	1.0133006868848975		CXCR4
144363	0.3777965	0.000829	ETFRF1	-0.331003007192705		ETFRF1
6135	0.3848333	0.000832	RPL11	-0.1734199365432278		RPL11
9425	0.217965	0.000833	CDYL	-0.4328794825141795		CDYL
647288	0.7130157	0.000833	CTAGE11P	-0.5864495045938578		CTAGE11P
28955	0.3443779	0.000833	DEXI	-0.3081980820048313		DEXI
2022	-0.5093231	0.000836	ENG	0.3989096697211423		ENG
8459	0.4652298	0.000836	TPST2	-0.4527862372998834		TPST2
5119	-0.2271398	0.000837	CHMP1A	0.1992745350755003		CHMP1A
10943	0.1937404	0.000843	MSL3	0.0659911123609546		MSL3
79169	-0.3111322	0.000843	C1orf35	0.3130542271084828		C1orf35
266655	-0.2718454	0.000843	BRD3OS	0.5667821746561661		BRD3OS
5868	0.2134571	0.000843	RAB5A	-0.1266312068073096		RAB5A
23208	-0.409248	0.000843	SYT11	0.6528855120583854		SYT11
57456	0.2166652	0.000844	KIAA1143	-0.7005067490722823		KIAA1143
55738	-0.2124465	0.000845	ARFGAP1	0.2039470056127221		ARFGAP1
6744	0.2836425	0.000846	ITPRID2	-0.2354156113836554		ITPRID2
80232	0.2404828	0.000846	WDR26	-0.3370726080028579		WDR26
828	-0.4597096	0.000846	CAPS	0.6736526961337077		CAPS
9547	-1.39075	0.000847	CXCL14	1.4930528855307856		CXCL14
1798	0.2965425	0.00085	DPAGT1	-0.4407356859502647		DPAGT1
122618	-0.9317014	0.000851	PLD4	3.665389964538425		PLD4
10392	-0.2860191	0.000851	NOD1	0.2038717049029679		NOD1
6345	0.3138077	0.000853	SRL	-0.3212129082582962		SRL
23567	-0.2043189	0.000853	ZNF346	-0.0590480653129308		ZNF346
7360	0.2891003	0.000857	UGP2	-0.270092867565836		UGP2
3820	-1.3334153	0.000857	KLRB1	1.583346737976285		KLRB1
1536	0.7966343	0.000859	CYBB	-0.5437544615330139		CYBB
10667	0.2430497	0.000859	FARS2	0.0111800322452113		FARS2
51466	-0.3532056	0.000859	EVL	0.7316144609919579		EVL
9877	0.2462556	0.00086	ZC3H11A	-0.0956207333600795		ZC3H11A
6560	-0.2397631	0.000862	SLC12A4	0.3543428295102089		SLC12A4
3973	-1.757937	0.000864	LHCGR	6.4969920773068885		LHCGR
3973	-1.757937	0.000864	LHCGR	1.5885727262315013		LHCGR
246184	0.3932169	0.000864	CDC26	-0.9277363473541184		CDC26
4629	-0.8609817	0.000865	MYH11	19.27121835003296		MYH11
387758	-0.836749	0.000866	FIBIN	1.13972545210822		FIBIN
255877	-0.8703318	0.000867	BCL6B	1.1184834553130445		BCL6B
5569	0.376289	0.000867	PKIA	-0.2111941826943919		PKIA
55735	0.2520774	0.000868	DNAJC11	-0.4560230459858712		DNAJC11
142678	-0.2428358	0.000868	MIB2	0.4254563415385677		MIB2
5531	-0.2100492	0.000868	PPP4C	0.4283723967499426		PPP4C
63933	0.2587476	0.000869	MCUR1	-0.4546199369107411		MCUR1
153201	1.4880085	0.000874	SLC36A2	-1.059629757913786		SLC36A2
64374	0.270654	0.000876	SIL1	-0.1285627754128357		SIL1
1464	-0.5641744	0.000877	CSPG4	0.5988001486846781		CSPG4
51176	-1.2976854	0.000879	LEF1	0.8594961687013356		LEF1
3547	-1.2825676	0.00088	IGSF1	1.4402493193539785		IGSF1
56996	-0.3243176	0.000881	SLC12A9	0.2572586980192644		SLC12A9
5216	0.2959089	0.000882	PFN1	-0.279900446369048		PFN1
388650	0.4095169	0.000883	DIPK1A	-0.4226256409403754		DIPK1A
25841	-0.6921836	0.000884	ABTB2	0.7150144554004045		ABTB2
57226	0.1789853	0.000885	LYRM2	-0.145626332102922		LYRM2
150678	0.5532788	0.000886	COPS9	-0.5081286225069785		COPS9
8884	0.3078251	0.000891	SLC5A6	-0.0847563656666499		SLC5A6
728978	-1.0573095	0.000891	UNC5B-AS1	1.155140236488046		UNC5B-AS1
55274	0.2849232	0.000896	PHF10	-0.0213777455196595		PHF10
57678	0.5704297	0.000898	GPAM	-0.6554028705646568		GPAM
6777	-0.1727394	0.000898	STAT5B	0.1050471500640339		STAT5B
55578	0.1426909	0.000899	SUPT20H	-0.2216552923809454		SUPT20H
84820	0.2498051	0.000899	POLR2J4	0.3080457703861171		POLR2J4
84433	-0.9037151	0.000902	CARD11	1.0633022837234318		CARD11
51567	0.1780886	0.000902	TDP2	-0.1385601820554169		TDP2
51386	-0.2196869	0.000904	EIF3L	0.3342726009169432		EIF3L
4547	0.5966056	0.000906	MTTP	-0.2028328817499844		MTTP
643783	-0.4975336	0.000907	USP46-DT	0.7747594788882917		USP46-DT
6139	0.4889361	0.00091	RPL17	-0.2191137788472508		RPL17
286499	-1.6700639	0.000911	FAM133A	2.031059880025203		FAM133A
9937	0.3348628	0.000911	DCLRE1A	-0.3314910658903289		DCLRE1A
29080	0.3352926	0.000912	CCDC59	-0.2125541363708079		CCDC59
221302	0.2834246	0.000915	ZUP1	-0.0620367114085658		ZUP1
55898	-0.2329501	0.000915	UNC45A	0.3862292264696001		UNC45A
84662	-0.6035619	0.000918	GLIS2	0.902552795397452		GLIS2
54065	0.3530961	0.000919	SMIM11	-0.0193323323123948		SMIM11
10664	0.2044296	0.000921	CTCF	0.0493551946614521		CTCF
374987	0.7113227	0.000922	NEXN-AS1	0.0536344326918621		NEXN-AS1
55816	-1.0043511	0.000925	DOK5	1.3267348321843728		DOK5
100506757	0.8771727	0.000926	LINC00629	-0.5515298431938038		LINC00629
3491	-1.3894434	0.000928	CCN1	1.7542598862589216		CCN1
84961	-0.2664996	0.000928	FBXL20	0.0661281910137385		FBXL20
124401	-0.2719828	0.000932	ANKS3	0.1609019642046596		ANKS3
3240	1.2567512	0.000933	HP	-1.3853620202489627		HP
55703	0.2846144	0.000937	POLR3B	-0.2246726019466067		POLR3B
57180	-0.2797604	0.000937	ACTR3B	0.4701137392143475		ACTR3B
8907	-0.2000911	0.000938	AP1M1	0.2985331805408986		AP1M1
84301	0.301145	0.000938	DDI2	-0.0676313218575415		DDI2
151195	0.3206606	0.000941	CCNYL1	-0.2829579003290448		CCNYL1
27163	-0.4984161	0.000941	NAAA	0.4767185681963202		NAAA
5049	-0.2082559	0.000941	PAFAH1B2	0.0980159978520394		PAFAH1B2
126068	-0.4505094	0.000941	ZNF441	0.7939220018492086		ZNF441
26261	-0.5532052	0.000941	FBXO24	0.8377987160620127		FBXO24
2644	0.5667853	0.000941	GCHFR	-0.6808351783572846		GCHFR
10892	0.3366464	0.000943	MALT1	-0.1977511225458048		MALT1
11309	-0.7201059	0.000944	SLCO2B1	1.0679943662202809		SLCO2B1
5093	-0.1382054	0.000945	PCBP1	0.3826497359840042		PCBP1
8888	0.2083618	0.000946	MCM3AP	-0.2935630434009599		MCM3AP
10178	-0.8067983	0.000946	TENM1	0.7714958978369717		TENM1
139735	0.5280871	0.000947	ZFP92	-0.373298287393375		ZFP92
57862	-0.2369895	0.000949	ZNF410	0.4601615648854928		ZNF410
100101266	-0.566782	0.000953	HAVCR1P1	2.9780976521408427		HAVCR1P1
10200	0.3769101	0.000955	MPHOSPH6	-0.4495246403138946		MPHOSPH6
783	0.6472785	0.000955	CACNB2	-0.7221335545188761		CACNB2
23335	0.2835514	0.000957	WDR7	-0.5572037236944207		WDR7
80146	0.2955047	0.000961	UXS1	-0.3757545258499171		UXS1
5465	0.3187455	0.000961	PPARA	0.0385479713330481		PPARA
6594	0.2251479	0.000966	SMARCA1	-0.3191421006047319		SMARCA1
120103	0.5133938	0.000968	SLC36A4	-0.844518299572349		SLC36A4
57106	-0.4120361	0.000975	NAT14	0.7426688398311043		NAT14
79979	0.2817982	0.000976	TRMT2B	-0.2822919388298603		TRMT2B
23228	0.5587573	0.000977	PLCL2	-0.3906448706677627		PLCL2
9827	0.2235039	0.000982	RGP1	-0.0738390904563845		RGP1
9148	-0.8923006	0.000982	NEURL1	0.8958927237841756		NEURL1
11000	-0.437629	0.000984	SLC27A3	0.5041314407685302		SLC27A3
105376736	0.70557	0.000985	EXOSC10-AS1	0.3577936566428137		EXOSC10-AS1
114799	0.2776481	0.000988	ESCO1	-0.2475767272048905		ESCO1
55193	0.2863504	0.000988	PBRM1	-0.390686585231756		PBRM1
3959	-0.4322121	0.000989	LGALS3BP	0.4862650470215452		LGALS3BP
1292	-0.497791	0.00099	COL6A2	0.4813177128456676		COL6A2
54534	0.3128221	0.000993	MRPL50	-0.439566596912095		MRPL50
100287902	0.5186697	0.000994	LGALS8-AS1	-0.0265201656850613		LGALS8-AS1
85403	-0.2513148	0.000994	EAF1	0.4090562612599273		EAF1
8992	0.229876	0.000995	ATP6V0E1	0.0493663118782894		ATP6V0E1
285971	-0.3414804	0.000995	ZNF775	0.4192478101709653		ZNF775
55723	0.8520621	0.000997	ASF1B	-0.6573627997362816		ASF1B
660	-0.8487448	0.000997	BMX	1.0225905578244143		BMX
307	-0.4285832	0.001	ANXA4	0.5227039066719072		ANXA4
79366	0.5497839	0.001	HMGN5	-0.4506609934621171		HMGN5
84988	0.3719155	0.001	PPP1R16A	-0.267278203288714		PPP1R16A
10402	-0.4485706	0.001	ST3GAL6	0.6099292629460864		ST3GAL6
3159	0.3795564	0.001	HMGA1	-0.2691524692399096		HMGA1
10654	0.3357988	0.00101	PMVK	-0.3425977811454057		PMVK
9717	1.3704192	0.00101	SEC14L5	-1.088203652235671		SEC14L5
6942	0.2249081	0.00101	TCF20	-0.0986618904483944		TCF20
202243	-0.3952953	0.00101	CCDC125	0.5049651528368977		CCDC125
100526842	0.4015916	0.00102	RPL17-C18orf32	-1.312546034778939		RPL17-C18orf32
2570	0.6562029	0.00102	GABRR2	-0.8526632745740668		GABRR2
84330	-0.3060104	0.00102	ZNF414	0.2407707923638673		ZNF414
675	0.7681995	0.00102	BRCA2	-0.5803593699864471		BRCA2
221091	-0.7242709	0.00102	LRRN4CL	0.7957992397468225		LRRN4CL
9358	-1.3791104	0.00102	ITGBL1	1.888196592451292		ITGBL1
53981	0.2335033	0.00103	CPSF2	-0.3426180270338554		CPSF2
255798	0.6638828	0.00103	SMCO1	-0.6027110776031321		SMCO1
2967	-0.3195563	0.00103	GTF2H3	0.2530232823248717		GTF2H3
10121	0.2159388	0.00103	ACTR1A	-0.2233816741763901		ACTR1A
5110	0.2199486	0.00103	PCMT1	-0.0403322315008516		PCMT1
9897	0.2377078	0.00103	WASHC5	-0.4510003124364603		WASHC5
284119	-0.3238907	0.00103	CAVIN1	0.3925484097783132		CAVIN1
29990	-0.444001	0.00104	PILRB	0.793425007807028		PILRB
57639	0.6933594	0.00104	CCDC146	-0.2704830391140955		CCDC146
8511	-0.6831419	0.00104	MMP23A	0.0		MMP23A
64430	-0.3510682	0.00104	PCNX4	0.710441292636717		PCNX4
5203	0.3815359	0.00105	PFDN4	-0.2528576638417688		PFDN4
6128	0.3378827	0.00105	RPL6	-0.657931355188385		RPL6
5810	0.2818558	0.00105	RAD1	-0.3493370092747296		RAD1
10915	0.2543557	0.00105	TCERG1	-0.1935821915358566		TCERG1
7748	0.232417	0.00105	ZNF195	-0.1521210563497859		ZNF195
8479	0.198965	0.00105	HIRIP3	0.1096330753328684		HIRIP3
5931	0.1919334	0.00105	RBBP7	-0.3837261774698817		RBBP7
3479	-0.8463431	0.00105	IGF1	0.7843637806224144		IGF1
79142	0.2937178	0.00105	PHF23	-0.3422184247241224		PHF23
79735	-0.2975707	0.00105	TBC1D17	0.5746677831781559		TBC1D17
92822	-0.2031671	0.00105	ZNF276	0.1640260749772792		ZNF276
80724	-0.291384	0.00105	ACAD10	0.4443744807710947		ACAD10
10916	-0.3132385	0.00105	MAGED2	0.2361372869950679		MAGED2
91039	0.236884	0.00106	DPP9	-0.4909178303257135		DPP9
57002	0.2364689	0.00106	YAE1	-0.0776166162864684		YAE1
2804	0.2606875	0.00106	GOLGB1	0.0327271923637448		GOLGB1
8128	-0.8435374	0.00106	ST8SIA2	0.9878144722287991		ST8SIA2
91057	0.6474749	0.00106	CCDC34	-0.8470891181567912		CCDC34
10048	0.1772089	0.00106	RANBP9	-0.1886925473830967		RANBP9
84525	1.8616769	0.00107	HOPX	-2.149204808987154		HOPX
118487	0.3044406	0.00107	CHCHD1	-0.0849912801351697		CHCHD1
25878	-1.452084	0.00107	MXRA5	1.58425977481241		MXRA5
8623	-0.338845	0.00108	ASMTL	0.418131803864699		ASMTL
6309	0.3070873	0.00108	SC5D	0.0005931317567622		SC5D
10111	0.3328803	0.00108	RAD50	-0.2177974199065104		RAD50
343069	0.7000541	0.00108	HNRNPCL1	0.165090836908051		HNRNPCL1
729967	0.3426437	0.00108	MORN2	-0.1092485798068336		MORN2
201595	0.2171257	0.00108	STT3B	-0.2151797512212123		STT3B
165324	0.2793175	0.00108	UBXN2A	-0.3107955844771441		UBXN2A
285193	-0.2330745	0.00108	DUSP28	0.6635329449752883		DUSP28
7905	0.1863418	0.00109	REEP5	-0.018643082489544		REEP5
116444	-0.3391745	0.00109	GRIN3B	2.272941021139533		GRIN3B
81575	-1.2939532	0.0011	APOLD1	1.4606527073733426		APOLD1
57669	-0.303068	0.0011	EPB41L5	0.343956080746338		EPB41L5
55651	0.2843619	0.0011	NHP2	-0.4183020817312846		NHP2
54842	0.4270722	0.0011	MFSD6	-0.2091392495388984		MFSD6
440119	-1.1633177	0.0011	FZD10-AS1	1.08685197238638		FZD10-AS1
55884	0.2862411	0.0011	WSB2	-0.1929200587591033		WSB2
3482	0.266738	0.0011	IGF2R	-0.1334607490515127		IGF2R
83737	0.2293595	0.0011	ITCH	-0.1661847086892085		ITCH
5694	0.2520261	0.00111	PSMB6	-0.0883408997810244		PSMB6
79731	0.3041564	0.00111	NARS2	-0.2113385457520573		NARS2
6498	-0.7171729	0.00111	SKIL	0.2820361285823356		SKIL
284252	0.5528674	0.00111	KCTD1	-0.4746818902624663		KCTD1
619208	0.3431991	0.00112	FAM229B	-0.0844874527676218		FAM229B
5256	0.3568504	0.00112	PHKA2	-0.5291611899608952		PHKA2
90121	-0.1908705	0.00112	TSR2	0.3769936808920429		TSR2
63943	0.4092356	0.00112	FKBPL	-0.45299473613214		FKBPL
158401	-0.8972485	0.00113	SHOC1	-0.495818071949075		SHOC1
83544	-0.2411148	0.00113	DNAL1	0.0481826334866095		DNAL1
83999	-0.4175401	0.00113	KREMEN1	0.353584319655023		KREMEN1
904	-0.2129672	0.00113	CCNT1	0.1334113259093698		CCNT1
414919	0.3326425	0.00113	C8orf82	-0.2904745954588223		C8orf82
1901	-0.3770634	0.00114	S1PR1	0.5503424641829406		S1PR1
57698	0.4997501	0.00114	SHTN1	-0.4513356610285124		SHTN1
64745	0.2296287	0.00114	METTL17	0.1523480480312784		METTL17
10982	-0.4268926	0.00114	MAPRE2	0.4504855285475448		MAPRE2
6138	-0.2071906	0.00114	RPL15	0.4489285276065482		RPL15
752014	-0.3876016	0.00114	CEMP1	-0.2263084273272264		CEMP1
55143	0.9703228	0.00114	CDCA8	-0.7773175250175575		CDCA8
5350	0.3572279	0.00114	PLN	-0.0944319328346807		PLN
57085	-0.4281987	0.00115	AGTRAP	0.7246370974530638		AGTRAP
5042	-0.3307102	0.00115	PABPC3	0.2055741034416733		PABPC3
23169	-0.3536085	0.00115	SLC35D1	0.3962960259082102		SLC35D1
6173	0.4121638	0.00115	RPL36A	0.3548003053922162		RPL36A
51768	-0.253432	0.00115	TM7SF3	0.3270947367594843		TM7SF3
2081	-0.7238068	0.00115	ERN1	0.3857102421382388		ERN1
29906	-0.7644911	0.00115	ST8SIA5	0.7171749815598414		ST8SIA5
51078	0.2596396	0.00115	THAP4	-0.2092746048281988		THAP4
2653	0.3091222	0.00115	GCSH	-0.7914294007105238		GCSH
255061	-1.2793286	0.00116	TAC4	1.382103794366938		TAC4
84720	-0.2270764	0.00116	PIGO	0.1503946900620669		PIGO
7355	-0.214116	0.00116	SLC35A2	0.1914436726738557		SLC35A2
100507423	-0.3052941	0.00116	MKNK1-AS1	-0.0244153221331302		MKNK1-AS1
1022	0.2644628	0.00116	CDK7	-0.0797646363521917		CDK7
199745	0.4966984	0.00117	THAP8	-0.4789034134164858		THAP8
2051	0.5891339	0.00117	EPHB6	-0.5690734460734082		EPHB6
100874259	0.6890402	0.00117	SLC25A30-AS1	0.9828516158169198		SLC25A30-AS1
56255	0.415433	0.00117	TMX4	-0.527805155515372		TMX4
116441	0.779906	0.00117	TM4SF18	-0.675517860564872		TM4SF18
241	0.6768389	0.00117	ALOX5AP	-0.5088944251077447		ALOX5AP
51187	-0.2188759	0.00117	RSL24D1	-0.0463182327205871		RSL24D1
27065	1.2603458	0.00118	NSG1	-1.2524454938974523		NSG1
3660	0.3437169	0.00118	IRF2	-0.3570796808866525		IRF2
253190	-0.3729877	0.00119	SERHL2	0.4979941728221643		SERHL2
4488	-0.4382542	0.00119	MSX2	0.7413980254241946		MSX2
126	0.9087163	0.00119	ADH1C	-0.7989476144509449		ADH1C
23071	0.2093716	0.00119	ERP44	-0.1568248783358816		ERP44
4848	0.1580384	0.00119	CNOT2	-0.1971446462377608		CNOT2
388574	0.6611326	0.00119	RPL23AP87	-0.195926612174667		RPL23AP87
9023	-2.2176404	0.0012	CH25H	2.39835685263828		CH25H
6430	-0.2836858	0.0012	SRSF5	0.2656994308934823		SRSF5
374872	-1.1730595	0.0012	PEAK3	0.9924490446751132		PEAK3
9331	0.6324304	0.0012	B4GALT6	-0.9634912091929182		B4GALT6
7272	1.3781595	0.0012	TTK	-0.9606775306751036		TTK
493856	0.2785879	0.0012	CISD2	0.3729100415317314		CISD2
84317	-0.2739657	0.0012	CCDC115	0.3192201328186401		CCDC115
137682	0.2826337	0.00121	NDUFAF6	-0.2603063548586481		NDUFAF6
347733	0.5244577	0.00121	TUBB2B	-0.2982034159896143		TUBB2B
79869	-0.2266384	0.00121	CPSF7	0.1764757609909946		CPSF7
9978	-0.3056698	0.00121	RBX1	0.4756488987759741		RBX1
4650	0.2380956	0.00122	MYO9B	0.0909692619527957		MYO9B
7922	0.2405526	0.00122	SLC39A7	0.0032457683513129		SLC39A7
91050	0.2125132	0.00122	CCDC149	-0.664358392803813		CCDC149
8227	-0.2477621	0.00122	AKAP17A	0.8506163739605763		AKAP17A
10598	0.3164007	0.00122	AHSA1	-0.1710199597311295		AHSA1
1019	-0.252585	0.00122	CDK4	0.2330218317083536		CDK4
56120	0.7230908	0.00122	PCDHGB8P	-0.436816295877501		PCDHGB8P
55122	-0.303098	0.00122	AKIRIN2	0.3359592158054338		AKIRIN2
100093631	0.1856275	0.00123	GTF2IP4	0.0323669599652148		GTF2IP4
351	-0.1722735	0.00123	APP	-0.0682626673154711		APP
115509	-0.2455302	0.00123	ZNF689	0.3273660572402179		ZNF689
869	-0.8339417	0.00123	CBLN1	0.645393462033071		CBLN1
3191	-0.1816315	0.00123	HNRNPL	0.3139968752335571		HNRNPL
152579	0.272664	0.00123	SCFD2	-0.2346702772596631		SCFD2
4023	-0.7329281	0.00123	LPL	0.8358440245003731		LPL
126006	0.9467026	0.00123	PCP2	-1.0940578753572128		PCP2
84892	0.2319146	0.00123	POMGNT2	-0.2021891829903035		POMGNT2
1877	-0.2197864	0.00123	E4F1	0.3342106909175379		E4F1
9669	0.3009493	0.00123	EIF5B	0.2048590876867289		EIF5B
8724	0.1972167	0.00124	SNX3	-0.2613287972806475		SNX3
482	-0.550822	0.00124	ATP1B2	0.5870004208515744		ATP1B2
340371	-0.2964484	0.00124	NRBP2	0.3586027204464406		NRBP2
10517	0.7547529	0.00124	FBXW10	-0.0222478140889386		FBXW10
201229	-0.4366255	0.00124	LYRM9	0.356349787516578		LYRM9
607	-0.3088648	0.00125	BCL9	0.4667059942786173		BCL9
8771	-0.4638319	0.00125	TNFRSF6B	1.237414939766531		TNFRSF6B
84179	-0.3212992	0.00125	SLC49A3	0.5406678042658135		SLC49A3
55187	0.6342112	0.00126	VPS13D	-0.8027369625142011		VPS13D
1212	0.3072656	0.00126	CLTB	-0.1794608146987641		CLTB
85406	0.1777087	0.00126	DNAJC14	-0.3401356173172489		DNAJC14
23676	0.3517987	0.00126	SMPX	-0.3053920977341509		SMPX
51704	0.3771061	0.00126	GPRC5B	-0.4177351505052176		GPRC5B
80723	-0.3042491	0.00127	SLC35G2	0.5899814070714697		SLC35G2
285533	0.8762326	0.00127	RNF175	-0.9420572946921388		RNF175
254887	0.5544648	0.00127	ZDHHC23	-0.4346795523117038		ZDHHC23
63967	1.0079055	0.00128	CLSPN	-0.9688522550401008		CLSPN
63908	-0.2006299	0.00128	NAPB	0.2243575636744292		NAPB
387597	-0.5562462	0.00129	ILDR2	0.5508198859481088		ILDR2
11238	-0.5144637	0.00129	CA5B	0.7403050161354432		CA5B
85002	-0.5842418	0.0013	FAM86B1	0.6704292198451653		FAM86B1
399818	-0.261828	0.0013	EEF1AKMT2	0.3017731282924805		EEF1AKMT2
402055	0.1877132	0.0013	SRRD	-0.4031669459641547		SRRD
10449	0.3914289	0.0013	ACAA2	-0.4390791103214635		ACAA2
100874291	-0.962936	0.00131	ALMS1-IT1	1.3922952786458411		ALMS1-IT1
6505	0.5574941	0.00131	SLC1A1	-0.2402353138975018		SLC1A1
57592	-0.2078601	0.00132	ZNF687	0.5228347809975546		ZNF687
5693	0.2587625	0.00132	PSMB5	-0.2355455134922852		PSMB5
5611	0.2248295	0.00132	DNAJC3	0.0143164951225585		DNAJC3
2672	-0.903877	0.00133	GFI1	0.7325965072602436		GFI1
10419	0.2308276	0.00133	PRMT5	-0.1494779378133541		PRMT5
84866	0.2842365	0.00134	TMEM25	-0.0976465865790605		TMEM25
79685	0.2445055	0.00134	SAP30L	-0.589410281995205		SAP30L
54093	-0.1850463	0.00134	SETD4	0.0619562373675606		SETD4
10900	-0.878105	0.00134	RUNDC3A	1.0942551033166412		RUNDC3A
90378	0.3488833	0.00134	SAMD1	-0.3791194862551181		SAMD1
100506668	0.4220604	0.00134	NRAV	-0.4263606336581318		NRAV
81493	0.3281734	0.00134	SYNC	-0.8404704416699804		SYNC
56898	-0.2760955	0.00134	BDH2	0.3820936145334856		BDH2
5425	0.3236155	0.00134	POLD2	-0.3265067406684716		POLD2
5829	-0.3276748	0.00134	PXN	0.2536022634803512		PXN
79933	-0.5025565	0.00135	SYNPO2L	0.6569171152001028		SYNPO2L
284900	-0.3786421	0.00135	TTC28-AS1	0.3005922568598236		TTC28-AS1
6400	0.283734	0.00135	SEL1L	-0.5258669878676523		SEL1L
6336	0.5416014	0.00136	SCN10A	-0.8061495890805288		SCN10A
2026	-0.6098283	0.00136	ENO2	0.9549731996640518		ENO2
6720	0.6022867	0.00136	SREBF1	-0.9047145584042092		SREBF1
10951	0.1854447	0.00137	CBX1	-0.3862020167344067		CBX1
5768	0.4925283	0.00137	QSOX1	-0.2594848509871523		QSOX1
55035	0.232544	0.00137	NOL8	-0.1954995003069255		NOL8
100128531	0.8378362	0.00137	KIAA1671-AS1	0.5107913174379197		KIAA1671-AS1
157381	1.6085983	0.00137	LINC00964	-1.029960016866311		LINC00964
109729182	0.3878689	0.00137	DM1-AS	0.2170747112212108		DM1-AS
101929212	0.8355339	0.00137	SMIM2-AS1	-0.6888591840245613		SMIM2-AS1
100532746	-0.2057064	0.00137	PPT2-EGFL8	1.1570892448957162		PPT2-EGFL8
9610	-0.5068824	0.00137	RIN1	0.5054157025723175		RIN1
10147	0.1410686	0.00137	SUGP2	0.070067329128479		SUGP2
64208	0.3541382	0.00137	POPDC3	-0.3852756446532908		POPDC3
9736	0.2677875	0.00138	USP34	-0.1484112969687396		USP34
723961	-0.6863866	0.00138	INS-IGF2	0.0		INS-IGF2
5224	0.4636819	0.00139	PGAM2	-0.4437748724692802		PGAM2
100288413	0.7715269	0.0014	ERVMER34-1	-0.7204921894240737		ERVMER34-1
84952	-0.6578945	0.0014	CGNL1	0.976092000122078		CGNL1
9063	-0.2386188	0.0014	PIAS2	0.1067120007126654		PIAS2
9063	-0.2386188	0.0014	PIAS2	0.0		PIAS2
2801	0.2140888	0.0014	GOLGA2	-0.228784519679027		GOLGA2
54082	1.3365979	0.0014	TSPEAR-AS1	-0.2451036053254047		TSPEAR-AS1
100128731	0.2652671	0.0014	OST4	-0.1417732010742014		OST4
255403	-0.5703869	0.00141	ZNF718	0.3448247305698728		ZNF718
11017	0.2056053	0.00141	SNRNP27	-0.0840615567709299		SNRNP27
170689	0.7212107	0.00141	ADAMTS15	-0.6354911043126878		ADAMTS15
440944	-0.2431026	0.00141	THUMPD3-AS1	0.1940066735288033		THUMPD3-AS1
63875	0.286427	0.00142	MRPL17	-0.2807555155338841		MRPL17
26353	-0.3132401	0.00142	HSPB8	0.5418902038912226		HSPB8
114899	-0.8092883	0.00142	C1QTNF3	1.0658829975835478		C1QTNF3
81847	-0.3272551	0.00142	RNF146	0.6674279317552321		RNF146
134549	-0.3230509	0.00142	SHROOM1	0.4028282378044134		SHROOM1
114900	-0.8143655	0.00142	C1QTNF4	1.4191202745993534		C1QTNF4
84996	0.3527851	0.00143	URB1-AS1	-0.0991176963084945		URB1-AS1
84302	-0.2575864	0.00143	PGAP4	0.3037703161526446		PGAP4
23284	-0.7042541	0.00143	ADGRL3	0.987547833885152		ADGRL3
144699	-0.3097174	0.00143	FBXL14	0.6269197051100903		FBXL14
115308161	-0.6184196	0.00145	LOC115308161	1.1103131608178485		LOC115308161
576	-0.6677172	0.00145	ADGRB2	0.6476779504301797		ADGRB2
56944	-0.5474913	0.00145	OLFML3	0.8323898139410364		OLFML3
101929733	-0.6194964	0.00145	LINC01954	0.928057807292487		LINC01954
84693	0.3376797	0.00145	MCEE	-0.2373114315832456		MCEE
100505738	0.4509363	0.00145	MIR4458HG	-0.2784023684695742		MIR4458HG
54989	0.3703565	0.00145	ZNF770	-0.7758135481839332		ZNF770
5306	0.183468	0.00145	PITPNA	-0.3920951787038644		PITPNA
9780	-0.4078267	0.00145	PIEZO1	0.3373120303109544		PIEZO1
5585	0.2570436	0.00145	PKN1	-0.104283527101991		PKN1
51085	1.7422206	0.00146	MLXIPL	-2.019059631142398		MLXIPL
51548	-0.2694487	0.00146	SIRT6	0.3422436587934507		SIRT6
10226	0.4043743	0.00146	PLIN3	-0.3383119110452819		PLIN3
22949	0.3652828	0.00146	PTGR1	-0.2186811999062001		PTGR1
51127	-0.7881284	0.00146	TRIM17	0.9331757429040182		TRIM17
9881	-0.4727302	0.00146	TRANK1	0.4210877883005799		TRANK1
2172	1.008256	0.00147	FABP6	-0.7927774500996574		FABP6
401565	0.5740561	0.00147	FAM166A	-0.244776554461259		FAM166A
138724	-0.9211	0.00147	C9orf131	2.853897490311297		C9orf131
219988	0.1763025	0.00147	PATL1	-0.1356541875418591		PATL1
9320	0.1795463	0.00147	TRIP12	-0.5025819429415268		TRIP12
340554	-0.7269864	0.00147	ZC3H12B	1.1158345127447582		ZC3H12B
1145	-0.7043328	0.00147	CHRNE	2.3099236391697917		CHRNE
1287	-0.5919062	0.00148	COL4A5	0.6351752661624879		COL4A5
400709	0.960242	0.00148	SIGLEC16	-0.4977593564155815		SIGLEC16
4689	0.6246083	0.00148	NCF4	-0.5441339084036829		NCF4
79147	-0.3191696	0.00148	FKRP	0.4016685806163922		FKRP
8549	-1.5427656	0.00148	LGR5	0.7251530361775425		LGR5
51005	-0.3650244	0.00148	AMDHD2	0.543603959879404		AMDHD2
9805	-0.5082054	0.00149	SCRN1	0.549590963872332		SCRN1
100133545	-0.9799749	0.00149	MRPL23-AS1	1.0241135282332472		MRPL23-AS1
101928093	0.6598707	0.00149	LOC101928093	2.573119013471678		LOC101928093
255130	-0.5074841	0.00149	IGFBP7-AS1	-0.2920669173986405		IGFBP7-AS1
10484	0.3647175	0.00149	SEC23A	-0.4460684831107455		SEC23A
64968	0.5077164	0.0015	MRPS6	-0.4088764124524537		MRPS6
85464	0.2568601	0.0015	SSH2	-0.2476366906094878		SSH2
9658	-0.3123691	0.0015	ZNF516	0.2200336983195758		ZNF516
23081	0.1832421	0.0015	KDM4C	-0.2973234203863972		KDM4C
56942	0.3363669	0.00152	CMC2	-0.2788370465381087		CMC2
6877	0.3214007	0.00152	TAF5	-0.0115242247064036		TAF5
81491	-0.5970213	0.00152	GPR63	0.5411921372822761		GPR63
641372	0.5557713	0.00152	ACOT6	1.3578601842722475		ACOT6
401265	0.6200224	0.00153	KLHL31	-0.706447119596743		KLHL31
548645	0.2573476	0.00153	DNAJC25	0.0289306731308234		DNAJC25
2260	-0.2646818	0.00153	FGFR1	0.0832888816878805		FGFR1
55740	-0.5226342	0.00153	ENAH	0.0269597085491604		ENAH
51260	0.3424161	0.00153	PBDC1	-0.1632499052298293		PBDC1
101928963	-0.623838	0.00154	HNRNPD-DT	0.7870044524437285		HNRNPD-DT
100533182	-0.7961009	0.00155	SEC24B-AS1	1.1237723034361191		SEC24B-AS1
4851	-0.3878498	0.00155	NOTCH1	0.3880444849407669		NOTCH1
8607	0.2150058	0.00155	RUVBL1	-0.1631003885550379		RUVBL1
113130	0.693728	0.00155	CDCA5	-0.7418549703980992		CDCA5
4716	0.377077	0.00155	NDUFB10	-0.230059915639929		NDUFB10
92667	0.2823468	0.00155	MGME1	-0.025747291582975		MGME1
2523	-0.7301582	0.00155	FUT1	0.7623268256766748		FUT1
4091	-0.6220081	0.00155	SMAD6	1.0579865105528716		SMAD6
5362	-0.422857	0.00156	PLXNA2	0.3744935088276317		PLXNA2
54436	-0.6010084	0.00156	SH3TC1	0.8168431237283325		SH3TC1
79742	0.3878289	0.00156	DIPK2B	-0.4414791273611831		DIPK2B
23077	0.2928844	0.00156	MYCBP2	-0.3790784508385671		MYCBP2
9609	-0.6907066	0.00156	RAB36	0.8871463354502354		RAB36
9026	0.4202252	0.00156	HIP1R	0.0178449434989991		HIP1R
100507602	0.5908783	0.00156	TRIM52-AS1	-0.2001202249719682		TRIM52-AS1
101929549	0.6375866	0.00156	GAU1	0.4370701961616072		GAU1
26115	-0.5717628	0.00157	TANC2	0.934016755477968		TANC2
345557	0.5654855	0.00157	PLCXD3	-0.5522918103604795		PLCXD3
7155	0.2141758	0.00157	TOP2B	-0.3025627169216491		TOP2B
91369	0.2551973	0.00157	ANKRD40	-0.2791821073339413		ANKRD40
2634	0.5721648	0.00157	GBP2	-0.6464873416833363		GBP2
79897	0.3125362	0.00157	RPP21	-0.0598640933444061		RPP21
10199	0.226231	0.00158	MPHOSPH10	0.1791289497519361		MPHOSPH10
26267	0.1946415	0.00158	FBXO10	-0.1784529571781701		FBXO10
51406	0.2067106	0.00158	NOL7	-0.0384699960472225		NOL7
157310	0.7067386	0.00158	PEBP4	-0.6022178302009644		PEBP4
441027	0.4142927	0.00158	TMEM150C	-0.3743921920781505		TMEM150C
26576	-0.3585986	0.00158	SRPK3	0.4271852498124371		SRPK3
29901	0.4086305	0.00159	SAC3D1	-0.2337021889105972		SAC3D1
9185	0.7608244	0.00159	REPS2	-0.9481987619324418		REPS2
286257	-0.3129912	0.00159	PAXX	0.5188169873184147		PAXX
79712	0.2152932	0.00159	GTDC1	-0.2859401126516125		GTDC1
112476	-0.6592624	0.00159	PRRT2	0.8561269892125936		PRRT2
9802	-0.1903715	0.0016	DAZAP2	0.4055661588158052		DAZAP2
441061	1.2496013	0.0016	MARCHF11	-1.3743849387716305		MARCHF11
83752	0.1735256	0.0016	LONP2	0.1170026401952242		LONP2
636	-0.5818066	0.0016	BICD1	0.9024812557354908		BICD1
5917	0.1933555	0.00161	RARS1	0.0100074847846389		RARS1
163732	0.608	0.00161	CITED4	-0.6547070864446618		CITED4
2121	-0.4685797	0.00161	EVC	0.8421494724800267		EVC
26025	-0.3097573	0.00161	PCDHGA12	0.5936820705174767		PCDHGA12
91775	0.3066687	0.00161	NXPE3	-0.2024025395725281		NXPE3
149478	-0.5161999	0.00162	BTBD19	0.6461982429862496		BTBD19
10098	-0.5758314	0.00163	TSPAN5	0.6744483349048034		TSPAN5
83856	-0.5294232	0.00163	FSD1L	0.6103521817496949		FSD1L
92737	1.2828324	0.00164	DNER	-0.4281826787247912		DNER
10181	-0.2008464	0.00164	RBM5	0.1212906391821979		RBM5
5721	0.3949792	0.00164	PSME2	-0.3554305563319797		PSME2
9324	0.3706895	0.00164	HMGN3	-0.255374456280097		HMGN3
79016	0.2138727	0.00165	DDA1	-0.2280287714301279		DDA1
79611	0.3625017	0.00165	ACSS3	-0.1262917238839538		ACSS3
80775	0.3081841	0.00165	TMEM177	-0.1445454508375241		TMEM177
440738	-1.0842827	0.00165	MAP1LC3C	0.3578246485856373		MAP1LC3C
51465	0.2457169	0.00165	UBE2J1	-0.1935118515586245		UBE2J1
3612	-0.4131231	0.00166	IMPA1	0.1086513889091262		IMPA1
79642	-1.0977587	0.00166	ARSJ	1.0628336192740602		ARSJ
387885	-0.2836177	0.00166	CFAP73	-1.9369043902375456		CFAP73
81622	-0.5785269	0.00166	UNC93B1	0.4833933837400415		UNC93B1
29881	-0.9002647	0.00167	NPC1L1	0.680405240110233		NPC1L1
84933	0.2978974	0.00167	C8orf76	-0.4874202404960828		C8orf76
3749	-0.5893345	0.00168	KCNC4	0.9889290802333506		KCNC4
23625	0.279408	0.00168	FAM89B	0.1747889509691615		FAM89B
7039	1.3062075	0.00169	TGFA	-0.5504263745065614		TGFA
4093	-0.7830527	0.0017	SMAD9	0.9812593236532268		SMAD9
65266	-0.7555148	0.00171	WNK4	1.0728427350080525		WNK4
9840	-0.9252939	0.00171	TESPA1	0.9725709675524772		TESPA1
961	-0.2596804	0.00171	CD47	0.0729989920498903		CD47
93622	-0.2813555	0.00172	LOC93622	0.5184828256133791		LOC93622
55624	0.2400646	0.00172	POMGNT1	0.0203771301481214		POMGNT1
93058	0.4717627	0.00172	COQ10A	-0.4284567827920291		COQ10A
23308	-0.625969	0.00172	ICOSLG	0.6800492075465467		ICOSLG
6643	0.1831722	0.00172	SNX2	-0.1963516659297521		SNX2
1	-0.6669069	0.00172	A1BG	0.8641266407421321		A1BG
8685	1.7642622	0.00173	MARCO	-1.507220710864285		MARCO
9191	0.1652552	0.00173	DEDD	-0.1690241393577407		DEDD
10166	0.4906973	0.00173	SLC25A15	-0.0937115178666656		SLC25A15
10687	-0.6767055	0.00174	PNMA2	0.5270288619678369		PNMA2
4915	-0.5752077	0.00174	NTRK2	0.8308213125454884		NTRK2
9919	-0.1605776	0.00174	SEC16A	0.4947464658299711		SEC16A
374969	0.3143372	0.00175	SVBP	-0.3517552314076084		SVBP
3480	-0.364928	0.00175	IGF1R	0.2334772560903073		IGF1R
3250	1.1952143	0.00175	HPR	-0.9664653769064396		HPR
64285	-0.3860703	0.00175	RHBDF1	0.2545961261584892		RHBDF1
1397	-0.2709654	0.00175	CRIP2	0.4773941013298657		CRIP2
6248	0.3812966	0.00176	RSC1A1	-0.9430739443572488		RSC1A1
93010	0.7889704	0.00176	B3GNT7	-0.8616490329670736		B3GNT7
128826	-0.5964144	0.00176	MIR1-1HG	0.7386194298064872		MIR1-1HG
100873935	0.422584	0.00177	MTOR-AS1	-3.643620392916689		MTOR-AS1
400954	-0.6167582	0.00177	EML6	0.7586024390977616		EML6
176	-1.4180141	0.00178	ACAN	1.2500918101119043		ACAN
10712	0.3045481	0.00178	ENTREP3	-0.3509656110142658		ENTREP3
27109	-0.3869623	0.00178	DMAC2L	0.5659090480520321		DMAC2L
65264	-0.1615347	0.00178	UBE2Z	0.1820725006232688		UBE2Z
6169	0.3852084	0.00179	RPL38	-0.335127400302845		RPL38
8447	-0.5378591	0.00179	DOC2B	0.1726049210907052		DOC2B
10171	-0.3081357	0.00179	RCL1	0.4027363187163963		RCL1
148137	-0.3688964	0.00179	PROSER3	0.5499675621502784		PROSER3
10001	0.1983112	0.0018	MED6	-0.2567356140093766		MED6
5601	0.2515301	0.0018	MAPK9	-0.4891314110421527		MAPK9
6647	0.2481687	0.0018	SOD1	-0.1339419160717998		SOD1
64772	-0.2416878	0.0018	ENGASE	0.4107481348102233		ENGASE
10605	0.2401358	0.0018	PAIP1	-0.2024914729737075		PAIP1
8505	0.2211258	0.0018	PARG	-0.0172455706942291		PARG
5058	-0.658243	0.0018	PAK1	0.5120465954380071		PAK1
5023	-1.0683859	0.0018	P2RX1	1.7051345437948948		P2RX1
85415	0.5858137	0.0018	RHPN2	-0.881899207951667		RHPN2
5770	-0.4325866	0.0018	PTPN1	0.5165921524368438		PTPN1
3481	-0.6715026	0.00181	IGF2	0.7719601610581082		IGF2
50814	0.5249009	0.00181	NSDHL	-0.6065170786510885		NSDHL
9094	0.3472297	0.00182	UNC119	-0.3805271091359223		UNC119
5364	0.344965	0.00182	PLXNB1	-0.3255895618167814		PLXNB1
112398	0.2496594	0.00182	EGLN2	-0.2256782482082631		EGLN2
727957	-0.2505236	0.00182	MROH1	0.3064962445875621		MROH1
9066	0.6206269	0.00182	SYT7	-0.7134065448940232		SYT7
684959	-0.8627638	0.00182	SNORA25	12.089708105015347		SNORA25
10247	0.3463418	0.00182	RIDA	-0.2427695409564103		RIDA
503637	-1.0090639	0.00183	DUXAP8	0.7682018488838478		DUXAP8
3831	0.206553	0.00183	KLC1	0.2374044592782134		KLC1
79671	-0.3071977	0.00183	NLRX1	0.2899347240517271		NLRX1
342510	1.2083933	0.00183	CD300E	-1.0711018311663034		CD300E
81931	0.4600584	0.00183	ZNF93	-0.5431450299247575		ZNF93
1763	0.5655758	0.00183	DNA2	-0.6998758033692978		DNA2
57570	-0.1978751	0.00185	TRMT5	-0.2159918993485909		TRMT5
23368	0.3839709	0.00185	PPP1R13B	-0.1800802048876439		PPP1R13B
8854	-0.6372997	0.00185	ALDH1A2	0.9207049193402344		ALDH1A2
653390	-0.2790546	0.00185	RRN3P2	0.0942605299461081		RRN3P2
706	-0.375559	0.00185	TSPO	0.470686584743496		TSPO
29882	-0.2008171	0.00186	ANAPC2	0.3684222826616761		ANAPC2
100532732	-0.3191199	0.00186	MSH5-SAPCD1	0.8462890882234959		MSH5-SAPCD1
349160	1.002824	0.00186	LOC349160	-0.2606209133065622		LOC349160
23223	-0.642973	0.00186	RRP12	0.5153010097170752		RRP12
8225	0.2970704	0.00186	GTPBP6	-0.2560529936779812		GTPBP6
8470	-0.4355388	0.00187	SORBS2	0.3742977509925431		SORBS2
10162	0.3994783	0.00187	LPCAT3	-0.6177072609716303		LPCAT3
3156	-0.2701978	0.00187	HMGCR	0.4263873369656936		HMGCR
100129845	-0.6328519	0.00187	PCOLCE-AS1	1.2411684036748067		PCOLCE-AS1
10069	0.3438277	0.00187	RWDD2B	-0.3025696707033436		RWDD2B
92610	0.7551594	0.00188	TIFA	-0.9967566001346296		TIFA
100874188	0.9456396	0.00188	LINC00571	0.4190276570145214		LINC00571
27143	-0.4057919	0.00188	PALD1	0.6759967357992187		PALD1
8702	0.3142208	0.00189	B4GALT4	-0.4156349872423113		B4GALT4
92856	0.2362221	0.00189	IMP4	-0.0880545830038057		IMP4
65250	0.2047994	0.00189	CPLANE1	-0.2531539854593752		CPLANE1
100874002	-0.4031212	0.0019	OXCT1-AS1	1.1379397871151025		OXCT1-AS1
139886	-0.7696776	0.0019	SPIN4	0.8423073249250219		SPIN4
170463	-0.3015213	0.0019	SSBP4	0.5342410794540502		SSBP4
26503	-0.3278605	0.00191	SLC17A5	0.3220702438010887		SLC17A5
261734	-0.4100092	0.00191	NPHP4	0.5425256859796665		NPHP4
5029	0.4031847	0.00192	P2RY2	-0.3098539342048694		P2RY2
8654	-0.8196285	0.00192	PDE5A	0.7243764439427167		PDE5A
25816	0.88287	0.00193	TNFAIP8	-0.8630112555013545		TNFAIP8
1160	0.3634851	0.00193	CKMT2	-0.3603549362734171		CKMT2
9603	0.3633351	0.00193	NFE2L3	-0.4058748641649557		NFE2L3
79739	-0.7530108	0.00194	TTLL7	0.3688281180506862		TTLL7
27229	0.1927491	0.00194	TUBGCP4	0.1052174027949686		TUBGCP4
5639	0.7579294	0.00194	PRRG2	-0.4858772042775504		PRRG2
359948	-0.3168161	0.00195	IRF2BP2	0.0280575976124222		IRF2BP2
3067	-1.0603499	0.00195	HDC	1.328724379531934		HDC
101928784	-0.6197223	0.00195	RORA-AS1	0.2893273427729963		RORA-AS1
101927189	-0.9565158	0.00195	LOC101927189	1.2858755819559924		LOC101927189
57082	1.0819197	0.00196	KNL1	-0.6393363755256397		KNL1
100133315	-0.6209468	0.00196	XNDC1N	0.488765587077093		XNDC1N
25981	-0.3228264	0.00196	DNAH1	0.4153839259782832		DNAH1
2542	0.304514	0.00196	SLC37A4	-0.4746206852004828		SLC37A4
51171	-0.684636	0.00197	HSD17B14	0.9546579276099584		HSD17B14
100127983	0.4430881	0.00198	C8orf88	-0.4873786475318198		C8orf88
153527	0.2279177	0.00199	ZMAT2	-0.1533642464978388		ZMAT2
84142	0.2144725	0.002	ABRAXAS1	-0.0345981724105675		ABRAXAS1
101752400	-0.3598758	0.002	CAPN10-DT	0.4183629883757033		CAPN10-DT
387882	-1.0059801	0.002	C12orf75	1.1799231710137066		C12orf75
51087	0.436158	0.002	YBX2	0.1330875318828583		YBX2
168507	-0.4119298	0.00201	PKD1L1	0.3901160958476817		PKD1L1
26152	-0.2052905	0.00201	ZNF337	0.2621972570427444		ZNF337
27235	0.3477028	0.00202	COQ2	-0.3602205897597725		COQ2
5339	-0.2644753	0.00202	PLEC	0.1087058173947461		PLEC
5297	0.1707727	0.00202	PI4KA	-0.0547681569899216		PI4KA
170961	-1.1224508	0.00202	ANKRD24	1.2711285614960934		ANKRD24
337876	-0.8673702	0.00202	CHSY3	1.3492403163141304		CHSY3
4064	0.9380242	0.00202	CD180	-0.883539801220409		CD180
84944	-0.540894	0.00202	MAEL	0.878052721716966		MAEL
140462	-1.2434012	0.00202	ASB9	1.2997924326586412		ASB9
438	0.4426738	0.00203	ASMT	1.776093970769801		ASMT
7388	0.3044466	0.00203	UQCRH	0.2959757797273408		UQCRH
5158	-0.5563048	0.00204	PDE6B	0.8988360093516412		PDE6B
3590	-0.2786166	0.00204	IL11RA	0.4899969405057156		IL11RA
84002	-0.861331	0.00204	B3GNT5	1.29190729315892		B3GNT5
90120	0.3025743	0.00204	TMEM250	-0.2270203178589773		TMEM250
4281	-0.770019	0.00205	MID1	0.7630162914203067		MID1
57413	1.0132552	0.00205	TMIGD3	-0.6311027209378541		TMIGD3
57643	-0.5426471	0.00206	ZSWIM5	0.6158510660988952		ZSWIM5
27146	-0.2548093	0.00206	FAM184B	0.2478469637098497		FAM184B
4534	0.2905905	0.00206	MTM1	-0.4253646597992948		MTM1
25992	-0.5189218	0.00206	SNED1	0.7888930292804541		SNED1
29960	0.22993	0.00206	MRM2	-0.0733583086011933		MRM2
286451	0.2111323	0.00207	YIPF6	-0.2989765678156866		YIPF6
340385	-0.2941331	0.00207	ZNF517	0.6634969577874248		ZNF517
554	-0.5299152	0.00209	AVPR2	0.7078075611737604		AVPR2
22808	0.3456932	0.0021	MRAS	-0.2847823850388824		MRAS
203547	-0.2207892	0.0021	VMA21	0.1820472111819069		VMA21
285761	0.2172552	0.0021	DCBLD1	-0.2346819714667116		DCBLD1
5892	-0.2481436	0.0021	RAD51D	0.4247967666876953		RAD51D
5121	0.6420483	0.0021	PCP4	-0.4064216559627378		PCP4
51094	0.2415099	0.00211	ADIPOR1	-0.2223156742613996		ADIPOR1
7073	0.1613576	0.00211	TIAL1	-0.3419553405790898		TIAL1
10367	0.1717543	0.00211	MICU1	-0.3073771888408272		MICU1
10367	0.1717543	0.00211	MICU1	-0.2812361462566519		MICU1
3098	0.2085222	0.00211	HK1	-0.2286818596701696		HK1
388125	-0.9066277	0.00212	C2CD4B	0.979810852396		C2CD4B
51195	0.4490137	0.00212	RAPGEFL1	-0.2266634320658176		RAPGEFL1
89876	-0.5047126	0.00212	CFAP91	0.6877030309642657		CFAP91
9914	-0.4931033	0.00212	ATP2C2	0.4266163683946593		ATP2C2
2982	0.5746841	0.00212	GUCY1A1	-0.8258429152757407		GUCY1A1
22859	0.4612251	0.00212	ADGRL1	-0.6861643521458607		ADGRL1
10574	0.2680276	0.00212	CCT7	-0.1226875357149417		CCT7
8908	1.3103729	0.00212	GYG2	-1.2608694366981206		GYG2
2987	-0.2265419	0.00212	GUK1	0.6175203206581497		GUK1
119391	-0.5987361	0.00213	GSTO2	0.6701879302380923		GSTO2
10043	0.3145593	0.00213	TOM1	-0.3106422052077899		TOM1
64174	-0.7902433	0.00214	DPEP2	1.0386107279194656		DPEP2
8887	0.2144972	0.00214	TAX1BP1	0.0072911891826441		TAX1BP1
2339	0.1968524	0.00214	FNTA	-0.1689192262879579		FNTA
493812	-0.3132715	0.00214	HCG11	0.4765447584989102		HCG11
140775	0.2252308	0.00214	SMCR8	-0.1857215049068672		SMCR8
7776	0.3184028	0.00215	ZNF236	-0.8103624956747919		ZNF236
55154	-0.2503193	0.00215	MSTO1	0.3416445204598908		MSTO1
9319	0.7026288	0.00215	TRIP13	-0.3796896159207834		TRIP13
10529	0.3359667	0.00215	NEBL	-1.1563877259896298		NEBL
29125	0.543259	0.00216	C11orf21	-0.2418508450091367		C11orf21
256949	-0.4176992	0.00216	KANK3	0.2881088424829015		KANK3
7569	0.2460571	0.00216	ZNF182	-0.1775439938118639		ZNF182
3557	1.2047951	0.00216	IL1RN	-0.7808774542908964		IL1RN
2961	0.3127435	0.00216	GTF2E2	-0.3284061764057		GTF2E2
90167	-1.1024805	0.00216	FRMD7	1.5931681372208693		FRMD7
92259	0.2772849	0.00216	MRPS36	-0.0372938553547061		MRPS36
222658	0.1841962	0.00217	KCTD20	-0.0004204061405221		KCTD20
51669	-0.1505041	0.00217	SARAF	0.0339672931853911		SARAF
84312	0.2695491	0.00217	BRMS1L	-0.6185489048390718		BRMS1L
26022	-0.4434408	0.00217	TMEM98	0.6636735587232447		TMEM98
57586	1.0182063	0.00217	SYT13	-1.005204389634126		SYT13
100128881	0.2923279	0.00218	VPS9D1-AS1	-0.0411521116700779		VPS9D1-AS1
1850	-0.6809385	0.00219	DUSP8	0.3197788911679367		DUSP8
80700	0.2744497	0.00219	UBXN6	-0.3449507083260617		UBXN6
646817	0.2872212	0.00219	SETSIP	-0.234863445939272		SETSIP
101410535	-0.8312208	0.00219	LAMTOR5-AS1	1.22288438216928		LAMTOR5-AS1
2313	0.3790363	0.00219	FLI1	-0.1203053473693565		FLI1
643008	0.8142603	0.00219	SMIM5	-0.5757128631499171		SMIM5
8605	-0.391914	0.00219	PLA2G4C	0.4728391282646207		PLA2G4C
56109	-0.2733983	0.0022	PCDHGA6	0.4716624925773456		PCDHGA6
9685	0.1946472	0.0022	CLINT1	0.0283732040403359		CLINT1
10579	0.2974712	0.0022	TACC2	-0.0519686892479036		TACC2
5707	0.1789451	0.00221	PSMD1	0.2174956951437057		PSMD1
29062	-0.2019433	0.00221	WDR91	0.1389332100625226		WDR91
219	0.6954305	0.00221	ALDH1B1	-0.5102167685774006		ALDH1B1
91304	-0.1902981	0.00221	TMEM259	0.0160194115181431		TMEM259
10312	-0.26878	0.00222	TCIRG1	0.5156390895690874		TCIRG1
57786	0.2546234	0.00222	RBAK	-0.0419141050233815		RBAK
7172	0.2551582	0.00222	TPMT	-0.163652792705665		TPMT
23564	-0.4220143	0.00223	DDAH2	0.5709754051738125		DDAH2
9499	0.84022	0.00224	MYOT	-1.1311575206190485		MYOT
23060	0.2261217	0.00225	ZNF609	-0.224105465334365		ZNF609
63916	0.2222965	0.00225	ELMO2	-0.2078676349309365		ELMO2
6480	0.2983402	0.00225	ST6GAL1	-0.2489169537057831		ST6GAL1
6624	-0.8816751	0.00225	FSCN1	1.0000429376675617		FSCN1
64784	-0.1757271	0.00225	CRTC3	0.0839591710509166		CRTC3
5007	0.1664729	0.00226	OSBP	-0.294234889101963		OSBP
83483	-0.9974795	0.00226	PLVAP	1.5639334928353943		PLVAP
2563	-1.1794147	0.00226	GABRD	1.6427171760362131		GABRD
91833	0.1740168	0.00226	WDR20	-0.0739387244188312		WDR20
7056	-0.6155902	0.00227	THBD	0.6062937111936515		THBD
27063	-0.6943331	0.00227	ANKRD1	0.8230697548443437		ANKRD1
84314	-0.4090471	0.00228	TMEM107	0.4329163536199143		TMEM107
124817	0.1979279	0.00228	CNTD1	0.7731725414190622		CNTD1
4283	-1.3255721	0.00228	CXCL9	1.2590991928117967		CXCL9
197358	-0.3829563	0.00228	NLRC3	0.337019823936073		NLRC3
55601	-0.4440374	0.00229	DDX60	0.5886561030943365		DDX60
84298	0.2767383	0.00229	LLPH	-0.2667410059283339		LLPH
200150	-1.4576659	0.00229	PLD5	1.4614513165196787		PLD5
9719	-0.8760169	0.00229	ADAMTSL2	1.0035653809184406		ADAMTSL2
23157	-0.4572041	0.00229	SEPTIN6	0.3400586809007691		SEPTIN6
9258	0.4397226	0.0023	MFHAS1	-0.6286885459701606		MFHAS1
101410533	-0.6962564	0.0023	YTHDF3-DT	0.7849836386178797		YTHDF3-DT
55290	-0.2227981	0.0023	BRF2	0.0916899155475698		BRF2
92399	0.17311	0.0023	MRRF	-0.0233373369648495		MRRF
10617	0.2464538	0.00231	STAMBP	-0.0659710296521911		STAMBP
29796	0.3148561	0.00231	UQCR10	-0.0650268226861179		UQCR10
28998	0.3188678	0.00232	MRPL13	-0.2496369046864703		MRPL13
100996842	0.3908086	0.00232	LOC100996842	-0.2931124241230369		LOC100996842
550643	-0.3115027	0.00232	NBDY	0.5922756123972848		NBDY
152404	0.7943785	0.00233	IGSF11	-0.8565749703041077		IGSF11
10939	0.2898747	0.00233	AFG3L2	-0.3561381718970766		AFG3L2
100129482	0.3849957	0.00233	ZNF37BP	-0.5223678052939067		ZNF37BP
54819	-0.2919871	0.00233	ZCCHC10	0.1672247944184954		ZCCHC10
8936	0.7127323	0.00233	WASF1	-0.8370146355611042		WASF1
28988	0.3166972	0.00233	DBNL	0.2054391727813174		DBNL
80227	-0.2583609	0.00233	PAAF1	0.4580103581051169		PAAF1
283358	0.4771758	0.00233	B4GALNT3	-0.2843102653899683		B4GALNT3
3981	0.3409699	0.00234	LIG4	-0.3113540259646887		LIG4
259307	0.3898808	0.00234	IL4I1	0.1701386573792205		IL4I1
4325	-0.9073171	0.00234	MMP16	0.7972412740380687		MMP16
101927492	0.3418612	0.00235	MRPS9-AS1	-2.002280468047542		MRPS9-AS1
3767	0.5833945	0.00235	KCNJ11	-0.5445515206945224		KCNJ11
9556	0.3960142	0.00237	ATP5MJ	-0.0318854183799217		ATP5MJ
26230	-0.8123838	0.00237	TIAM2	0.5952482929034688		TIAM2
6687	0.2120676	0.00237	SPG7	-0.0631158452588911		SPG7
9100	0.1977922	0.00237	USP10	-0.1736978257992802		USP10
2539	0.4040458	0.00239	G6PD	-0.2231707511038125		G6PD
100507588	0.8109356	0.00239	TGFBR3L	-0.707348411531761		TGFBR3L
6157	0.3325788	0.0024	RPL27A	-0.0067626028332554		RPL27A
5126	-1.0983994	0.0024	PCSK2	1.0325502402896003		PCSK2
54148	0.2769657	0.0024	MRPL39	-0.288533062408093		MRPL39
51510	-0.188621	0.00241	CHMP5	0.458790667313699		CHMP5
7984	0.4131126	0.00241	ARHGEF5	0.0345226043668791		ARHGEF5
92340	-0.5716612	0.00241	PRR29	0.8843231722033078		PRR29
80737	-0.4013254	0.00242	VWA7	0.3741022583558933		VWA7
100129434	0.5901499	0.00242	LOC100129434	-0.5475985432453068		LOC100129434
1363	-0.4063775	0.00242	CPE	0.6367568023974419		CPE
7534	0.2293599	0.00243	YWHAZ	-0.13865350299361		YWHAZ
5157	-0.5226801	0.00244	PDGFRL	0.863728122077005		PDGFRL
374882	0.2231655	0.00244	TMEM205	-0.2505481245882635		TMEM205
84955	0.2032381	0.00244	NUDCD1	-0.2382490361664917		NUDCD1
338758	-0.6743375	0.00245	ATP2B1-AS1	1.0395903628209004		ATP2B1-AS1
123811	0.1501705	0.00245	CEP20	-0.0206262451202867		CEP20
65084	-0.3892146	0.00246	TMEM135	0.4252854676905793		TMEM135
401036	-0.9092848	0.00247	ASB18	0.6982604016850971		ASB18
9382	0.1971956	0.00248	COG1	0.0893588285694164		COG1
55262	-0.2588755	0.00249	TRAPPC14	0.2485765269611501		TRAPPC14
37	0.3549266	0.00249	ACADVL	-0.0270298018649768		ACADVL
6533	-1.2524468	0.00249	SLC6A6	1.713557536418553		SLC6A6
25963	-0.1604384	0.00249	TMEM87A	0.0308206535529311		TMEM87A
150383	-0.2490878	0.00249	CDPF1	0.420616824037102		CDPF1
7318	-0.4405752	0.0025	UBA7	0.5323782664640904		UBA7
51177	0.6386553	0.0025	PLEKHO1	-0.352206335344519		PLEKHO1
10607	-0.267398	0.0025	TBL3	0.408819752086222		TBL3
64420	0.4915306	0.00251	SUSD1	-0.334367618822043		SUSD1
55336	-0.4829291	0.00251	FBXL8	0.246911362995216		FBXL8
57291	0.3856626	0.00251	DANCR	-0.1444805673171831		DANCR
83931	0.3113675	0.00251	STK40	-0.4112111859631362		STK40
643749	-0.3407578	0.00251	TRAF3IP2-AS1	0.616199737372372		TRAF3IP2-AS1
1080	2.1242297	0.00251	CFTR	-3.3947513553792086		CFTR
10094	0.2722574	0.00251	ARPC3	-0.0776690575564522		ARPC3
55833	0.2481947	0.00251	UBAP2	-0.4203409081025437		UBAP2
3792	-0.7974751	0.00252	KEL	1.114969946282588		KEL
11253	-0.2048385	0.00252	MAN1B1	0.3200014917185392		MAN1B1
2191	-1.2896854	0.00253	FAP	1.3498343727361926		FAP
116969	1.0130135	0.00254	ART5	-1.0639018269538891		ART5
10197	0.1725039	0.00254	PSME3	-0.2559299858872492		PSME3
54968	0.3107242	0.00254	TMEM70	-0.2731681842368907		TMEM70
23515	0.2557325	0.00255	MORC3	-0.3979702906310431		MORC3
138948	-1.0431761	0.00257	DBH-AS1	1.1784740137355825		DBH-AS1
23478	0.1737636	0.00257	SEC11A	-0.105706538016161		SEC11A
51450	-1.3439938	0.00257	PRRX2	3.092849916179138		PRRX2
29091	0.5815905	0.00259	STXBP6	-0.7110113087567225		STXBP6
2261	-0.5545428	0.0026	FGFR3	0.9553166794150264		FGFR3
399	-0.9854303	0.0026	RHOH	0.7997351848957888		RHOH
23349	-1.0708811	0.00261	PHF24	0.9853351911299244		PHF24
900	0.3603772	0.00262	CCNG1	0.1045145574678176		CCNG1
100507495	0.3915798	0.00264	SDCBP2-AS1	-0.0892497268848122		SDCBP2-AS1
129804	-0.4795453	0.00264	FBLN7	1.7751795377371928		FBLN7
414245	-0.3024251	0.00264	DNAJC9-AS1	0.4844194933255381		DNAJC9-AS1
100507098	-0.4990049	0.00265	ADAMTS9-AS2	0.9810121442804302		ADAMTS9-AS2
6617	0.3257523	0.00265	SNAPC1	-0.0566496123851498		SNAPC1
10637	-1.0198203	0.00265	LEFTY1	1.3361768660100304		LEFTY1
839	0.2899329	0.00265	CASP6	-0.2413288028274443		CASP6
26502	0.22613	0.00266	NARF	0.1736576786022512		NARF
55500	-0.459146	0.00266	ETNK1	0.1820673127087761		ETNK1
5921	0.2161196	0.00266	RASA1	-0.1261800767666079		RASA1
160518	0.3788171	0.00266	DENND5B	-0.4006307581647634		DENND5B
91010	-0.3412608	0.00266	FMNL3	0.5747461970130892		FMNL3
6049	0.2361266	0.00266	RNF6	-0.5102505464431708		RNF6
160897	0.4536508	0.00267	GPR180	-0.29455028889474		GPR180
1776	-1.1696219	0.00267	DNASE1L3	1.3652916737204013		DNASE1L3
25923	-0.3246221	0.00267	ATL3	0.3863403007049015		ATL3
5889	0.2627348	0.00267	RAD51C	-0.2213077644639369		RAD51C
55038	-0.3438263	0.00268	CDCA4	0.3459588885149959		CDCA4
401431	-0.4022463	0.00268	ATP6V0E2-AS1	0.493910401426769		ATP6V0E2-AS1
768	-0.7808197	0.00268	CA9	-0.8220656871269734		CA9
26471	0.6094896	0.00268	NUPR1	-0.5385295453296264		NUPR1
55718	0.1817658	0.00268	POLR3E	-0.0286548224331442		POLR3E
201725	-0.3879536	0.00268	C4orf46	0.3258581683242725		C4orf46
51652	0.1249369	0.00269	CHMP3	-0.4330501378954441		CHMP3
100125288	-0.5551682	0.00269	ZGLP1	0.6389206886184482		ZGLP1
10726	0.257284	0.00269	NUDC	-0.065522150595493		NUDC
2186	0.2429656	0.00269	BPTF	0.1799831906698159		BPTF
91137	0.3278155	0.0027	SLC25A46	-0.2875363561926356		SLC25A46
80896	0.5953082	0.0027	NPL	-0.5150179099473373		NPL
80345	0.3347538	0.0027	ZSCAN16	-0.2105450057260203		ZSCAN16
55625	0.1885289	0.0027	ZDHHC7	-0.3546831358658178		ZDHHC7
140456	0.5259806	0.0027	ASB11	-0.4257776550460148		ASB11
8509	-0.1716574	0.00271	NDST2	0.1147599494994411		NDST2
101927586	-0.7813668	0.00271	LINC01271	0.250116878067903		LINC01271
81602	0.1732206	0.00271	CDADC1	-0.0763564400564025		CDADC1
6199	0.216422	0.00271	RPS6KB2	-0.0571454186581368		RPS6KB2
56899	-0.4073123	0.00271	ANKS1B	0.5664856889659682		ANKS1B
166793	-0.4637926	0.00272	ZBTB49	0.5013037386968511		ZBTB49
54921	-0.1716244	0.00272	CHTF8	0.0064408575333372		CHTF8
4247	-0.2653923	0.00272	MGAT2	0.5174100972668758		MGAT2
9200	0.3128885	0.00272	HACD1	-0.1958979641812588		HACD1
4041	-0.2695778	0.00272	LRP5	0.7045089428763296		LRP5
8718	-0.4340022	0.00273	TNFRSF25	0.5162968795113514		TNFRSF25
84623	-0.871779	0.00273	KIRREL3	1.0677390117869885		KIRREL3
101928303	-0.5972953	0.00274	ZPLD2P	0.9214605886127284		ZPLD2P
8681	-0.239579	0.00275	JMJD7-PLA2G4B	0.6171335774737312		JMJD7-PLA2G4B
1952	0.5385404	0.00275	CELSR2	-0.217916018081403		CELSR2
11243	0.2430027	0.00275	PMF1	-0.21675195237977		PMF1
57720	-0.1321632	0.00276	GPR107	0.6236377994208011		GPR107
9870	0.1873108	0.00276	AREL1	-0.4537055068994711		AREL1
23451	0.1544848	0.00276	SF3B1	-0.1064835494651141		SF3B1
291	0.2903108	0.00276	SLC25A4	-0.0640839588302757		SLC25A4
8895	0.3123128	0.00276	CPNE3	-0.2844721761567585		CPNE3
203259	-0.2380437	0.00277	FAM219A	0.2459364670457642		FAM219A
55008	-0.4516032	0.00278	HERC6	0.595886114714788		HERC6
63923	-1.0035485	0.00278	TNN	1.209483117920369		TNN
5432	-0.207889	0.00278	POLR2C	0.437111656024971		POLR2C
57567	-0.2574875	0.00279	ZNF319	0.2404071348048333		ZNF319
7174	0.2693992	0.00279	TPP2	0.0147413982848023		TPP2
79871	0.2262551	0.00279	RPAP2	-0.0324656685375441		RPAP2
8818	-0.2680932	0.00279	DPM2	0.2640246364351122		DPM2
51650	0.312817	0.0028	MRPS33	-0.2634739096844933		MRPS33
79955	-0.31037	0.0028	PDZD7	0.1657658438094815		PDZD7
9125	-0.2237966	0.0028	CNOT9	0.537236466894941		CNOT9
55028	0.1560742	0.0028	C17orf80	-0.0529438020820816		C17orf80
642559	-0.8308951	0.0028	POU5F1P3	0.644672875353927		POU5F1P3
399948	0.8516045	0.0028	COLCA1	-0.218910975006989		COLCA1
79161	-0.315957	0.00281	TMEM243	0.2354856518744208		TMEM243
1153	-0.3470027	0.00281	CIRBP	0.485168104962046		CIRBP
5858	0.3476602	0.00282	PZP	-0.3127264850958635		PZP
9028	-0.5292076	0.00282	RHBDL1	0.7707377806471919		RHBDL1
780	-0.5111161	0.00282	DDR1	0.7428299161998035		DDR1
55771	0.6029859	0.00282	PRR11	-0.6317248751932506		PRR11
255762	0.3341125	0.00282	PDZD9	4.065411855220154		PDZD9
6996	-0.2232604	0.00282	TDG	0.3527736273136423		TDG
27343	-0.2409064	0.00283	POLL	0.2084727502141463		POLL
343990	-0.7124555	0.00283	CRACDL	0.7816821046335867		CRACDL
10129	-0.2592228	0.00283	FRY	0.6243468404458934		FRY
64919	-1.1092796	0.00283	BCL11B	1.2914066349930438		BCL11B
114814	0.2138599	0.00283	GNRHR2	-0.5371780385273974		GNRHR2
394	0.4647469	0.00283	ARHGAP5	-1.4020977820989735		ARHGAP5
339855	0.8013202	0.00283	KY	-0.5040413470939984		KY
84465	-0.2821804	0.00283	MEGF11	-0.0574448701996734		MEGF11
112483	0.3258639	0.00283	SAT2	-0.211958018453525		SAT2
5428	0.2034204	0.00283	POLG	-0.1052187118113439		POLG
57325	0.2064119	0.00284	KAT14	0.2626172221284513		KAT14
56111	-0.2561279	0.00285	PCDHGA4	0.3935718678616373		PCDHGA4
9583	0.1982196	0.00285	ENTPD4	-0.3639707922202415		ENTPD4
22982	0.2254432	0.00285	DIP2C	-0.1509403171452144		DIP2C
553103	-0.5281479	0.00285	MIR3936HG	0.3995875499333117		MIR3936HG
4830	0.4145217	0.00285	NME1	-0.1681639282011087		NME1
56906	-0.3685664	0.00286	THAP10	0.344531132134747		THAP10
80308	0.2253878	0.00286	FLAD1	-0.1254564026716478		FLAD1
4584	0.7570328	0.00286	MUC3A	-0.5223191323448808		MUC3A
169792	-0.6195457	0.00286	GLIS3	0.5536523308861578		GLIS3
90268	-0.3346971	0.00286	OTULIN	0.2517698118902216		OTULIN
3120	-0.7594901	0.00287	HLA-DQB2	0.6188068787210037		HLA-DQB2
113235	-0.2775667	0.00287	SLC46A1	-0.1201449474597224		SLC46A1
285382	-0.4818475	0.00287	C3orf70	0.5450861327535391		C3orf70
4135	-0.361465	0.00287	MAP6	0.5250867109427109		MAP6
84329	0.473562	0.00287	HVCN1	-0.4855555690205717		HVCN1
7347	0.3247125	0.00288	UCHL3	-0.0454092358701672		UCHL3
280	-0.3493903	0.00288	AMY2B	0.4937767981118082		AMY2B
10165	0.2451058	0.00289	SLC25A13	-0.263881196953212		SLC25A13
57458	-0.7077455	0.00289	TMCC3	0.4841561214375476		TMCC3
26272	-0.4034216	0.0029	FBXO4	0.7856081417385812		FBXO4
29959	0.1870548	0.0029	NRBP1	0.0264093549504975		NRBP1
9373	0.1840711	0.00291	PLAA	-0.2870821087157056		PLAA
8608	-0.5202036	0.00291	RDH16	0.5227724309768944		RDH16
63951	0.4899036	0.00291	DMRTA1	-0.2267909705171182		DMRTA1
91949	-0.1993976	0.00293	COG7	0.3525505308959573		COG7
91949	-0.1993976	0.00293	COG7	1.2477286298438708		COG7
23036	0.422975	0.00293	ZNF292	-0.3086267275210441		ZNF292
23612	-0.419935	0.00293	PHLDA3	0.4326801157844908		PHLDA3
23019	0.20439	0.00294	CNOT1	-0.4431796592553692		CNOT1
11343	-0.3377242	0.00294	MGLL	0.3371646350420709		MGLL
333929	0.7102339	0.00294	SNAI3	-0.936292872687498		SNAI3
492311	-0.3284418	0.00294	IGIP	0.6015123392428117		IGIP
101928982	-0.7089656	0.00295	ZFP28-DT	0.9271483475497526		ZFP28-DT
7918	0.2256668	0.00295	GPANK1	-0.36036793713511		GPANK1
23012	-0.5801867	0.00295	STK38L	0.1632693670052232		STK38L
2947	0.64276	0.00296	GSTM3	-0.5225358658353132		GSTM3
79050	-0.3135308	0.00296	NOC4L	0.4746552809844786		NOC4L
123096	-0.3230457	0.00296	SLC25A29	0.5456602275339062		SLC25A29
85360	-0.2720158	0.00296	SYDE1	0.3766436449187287		SYDE1
3791	0.5897965	0.00297	KDR	-0.588634801556025		KDR
4603	-0.5990898	0.00297	MYBL1	0.2415566144654635		MYBL1
348262	-0.2388884	0.00298	MCRIP1	0.1135890165051334		MCRIP1
3964	0.2971066	0.00298	LGALS8	-0.1924341376222687		LGALS8
65217	-1.2806918	0.00298	PCDH15	0.3782028647215438		PCDH15
10036	0.2621095	0.00298	CHAF1A	-0.0809355703832266		CHAF1A
23195	0.3518305	0.003	MDN1	0.31224664704731		MDN1
140706	-0.3521063	0.003	CCM2L	0.5621920107479497		CCM2L
54674	1.44687	0.003	LRRN3	-1.9612925414544435		LRRN3
11177	0.3091547	0.00301	BAZ1A	-0.6103128884068885		BAZ1A
1057	0.7564344	0.00303	CELP	-0.5609381680276435		CELP
91419	0.8033597	0.00303	ATP23	-0.6472603417833507		ATP23
80895	-0.2123704	0.00304	ILKAP	0.2926808301152839		ILKAP
100507433	-0.5576484	0.00305	ZNF571-AS1	0.8610958015657403		ZNF571-AS1
7171	0.4093927	0.00305	TPM4	-0.3119955682180837		TPM4
2356	-0.2903221	0.00305	FPGS	0.2978285149242197		FPGS
64850	1.377381	0.00305	ETNPPL	-1.8288083889842075		ETNPPL
4642	-0.7330144	0.00305	MYO1D	0.6902297521556755		MYO1D
2949	-0.7033457	0.00305	GSTM5	1.6344489307090757		GSTM5
2850	-0.6793254	0.00306	GPR27	1.0727356446976557		GPR27
5529	0.1797235	0.00306	PPP2R5E	-0.2396604115915028		PPP2R5E
3454	0.2117545	0.00306	IFNAR1	-0.1247372137184492		IFNAR1
8455	0.161658	0.00306	ATRN	0.0598102318267645		ATRN
81888	-0.2687763	0.00306	HYI	0.4600659811555339		HYI
57680	0.1492739	0.00306	CHD8	0.0534278452095016		CHD8
5533	0.2790616	0.00306	PPP3CC	-0.4720200393285729		PPP3CC
635	0.6308584	0.00306	BHMT	0.1065732402859085		BHMT
10250	-0.2669722	0.00307	SRRM1	0.545592676620215		SRRM1
54432	0.259009	0.00307	YIPF1	-0.35931305304792		YIPF1
53616	-0.5446016	0.00307	ADAM22	0.5092320791679368		ADAM22
122970	-0.5082163	0.00307	ACOT4	0.9327269591524926		ACOT4
4201	0.2073282	0.00307	MEA1	-0.1615770563831429		MEA1
151354	0.8327401	0.00307	LRATD1	-0.3650639665200765		LRATD1
1545	-1.0199343	0.0031	CYP1B1	1.1031684282800178		CYP1B1
85301	0.4775713	0.0031	COL27A1	-0.2913823117270224		COL27A1
65003	0.2742981	0.0031	MRPL11	-0.1670333859503285		MRPL11
55101	0.2367013	0.0031	DMAC2	-0.2447752033026544		DMAC2
63976	0.3580815	0.00311	PRDM16	-0.3139328065075957		PRDM16
57616	-0.4045663	0.00312	TSHZ3	0.4866351479044501		TSHZ3
27090	-0.3771208	0.00312	ST6GALNAC4	0.5487429994767137		ST6GALNAC4
158234	-0.1885923	0.00312	TRMT10B	0.1674839190547776		TRMT10B
8626	-0.9525211	0.00314	TP63	0.7715966201431048		TP63
23215	0.2290682	0.00314	PRRC2C	-0.4020982334653453		PRRC2C
27030	0.195	0.00314	MLH3	0.0095966927836501		MLH3
26063	-0.4043125	0.00315	DECR2	0.5637379884402609		DECR2
1827	-0.7575333	0.00316	RCAN1	0.7578506624239321		RCAN1
56920	-0.2777608	0.00316	SEMA3G	0.3134742508612382		SEMA3G
140461	0.2226494	0.00316	ASB8	-0.3701458231708567		ASB8
79002	0.269628	0.00317	TRIR	-0.2698436227710363		TRIR
55854	0.1692536	0.00317	ZC3H15	-0.1088543573414781		ZC3H15
79157	-0.2142935	0.00317	MFSD11	0.3234118598453941		MFSD11
10274	0.2379312	0.00319	STAG1	-0.3504691031188347		STAG1
23314	0.5181708	0.00319	SATB2	-0.5459601048556855		SATB2
10324	0.4728458	0.0032	KLHL41	-0.4639349512623694		KLHL41
196475	-1.1327416	0.00321	RMST	1.471550076545554		RMST
9671	1.8825966	0.00321	WSCD2	-1.4005827429969258		WSCD2
54496	-0.2249544	0.00321	PRMT7	0.315386355671559		PRMT7
8764	-0.3622729	0.00321	TNFRSF14	0.5736274973349822		TNFRSF14
10962	-0.764852	0.00322	MLLT11	1.0622844367001196		MLLT11
11030	-0.2273485	0.00322	RBPMS	0.4997162341012346		RBPMS
90353	-0.5490329	0.00322	CTU1	0.5347881703122436		CTU1
100128239	-0.7371862	0.00323	LINC02731	1.2340743956737286		LINC02731
5134	0.1719515	0.00323	PDCD2	-0.0870775090457351		PDCD2
114880	-0.3687285	0.00323	OSBPL6	0.4198412018539623		OSBPL6
6835	0.3224931	0.00323	SURF2	-0.0592409621447957		SURF2
341676	-0.5765049	0.00323	NEK5	0.5478449835187152		NEK5
147650	0.3283813	0.00323	SPACA6	0.208153119490317		SPACA6
54762	0.7478728	0.00323	GRAMD1C	-0.1914544923962474		GRAMD1C
23566	0.6379447	0.00323	LPAR3	-0.6579865429471354		LPAR3
1359	-0.7389071	0.00323	CPA3	0.7801596808132398		CPA3
57103	0.3428201	0.00323	TIGAR	-0.4284155792586874		TIGAR
6259	0.1663763	0.00324	RYK	-0.3680616581766216		RYK
2676	-1.0064895	0.00324	GFRA3	1.026591112977134		GFRA3
9652	0.2145146	0.00324	SKIC3	-0.2207174520937078		SKIC3
101928284	-1.0731773	0.00325	PDE9A-AS1	1.186431888292919		PDE9A-AS1
64757	0.5978197	0.00325	MTARC1	-0.4356409656173006		MTARC1
63920	-0.3505011	0.00325	FAM200C	0.4087251370316578		FAM200C
100506881	0.4005992	0.00325	MKLN1-AS	-0.4716386168100439		MKLN1-AS
22870	0.1853971	0.00326	PPP6R1	-0.3360925026249139		PPP6R1
200081	-0.1639274	0.00326	TXLNA	0.3958007008643291		TXLNA
54521	0.1674884	0.00326	WDR44	-0.1619643005577362		WDR44
10160	-0.3528191	0.00326	FARP1	0.6674494168653524		FARP1
8723	0.1496947	0.00327	SNX4	-0.425566570372804		SNX4
7337	0.1892247	0.00327	UBE3A	-0.2094101071486056		UBE3A
10953	-0.2732334	0.00327	TOMM34	0.3346755547867892		TOMM34
100131205	0.4417514	0.00327	RPL21P28	-0.0781814580918283		RPL21P28
23619	0.7990081	0.00327	ZIM2	-0.3783697027598232		ZIM2
55278	0.3331148	0.00327	QRSL1	-0.3971741344937887		QRSL1
92565	-0.5568467	0.00327	FANK1	0.6634357376507819		FANK1
83595	-0.5267878	0.00328	SOX7	0.5903552983865636		SOX7
57473	-0.2254022	0.00328	ZNF512B	0.2973367332087586		ZNF512B
257218	0.2689182	0.00328	SHPRH	-0.2003400302731295		SHPRH
128977	-0.2651573	0.00328	C22orf39	0.2579697473448856		C22orf39
100129347	-0.9570675	0.00328	LINC00484	1.3626370130700385		LINC00484
1573	-0.5744793	0.00328	CYP2J2	0.6658987207442513		CYP2J2
6729	0.1610823	0.00329	SRP54	0.103063484198131		SRP54
25940	0.2086023	0.00329	FAM98A	-0.4644889792804134		FAM98A
5162	0.2637933	0.00329	PDHB	-0.2114874843517986		PDHB
84271	-0.1530889	0.00329	POLDIP3	-0.0169497660779107		POLDIP3
51126	0.1766281	0.00329	NAA20	0.0874233513732019		NAA20
219348	-0.5287605	0.00329	PLAC9	0.885094880447383		PLAC9
3570	0.3519308	0.0033	IL6R	-0.1815874800878067		IL6R
163859	-0.3442512	0.0033	SDE2	0.382818245250633		SDE2
100873952	-0.3057319	0.00332	SZT2-AS1	0.3601714443699362		SZT2-AS1
3003	-1.0918127	0.00332	GZMK	1.3458489846413446		GZMK
101752399	-0.3024832	0.00332	STAG3L5P-PVRIG2P-PILRB	0.2535883482608785		STAG3L5P-PVRIG2P-PILRB
444	0.2100488	0.00332	ASPH	-0.386918176940684		ASPH
8673	0.5692222	0.00333	VAMP8	-0.327288090923937		VAMP8
6429	0.1650488	0.00334	SRSF4	-0.1075264076369677		SRSF4
83461	-0.5979031	0.00334	CDCA3	-1.1275413232732945		CDCA3
150946	-0.4383724	0.00334	GAREM2	0.0171311970068381		GAREM2
55604	-0.7662957	0.00336	CARMIL1	1.169617279733006		CARMIL1
57585	-0.1902098	0.00336	CRAMP1	0.2855848120939224		CRAMP1
6832	0.2352009	0.00336	SUPV3L1	-0.1299878856742928		SUPV3L1
1072	0.2206037	0.00337	CFL1	-0.1750314174091425		CFL1
114876	0.2305492	0.00337	OSBPL1A	-0.5805370202614855		OSBPL1A
2045	-0.7504764	0.00338	EPHA7	0.7848616993847579		EPHA7
56963	0.4056006	0.00338	RGMA	-0.383127457282296		RGMA
84808	0.5567418	0.00339	PERM1	-0.5434569798804745		PERM1
80336	-0.4711747	0.0034	PABPC1L	0.5791701083246399		PABPC1L
9391	0.1408171	0.0034	CIAO1	0.0329317903761356		CIAO1
25890	-0.7790793	0.0034	ABI3BP	0.6837343249375136		ABI3BP
5834	-0.3619012	0.00341	PYGB	0.6086496756287838		PYGB
79024	0.7271543	0.00342	SMIM2	-0.8662389889865509		SMIM2
54973	0.180069	0.00345	INTS11	-0.3236603124819197		INTS11
26002	-0.9009693	0.00345	MOXD1	0.7544068049764712		MOXD1
63874	0.3264855	0.00345	ABHD4	-0.1715474309005404		ABHD4
127602	0.9318801	0.00346	DNAH14	-0.7109379079399616		DNAH14
11060	-0.2072292	0.00347	WWP2	0.1354903628937207		WWP2
200879	-0.945547	0.00347	LIPH	1.239147816422099		LIPH
140701	-0.4921012	0.00347	ABHD16B	0.9269673986412892		ABHD16B
101730217	0.2254417	0.00347	SPECC1L-ADORA2A	0.7759353711470744		SPECC1L-ADORA2A
23492	-0.2720505	0.00348	CBX7	0.4488307012996024		CBX7
285349	-0.4690084	0.00348	ZNF660	0.3204163699877154		ZNF660
51760	-0.725491	0.00348	SYT17	0.5805644222609391		SYT17
100528019	0.4081172	0.00348	HSPB2-C11orf52	-0.048898848353061		HSPB2-C11orf52
115701	0.4426753	0.00349	ALPK2	-0.4292071675207367		ALPK2
253017	0.3509031	0.00349	TECRL	-0.3055560136516924		TECRL
10694	0.2069251	0.0035	CCT8	-0.1364013270643935		CCT8
140685	-0.2457297	0.0035	ZBTB46	0.2882277851425612		ZBTB46
127281	0.3508517	0.0035	PRXL2B	-0.1464623084719161		PRXL2B
284021	0.6419129	0.0035	MILR1	-0.7737123949749509		MILR1
147912	-0.2627815	0.0035	SIX5	0.3022726057333678		SIX5
4287	-0.2875145	0.0035	ATXN3	0.1894946777607176		ATXN3
10061	0.1794115	0.0035	ABCF2	-0.4929575413345741		ABCF2
91252	-0.2565594	0.0035	SLC39A13	0.6246973039174737		SLC39A13
92521	-0.3746418	0.00351	SPECC1	0.3029941737467694		SPECC1
26229	-0.2682783	0.00352	B3GAT3	0.405540978298526		B3GAT3
8048	-0.5414925	0.00352	CSRP3	0.6076724301339258		CSRP3
80025	0.1709943	0.00352	PANK2	-0.0552370049664117		PANK2
10223	-1.1543807	0.00352	GPA33	0.8805059180344608		GPA33
7341	0.1946338	0.00352	SUMO1	-0.2476083410433265		SUMO1
3913	-0.2682833	0.00353	LAMB2	0.3655762737946979		LAMB2
79843	-0.7140502	0.00353	FAM124B	0.7032316034647013		FAM124B
693220	-0.5739214	0.00353	MIR635	3.115540672021854		MIR635
30968	0.2673349	0.00353	STOML2	-0.2162883597166454		STOML2
100652759	-0.5180953	0.00354	PRICKLE2-AS1	1.89106069204227		PRICKLE2-AS1
55742	0.2584442	0.00354	PARVA	0.0170862544036651		PARVA
6477	-0.1445782	0.00356	SIAH1	0.1537914683718568		SIAH1
283948	-0.7180239	0.00356	NHLRC4	0.9657980077518712		NHLRC4
55224	0.796567	0.00356	ETNK2	-1.122983790951131		ETNK2
23596	0.4353153	0.00356	OPN3	-0.572011527372176		OPN3
54861	-0.4058341	0.00358	SNRK	0.5294917475481862		SNRK
51321	0.2083194	0.00359	AMZ2	-0.0125009614607343		AMZ2
123	0.7315311	0.00359	PLIN2	-0.606173166909711		PLIN2
3418	0.4360166	0.0036	IDH2	-0.4034719291930475		IDH2
7247	-0.1335999	0.00361	TSN	0.1238656099788553		TSN
10492	0.1603914	0.00361	SYNCRIP	-0.434091227692976		SYNCRIP
2209	0.713471	0.00361	FCGR1A	-1.0140964042746363		FCGR1A
94097	-0.1964608	0.00361	SFXN5	-0.0769531474542524		SFXN5
7035	0.4749321	0.00361	TFPI	-0.783188622369555		TFPI
1200	0.1896278	0.00362	TPP1	-0.1193066187357079		TPP1
79730	-0.3045619	0.00363	NSUN7	-0.4545138854793282		NSUN7
3488	-0.5443677	0.00363	IGFBP5	0.609891292420464		IGFBP5
59353	-0.8106692	0.00363	TMEM35A	1.175282744526767		TMEM35A
1124	0.4506102	0.00363	CHN2	-0.4202793350365859		CHN2
51117	-0.2412243	0.00363	COQ4	0.3196252361246259		COQ4
260334	0.6156543	0.00364	TUBB8B	0.1000903481276962		TUBB8B
401474	-0.5411575	0.00365	SAMD12	0.5297077855397636		SAMD12
386593	-0.3707574	0.00365	CHKB-CPT1B	-0.5555312583940513		CHKB-CPT1B
79679	-0.7589022	0.00367	VTCN1	0.0076207591288586		VTCN1
8842	-1.0379821	0.00367	PROM1	0.9862370248912224		PROM1
400916	0.3491644	0.00368	CHCHD10	-0.3681289216141667		CHCHD10
56986	0.1940534	0.00368	DTWD1	0.0638425448513784		DTWD1
5435	0.3061431	0.00368	POLR2F	-0.2232411674377576		POLR2F
5026	0.6441094	0.00369	P2RX5	-0.565646560786857		P2RX5
283335	-0.416344	0.0037	TNS2-AS1	0.5537360988744742		TNS2-AS1
92482	0.2061674	0.0037	BBIP1	-0.3785808077935835		BBIP1
55665	-0.1863188	0.00371	URGCP	0.2219798608797614		URGCP
1656	-0.1670932	0.00371	DDX6	-0.0522504812804811		DDX6
4157	-0.5488977	0.00372	MC1R	0.9991098798614664		MC1R
92283	-0.1884656	0.00372	ZNF461	-0.0159304379214804		ZNF461
6781	-1.4467876	0.00372	STC1	1.3990380121657422		STC1
65988	-0.2314681	0.00372	ZNF747	0.3374217914299531		ZNF747
6615	-1.0562404	0.00372	SNAI1	1.2418165028075074		SNAI1
864	-0.7544097	0.00372	RUNX3	0.5522898929215719		RUNX3
1609	-0.271488	0.00373	DGKQ	0.3058529059310704		DGKQ
51313	-0.4607656	0.00373	GASK1B	0.2482058495752044		GASK1B
728175	0.7920505	0.00373	LINC02363	-0.6683664873215633		LINC02363
197131	-0.3188978	0.00373	UBR1	0.359918294839801		UBR1
56882	-0.3213303	0.00373	CDC42SE1	0.3149886357394118		CDC42SE1
7041	-0.4046569	0.00373	TGFB1I1	0.4485013616367737		TGFB1I1
9555	0.156368	0.00373	MACROH2A1	-0.1959125187595232		MACROH2A1
11196	0.188453	0.00374	SEC23IP	-0.1448549530491325		SEC23IP
54606	-0.149371	0.00374	DDX56	0.3909230764011244		DDX56
8662	0.1648441	0.00374	EIF3B	-0.069173170070492		EIF3B
729723	-0.8619999	0.00374	DNAJC27-AS1	0.9828876017752172		DNAJC27-AS1
5298	-0.1769843	0.00374	PI4KB	0.1935465591435017		PI4KB
130589	0.2983349	0.00375	GALM	-0.0742450422193643		GALM
401398	0.4753638	0.00375	POT1-AS1	-0.0455963914674383		POT1-AS1
10494	0.1404112	0.00376	STK25	-0.1215858639942704		STK25
26173	-0.211202	0.00377	INTS1	0.5079924811702297		INTS1
55600	2.0709688	0.00377	ITLN1	-4.450886729492913		ITLN1
124044	-0.5109641	0.00379	SPATA2L	0.266389751805465		SPATA2L
5429	-0.2458925	0.0038	POLH	0.3235962327318447		POLH
23640	-0.2728356	0.0038	HSPBP1	0.3106852012806715		HSPBP1
153562	0.8953382	0.0038	MARVELD2	-1.2188632925333382		MARVELD2
4437	-0.2437326	0.00381	MSH3	0.4474085354447343		MSH3
71	-0.3379687	0.00381	ACTG1	0.210438684103595		ACTG1
57088	-0.567238	0.00382	PLSCR4	0.5249826430684017		PLSCR4
4061	-0.6043116	0.00383	LY6E	0.8201746093255888		LY6E
644660	0.5023829	0.00384	RAD21-AS1	0.0420870716079968		RAD21-AS1
9441	-0.2683945	0.00385	MED26	0.3442489480539419		MED26
22868	0.2194598	0.00386	FASTKD2	0.0476022441865469		FASTKD2
283899	-0.2328981	0.00386	INO80E	0.263241616144243		INO80E
56652	0.2331098	0.00386	TWNK	-0.3675828096939515		TWNK
4967	0.2452034	0.00387	OGDH	-0.0802389232866946		OGDH
54848	-0.621753	0.00388	ARHGEF38	1.5670993571521947		ARHGEF38
6327	-0.6073321	0.00388	SCN2B	0.7552908515312455		SCN2B
4009	-1.6253163	0.00389	LMX1A	1.4837862743855674		LMX1A
343450	-0.9392007	0.00389	KCNT2	0.7835583140331697		KCNT2
3115	-0.60103	0.0039	HLA-DPB1	0.7371144059651584		HLA-DPB1
105376843	-0.6642184	0.00391	SNHG25	0.5250496272599188		SNHG25
79868	-0.1989666	0.00391	ALG13	0.2994649991944982		ALG13
25898	-0.2577817	0.00391	RCHY1	0.196562841424722		RCHY1
8672	0.216033	0.00393	EIF4G3	-0.1745487895072628		EIF4G3
65260	0.3110766	0.00393	COA7	-0.3281024825702254		COA7
50628	-0.2529162	0.00393	GEMIN4	0.0715030535863139		GEMIN4
153396	0.2561385	0.00393	TMEM161B	-0.2228050252496571		TMEM161B
54868	0.2658138	0.00393	TMEM104	-0.315896402243546		TMEM104
9688	-0.1429284	0.00394	NUP93	0.2567802352847232		NUP93
25960	-0.426016	0.00394	ADGRA2	0.6714412384737893		ADGRA2
125875	-0.5215818	0.00395	CLDND2	0.4826428685909794		CLDND2
29099	0.2374051	0.00395	COMMD9	-0.079893391671006		COMMD9
7158	0.2463565	0.00395	TP53BP1	-0.2829019694239179		TP53BP1
7280	0.4572614	0.00395	TUBB2A	-0.1898630935131784		TUBB2A
1838	-0.3627593	0.00396	DTNB	0.2166438660486731		DTNB
23743	0.6316023	0.00396	BHMT2	-0.5077914263235797		BHMT2
90204	-0.1904851	0.00396	ZSWIM1	0.3508963147225288		ZSWIM1
25920	-0.1960938	0.00396	NELFB	0.40362069734593		NELFB
55825	0.5185823	0.00397	PECR	-0.5257275852461609		PECR
23008	0.1677384	0.00398	KLHDC10	0.0039022283130756		KLHDC10
2052	0.3000677	0.00398	EPHX1	-0.2189350502838465		EPHX1
11342	0.2073306	0.004	RNF13	-0.0727693793303743		RNF13
9896	0.2352684	0.004	FIG4	-0.3587219537087809		FIG4
57805	-0.151956	0.00402	CCAR2	0.3390547072243297		CCAR2
9993	-0.1931532	0.00402	DGCR2	0.0135515691691487		DGCR2
404220	0.2711939	0.00403	TEX56P	0.9238631835273532		TEX56P
330	0.7795613	0.00403	BIRC3	-0.5084651941723759		BIRC3
5094	-0.1574258	0.00404	PCBP2	0.4005678511508073		PCBP2
729991	-0.2614629	0.00404	BORCS8	0.4242756988102565		BORCS8
4836	0.1596814	0.00405	NMT1	-0.8579620498615883		NMT1
7979	0.2842457	0.00406	SEM1	-0.530946314948765		SEM1
4690	0.1943372	0.00406	NCK1	-0.3897337692165212		NCK1
178	0.4440311	0.00407	AGL	-0.2678274128215161		AGL
9455	0.2615327	0.00407	HOMER2	-0.5290261786536279		HOMER2
123872	-0.3363944	0.00409	DNAAF1	0.6264249382049614		DNAAF1
10186	-0.2910816	0.00409	LHFPL6	0.3487639989769162		LHFPL6
2185	0.5097176	0.0041	PTK2B	-0.1270041940380939		PTK2B
100289098	-0.6549205	0.0041	LINC03011	0.8651222538903038		LINC03011
81689	0.2371659	0.0041	ISCA1	-0.1273787433587845		ISCA1
7184	0.427036	0.00412	HSP90B1	-0.2646709810600658		HSP90B1
51808	0.1534924	0.00412	PHAX	-0.1330324030397349		PHAX
26589	0.3296001	0.00414	MRPL46	-0.0422564139101266		MRPL46
22794	-0.1470349	0.00414	CASC3	-0.0298192085043265		CASC3
9474	0.1580891	0.00415	ATG5	-0.1250620924125192		ATG5
56243	0.2676859	0.00415	KIAA1217	0.0441695072658214		KIAA1217
100287042	0.2601043	0.00416	MIF4GD-DT	0.380088991898909		MIF4GD-DT
256364	-0.2723216	0.00416	EML3	0.4393869616113317		EML3
221294	0.2692258	0.00416	NT5DC1	-0.1826904641542652		NT5DC1
151887	-1.0813809	0.00417	CCDC80	1.111284370169085		CCDC80
64778	-0.4318956	0.00417	FNDC3B	0.2936043307619593		FNDC3B
57125	-0.4942926	0.00417	PLXDC1	0.5580764722731342		PLXDC1
100506696	0.5862905	0.00417	PCAT6	-0.2289191689268419		PCAT6
5879	0.1086692	0.00417	RAC1	0.2380999959571417		RAC1
5794	-1.2258602	0.00418	PTPRH	1.3270244951378547		PTPRH
3106	-0.4062285	0.00418	HLA-B	0.5094563315166543		HLA-B
79168	0.6671206	0.00418	LILRA6	-0.3564656317834704		LILRA6
10763	-0.5426685	0.00419	NES	0.6725241958822892		NES
9254	-0.5831574	0.00419	CACNA2D2	0.6531441576266626		CACNA2D2
57118	0.771914	0.00419	CAMK1D	-0.7955008560146464		CAMK1D
196294	0.2687252	0.00419	IMMP1L	-0.14151462623028		IMMP1L
1375	-0.3840137	0.00419	CPT1B	0.303345051761605		CPT1B
3815	-0.905447	0.0042	KIT	1.0602548061315655		KIT
118932	-1.7720815	0.0042	ANKRD22	1.797688574864249		ANKRD22
285753	0.2622784	0.0042	CEP57L1	-0.2950092158721156		CEP57L1
144165	-0.4559333	0.0042	PRICKLE1	0.4543237549400829		PRICKLE1
84838	-0.1877229	0.00421	ZNF496	0.1719623908981549		ZNF496
100533952	0.5297837	0.00423	RBAK-RBAKDN	-1.5474888916639635		RBAK-RBAKDN
22905	0.3068307	0.00423	EPN2	-0.5655557192660421		EPN2
10963	0.2942885	0.00425	STIP1	-0.388594052995292		STIP1
3992	0.327072	0.00427	FADS1	-0.4409332345482504		FADS1
2675	-0.7892772	0.00427	GFRA2	0.7050257757746998		GFRA2
93655	0.2953545	0.00428	ST7-OT3	-0.3307792406685745		ST7-OT3
100534592	0.317648	0.00428	URGCP-MRPS24	-4.391224559848928		URGCP-MRPS24
80162	-0.4523997	0.00429	PGGHG	0.6416498766649346		PGGHG
2547	0.1826619	0.00429	XRCC6	-19.288791047631072		XRCC6
670	-0.353478	0.00429	BPHL	0.4950272344362183		BPHL
22866	-0.5494912	0.0043	CNKSR2	1.020229844245924		CNKSR2
604	0.5231875	0.00433	BCL6	-0.4751978459004551		BCL6
4170	-0.385197	0.00434	MCL1	0.3908960911102674		MCL1
3661	-0.2285443	0.00435	IRF3	0.2224298768972534		IRF3
51639	0.2684703	0.00435	SF3B6	-0.1186953901258398		SF3B6
84460	-0.4311705	0.00435	ZMAT1	0.5364771163657349		ZMAT1
151393	-0.6207491	0.00436	RMDN2	0.0293719592112164		RMDN2
9562	-0.2081099	0.00437	MINPP1	0.3612279491486596		MINPP1
9582	0.5239251	0.00437	APOBEC3B	-0.4495466280745466		APOBEC3B
54566	0.7109715	0.00438	EPB41L4B	-0.637862523300551		EPB41L4B
90007	-0.4595378	0.00439	MIDN	0.607463705692969		MIDN
445	0.4005836	0.00439	ASS1	-0.357670227311158		ASS1
100130302	-1.4340661	0.00439	SUPT20HL1	1.7510918882491469		SUPT20HL1
3032	0.4185105	0.0044	HADHB	-0.4327930932437933		HADHB
3712	-0.3135207	0.0044	IVD	0.7179055141225099		IVD
728537	-0.4387243	0.0044	C2orf92	0.741380304940084		C2orf92
22913	0.2169056	0.0044	RALY	0.016725011202018		RALY
3607	0.2373455	0.00442	FOXK2	-0.0832684502859932		FOXK2
107985246	-0.4325217	0.00442	CSRP1-AS1	1.5476325657343677		CSRP1-AS1
5159	0.3533332	0.00443	PDGFRB	-0.2258215231337024		PDGFRB
219738	-0.4493003	0.00444	FAM241B	0.6433295494117164		FAM241B
8528	0.2829567	0.00444	DDO	-0.2232907004796978		DDO
203190	1.3563811	0.00444	LGI3	-1.4862717211408372		LGI3
84890	-0.3490632	0.00445	ADO	0.5608930828328687		ADO
7088	-0.3933757	0.00445	TLE1	0.2713216217566336		TLE1
275	-0.346597	0.00446	AMT	0.2893221603546614		AMT
54663	0.2054528	0.00446	WDR74	-0.076606178001704		WDR74
2886	1.010132	0.00448	GRB7	-0.8987441909998358		GRB7
5861	0.1353292	0.00449	RAB1A	-0.1132220855475845		RAB1A
7068	-0.3658206	0.00449	THRB	0.1929232882657086		THRB
80262	-0.1309947	0.00449	PHAF1	0.2424747535058253		PHAF1
100507506	-0.5112536	0.0045	ECI2-DT	0.9605379472270752		ECI2-DT
8794	-0.6063094	0.0045	TNFRSF10C	0.8211108001402062		TNFRSF10C
6776	-0.2045694	0.0045	STAT5A	0.5445534806858139		STAT5A
51035	0.2450471	0.00451	UBXN1	-0.395735795119454		UBXN1
81579	0.281457	0.00452	PLA2G12A	-0.6334013311005195		PLA2G12A
4233	0.4447351	0.00453	MET	-0.092260352627898		MET
5451	-0.2011044	0.00456	POU2F1	0.4934765999763519		POU2F1
84223	0.4059501	0.00456	IQCG	-0.3474966179027796		IQCG
6888	0.25604	0.00456	TALDO1	-0.2114773681382953		TALDO1
2926	0.2211512	0.00458	GRSF1	-0.2609001452002202		GRSF1
7760	-0.2445655	0.00458	ZNF213	0.4653469750514656		ZNF213
79659	-0.3937823	0.00458	DYNC2H1	0.8313625535298199		DYNC2H1
84692	-0.8291133	0.00459	CCDC54	1.5882652184958437		CCDC54
91749	-0.296657	0.00459	MFSD4B	0.3391706780267963		MFSD4B
28966	0.2304506	0.0046	SNX24	0.0057813256381535		SNX24
79171	-0.2295432	0.0046	RBM42	0.2978005130719392		RBM42
79707	-0.1839458	0.0046	NOL9	-0.0447382742069883		NOL9
4660	0.4746127	0.0046	PPP1R12B	-0.5203082404254245		PPP1R12B
79705	-0.3910233	0.0046	LRRK1	0.5538382787148808		LRRK1
91828	-0.9003841	0.0046	EXOC3L4	1.077215372977225		EXOC3L4
57665	0.2318874	0.00461	RDH14	-0.4032268452161753		RDH14
51186	0.2248527	0.00461	TCEAL9	0.0269125499370481		TCEAL9
80010	0.3040017	0.00462	RMI1	-0.3628044127544163		RMI1
10989	0.248764	0.00463	IMMT	-0.2066939031865757		IMMT
143686	-0.5880909	0.00465	SESN3	0.6857754905547542		SESN3
2736	-0.8848868	0.00466	GLI2	0.8303635025694114		GLI2
79626	0.6331526	0.00467	TNFAIP8L2	-0.5075448567829811		TNFAIP8L2
23162	-0.2914513	0.00467	MAPK8IP3	0.363889280567971		MAPK8IP3
57708	-0.2853592	0.00467	MIER1	0.1947241302026001		MIER1
54843	-0.7752298	0.00468	SYTL2	0.8356497838934844		SYTL2
377	-0.1640779	0.00468	ARF3	-0.0549901000290438		ARF3
283310	0.7097448	0.00468	OTOGL	-0.3315315553206224		OTOGL
10376	0.373284	0.0047	TUBA1B	-0.6335695138692419		TUBA1B
26232	0.5884049	0.0047	FBXO2	-0.7370830670496245		FBXO2
203068	0.3819273	0.0047	TUBB	-0.2642168837666983		TUBB
1875	0.4571115	0.00471	E2F5	-0.2447523282633921		E2F5
3614	0.3412067	0.00474	IMPDH1	-0.339778281293662		IMPDH1
255743	-0.6176135	0.00474	NPNT	0.6419499918433949		NPNT
5664	0.2707007	0.00474	PSEN2	-0.0995767805233676		PSEN2
131870	0.2956393	0.00474	NUDT16	-0.0007654409486619		NUDT16
5828	0.1822242	0.00477	PEX2	-0.3641973535296454		PEX2
9442	-0.1637784	0.00477	MED27	0.261364643038569		MED27
118491	-0.3945266	0.00477	CFAP70	0.6870552458194239		CFAP70
90952	-0.2859995	0.00478	ESAM	0.3022994255999354		ESAM
150094	-1.2930319	0.00479	SIK1	1.1245010755261156		SIK1
170960	0.2891622	0.00479	ZNF721	-0.295331874851692		ZNF721
1109	0.6390223	0.0048	AKR1C4	-0.9156428177676884		AKR1C4
8915	-0.2157835	0.0048	BCL10	0.2367146678705338		BCL10
200726	0.9357406	0.00482	FAM237A	-0.7430471481176992		FAM237A
286	0.5573675	0.00482	ANK1	-0.538769478817513		ANK1
113157	-0.497287	0.00483	RPLP0P2	1.1240059870440462		RPLP0P2
9659	0.2729547	0.00483	PDE4DIP	0.0753947963974361		PDE4DIP
22933	0.2495051	0.00484	SIRT2	-0.2804147028299733		SIRT2
3550	0.2500905	0.00484	IK	-0.0088451284200203		IK
105369340	0.8579356	0.00484	PPP1R14B-AS1	-1.7082350653622815		PPP1R14B-AS1
23409	0.4363762	0.00484	SIRT4	-0.3425022008026048		SIRT4
54870	0.1526086	0.00485	QRICH1	-0.0983490702226381		QRICH1
404636	0.1648981	0.00485	DENND10	0.0918130125295397		DENND10
11092	-0.4387411	0.00485	SPACA9	0.5600115130873566		SPACA9
6300	-0.3884732	0.00487	MAPK12	0.4243856926189551		MAPK12
374887	-0.4273714	0.00487	YJEFN3	0.2936893889760483		YJEFN3
105371730	0.7305206	0.00487	LOC105371730	-0.7751542721893191		LOC105371730
116988	0.2129588	0.00487	AGAP3	-0.0726952036255719		AGAP3
121665	-0.1721774	0.00488	SPPL3	0.2392670278192028		SPPL3
83590	0.2634196	0.00489	TMUB1	-0.400357869730203		TMUB1
118472	0.2428079	0.0049	ZNF511	-0.1075667080600562		ZNF511
149041	-0.2674953	0.0049	RC3H1	0.2299829737629481		RC3H1
5067	1.1089794	0.0049	CNTN3	-1.061987608131972		CNTN3
790	-0.2645455	0.00491	CAD	0.7413157492405089		CAD
285381	0.2480025	0.00491	DPH3	-0.192848733630524		DPH3
84929	1.3256607	0.00491	FIBCD1	-1.423327331567307		FIBCD1
143279	-0.4021702	0.00492	HECTD2	0.6032759700474457		HECTD2
85460	0.256089	0.00493	ZNF518B	-0.2317088941453819		ZNF518B
56169	1.0612596	0.00494	GSDMC	-0.96602350833736		GSDMC
64963	0.2112628	0.00499	MRPS11	-0.0387297581136349		MRPS11
79729	-0.426196	0.00499	SH3D21	0.5287734901344752		SH3D21
6697	0.4549235	0.00499	SPR	-0.2313229994465553		SPR
6878	0.1533903	0.005	TAF6	-0.0461876584070672		TAF6
113510	0.1801707	0.005	HELQ	-0.1334587396184661		HELQ
85450	-0.5555144	0.00501	ITPRIP	0.5918017236326083		ITPRIP
22848	0.3255048	0.00501	AAK1	-0.4319566156943875		AAK1
8516	-0.7062727	0.00502	ITGA8	0.9124540185609744		ITGA8
8838	-0.8015037	0.00502	CCN6	1.9811029079824396		CCN6
8890	0.2022609	0.00504	EIF2B4	-0.0308042618727677		EIF2B4
6943	-0.661971	0.00504	TCF21	0.9613963638346132		TCF21
64091	0.2575065	0.00505	POPDC2	-0.2937897031148111		POPDC2
8833	0.1526134	0.00505	GMPS	0.1589434888412113		GMPS
2262	1.2313738	0.00505	GPC5	-1.3998145464603569		GPC5
285525	-0.5735548	0.00505	YIPF7	0.5130903399395287		YIPF7
26512	0.2518626	0.00505	INTS6	-0.2221356550580315		INTS6
7813	-0.3104888	0.00506	EVI5	0.1335373822910925		EVI5
5605	0.2000653	0.00506	MAP2K2	-0.5634684903586331		MAP2K2
8574	-0.2893498	0.00506	AKR7A2	0.28796759337793		AKR7A2
23082	-0.2340182	0.00507	PPRC1	0.5689840474774326		PPRC1
100507303	-0.5095117	0.00508	SNHG19	0.5733976126995048		SNHG19
101927609	-0.6706025	0.00509	LOC101927609	0.2508728102093414		LOC101927609
11076	0.6314176	0.0051	TPPP	-0.8514387289910972		TPPP
387841	0.3292318	0.0051	RPL13AP20	-0.4524620748715564		RPL13AP20
221935	0.7188051	0.00512	SDK1	-0.4006720509127798		SDK1
4899	-0.1794451	0.00512	NRF1	0.0922703853698729		NRF1
7572	0.2230736	0.00513	ZNF24	-0.2183548360775411		ZNF24
3028	0.2288809	0.00513	HSD17B10	-0.2390519072941428		HSD17B10
6303	0.4172036	0.00514	SAT1	-0.2884648607705333		SAT1
5105	2.1882	0.00514	PCK1	-1.724050719689452		PCK1
100873993	-0.6828392	0.00514	ITIH4-AS1	0.0		ITIH4-AS1
7059	-0.4662061	0.00515	THBS3	0.6794729222899587		THBS3
1158	0.4476532	0.00515	CKM	-0.4040412903588439		CKM
255082	-0.6955499	0.00518	CASC2	0.7408191634564014		CASC2
9077	-1.1179701	0.00518	DIRAS3	1.2844960205539673		DIRAS3
84680	-0.4506856	0.00519	ACCS	0.7166719486905033		ACCS
90407	-0.1643165	0.00519	TMEM41A	0.1983502876359164		TMEM41A
4839	0.2447627	0.00519	NOP2	-0.1960478255945306		NOP2
114803	0.3105339	0.00519	MYSM1	-0.29354213171692		MYSM1
9559	0.1460839	0.00519	VPS26A	-0.1222189964917817		VPS26A
55863	0.1658528	0.00519	TMEM126B	-0.1653979490529735		TMEM126B
2621	-0.2414581	0.00519	GAS6	0.2074987943408768		GAS6
9672	-0.3347528	0.0052	SDC3	0.3681046400749728		SDC3
51204	0.2392198	0.0052	TACO1	0.0005959195635512		TACO1
2735	-0.8084241	0.0052	GLI1	0.6399051308227045		GLI1
3298	0.283953	0.0052	HSF2	-0.1939051376304608		HSF2
648791	0.4013388	0.00521	PPP1R3G	-0.0522820463063156		PPP1R3G
5245	0.2041177	0.00523	PHB1	-0.1096377841438673		PHB1
7913	0.2936474	0.00524	DEK	-0.8263585519915786		DEK
100129361	0.2885185	0.00524	SMIM10L1	0.8504324632775502		SMIM10L1
55699	0.1779323	0.00524	IARS2	-0.1481350458670389		IARS2
124491	-0.2768521	0.00526	TMEM170A	0.2518115248123673		TMEM170A
11281	-1.1887378	0.00526	POU6F2	1.4621141517128795		POU6F2
64951	0.3214045	0.00527	MRPS24	-0.2994188324250224		MRPS24
27183	0.2102342	0.00527	VPS4A	0.0911633704738648		VPS4A
25932	0.3975211	0.00529	CLIC4	-0.1538920565004904		CLIC4
80817	-0.2336553	0.00529	CEP44	0.3045804755521661		CEP44
55250	-0.1732358	0.00529	ELP2	0.5830253154300609		ELP2
114818	-0.5634434	0.00532	KLHL29	0.8529194544120632		KLHL29
84926	-0.1890764	0.00532	SPRYD3	0.3278304961456824		SPRYD3
2674	0.745084	0.00534	GFRA1	-0.877363034889048		GFRA1
83874	-0.37242	0.00534	TBC1D10A	0.3699195451930732		TBC1D10A
85456	-0.2504292	0.00535	TNKS1BP1	0.1626488179482859		TNKS1BP1
2537	-0.7764291	0.00536	IFI6	0.8173876700124953		IFI6
26054	0.1819223	0.00536	SENP6	0.0592131902353072		SENP6
120114	-1.2904183	0.00537	FAT3	1.2196124569088904		FAT3
7804	0.6940142	0.00537	LRP8	-0.9278495852166758		LRP8
132160	-0.3351105	0.00538	PPM1M	0.6390389294569951		PPM1M
106144526	-0.4265885	0.00538	PLA2G4C-AS1	2.4501144697191943		PLA2G4C-AS1
7869	-0.3329756	0.00538	SEMA3B	0.5257122270332193		SEMA3B
6520	-0.3231403	0.00539	SLC3A2	0.307437338571189		SLC3A2
93323	0.3344935	0.00539	HAUS8	-0.2853854733929379		HAUS8
259173	0.3419363	0.00539	ALS2CL	-0.2666606617700564		ALS2CL
283349	0.3637095	0.0054	RASSF3	-0.1382800590935238		RASSF3
163081	0.2676133	0.0054	ZNF567	-0.1012732182800781		ZNF567
285367	0.247772	0.00541	RPUSD3	-0.234416864712375		RPUSD3
134728	0.3565852	0.00541	IRAK1BP1	-0.3556892231966849		IRAK1BP1
79710	-0.3066147	0.00542	MORC4	0.4097511740114563		MORC4
5172	-0.8368518	0.00542	SLC26A4	0.989356024904386		SLC26A4
166348	-0.4430637	0.00543	KBTBD12	0.4163217587745507		KBTBD12
222584	1.9949827	0.00544	FAM83B	-3.4007578363650914		FAM83B
9847	0.218686	0.00545	C2CD5	-0.0730592212323166		C2CD5
150864	-0.5601675	0.00546	FAM117B	0.8632590058377128		FAM117B
100009676	-0.3220592	0.00546	ZBTB11-AS1	0.8104613130474756		ZBTB11-AS1
221092	0.1724199	0.00546	HNRNPUL2	-0.0731788919239635		HNRNPUL2
30836	0.212126	0.00547	DNTTIP2	-0.0464678172025063		DNTTIP2
9127	-0.8196915	0.00547	P2RX6	1.018505019719322		P2RX6
9249	-0.3925313	0.00547	DHRS3	0.3626630772965278		DHRS3
546	0.32015	0.00548	ATRX	-0.2646091475741134		ATRX
4438	-0.9203577	0.00548	MSH4	1.1520260728670035		MSH4
4071	0.5006343	0.0055	TM4SF1	-0.390417857347912		TM4SF1
9404	-0.2810902	0.0055	LPXN	0.3768169747792433		LPXN
54726	0.3311102	0.00551	OTUD4	-0.3850173740016114		OTUD4
2073	0.195461	0.00551	ERCC5	-0.0131756295898499		ERCC5
100128893	-0.363867	0.00551	GATA6-AS1	0.3241858639358206		GATA6-AS1
7168	0.3008132	0.00551	TPM1	0.1395112640519187		TPM1
79728	0.2288736	0.00553	PALB2	0.2089962443120931		PALB2
3117	-0.9853109	0.00553	HLA-DQA1	1.3403366504318297		HLA-DQA1
4217	0.3409288	0.00555	MAP3K5	-0.5718223368461111		MAP3K5
27165	-0.4028825	0.00555	GLS2	0.0553989191475084		GLS2
653333	-0.6331482	0.00555	FAM86B2	0.7894688420964764		FAM86B2
55615	-0.5407689	0.00556	PRR5	0.848867242723187		PRR5
7405	0.1612487	0.00557	UVRAG	-0.0833907363959598		UVRAG
8543	0.3316433	0.0056	LMO4	-0.1947906609008418		LMO4
4357	0.3601379	0.0056	MPST	-0.2356267519098072		MPST
1295	-0.6952149	0.0056	COL8A1	0.6654571011727679		COL8A1
199777	-0.2923179	0.00561	ZNF626	0.5496945141363729		ZNF626
114044	0.2031752	0.00563	MCM3AP-AS1	-0.6438755653507819		MCM3AP-AS1
9927	-0.2332715	0.00563	MFN2	0.176884734699211		MFN2
400499	-0.6950646	0.00563	LOC400499	0.8073704930478993		LOC400499
100526767	0.1141649	0.00565	RNF103-CHMP3	0.4515000952031979		RNF103-CHMP3
2531	-0.2152283	0.00565	KDSR	-0.0347332814711975		KDSR
3952	2.2755209	0.00565	LEP	-2.0496985266388794		LEP
26145	-0.2787414	0.00566	IRF2BP1	0.2842476189687697		IRF2BP1
9093	0.235978	0.00566	DNAJA3	-0.3770815014530839		DNAJA3
51696	0.3041726	0.00566	HECA	-0.1388862507903732		HECA
48	0.2179894	0.00566	ACO1	1.405256067009244		ACO1
10138	-0.3257197	0.00566	YAF2	-0.0675256423158225		YAF2
10927	-0.2170514	0.00567	SPIN1	0.0775855816848016		SPIN1
85476	0.2591083	0.00568	GFM1	-0.0815660590634514		GFM1
57176	-0.3152696	0.0057	VARS2	0.5014144047423685		VARS2
23224	0.4214517	0.0057	SYNE2	-0.4525431459705888		SYNE2
23224	0.4214517	0.0057	SYNE2	-0.6158954470598133		SYNE2
51710	-0.1829321	0.0057	ZNF44	0.120957918727719		ZNF44
7372	-0.2290875	0.00571	UMPS	0.5091335063460174		UMPS
118788	0.4659535	0.00571	PIK3AP1	-0.4603305474127501		PIK3AP1
117246	0.2307074	0.00571	FTSJ3	-0.3152740147957464		FTSJ3
64763	-0.2445903	0.00571	ZNF574	0.4620798708068894		ZNF574
55794	-0.293022	0.00571	DDX28	0.3762029854944293		DDX28
2166	0.4086557	0.00572	FAAH	-0.2763526670183391		FAAH
83478	-0.3888248	0.00574	ARHGAP24	0.48497709266596		ARHGAP24
348094	-0.3961287	0.00576	ANKDD1A	0.7273757917530235		ANKDD1A
143	0.1865564	0.00576	PARP4	-0.126326011297631		PARP4
987	0.2738061	0.00576	LRBA	-0.0004661032813597		LRBA
388962	0.3423979	0.00579	BOLA3	-0.2387129771086709		BOLA3
1523	-0.206447	0.00579	CUX1	21.827837412739385		CUX1
338773	-1.2880762	0.00579	TMEM119	1.5638770388061958		TMEM119
140628	1.2804588	0.0058	GATA5	-1.1051419869165575		GATA5
101929128	0.8554847	0.0058	LOC101929128	-0.3839003717057593		LOC101929128
337867	-0.2578904	0.0058	UBAC2	0.4535837762001966		UBAC2
157753	-0.8906926	0.00582	TMEM74	0.7072223660303243		TMEM74
79035	0.1916903	0.00582	NABP2	-0.0482514472133965		NABP2
10261	0.7825637	0.00583	IGSF6	-0.3958578395509142		IGSF6
26135	0.1643005	0.00583	SERBP1	-0.47478200797089		SERBP1
92912	-0.3257621	0.00583	UBE2Q2	0.4843927075325531		UBE2Q2
8974	0.305099	0.00584	P4HA2	-0.2981197169433018		P4HA2
7697	0.346077	0.00585	ZNF138	-0.2225128320236133		ZNF138
147807	0.2353317	0.00586	ZNF524	-0.1426438625141188		ZNF524
516	0.3033727	0.00586	ATP5MC1	-0.0121306477100642		ATP5MC1
7216	-0.4323624	0.00588	TRO	0.5958112573858199		TRO
51805	0.3159843	0.00591	COQ3	-0.2354548709129709		COQ3
1821	-1.0573008	0.00593	DRP2	1.344546941860714		DRP2
55616	0.3147907	0.00597	ASAP3	-0.2740311346115742		ASAP3
6513	0.537888	0.00598	SLC2A1	-0.3781070889682141		SLC2A1
81615	-0.9534158	0.006	TMEM163	1.1416801469168816		TMEM163
79176	-0.3808753	0.00604	FBXL15	0.7972787980343439		FBXL15
58190	-0.1508065	0.00604	CTDSP1	0.3031882279843652		CTDSP1
196527	0.2128534	0.00604	ANO6	0.0492582191255603		ANO6
345462	0.2846497	0.00604	ZNF879	-0.0731451851637883		ZNF879
100507373	0.2790285	0.00606	ADGRL1-AS1	0.0261224831470971		ADGRL1-AS1
6201	0.3421503	0.00606	RPS7	0.2232066972925954		RPS7
112714	1.2601105	0.00606	TUBA3E	-1.404725102987685		TUBA3E
101929532	-1.1209097	0.00606	LOC101929532	0.6103427174357856		LOC101929532
10794	-0.4751268	0.00606	ZNF460	0.5430540737400958		ZNF460
7832	-1.1178356	0.00606	BTG2	1.3493710708648576		BTG2
57147	0.1920259	0.00607	SCYL3	-0.1879990193881204		SCYL3
64779	-0.1731697	0.00607	MTHFSD	-0.0120586466225098		MTHFSD
124997	-0.2995473	0.00607	WDR81	0.4610661467176009		WDR81
115209	0.2502818	0.00609	OMA1	-0.480532084294003		OMA1
27241	0.4379008	0.00609	BBS9	-0.432472636569134		BBS9
5970	-0.1745601	0.00611	RELA	-0.0819302894414635		RELA
10681	-0.345533	0.00611	GNB5	0.1892775942610725		GNB5
55329	-0.5749364	0.00611	MNS1	0.70057460004918		MNS1
55130	-1.0083815	0.00611	ODAD2	1.1092760694706845		ODAD2
57617	-0.2135489	0.00611	VPS18	0.4246687954490236		VPS18
1662	0.2370065	0.00612	DDX10	-0.2171004950170991		DDX10
83692	0.236825	0.00612	CD99L2	-0.2776579634652458		CD99L2
8266	0.2281677	0.00612	UBL4A	-0.271137457457959		UBL4A
4001	0.7159429	0.00613	LMNB1	-0.5186495436110506		LMNB1
460	-0.4892538	0.00614	ASTN1	0.4634466699563638		ASTN1
167153	-0.251854	0.00614	TENT2	0.3628276791600857		TENT2
10495	-0.2420416	0.00618	ENOX2	0.1339588747532238		ENOX2
100130691	-0.2766277	0.00619	LOC100130691	0.4808069260235883		LOC100130691
100873941	0.4149705	0.00621	OPA1-AS1	0.0		OPA1-AS1
619383	0.8889137	0.00621	SCARNA9	0.8117794476853764		SCARNA9
54145	0.4460929	0.00621	H2BC12L	-0.1581051930252917		H2BC12L
112609	-1.0463832	0.00621	MRAP2	1.5035315201363444		MRAP2
105376748	0.4442544	0.00621	NEMP2-DT	0.3749342619137357		NEMP2-DT
54822	0.3767547	0.00621	TRPM7	-0.3713024344622049		TRPM7
375593	-0.5232495	0.00621	TRIM73	1.2635819560078114		TRIM73
9512	0.193526	0.00623	PMPCB	0.0053916990924678		PMPCB
112	-0.335802	0.00624	ADCY6	0.2605464940463662		ADCY6
22995	0.4873455	0.00625	CEP152	-1.0398177645198263		CEP152
64848	0.2581151	0.00626	YTHDC2	0.0644758336002899		YTHDC2
57380	0.2902195	0.00626	MRS2	-0.1471903614577554		MRS2
206338	1.0937505	0.00627	LVRN	-0.7067692975010085		LVRN
80152	-0.1808089	0.00629	CENPT	0.2029922597466384		CENPT
10084	0.2910947	0.00629	PQBP1	-0.1438099911229375		PQBP1
8632	-0.2938998	0.00629	DNAH17	-0.4189732942046498		DNAH17
7087	-1.0595935	0.0063	ICAM5	1.3711343159459328		ICAM5
100528018	0.2039885	0.00631	ARL2-SNX15	-0.6341544216219264		ARL2-SNX15
84335	0.2178959	0.00631	AKT1S1	-0.1347883078655813		AKT1S1
29095	0.2564844	0.00631	ORMDL2	0.0422773350471947		ORMDL2
84814	0.3931779	0.00634	PLPP7	-0.158486147007733		PLPP7
1565	-0.5361215	0.00634	CYP2D6	0.6462251289517531		CYP2D6
55969	0.2444303	0.00634	RAB5IF	0.093991839585084		RAB5IF
57521	-0.2054567	0.00635	RPTOR	0.420581074157877		RPTOR
101927512	0.6435853	0.00636	LINC01275	-0.5411432351863168		LINC01275
79643	-0.236644	0.00636	CHMP6	0.2377472047275528		CHMP6
81892	0.3578123	0.00637	SLIRP	-0.1648584500597039		SLIRP
284018	0.4226236	0.00637	C17orf58	-0.3196667796625752		C17orf58
683	-0.3468422	0.00638	BST1	0.5726038082654765		BST1
50651	0.3723104	0.00639	SLC45A1	-0.1018675920581914		SLC45A1
55119	0.2155412	0.0064	PRPF38B	0.0298878046889097		PRPF38B
8819	0.2905881	0.0064	SAP30	-0.0813498060624309		SAP30
5046	-0.4140562	0.0064	PCSK6	0.557265559477405		PCSK6
8836	0.6556961	0.00641	GGH	-0.5778123857781812		GGH
1184	0.2681477	0.00641	CLCN5	-0.0902761716012973		CLCN5
51322	0.2131785	0.00642	WAC	-0.3837364373442771		WAC
79673	0.1709994	0.00642	ZNF329	-0.1014779644696073		ZNF329
389119	-0.6163026	0.00643	INKA1	0.829905338566983		INKA1
101928464	0.3612397	0.00644	ZNF433-AS1	-0.1864529244547905		ZNF433-AS1
64847	-0.340157	0.00644	SPATA20	0.6014401919360983		SPATA20
57634	-0.1745723	0.00645	EP400	0.4253684267455617		EP400
1294	-0.3208975	0.00648	COL7A1	0.5459580591152751		COL7A1
254427	-0.5777289	0.00649	PROSER2	0.9588986959664972		PROSER2
23181	-0.2145992	0.00649	DIP2A	0.3938992322892458		DIP2A
996	0.2078368	0.00649	CDC27	-0.539932507382253		CDC27
5130	0.2282265	0.0065	PCYT1A	-0.647688510096815		PCYT1A
123775	0.3255907	0.00651	C16orf46	0.1800487676582265		C16orf46
26234	0.2317656	0.00651	FBXL5	-0.1567326352256151		FBXL5
57412	0.3691514	0.00652	AS3MT	-0.1301921062409619		AS3MT
22876	-0.3532605	0.00652	INPP5F	0.6918803625762717		INPP5F
84320	0.188928	0.00653	ACBD6	0.1166491219987697		ACBD6
3122	-0.569494	0.00654	HLA-DRA	0.8754706471780773		HLA-DRA
64928	0.2437928	0.00654	MRPL14	-0.1933385021359202		MRPL14
50853	-0.4031227	0.00654	VILL	0.6789422630027111		VILL
154807	0.1656586	0.00655	VKORC1L1	-0.0739410313943151		VKORC1L1
378	-0.2337413	0.00656	ARF4	-0.0029137717742573		ARF4
89849	-0.2885641	0.00657	ATG16L2	0.1345230636537122		ATG16L2
57097	-0.2791262	0.00658	PARP11	0.0151188840825604		PARP11
60436	-0.2632369	0.00658	TGIF2	0.1201534144162361		TGIF2
9170	-0.6407058	0.00658	LPAR2	0.551960621974793		LPAR2
80273	0.2414615	0.00659	GRPEL1	-0.6083891287473788		GRPEL1
6302	-0.1582909	0.00659	TSPAN31	0.154875678706797		TSPAN31
6009	0.2712647	0.0066	RHEB	-0.4052086228035829		RHEB
284403	0.8225408	0.0066	WDR62	-0.4747781179869093		WDR62
121456	-1.3724126	0.0066	SLC9A7P1	0.4590518797962165		SLC9A7P1
23307	0.1349493	0.0066	FKBP15	-0.0663579184296283		FKBP15
343263	1.1983775	0.0066	MYBPHL	-0.9546527979144014		MYBPHL
8916	0.2260886	0.00661	HERC3	-0.2373834501382168		HERC3
7105	-0.2859087	0.00661	TSPAN6	0.2847527003251708		TSPAN6
55605	0.3232384	0.00664	KIF21A	-0.2896538028823832		KIF21A
1018	-0.3789768	0.00665	CDK3	0.5438959854034486		CDK3
65985	0.3089045	0.00666	AACS	0.0237543599892897		AACS
3280	-0.6910199	0.00666	HES1	0.9782929006958252		HES1
347240	0.2070922	0.00666	KIF24	-0.4000426254220368		KIF24
6282	0.425096	0.00668	S100A11	-0.340797145330975		S100A11
22824	-0.4041055	0.00668	HSPA4L	0.3940338249390578		HSPA4L
5999	-1.5433645	0.00668	RGS4	1.5742413899112209		RGS4
9360	0.2359643	0.00669	PPIG	-0.3387671830345766		PPIG
284751	-0.5655908	0.0067	LINC01270	1.0734101496130666		LINC01270
84649	0.5970933	0.0067	DGAT2	-0.3440692963493146		DGAT2
115098	0.2384811	0.00671	CCDC124	-0.2061926975533579		CCDC124
148229	0.6751845	0.00671	ATP8B3	-0.8528169236970292		ATP8B3
2395	0.2498511	0.00672	FXN	0.201825576727578		FXN
128611	-1.0320593	0.00672	ZNF831	1.4152217806709837		ZNF831
5311	-0.3698226	0.00672	PKD2	0.3566318678411808		PKD2
2117	-0.208679	0.00673	ETV3	0.254042492874527		ETV3
22881	0.2630969	0.00674	ANKRD6	-0.3359166308073757		ANKRD6
134265	0.2372359	0.00674	AFAP1L1	-0.0443592306016125		AFAP1L1
64866	0.8764379	0.00675	CDCP1	-0.8605576230388681		CDCP1
51435	-0.3091657	0.00676	SCARA3	1.1778075679585798		SCARA3
5695	0.2124797	0.00676	PSMB7	-0.2290011527557904		PSMB7
9653	-0.2765641	0.00677	HS2ST1	0.0507616560936008		HS2ST1
339804	0.4902321	0.00677	C2orf74	0.2616339656128241		C2orf74
79670	0.2033742	0.00677	TUT7	-0.3069254863667168		TUT7
442319	-0.7061323	0.00677	ZNF727	0.8798795704391285		ZNF727
152137	0.2015522	0.00678	CCDC50	-0.0623964768049827		CCDC50
28956	0.2223825	0.00681	LAMTOR2	-0.0071764193593573		LAMTOR2
3119	-0.9625216	0.00681	HLA-DQB1	0.8514300795463123		HLA-DQB1
1209	0.191416	0.00681	CLPTM1	-0.1258261359077428		CLPTM1
9031	0.1597816	0.00682	BAZ1B	-0.1450183655014703		BAZ1B
158584	0.3175203	0.00683	FAAH2	0.0886521064331078		FAAH2
790955	0.2916989	0.00683	UQCC3	-0.1250124037438245		UQCC3
2890	-1.0042003	0.00686	GRIA1	0.6409969028696336		GRIA1
10620	-0.2354525	0.00686	ARID3B	0.5121170346743917		ARID3B
6795	-0.459716	0.00686	AURKC	0.8399088988415624		AURKC
865	-0.4490769	0.00688	CBFB	0.2235465618404468		CBFB
57463	0.2836173	0.00689	AMIGO1	-0.3179781210853849		AMIGO1
6623	0.4131033	0.0069	SNCG	-0.2797970683290991		SNCG
199974	1.110753	0.00691	CYP4Z1	-0.7458246877540502		CYP4Z1
100128590	0.8235695	0.00693	SLC8A1-AS1	2.789749637817479		SLC8A1-AS1
83642	-0.2637609	0.00695	SELENOO	0.3671581988487649		SELENOO
10180	0.3453673	0.00695	RBM6	-0.3117340625109612		RBM6
284161	0.4227079	0.00696	GDPD1	-0.4522203663895138		GDPD1
55107	-0.4882972	0.00697	ANO1	0.5520849107864976		ANO1
389336	-0.642288	0.00697	C5orf46	0.0600797937231121		C5orf46
4835	0.5564304	0.00699	NQO2	-0.393626555885052		NQO2
8312	0.2491808	0.00702	AXIN1	-0.21701855257963		AXIN1
9694	0.1919058	0.00702	EMC2	-0.0026082853109068		EMC2
114885	0.3981708	0.00703	OSBPL11	-0.3918956087694578		OSBPL11
20	-0.2403298	0.00703	ABCA2	0.3540829797106157		ABCA2
339229	-0.2212625	0.00703	OXLD1	0.2545334446423464		OXLD1
22993	-0.15585	0.00703	HMGXB3	0.5290737477692211		HMGXB3
4908	-0.5763025	0.00703	NTF3	0.9798391174900424		NTF3
30832	0.1425857	0.00704	ZNF354C	0.1397157964091222		ZNF354C
220388	-0.5294308	0.00704	CCDC89	0.625773798107239		CCDC89
2078	0.2565404	0.00708	ERG	-0.2494821167057423		ERG
57679	0.2261735	0.00708	ALS2	-0.4946246234965388		ALS2
8721	0.2749352	0.00709	EDF1	-0.2290656559529633		EDF1
8651	-0.8032832	0.0071	SOCS1	0.745995452084269		SOCS1
6402	-0.8186634	0.00711	SELL	0.9312479342376204		SELL
51244	0.1900786	0.00711	CCDC174	-0.1581110192830546		CCDC174
3339	-0.3629742	0.00712	HSPG2	0.3724647971802666		HSPG2
23510	-0.3065059	0.00713	KCTD2	0.2265300493743414		KCTD2
1400	-0.3403964	0.00714	CRMP1	0.3945931978779418		CRMP1
256471	-0.2466338	0.00715	MFSD8	0.042095954640561		MFSD8
11034	0.2063449	0.00716	DSTN	-0.1203819240336052		DSTN
1607	-0.7021269	0.00717	DGKB	0.6955960656737059		DGKB
116238	0.4128324	0.00718	TLCD1	-1.1424622345872206		TLCD1
1951	-0.5161803	0.00719	CELSR3	0.4160801767526407		CELSR3
100505616	0.4101278	0.00719	SNHG21	0.5932568260233309		SNHG21
114905	-0.7049245	0.0072	C1QTNF7	0.8610799473219455		C1QTNF7
10350	0.4024717	0.0072	ABCA9	-0.3907372991948996		ABCA9
956	-0.6325636	0.0072	ENTPD3	0.904405608214736		ENTPD3
1089	-1.2605144	0.00722	CEACAM4	0.9967214571896862		CEACAM4
65263	-0.4325824	0.00724	PYCR3	0.6615408636945183		PYCR3
5743	-1.0739436	0.00724	PTGS2	0.9910361973201464		PTGS2
56949	-0.208359	0.00727	XAB2	0.257140728777494		XAB2
153733	0.3218983	0.00728	CCDC112	-0.2765100762540782		CCDC112
148479	-0.299109	0.00729	PHF13	0.5297321968993947		PHF13
8803	0.2448086	0.0073	SUCLA2	-0.5849185256874883		SUCLA2
102606465	-0.3219205	0.00731	DPH5-DT	0.493351396420119		DPH5-DT
148223	-0.2889274	0.00734	C19orf25	0.266519482792102		C19orf25
100534593	-0.1705022	0.00735	STX16-NPEPL1	-1.4020983638861644		STX16-NPEPL1
22893	-0.1867386	0.00736	BAHD1	0.3897824319004948		BAHD1
28976	0.2299432	0.00736	ACAD9	-0.1253305983439618		ACAD9
6712	-0.5635834	0.00736	SPTBN2	0.6603380282258826		SPTBN2
57130	-0.1676256	0.00736	ATP13A1	0.1147928669119533		ATP13A1
90806	-0.2400348	0.00736	ANGEL2	0.105713535146124		ANGEL2
2557	-0.6940542	0.00736	GABRA4	0.8962349720189073		GABRA4
100129075	-0.4442638	0.00738	KTN1-AS1	0.3404177527562517		KTN1-AS1
56893	0.1925906	0.00738	UBQLN4	-0.2187188821603136		UBQLN4
84913	-0.4967486	0.00738	ATOH8	0.659233911309153		ATOH8
153743	0.2274527	0.00738	PPP1R2B	0.1987921926626972		PPP1R2B
221262	0.6611622	0.00738	CCDC162P	-0.1814268359250797		CCDC162P
387921	-0.2790456	0.00738	NHLRC3	0.4889999357238346		NHLRC3
10509	0.4133423	0.00739	SEMA4B	-0.2555114412109507		SEMA4B
9690	0.1776008	0.00741	UBE3C	-0.1192936375628272		UBE3C
6608	-0.3369233	0.00742	SMO	0.5331473864016862		SMO
10525	0.3462083	0.00742	HYOU1	-0.2747010357477544		HYOU1
7016	0.2878296	0.00744	TESK1	-0.00975029404061		TESK1
94056	0.1945912	0.00745	SYAP1	-0.6926861978902057		SYAP1
3291	-0.8817212	0.00745	HSD11B2	1.044171165034343		HSD11B2
51393	-0.3090039	0.00747	TRPV2	0.474539074658507		TRPV2
125061	0.2924808	0.00747	AFMID	-0.0410885233077671		AFMID
84146	0.2622756	0.00748	ZNF644	-0.1241657299041127		ZNF644
22938	0.2042578	0.00748	SNW1	-0.1917996969502251		SNW1
138046	0.6618627	0.00749	RALYL	-0.3399989784678346		RALYL
54498	-0.3668126	0.00749	SMOX	0.5203384981285257		SMOX
89970	0.1532472	0.00751	RSPRY1	-0.2885454208711446		RSPRY1
443	-0.5740868	0.00753	ASPA	0.6329049306206784		ASPA
3489	-0.5020884	0.00756	IGFBP6	0.725073866149387		IGFBP6
84084	0.2466843	0.00757	RAB6C	-0.432522485657153		RAB6C
10678	-0.3119478	0.00758	B3GNT2	0.5478442895957598		B3GNT2
6171	0.3042296	0.00758	RPL41	-0.0781556398570213		RPL41
8468	-0.6574888	0.00762	FKBP6	1.873629132753772		FKBP6
26610	0.1901475	0.00762	ELP4	0.0111019189761623		ELP4
147015	0.3977003	0.00762	DHRS13	-0.3899927535679549		DHRS13
10110	0.8274264	0.00762	SGK2	-0.503230424170586		SGK2
5551	-0.8714804	0.00765	PRF1	1.0059662956360294		PRF1
9651	-0.8045654	0.00765	PLCH2	1.417248478505011		PLCH2
2840	0.9395786	0.00765	GPR17	0.9152516487959944		GPR17
283234	0.3181041	0.00765	CCDC88B	-0.3287483187643434		CCDC88B
65056	0.1980489	0.00767	GPBP1	0.0331431240303814		GPBP1
4351	0.2645392	0.00768	MPI	-0.1481793181425814		MPI
101929423	-0.5511776	0.00769	MEF2C-AS1	1.0905755324042004		MEF2C-AS1
23017	1.0254886	0.0077	FAIM2	-1.526094133902605		FAIM2
118	0.1631264	0.00771	ADD1	0.1271034390289411		ADD1
90313	-0.2402922	0.00771	TP53I13	0.4415857954373683		TP53I13
9321	0.2903481	0.00772	TRIP11	-0.4706165082405253		TRIP11
23367	0.1527973	0.00774	LARP1	-0.4674693202418405		LARP1
840	0.3225851	0.00775	CASP7	-0.0768026586539654		CASP7
50507	-0.899471	0.00775	NOX4	1.1185943034091377		NOX4
10388	0.4546932	0.00776	SYCP2	-0.0813933844762986		SYCP2
57732	0.4378397	0.00776	ZFYVE28	-0.2255159863081524		ZFYVE28
57732	0.4378397	0.00776	ZFYVE28	-0.2928405393548561		ZFYVE28
84436	-0.2451678	0.00776	ZNF528	0.2348575951813916		ZNF528
480	-0.583025	0.00777	ATP1A4	1.68276216160827		ATP1A4
84083	0.1858621	0.00777	ZRANB3	-0.1062488777228899		ZRANB3
55924	0.6023851	0.00777	INKA2	-0.4858130669024065		INKA2
55924	0.6023851	0.00777	INKA2	-0.9594449117750335		INKA2
728215	-0.8842862	0.00777	NALF1	0.9645482902171428		NALF1
51385	0.286084	0.00777	ZNF589	-0.0393582092007038		ZNF589
23030	0.2315987	0.00778	KDM4B	-0.2246343089135747		KDM4B
9167	-0.2138579	0.00779	COX7A2L	0.1909908953021544		COX7A2L
253725	0.2308745	0.0078	WASHC2C	-0.2809220814342059		WASHC2C
8243	0.2490365	0.0078	SMC1A	-0.6607276255510683		SMC1A
7278	1.2921543	0.0078	TUBA3C	-1.3200447884450566		TUBA3C
79029	-0.3009144	0.00781	SPATA5L1	0.3087138925605419		SPATA5L1
2259	-0.7008622	0.00785	FGF14	0.2345036251528436		FGF14
116442	-0.7135872	0.00785	RAB39B	0.8987177589673889		RAB39B
145482	0.2398988	0.00787	PTGR2	-0.134645027699424		PTGR2
3184	0.1777269	0.00787	HNRNPD	-0.3106354830379141		HNRNPD
55002	-0.2879149	0.00788	TMCO3	0.4495071475123851		TMCO3
25782	0.1982247	0.00788	RAB3GAP2	-0.2931849828286066		RAB3GAP2
4883	-0.674132	0.00788	NPR3	0.7207216900631543		NPR3
1831	-0.8567137	0.0079	TSC22D3	0.902852136963924		TSC22D3
56660	0.7716728	0.00791	KCNK12	-1.6438336278021488		KCNK12
2178	0.3471891	0.00792	FANCE	-0.0842023951943191		FANCE
1759	-0.605416	0.00792	DNM1	0.7838491474972042		DNM1
653121	-0.3804177	0.00793	ZBTB8A	0.5805241464613435		ZBTB8A
10531	0.2174084	0.00793	PITRM1	-0.0235654463927357		PITRM1
3608	0.1764182	0.00794	ILF2	-0.1824593546431918		ILF2
107986809	-0.6955207	0.00794	ELN-AS1	0.6351033071161253		ELN-AS1
92211	0.6078904	0.00794	CDHR1	-0.4096372933237273		CDHR1
1824	0.3281069	0.00794	DSC2	-0.354935756328532		DSC2
5714	0.348605	0.00794	PSMD8	-0.1060160065401234		PSMD8
389792	-0.531727	0.00794	IER5L	0.6174303051202057		IER5L
221	-0.3481858	0.00795	ALDH3B1	0.6965048817934338		ALDH3B1
10291	-0.1763343	0.00796	SF3A1	0.3459466813143717		SF3A1
64112	-0.2025793	0.00797	MOAP1	0.2726124240993499		MOAP1
832	0.1501831	0.00797	CAPZB	-0.0728571841547029		CAPZB
84080	-0.2542318	0.00799	ENKD1	-0.1061892877615733		ENKD1
10544	0.4353063	0.00799	PROCR	-0.2252875938384364		PROCR
55139	0.2479362	0.00799	ANKZF1	-0.1887229340063205		ANKZF1
80864	-0.2149923	0.008	EGFL8	0.4649804740648635		EGFL8
8643	-0.6722103	0.00801	PTCH2	0.6227434851283284		PTCH2
84911	0.2342421	0.00801	ZNF382	-0.1675626895736601		ZNF382
4605	1.1008392	0.00802	MYBL2	-0.978661774204738		MYBL2
9400	-0.2421492	0.00803	RECQL5	0.2091340172115936		RECQL5
100507557	-0.32799	0.00804	EPM2A-DT	0.9147774005611722		EPM2A-DT
9665	0.194558	0.00804	MARF1	-0.1356626459933805		MARF1
55365	-0.5823928	0.00804	TMEM176A	0.8828158060905831		TMEM176A
9696	-0.2847924	0.00805	CROCC	0.4561973391237526		CROCC
1839	-0.7547813	0.00806	HBEGF	0.7574606468830032		HBEGF
84283	-0.3068774	0.00806	TMEM79	0.5379794054270466		TMEM79
6385	-0.4432568	0.00807	SDC4	0.3496672209554203		SDC4
58491	0.1917528	0.00808	ZNF71	-0.1894774749087862		ZNF71
58	-0.8304121	0.00809	ACTA1	0.933207667623515		ACTA1
79065	0.2186381	0.00809	ATG9A	-0.2165174257152422		ATG9A
26012	0.255615	0.0081	NSMF	-0.4347968121005197		NSMF
3188	0.1606731	0.00811	HNRNPH2	-0.001376651896721		HNRNPH2
55063	0.2277314	0.00811	ZCWPW1	-0.2117213530750166		ZCWPW1
9495	-0.5765914	0.00812	AKAP5	0.8359482938177987		AKAP5
390637	-0.3506607	0.00813	GDPGP1	0.6195065524969088		GDPGP1
6550	-0.2868997	0.00816	SLC9A3	0.2839154912788757		SLC9A3
729920	0.3322655	0.00817	CRPPA	-0.5385079805027455		CRPPA
8641	-0.2156109	0.00818	PCDHGB4	0.2798839485913412		PCDHGB4
54108	0.2633702	0.00818	CHRAC1	-0.2946579659603552		CHRAC1
5831	0.5966384	0.00818	PYCR1	-0.7624098019638352		PYCR1
4947	-0.2438492	0.00819	OAZ2	0.3085747810407291		OAZ2
199746	-0.3620733	0.00819	U2AF1L4	0.0665582055913658		U2AF1L4
55814	0.3194333	0.0082	BDP1	0.1615623658319953		BDP1
84517	0.4022727	0.0082	ACTRT3	-0.4355660212986971		ACTRT3
54472	-0.1651829	0.0082	TOLLIP	0.2480473162691998		TOLLIP
84233	0.3265252	0.0082	TMEM126A	-0.045410704541851		TMEM126A
221178	0.3668855	0.0082	SPATA13	-0.4063221933309275		SPATA13
81502	0.1759277	0.0082	HM13	-0.0716714260485451		HM13
102723854	-1.0254473	0.00821	LINC01819	1.1423647871242282		LINC01819
140576	0.3143214	0.00821	S100A16	-0.2733355808610174		S100A16
347	0.6532417	0.00823	APOD	-0.7107336767151473		APOD
50856	-0.4507792	0.00824	CLEC4A	1.109622103800883		CLEC4A
51622	0.1690358	0.00825	CCZ1	0.3561139220752078		CCZ1
3373	0.2678072	0.00825	HYAL1	-0.2995608157123426		HYAL1
23107	0.1795646	0.00826	MRPS27	-0.1220101835754237		MRPS27
23660	0.1460209	0.00827	ZKSCAN5	0.0372887018388303		ZKSCAN5
65008	0.2851586	0.00831	MRPL1	-0.0147175054016779		MRPL1
101928736	0.2119744	0.00832	MIR762HG	-0.2158229827664968		MIR762HG
63910	0.6493455	0.00832	SLC17A9	-0.5822117370137218		SLC17A9
11251	-0.7386737	0.00833	PTGDR2	0.9516150928438613		PTGDR2
55326	-0.3701844	0.00834	AGPAT5	0.2940834266928196		AGPAT5
5692	-0.1897339	0.00835	PSMB4	0.3952041093659426		PSMB4
10236	0.1802503	0.00835	HNRNPR	-0.1512476444865189		HNRNPR
8668	0.1942844	0.00836	EIF3I	-0.0366887732264293		EIF3I
100289361	0.452641	0.00837	LOC100289361	-0.3604362993724335		LOC100289361
85439	-0.5412956	0.00838	STON2	0.5546769355143628		STON2
27258	0.2195792	0.00839	LSM3	0.0018982489009271		LSM3
140831	-0.245462	0.0084	ZSWIM3	0.4729042187306215		ZSWIM3
550112	-0.3393713	0.00841	UBA6-DT	0.6313569619199015		UBA6-DT
51649	0.310621	0.00844	MRPS23	-0.3367539632664282		MRPS23
3691	-0.4094917	0.00844	ITGB4	0.5483393043846072		ITGB4
149483	-0.4429857	0.00845	CCDC17	0.4130693923358246		CCDC17
965	0.2580766	0.00846	CD58	-0.2806781449397553		CD58
26053	-0.4211231	0.00847	AUTS2	0.4075882230527847		AUTS2
100506804	-0.4916289	0.00847	TMEM30A-DT	-0.2881410700348732		TMEM30A-DT
79894	-0.2299259	0.00848	ZNF672	0.2696440641332573		ZNF672
57728	0.3679949	0.00848	WDR19	-0.1077653963878475		WDR19
9967	0.2170284	0.00849	THRAP3	-0.0383955871730119		THRAP3
193629	-0.9615819	0.00849	LINC00189	1.0161652519201616		LINC00189
51755	0.1811846	0.00851	CDK12	-0.1375501727878152		CDK12
118461	-0.319949	0.00852	C10orf71	0.5254004919413537		C10orf71
26805	0.6659945	0.00852	SNORD45A	-0.0085595854334066		SNORD45A
5649	-1.2722102	0.00852	RELN	1.295798007866157		RELN
201158	-0.1939215	0.00854	TVP23C	-0.0516969282067272		TVP23C
283385	-0.8333912	0.00854	MORN3	-0.2004428907678113		MORN3
3832	0.5138421	0.00855	KIF11	-0.2991256066623808		KIF11
25980	-0.1849592	0.00856	AAR2	0.3938784494904008		AAR2
201161	0.5792923	0.00858	CENPV	-0.80846156951596		CENPV
5984	0.2213331	0.00858	RFC4	-0.4266338379452223		RFC4
220992	0.2993991	0.00861	ZNF485	-0.1309493142769204		ZNF485
26108	0.5622124	0.00861	PYGO1	-0.7943197594283273		PYGO1
196403	-0.1594764	0.00861	DTX3	0.3292371995113026		DTX3
26993	0.2390256	0.00862	AKAP8L	-0.3596807740015313		AKAP8L
730183	0.4123282	0.00862	LOC730183	0.1952254892396033		LOC730183
10903	-0.4520673	0.00864	MTMR11	0.4964358412767855		MTMR11
10647	1.3810384	0.00865	SCGB1D2	-1.1381224735482074		SCGB1D2
10557	0.2244619	0.00866	RPP38	-0.0401662166958294		RPP38
9702	0.1723775	0.00867	CEP57	0.0594123100545704		CEP57
55069	-0.1165845	0.00868	TMEM248	0.2290737580030253		TMEM248
5212	0.6347783	0.00868	VIT	-0.4605165182192023		VIT
10216	-0.8806064	0.00871	PRG4	-0.510430852302139		PRG4
101929524	-0.9988747	0.00871	RETREG1-AS1	1.38347375070163		RETREG1-AS1
9068	-0.5758241	0.00871	ANGPTL1	0.4763428293571756		ANGPTL1
116461	0.1792726	0.00871	TSEN15	0.0652570583093261		TSEN15
8743	0.7047042	0.00871	TNFSF10	-0.5699752901533479		TNFSF10
22981	0.6396469	0.00875	NINL	-0.7652160757888229		NINL
10417	-0.5247426	0.00876	SPON2	0.6537004086741494		SPON2
170685	-0.9352567	0.00877	NUDT10	1.207233808303238		NUDT10
4674	-0.4000187	0.00878	NAP1L2	0.4477510362783241		NAP1L2
8844	-0.3210241	0.00878	KSR1	0.3688703728774847		KSR1
5229	0.2640383	0.0088	PGGT1B	-0.3322866911785143		PGGT1B
1435	0.2596225	0.00882	CSF1	-0.1828402900860699		CSF1
4885	1.0724878	0.00883	NPTX2	-0.9196788743535826		NPTX2
79269	0.1914092	0.00883	DCAF10	-0.0739259646467194		DCAF10
440498	0.3854091	0.00884	HSBP1L1	-0.0580301798613818		HSBP1L1
58488	0.2004234	0.00884	PCTP	-0.0480505492828413		PCTP
55973	0.238673	0.00886	BCAP29	0.0318072097694361		BCAP29
100874222	0.2536046	0.00887	OBI1-AS1	-0.8094933276738567		OBI1-AS1
114088	-0.6021774	0.0089	TRIM9	0.5912355182385289		TRIM9
144195	-0.8372827	0.00892	SLC2A14	0.997228165883297		SLC2A14
130535	0.141646	0.00894	KCTD18	-0.238615683441608		KCTD18
7786	-0.2129366	0.00894	MAP3K12	0.3346839747516901		MAP3K12
142689	0.463419	0.00894	ASB12	-0.4564896872861488		ASB12
3597	0.2875372	0.00894	IL13RA1	-0.4134095148054224		IL13RA1
8742	-0.1985987	0.00896	TNFSF12	0.3612865234043347		TNFSF12
5108	0.2323922	0.00896	PCM1	-0.049655521980811		PCM1
3000	0.7649878	0.00898	GUCY2D	0.0102061282214163		GUCY2D
150223	-0.3872054	0.00898	YDJC	0.4094834701074172		YDJC
80019	0.3491197	0.00899	UBTD1	-0.1827511841201623		UBTD1
8462	-0.3910265	0.009	KLF11	0.5359721932675208		KLF11
85007	-0.1658736	0.00902	PHYKPL	0.2938465152182736		PHYKPL
100526772	0.6473411	0.00903	STIMATE-MUSTN1	-0.7042792274346108		STIMATE-MUSTN1
91582	0.2969544	0.00904	RPS19BP1	-0.302384644224742		RPS19BP1
23192	-0.2021139	0.00905	ATG4B	0.2221723801654072		ATG4B
80765	-0.4124268	0.00905	STARD5	0.2114173793119798		STARD5
23648	0.2874404	0.00905	SSBP3	-0.5042939631209062		SSBP3
729852	-0.2783289	0.00905	UMAD1	0.1166220640379962		UMAD1
78989	-0.6608398	0.00906	COLEC11	0.9110555547989704		COLEC11
7371	-0.4178951	0.00907	UCK2	0.5028466802309475		UCK2
23113	-0.1656269	0.00907	CUL9	0.5096277654223758		CUL9
7737	0.2306048	0.00907	RNF113A	-0.1935824217472137		RNF113A
100101467	-0.1802635	0.00908	ZSCAN30	0.1908638394622341		ZSCAN30
5827	0.4289944	0.00909	PXMP2	-0.2755344850116694		PXMP2
7857	-1.3876694	0.00911	SCG2	2.058981298893797		SCG2
23163	0.1600269	0.00915	GGA3	-0.2141831542661911		GGA3
55859	-1.2461277	0.00917	BEX1	1.3853304117831795		BEX1
4774	-0.2323517	0.00918	NFIA	-0.3189464285827523		NFIA
153	0.7082502	0.00919	ADRB1	0.0669137959238614		ADRB1
79101	0.254553	0.00919	TAF1D	-0.2767902885339302		TAF1D
50865	0.2061443	0.00919	HEBP1	-0.1574883167809453		HEBP1
9921	0.185459	0.00919	RNF10	-0.1517805858302523		RNF10
10600	0.1837107	0.00919	USP16	0.0238922092143036		USP16
10472	0.2981251	0.00919	ZBTB18	-0.1144053602405708		ZBTB18
100506725	-0.438835	0.00924	LINC03013	0.6825575691844565		LINC03013
26098	0.1307723	0.00924	EDRF1	0.2410504323540747		EDRF1
84245	-0.2456315	0.00925	MRI1	0.4440539955993463		MRI1
6432	-0.2049278	0.00925	SRSF7	0.2355796396426601		SRSF7
200765	-0.3113783	0.00925	TIGD1	0.4075734464866635		TIGD1
157378	0.4329215	0.00925	TMEM65	-0.3770861763885147		TMEM65
54802	0.2901071	0.00926	TRIT1	-0.3893337895908706		TRIT1
10578	-0.9295896	0.00926	GNLY	1.0718608287694775		GNLY
427	0.1987296	0.00927	ASAH1	-0.16325141810972		ASAH1
10464	0.2350669	0.00927	PIBF1	-0.0099919249219255		PIBF1
6515	-0.8125538	0.00928	SLC2A3	0.8935459407487238		SLC2A3
969	-0.9414883	0.0093	CD69	0.7980366870273639		CD69
4738	0.2239934	0.0093	NEDD8	-0.1877808191361225		NEDD8
353376	0.3610846	0.00933	TICAM2	-0.0369299520075404		TICAM2
9784	-0.1953494	0.00933	SNX17	0.3881332972237157		SNX17
159090	-0.2376611	0.00933	PABIR2	0.0969894637227497		PABIR2
54414	0.2419325	0.00934	SIAE	-0.231073295035074		SIAE
54929	-0.3777696	0.00934	TMEM161A	0.1901119788765157		TMEM161A
256714	0.8144779	0.00934	MAP7D2	-1.0501265742656878		MAP7D2
1844	-0.8689425	0.00935	DUSP2	0.6728009705816063		DUSP2
2628	-0.873869	0.00935	GATM	0.5771672295412289		GATM
91272	0.2246273	0.00935	BOD1	-0.2425551992435295		BOD1
54477	0.271843	0.00935	PLEKHA5	-0.0350126737489642		PLEKHA5
5700	0.1873349	0.00936	PSMC1	0.6256262278894931		PSMC1
205428	-0.4327259	0.00937	DIPK2A	0.631145750593449		DIPK2A
9180	0.4164295	0.00938	OSMR	-0.2586483033151929		OSMR
375189	-0.4376201	0.00939	PFN4	0.7048722281187578		PFN4
133121	-0.9188317	0.00939	ENPP6	1.5017671472483012		ENPP6
285	0.7076504	0.00939	ANGPT2	-0.6645085798303738		ANGPT2
1059	-0.2037959	0.00939	CENPB	0.228445304950033		CENPB
421	-0.3928724	0.0094	ARVCF	0.3014556397076724		ARVCF
5066	0.2755626	0.00941	PAM	-0.0910416698359686		PAM
10924	0.3325677	0.00942	SMPDL3A	-0.1493710791132709		SMPDL3A
6441	-0.611749	0.00942	SFTPD	0.8732483225896979		SFTPD
130733	-0.361106	0.00946	TMEM178A	0.5341011281082737		TMEM178A
114132	0.6950875	0.00946	SIGLEC11	-0.795146188324811		SIGLEC11
101928058	-0.7126247	0.00947	KBTBD11-AS1	1.0310183881001398		KBTBD11-AS1
1760	0.3105033	0.00947	DMPK	-0.2385873599134136		DMPK
83539	1.3276489	0.00949	CHST9	-1.362414153090527		CHST9
1395	0.8420268	0.0095	CRHR2	-1.052219911457208		CRHR2
122509	-0.2095068	0.0095	IFI27L1	0.6227538560066663		IFI27L1
100303728	-0.2537461	0.0095	SLC25A5-AS1	-0.0795061472202685		SLC25A5-AS1
1039	-0.3213277	0.00953	CDR2	0.1175268172332457		CDR2
131578	-1.2249	0.00953	LRRC15	1.397556189844107		LRRC15
51538	-0.3294731	0.00954	ZCCHC17	0.0657690010418212		ZCCHC17
106480429	-0.9768347	0.00957	HLA-DQB1-AS1	2.8282473211930688		HLA-DQB1-AS1
8780	-0.1968468	0.00957	RIOK3	0.3719827917959373		RIOK3
9940	0.2365216	0.0096	DLEC1	1.3644561114087237		DLEC1
285672	-0.2323293	0.00961	SREK1IP1	-0.0296066684336753		SREK1IP1
4495	-1.1288962	0.00962	MT1G	-0.6782505510741563		MT1G
6675	0.2970342	0.00963	UAP1	-0.1168745640318702		UAP1
3735	0.2027552	0.00963	KARS1	-0.2284134786512037		KARS1
55761	0.1403378	0.00967	TTC17	0.0733188315444204		TTC17
7188	-0.3694487	0.00967	TRAF5	0.5046696506646637		TRAF5
2205	-1.237378	0.00972	FCER1A	1.2253701666449586		FCER1A
10298	-0.2187043	0.00974	PAK4	0.5166017017577302		PAK4
151449	-0.7336324	0.00975	GDF7	0.844441640805031		GDF7
23063	0.163832	0.00975	WAPL	-0.0055124318059283		WAPL
84885	0.3403551	0.00977	ZDHHC12	-0.2884105500843454		ZDHHC12
29117	0.1727424	0.00978	BRD7	0.1532663985189106		BRD7
10169	0.2311107	0.00979	SERF2	-0.2369862956727662		SERF2
55249	0.1667677	0.0098	YY1AP1	-0.2647066628501155		YY1AP1
80055	-0.5068341	0.0098	PGAP1	0.3133930642981561		PGAP1
80757	-0.6156885	0.0098	TMEM121	0.674389151086838		TMEM121
79767	-0.3605476	0.0098	ELMO3	0.5594858622694671		ELMO3
23413	-0.6513347	0.00981	NCS1	0.5813774360690236		NCS1
1366	0.6947032	0.00981	CLDN7	-0.5703470604870543		CLDN7
51493	0.1357078	0.00983	RTCB	-0.2978245807853525		RTCB
219902	-0.344978	0.00984	TLCD5	0.5840021914958244		TLCD5
4973	-1.0638056	0.00985	OLR1	0.3395645783996904		OLR1
1933	0.2190492	0.0099	EEF1B2	0.4045825556374227		EEF1B2
10456	0.2335297	0.0099	HAX1	-0.0149683665836546		HAX1
84253	-0.3753359	0.00992	GARNL3	0.6110984208340522		GARNL3
84868	0.5549665	0.00992	HAVCR2	-0.3609915959083851		HAVCR2
1385	0.2641776	0.00992	CREB1	-0.5678209490085622		CREB1
221002	0.6608748	0.00992	RASGEF1A	-0.8370612865451877		RASGEF1A
3678	0.4596598	0.00994	ITGA5	-0.3006153164865583		ITGA5
100128252	-0.1766656	0.00994	ZNF667-AS1	0.4086800123946674		ZNF667-AS1
25913	0.2729019	0.00995	POT1	-0.3949283137436223		POT1
1783	-0.1821707	0.00996	DYNC1LI2	-0.0286044184470979		DYNC1LI2
1106	0.1772508	0.00996	CHD2	-0.510419857342141		CHD2
203859	0.3446899	0.00998	ANO5	-0.2147791996297217		ANO5
100996425	-0.6947625	0.00999	ARLNC1	0.7590243827210983		ARLNC1
10289	0.3220364	0.01	EIF1B	-0.1414117064269895		EIF1B
5914	-0.3627544	0.01	RARA	0.6400238361362605		RARA
56984	-0.1743453	0.01	PSMG2	0.4161633289797901		PSMG2
29944	0.8093837	0.01	PNMA3	-0.6289942860308539		PNMA3
83860	0.2026299	0.01	TAF3	0.0139560272354435		TAF3
162073	-0.3678407	0.0101	ITPRIPL2	0.6579565438002379		ITPRIPL2
653689	0.8322906	0.0101	GSTT2B	-0.6577582714294326		GSTT2B
1954	-0.2132996	0.0101	MEGF8	0.5583743558629424		MEGF8
25886	0.426401	0.0101	POC1A	-0.4034295097033445		POC1A
404734	0.1572953	0.0101	ANKHD1-EIF4EBP3	-0.1668669720825266		ANKHD1-EIF4EBP3
51148	-0.6348685	0.0102	CERCAM	0.6083308352351744		CERCAM
2055	0.2186313	0.0102	CLN8	-0.123129928962006		CLN8
5511	0.114912	0.0102	PPP1R8	-0.0213960805883042		PPP1R8
9253	-0.2855121	0.0102	NUMBL	0.3696627042516223		NUMBL
1123	-0.2394986	0.0102	CHN1	0.090299814456733		CHN1
401505	0.2075968	0.0102	TOMM5	-0.1598418519968047		TOMM5
100132215	0.2690824	0.0102	EHBP1-AS1	4.027711652144738		EHBP1-AS1
2	0.2846509	0.0102	A2M	-0.3169048850742477		A2M
115861	-0.7943602	0.0102	NXNL1	0.650584068233525		NXNL1
154796	-0.4232217	0.0103	AMOT	0.579676468122972		AMOT
83878	-0.3444901	0.0103	USHBP1	0.1929698597697853		USHBP1
10081	-0.1869366	0.0103	PDCD7	-0.0561216279478493		PDCD7
6470	0.3971689	0.0103	SHMT1	-0.336482484877318		SHMT1
51023	0.2240202	0.0103	MRPS18C	-0.0582908497160215		MRPS18C
84700	-0.3894017	0.0103	MYO18B	0.8102637680365463		MYO18B
55173	0.2073691	0.0103	MRPS10	-0.1524812234077801		MRPS10
90102	-0.4094023	0.0104	PHLDB2	0.6835819595074275		PHLDB2
158297	0.5487291	0.0104	SAXO1	-0.0128517547881799		SAXO1
2962	0.1990575	0.0104	GTF2F1	-0.4485858716126598		GTF2F1
147798	-0.4858958	0.0104	TMC4	0.4022948777563857		TMC4
54805	-0.2555395	0.0104	CNNM2	0.2396357809406566		CNNM2
54832	0.2535277	0.0105	VPS13C	-0.2743600216234494		VPS13C
105371450	-0.4561343	0.0105	THBS3-AS1	0.3811111517797464		THBS3-AS1
342979	-0.9769215	0.0105	PALM3	1.5417025032087803		PALM3
5926	0.2593102	0.0105	ARID4A	-0.3359782959074775		ARID4A
3329	0.1973662	0.0105	HSPD1	-0.3984883057675423		HSPD1
11133	0.2967885	0.0106	KPTN	-0.4340348208949458		KPTN
64105	0.7004971	0.0106	CENPK	-0.6702390356376579		CENPK
123016	-0.2772595	0.0107	TTC8	0.5324763076550618		TTC8
10440	0.2346825	0.0107	TIMM17A	-0.1805586751692613		TIMM17A
329	0.1924423	0.0107	BIRC2	-0.381156961056317		BIRC2
7391	0.1397093	0.0107	USF1	-0.2807516183844942		USF1
80222	-0.2322113	0.0107	TARS2	0.7488746637274684		TARS2
27330	0.8578803	0.0107	RPS6KA6	-1.093749563045411		RPS6KA6
26795	-0.7774591	0.0107	SNORD54	1.6485037983502924		SNORD54
9798	-0.1543143	0.0107	IST1	0.2471064280566741		IST1
7596	0.1658853	0.0107	ZNF45	-0.3199904459096747		ZNF45
29937	-0.2662668	0.0107	NENF	0.5255007815490815		NENF
7805	0.5455228	0.0107	LAPTM5	-0.4916527803961763		LAPTM5
25900	-0.2183505	0.0107	IFFO1	0.2630144718869038		IFFO1
929	0.6062769	0.0107	CD14	-0.5733833707784406		CD14
57696	-0.2131521	0.0108	DDX55	0.6011014299338564		DDX55
23070	-0.1233294	0.0108	CMTR1	0.3035007820813424		CMTR1
6519	-0.2826823	0.0108	SLC3A1	0.1579509603446633		SLC3A1
89795	0.4810401	0.0108	NAV3	-0.0895107343551649		NAV3
55544	0.3549954	0.0108	RBM38	-0.1597649553464784		RBM38
5187	-0.6595133	0.0109	PER1	0.5651701000822822		PER1
22801	0.592948	0.0109	ITGA11	-0.7282232753246913		ITGA11
100133286	0.4275413	0.0109	CBR1-AS1	0.6129119147661664		CBR1-AS1
57646	0.2470807	0.0109	USP28	-0.5039914965270933		USP28
65005	0.1854322	0.0109	MRPL9	-0.0410321570178382		MRPL9
7014	-0.1526995	0.0109	TERF2	-0.1453180004405441		TERF2
5352	0.3774685	0.0109	PLOD2	-0.6630472863954475		PLOD2
23430	-0.8504231	0.0109	TPSD1	1.3557818929990966		TPSD1
4293	0.4245963	0.0109	MAP3K9	-0.5759091177697899		MAP3K9
10682	0.2785123	0.0109	EBP	-0.0711204731562649		EBP
22869	0.1870749	0.0109	ZNF510	-0.2243175147446581		ZNF510
387111	-1.1922597	0.0109	LINC00222	0.829151474598372		LINC00222
11040	-0.3030773	0.0109	PIM2	0.3475935308734603		PIM2
2256	0.5041477	0.011	FGF11	-0.2191331884012166		FGF11
401397	-0.2597996	0.011	SMIM30	0.3239663381859365		SMIM30
154	0.3769379	0.011	ADRB2	-0.2665677680425864		ADRB2
3055	0.5224002	0.0111	HCK	-0.2411619017644004		HCK
3673	0.8008098	0.0111	ITGA2	-0.510249528652794		ITGA2
4493	-0.6742928	0.0111	MT1E	0.8546658443605786		MT1E
2593	-0.2864033	0.0111	GAMT	0.1218870632810444		GAMT
1757	-0.7659275	0.0111	SARDH	0.9092851017697456		SARDH
81533	0.2225861	0.0111	ITFG1	-0.2550672190836573		ITFG1
26973	0.3242801	0.0112	CHORDC1	-0.3939037594937167		CHORDC1
10540	0.1332089	0.0112	DCTN2	-0.2879206297564316		DCTN2
10198	0.1819938	0.0112	MPHOSPH9	-0.1820818093988254		MPHOSPH9
11226	0.6609858	0.0112	GALNT6	-0.0211123079351982		GALNT6
26578	0.1413404	0.0112	OSTF1	0.0890959318994335		OSTF1
5349	0.6341104	0.0112	FXYD3	-0.5752427676313695		FXYD3
23658	-0.2316856	0.0112	LSM5	0.1798215471749502		LSM5
55753	-1.0804727	0.0112	OGDHL	1.3306279175428315		OGDHL
4191	0.2644121	0.0112	MDH2	0.0342271177308965		MDH2
285331	0.2842097	0.0113	CCDC66	-0.0478155052232298		CCDC66
101926943	0.2745964	0.0113	GTF2I-AS1	-0.43864292386061		GTF2I-AS1
10100	0.5535388	0.0113	TSPAN2	-0.5886871137416061		TSPAN2
2582	0.2977641	0.0113	GALE	-0.0025969401400836		GALE
55159	-0.1933059	0.0114	RFWD3	0.1138442943677957		RFWD3
26751	-0.2900294	0.0114	SH3YL1	0.3898425766111271		SH3YL1
80237	0.3167204	0.0114	ELL3	-0.3573133771115726		ELL3
113457	1.2303119	0.0114	TUBA3D	-1.3690117524050764		TUBA3D
148741	-0.4524652	0.0114	ANKRD35	0.7183227167369648		ANKRD35
5902	0.1809015	0.0114	RANBP1	0.2072161572436481		RANBP1
90161	-1.171516	0.0114	HS6ST2	0.4415199848292759		HS6ST2
90161	-1.171516	0.0114	HS6ST2	3.586096065559241		HS6ST2
715	0.4807562	0.0114	C1R	-0.2920926353970081		C1R
715	0.4807562	0.0114	C1R	0.1913939142026048		C1R
203	0.2332499	0.0114	AK1	-0.1998409240340724		AK1
2303	-0.3995442	0.0115	FOXC2	0.6088879884775659		FOXC2
9330	0.1569283	0.0115	GTF3C3	-0.0727839295968202		GTF3C3
56005	0.2856919	0.0115	MYDGF	-0.1747068173971167		MYDGF
57221	-0.6850996	0.0115	ARFGEF3	1.0156612915435452		ARFGEF3
257415	0.2365152	0.0115	FAM133B	-0.231141908830168		FAM133B
27032	-0.1948242	0.0116	ATP2C1	0.1696743006865091		ATP2C1
10330	0.1917515	0.0116	CNPY2	-0.0564530167827479		CNPY2
5479	0.3133014	0.0116	PPIB	-0.3724683091273437		PPIB
117608	0.2919951	0.0116	ZNF354B	0.0902770484768198		ZNF354B
10308	0.3058395	0.0116	ZNF267	-0.0679065662792566		ZNF267
728358	-1.594968	0.0116	DEFA1B	0.0		DEFA1B
7789	-0.2686938	0.0117	ZXDA	0.4153819919077042		ZXDA
333	-0.5453872	0.0117	APLP1	0.9336021991337952		APLP1
108	-0.8763076	0.0117	ADCY2	1.0850285171892105		ADCY2
10514	-0.1755044	0.0117	MYBBP1A	-0.2721281940397571		MYBBP1A
79088	-0.1360717	0.0117	ZNF426	-0.0046315454461751		ZNF426
984	0.1974299	0.0117	CDK11B	-0.2972883281641021		CDK11B
81573	0.1554619	0.0117	ANKRD13C	-0.6011414566249567		ANKRD13C
374879	-0.3155288	0.0117	ZNF699	0.2008116977014075		ZNF699
5442	-0.2424182	0.0117	POLRMT	0.2285498234688541		POLRMT
7752	-0.1944929	0.0117	ZNF200	-0.0049936005995032		ZNF200
1667	-1.5918052	0.0117	DEFA1	1.4752167896754913		DEFA1
10897	-0.2607823	0.0117	YIF1A	0.3561738774973468		YIF1A
51643	-0.1870991	0.0117	TMBIM4	0.2621738934615791		TMBIM4
84498	-0.1258809	0.0118	FAM120B	0.3847617696127146		FAM120B
135250	0.621756	0.0118	RAET1E	-0.7316377991796407		RAET1E
55691	0.2640504	0.0118	FRMD4A	-0.1998000779038902		FRMD4A
10101	-0.2106477	0.0118	NUBP2	0.3666113090853473		NUBP2
3397	-0.4227918	0.0118	ID1	0.6099704428834833		ID1
9779	0.1544193	0.0118	TBC1D5	-0.2705735610445119		TBC1D5
2118	-0.8201182	0.0118	ETV4	0.9979670262464706		ETV4
146705	-0.2499221	0.0118	TEPSIN	0.2945707600596998		TEPSIN
6775	-1.1163339	0.0118	STAT4	1.181344382755107		STAT4
8218	-0.3982866	0.0118	CLTCL1	0.4966348471616522		CLTCL1
2014	0.3996118	0.0118	EMP3	-0.1010833144462335		EMP3
5283	0.2228251	0.0119	PIGH	-0.2185274616928438		PIGH
8045	0.4183717	0.0119	RASSF7	-0.4126330620276797		RASSF7
84440	0.5365089	0.0119	RAB11FIP4	-0.6427463197078009		RAB11FIP4
27130	0.2245611	0.0119	INVS	0.0489430234710994		INVS
90480	0.2192234	0.012	GADD45GIP1	-0.3270259168983775		GADD45GIP1
51397	-0.2341147	0.012	COMMD10	0.3618220886134216		COMMD10
4440	-0.4660935	0.012	MSI1	0.1708779871154626		MSI1
23190	0.1474277	0.012	UBXN4	0.077887743220101		UBXN4
10567	-0.3139932	0.012	RABAC1	0.4755960912400132		RABAC1
58508	0.306223	0.012	KMT2C	-0.3566538354566368		KMT2C
79031	0.2646958	0.012	PDCL3	0.034330450319119		PDCL3
200634	-0.3948704	0.0121	KRTCAP3	0.8933655814172053		KRTCAP3
7038	0.7550916	0.0121	TG	-0.5541848818005022		TG
85377	0.219068	0.0121	MICALL1	-0.1251572676923995		MICALL1
4289	0.1891081	0.0121	MKLN1	-0.0324495431758107		MKLN1
5894	0.2005624	0.0121	RAF1	-0.1861525579579277		RAF1
116138	0.2894655	0.0121	KLHDC3	-0.0601227641213064		KLHDC3
7866	0.2714017	0.0121	IFRD2	-0.3747265868311933		IFRD2
51504	0.2370858	0.0121	TRMT112	-0.007153929121797		TRMT112
100287015	-0.3940012	0.0121	MCPH1-DT	0.4702876488702476		MCPH1-DT
26034	-0.6317949	0.0121	IPCEF1	0.9124570657594038		IPCEF1
8507	-0.679504	0.0121	ENC1	0.6095356214126881		ENC1
254225	0.2022468	0.0121	RNF169	0.1423595698615054		RNF169
257160	0.1838198	0.0121	RNF214	0.1317187067179661		RNF214
64223	0.1740227	0.0121	MLST8	-0.0836275930334169		MLST8
10959	0.1557933	0.0121	TMED2	-0.0875123552464272		TMED2
54480	-0.2608466	0.0121	CHPF2	0.5203042182526798		CHPF2
2064	0.2250161	0.0122	ERBB2	-0.3383980025753414		ERBB2
6416	0.1571425	0.0122	MAP2K4	0.0125671043437725		MAP2K4
2825	-0.6870125	0.0122	CMKLR2	0.5593434915469041		CMKLR2
2977	0.5335888	0.0122	GUCY1A2	-0.5393712158020956		GUCY1A2
9146	-0.2014397	0.0122	HGS	0.2324994584714783		HGS
5010	-0.5047984	0.0122	CLDN11	0.761104560118378		CLDN11
9600	0.2545557	0.0122	PITPNM1	-0.5261740649458275		PITPNM1
3187	0.1604398	0.0122	HNRNPH1	-0.2478110677053759		HNRNPH1
9820	-0.2654261	0.0122	CUL7	0.3155778721934568		CUL7
100288123	-0.3399884	0.0122	LOC100288123	0.8452534104985601		LOC100288123
79989	-0.3214745	0.0122	TTC26	0.4671666925282617		TTC26
23435	0.1687817	0.0122	TARDBP	-0.1811713567141808		TARDBP
200197	-0.4987429	0.0123	TMEM51-AS1	1.165570671371526		TMEM51-AS1
10713	0.1287576	0.0123	USP39	0.0061733620432411		USP39
316	1.0680447	0.0123	AOX1	-1.2273446618744794		AOX1
2162	0.7790573	0.0124	F13A1	-0.6876259376422054		F13A1
513	-0.2578955	0.0124	ATP5F1D	0.458928285025955		ATP5F1D
574407	-0.406589	0.0124	OBSCN-AS1	-0.2947883395006645		OBSCN-AS1
835	-0.2077994	0.0124	CASP2	0.4133185159672106		CASP2
2885	0.2855795	0.0124	GRB2	-0.5228421665903618		GRB2
51028	0.2026042	0.0125	VPS36	-0.1805931064109485		VPS36
157807	0.3268094	0.0125	CLVS1	-0.1661720624933083		CLVS1
2842	-0.2972572	0.0125	GPR19	-0.7918862921083636		GPR19
26520	0.2321603	0.0125	TIMM9	-0.4287538314314423		TIMM9
64599	-0.2842629	0.0125	GIGYF1	0.3118738523358315		GIGYF1
50640	0.1992214	0.0125	PNPLA8	-0.4336825824743702		PNPLA8
57000	-0.3196709	0.0125	GSN-AS1	0.347388454975869		GSN-AS1
149951	0.1859751	0.0125	COMMD7	-0.1445611093262231		COMMD7
29114	-0.8966885	0.0125	TAGLN3	1.2972237561489215		TAGLN3
80013	-0.2111191	0.0125	MINDY3	0.0987155015470637		MINDY3
10591	-0.3484385	0.0125	DNPH1	0.4310781148591589		DNPH1
29841	-0.5401756	0.0125	GRHL1	0.6679858325796055		GRHL1
4162	-0.4406327	0.0126	MCAM	0.4693164006393893		MCAM
64398	0.2306999	0.0126	PALS1	-0.0291590199633025		PALS1
8698	-0.7452646	0.0126	S1PR4	0.958691110964316		S1PR4
11018	0.2265539	0.0126	TMED1	-0.2710677334702405		TMED1
100131017	-0.1950753	0.0126	ZNF316	0.4569310924267831		ZNF316
3603	-0.41566	0.0127	IL16	0.7180028135191507		IL16
3123	-0.5886255	0.0127	HLA-DRB1	0.6815085678293737		HLA-DRB1
285190	0.1781529	0.0127	RGPD4	0.7703315249409481		RGPD4
55848	0.2831746	0.0127	PLGRKT	-0.3764213019428073		PLGRKT
54492	-0.396523	0.0127	NEURL1B	0.5856410408993415		NEURL1B
29068	0.3045814	0.0127	ZBTB44	-0.5722840370114248		ZBTB44
91978	-0.4556545	0.0127	TPGS1	0.5675139079973335		TPGS1
101928489	0.6270002	0.0127	CD109-AS1	-0.4803471431169342		CD109-AS1
7699	-0.1496532	0.0127	ZNF140	0.3678949798495194		ZNF140
54903	-0.1910583	0.0127	MKS1	0.3309886226749112		MKS1
29089	0.3638341	0.0127	UBE2T	-0.3671904107361499		UBE2T
10795	-0.2031045	0.0128	ZNF268	0.1608140201207586		ZNF268
1718	0.6309629	0.0128	DHCR24	-0.5356233775169561		DHCR24
29886	-0.3025372	0.0128	SNX8	0.2139233629815047		SNX8
56980	0.2659285	0.0128	PRDM10	-0.3355887105881834		PRDM10
8440	0.2376678	0.0129	NCK2	-0.3931077561682805		NCK2
2901	0.6195029	0.0129	GRIK5	-0.6458396144670331		GRIK5
2107	0.1791521	0.0129	ETF1	-0.3475767479243226		ETF1
84217	-0.5277885	0.0129	ZMYND12	0.6551455470900993		ZMYND12
389125	0.6832615	0.0129	MUSTN1	-0.5651659928632036		MUSTN1
284114	0.3925092	0.0129	TMEM102	-0.2582307823314139		TMEM102
713	0.6543608	0.0129	C1QB	-0.414670332780128		C1QB
150248	0.3153539	0.0129	C22orf15	0.0470585666285217		C22orf15
55653	-0.4935635	0.013	BCAS4	0.5840298257878426		BCAS4
23446	-0.2712021	0.013	SLC44A1	0.5436974383039384		SLC44A1
8933	-0.1823216	0.013	RTL8C	0.221077796042767		RTL8C
287	0.2274812	0.013	ANK2	-0.4589853667235344		ANK2
5318	0.2735925	0.013	PKP2	-0.4326744958834059		PKP2
4781	-0.2276264	0.013	NFIB	0.1508886096026662		NFIB
10089	-0.7362161	0.013	KCNK7	0.4010911828824725		KCNK7
64118	0.1853936	0.013	DUS1L	-0.197842619954164		DUS1L
25912	0.2088371	0.013	C1orf43	-0.323597497653731		C1orf43
9852	-0.283176	0.013	EPM2AIP1	0.3058801354786631		EPM2AIP1
83715	-0.4958979	0.013	ESPN	0.5342008347622762		ESPN
117155	-0.5023962	0.013	CATSPER2	0.3824653638224804		CATSPER2
55540	0.4325502	0.013	IL17RB	-2.567770211936184		IL17RB
57092	0.1334471	0.013	PCNP	-0.1593961167651292		PCNP
11189	-0.1843995	0.0131	CELF3	0.7526696807869535		CELF3
100134938	-0.54814	0.0131	UPK3BL1	2.4248869976863623		UPK3BL1
3556	-0.3935923	0.0131	IL1RAP	0.2711718058133949		IL1RAP
3556	-0.3935923	0.0131	IL1RAP	0.0		IL1RAP
94239	-0.1571156	0.0131	H2AZ2	0.0408757518347044		H2AZ2
4919	-0.4341315	0.0131	ROR1	0.4810371308731298		ROR1
54557	-0.2969649	0.0131	SGTB	0.2263220494512674		SGTB
2491	0.3977343	0.0131	CENPI	-0.2947834885457705		CENPI
9045	0.2153961	0.0131	RPL14	0.3352005106183107		RPL14
2909	0.1992824	0.0132	ARHGAP35	-0.0063162636779141		ARHGAP35
55756	0.1615437	0.0132	INTS9	-0.3145728985878744		INTS9
8567	0.2946885	0.0132	MADD	-0.0876583799905414		MADD
84467	-1.7373266	0.0132	FBN3	1.795268587188019		FBN3
6472	0.1836155	0.0133	SHMT2	0.0008858618399543		SHMT2
4636	-0.2426911	0.0133	MYL5	0.7716517317471836		MYL5
51778	0.2532698	0.0133	MYOZ2	-0.0288733404069851		MYOZ2
9448	0.2394626	0.0133	MAP4K4	-0.1726761091968081		MAP4K4
129880	-0.2199711	0.0133	BBS5	0.356940889661697		BBS5
651337	0.5498791	0.0133	LOC651337	-0.079524669352784		LOC651337
3075	-0.620149	0.0133	CFH	0.9604426482289892		CFH
22832	0.2717136	0.0133	CEP162	-0.1367903857711037		CEP162
5125	-0.3930182	0.0133	PCSK5	0.7830971889243548		PCSK5
2921	-0.6704039	0.0133	CXCL3	0.879489622413991		CXCL3
388324	0.2490631	0.0133	INCA1	-0.3556980859676548		INCA1
119392	-0.253981	0.0133	SFR1	0.5338093414605627		SFR1
85458	-0.361766	0.0133	DIXDC1	0.1931061444726376		DIXDC1
160762	-0.946302	0.0133	CCDC63	-0.9101188573267428		CCDC63
57184	0.2462894	0.0133	FAM219B	0.5350318090035584		FAM219B
132	0.2076217	0.0133	ADK	0.0316414916688936		ADK
11193	0.257273	0.0133	WBP4	-0.1093077330592136		WBP4
389257	0.7122094	0.0134	LRRC14B	-0.1772472524308463		LRRC14B
5799	-0.3171132	0.0134	PTPRN2	0.3933482939190647		PTPRN2
100128890	-0.3749688	0.0134	FAM66B	0.5362243249298586		FAM66B
3707	0.3635231	0.0134	ITPKB	-0.355197260280089		ITPKB
550	0.2009247	0.0134	AUP1	-0.151581242861889		AUP1
58528	0.297702	0.0134	RRAGD	-0.3711007503095267		RRAGD
339400	-0.734012	0.0134	FLG-AS1	0.9139659188361032		FLG-AS1
1497	-0.1898095	0.0134	CTNS	0.1973689665687708		CTNS
101927055	0.5770493	0.0135	LOC101927055	-0.7492485596007064		LOC101927055
57480	-0.5138318	0.0135	PLEKHG1	0.6450579311083966		PLEKHG1
240	0.5675617	0.0135	ALOX5	-0.1419852173413334		ALOX5
164091	-0.3448579	0.0135	PAQR7	0.4383634114888832		PAQR7
116028	-0.8193271	0.0135	RMI2	0.9545028111692642		RMI2
54892	0.2518193	0.0135	NCAPG2	-0.0530020063825797		NCAPG2
288	0.283308	0.0135	ANK3	-0.4916104821144076		ANK3
10670	-0.1466831	0.0135	RRAGA	0.3767296269255249		RRAGA
108783654	0.180045	0.0135	HSD17B1-AS1	-0.1316653967602365		HSD17B1-AS1
51295	0.2471447	0.0136	ECSIT	0.1145671123487055		ECSIT
84973	-0.3682208	0.0136	SNHG7	0.3079745921859036		SNHG7
84619	0.1786784	0.0136	ZGPAT	0.0390406659365898		ZGPAT
5648	-0.4631753	0.0136	MASP1	0.4767673947719029		MASP1
23399	0.1519184	0.0136	CTDNEP1	-0.1968970656623936		CTDNEP1
51606	-0.1779214	0.0136	ATP6V1H	0.2840524657049323		ATP6V1H
55832	-0.1509921	0.0136	CAND1	0.4576188239814973		CAND1
633	-0.752757	0.0136	BGN	0.9245841553227372		BGN
7980	0.6603928	0.0137	TFPI2	-0.6847588540033638		TFPI2
201254	0.3128385	0.0137	CENPX	-0.290045317831118		CENPX
163154	-0.4996261	0.0137	PRR22	0.5487522252239564		PRR22
55341	0.1728645	0.0137	LSG1	-0.2861144751083646		LSG1
11234	-0.1847996	0.0137	HPS5	-0.0088264416946195		HPS5
101060691	0.2627356	0.0138	NUTM2B-AS1	-0.2458588674475619		NUTM2B-AS1
57835	-0.3378956	0.0138	SLC4A5	0.3891355799702276		SLC4A5
5303	0.3045593	0.0138	PIN4	-0.1339211145478667		PIN4
3702	-0.8047264	0.0138	ITK	0.6745950078311177		ITK
4686	0.1777036	0.0138	NCBP1	-0.0253509621054841		NCBP1
23187	-0.2548137	0.0138	PHLDB1	0.5852815472061437		PHLDB1
4116	0.2634147	0.0138	MAGOH	-0.2458516671250601		MAGOH
5337	0.274418	0.0138	PLD1	-0.3602514827391445		PLD1
84439	-0.4990334	0.0138	HHIPL1	0.8962920287527658		HHIPL1
148203	-0.287142	0.0138	ZNF738	0.4051252219163996		ZNF738
7541	0.2156086	0.0138	ZBTB14	-0.3242131177309129		ZBTB14
1062	0.7341641	0.0139	CENPE	-1.0469490283208718		CENPE
118924	0.216889	0.0139	FRA10AC1	0.2050786286166959		FRA10AC1
81706	-0.2167032	0.0139	PPP1R14C	0.4557951721618583		PPP1R14C
100192204	-0.5017832	0.0139	PPIAP30	-0.5578729007293219		PPIAP30
2108	0.2131645	0.014	ETFA	-0.1760724855336484		ETFA
284486	-0.9169094	0.014	THEM5	1.6844255513468442		THEM5
728568	0.237251	0.014	UQCC6	-0.4390133288693336		UQCC6
5976	-0.156013	0.014	UPF1	0.4200135613171643		UPF1
22873	-0.3118393	0.014	DZIP1	0.1024231798669759		DZIP1
26301	0.3667186	0.0141	GBGT1	-0.1620296928129008		GBGT1
261726	0.1612768	0.0141	TIPRL	-0.083183900784709		TIPRL
5934	0.1726104	0.0141	RBL2	0.0299619352245477		RBL2
51807	0.4624695	0.0141	TUBA8	-0.2296273190082391		TUBA8
60528	0.1710685	0.0141	ELAC2	-0.4127764214919134		ELAC2
10875	-0.5166984	0.0141	FGL2	0.5738878661855811		FGL2
509	0.3067101	0.0141	ATP5F1C	0.127677749515179		ATP5F1C
64581	0.6495756	0.0141	CLEC7A	-0.7249332620803621		CLEC7A
9776	-0.1874787	0.0141	ATG13	0.1423292905314559		ATG13
2636	0.9615968	0.0141	GBX1	-1.182599116742708		GBX1
6136	0.3061514	0.0141	RPL12	0.0240986230890918		RPL12
6731	0.1491682	0.0141	SRP72	0.1699724631686825		SRP72
100129781	-0.4296158	0.0141	MIR193BHG	0.3002696775226621		MIR193BHG
8539	0.1229668	0.0142	API5	-0.0559296897747154		API5
1436	-0.5523683	0.0142	CSF1R	0.5488520676685753		CSF1R
2911	-0.6860956	0.0142	GRM1	0.9689778023477692		GRM1
7750	0.2221101	0.0142	ZMYM2	0.1273387169753466		ZMYM2
79927	-0.3867146	0.0143	FAM110D	0.5515350723265673		FAM110D
389941	1.1218087	0.0143	C1QL3	-0.4865390637001043		C1QL3
91461	0.3993659	0.0143	PKDCC	-0.109030685906581		PKDCC
10155	-0.2006375	0.0143	TRIM28	0.1888635178977207		TRIM28
84915	0.6763612	0.0143	FAM222A	-0.7294345848628827		FAM222A
168455	-0.2344565	0.0143	CCDC71L	0.253935303898702		CCDC71L
2099	-0.4544614	0.0143	ESR1	0.6283660277415861		ESR1
644815	0.5356318	0.0143	FAM83G	-0.412812311668768		FAM83G
1657	0.2787326	0.0143	DMXL1	0.0256009442893132		DMXL1
10231	0.1931641	0.0143	RCAN2	-0.3888572034708648		RCAN2
9861	0.1771727	0.0143	PSMD6	-0.1574423536612954		PSMD6
51678	0.4197862	0.0144	PALS2	-0.6486976420247302		PALS2
100287837	-0.5323973	0.0144	ARHGEF17-AS1	0.3706060701532265		ARHGEF17-AS1
101928079	0.5539531	0.0144	SLC44A3-AS1	-0.1961693950730025		SLC44A3-AS1
27352	-0.1509192	0.0144	SGSM3	0.1929379393360557		SGSM3
50813	-0.1377235	0.0144	COPS7A	0.4303434648238866		COPS7A
64328	-0.4140627	0.0144	XPO4	0.4482314086053356		XPO4
129685	0.2396933	0.0144	TAF8	-0.1282618433267739		TAF8
55204	0.1639556	0.0144	GOLPH3L	-0.3554543493866027		GOLPH3L
55246	0.1508101	0.0144	CCDC25	-0.3526932229489246		CCDC25
51447	-0.3630168	0.0145	IP6K2	0.271705986392484		IP6K2
94081	0.182232	0.0145	SFXN1	-0.4913920061088266		SFXN1
10466	0.1793674	0.0145	COG5	-0.2808894112634794		COG5
152048	-0.4879091	0.0145	GOLGA4-AS1	1.4615290904044007		GOLGA4-AS1
3609	0.1052318	0.0145	ILF3	-0.1573949934233978		ILF3
54884	0.333123	0.0145	RETSAT	-0.3208545958534703		RETSAT
154442	0.3299236	0.0145	BVES-AS1	-0.0102664926761284		BVES-AS1
272	0.3906114	0.0145	AMPD3	-0.0773688658328359		AMPD3
306	0.450402	0.0146	ANXA3	-0.2547239021545016		ANXA3
2035	0.2152986	0.0146	EPB41	-0.2601792867490777		EPB41
388630	-0.5004854	0.0146	TRABD2B	0.6363716711099533		TRABD2B
100526739	0.2953815	0.0146	CENPS-CORT	0.6295942039195084		CENPS-CORT
4089	-0.2110547	0.0146	SMAD4	0.0367193486231434		SMAD4
3665	-0.479022	0.0146	IRF7	0.571955428790409		IRF7
51160	-0.2060604	0.0146	VPS28	0.1244590291976424		VPS28
5883	-0.2007012	0.0147	RAD9A	0.4988132595815355		RAD9A
100129029	0.2894607	0.0147	PKP4-AS1	-0.391170600351324		PKP4-AS1
105372352	-0.5521714	0.0147	UQCRFS1-DT	0.503670967777975		UQCRFS1-DT
374977	-0.6051273	0.0147	MROH7	1.0586870112191678		MROH7
146336	1.3577487	0.0147	SSTR5-AS1	-1.3052042712564385		SSTR5-AS1
55900	0.1966378	0.0147	ZNF302	0.0440686045136589		ZNF302
125050	-0.9261	0.0147	RN7SK	1.197602237126992		RN7SK
84626	-0.6177082	0.0147	KRBA1	0.8322312525815398		KRBA1
80742	-0.2098935	0.0148	PRR3	0.5483156054119671		PRR3
83641	-0.5084985	0.0148	FAM107B	0.180071668668627		FAM107B
2184	0.2961201	0.0148	FAH	-0.0144258245525392		FAH
83606	0.2947854	0.0148	GUCD1	-0.3013765400411134		GUCD1
154743	-0.3108783	0.0148	BMT2	0.1588325622480595		BMT2
57508	-0.2688976	0.0148	INTS2	0.2632150869506104		INTS2
3958	0.272873	0.0148	LGALS3	0.0690244838960216		LGALS3
5296	0.2596155	0.0148	PIK3R2	-0.1145230223017375		PIK3R2
80324	-0.1903006	0.0148	PUS1	0.4615148459385607		PUS1
24147	-0.6524036	0.0148	FJX1	0.7314360210502857		FJX1
27303	-0.3845521	0.0148	RBMS3	0.6606779196380617		RBMS3
2963	0.1867567	0.0149	GTF2F2	0.0557530536107888		GTF2F2
10650	-0.3690863	0.0149	PRELID3A	0.5292363453999893		PRELID3A
151246	0.4428976	0.015	SGO2	-0.1838249928752584		SGO2
85315	-0.3770052	0.015	PAQR8	0.6165183002629535		PAQR8
106479524	-0.7058771	0.015	RN7SL832P	1.7628888924537602		RN7SL832P
10479	0.1842144	0.015	SLC9A6	-0.0126955548854876		SLC9A6
3655	0.2998894	0.015	ITGA6	-0.1599943864559909		ITGA6
65996	0.1902374	0.015	CENPBD2P	-0.3150103613160788		CENPBD2P
112724	-0.2506141	0.015	RDH13	-0.1180358364324858		RDH13
2197	-0.2104	0.015	FAU	0.0947003570706179		FAU
6507	0.4701285	0.015	SLC1A3	-0.381920956158992		SLC1A3
8731	-0.1784856	0.015	RNMT	0.5797961294114873		RNMT
60674	-0.3149364	0.015	GAS5	0.0404909413500851		GAS5
9844	-0.393605	0.015	ELMO1	0.1847226024432426		ELMO1
51278	-0.5314613	0.015	IER5	0.7371437696264769		IER5
79805	0.7924089	0.015	VASH2	-0.755308044873271		VASH2
54841	0.1795413	0.015	BIVM	0.0923117376224818		BIVM
57447	0.2047972	0.015	NDRG2	-0.4567999772927962		NDRG2
56242	0.2421976	0.015	ZNF253	-0.1003981008718302		ZNF253
100874085	0.2382334	0.015	NUCB1-AS1	-2.2043691364415965		NUCB1-AS1
51101	-0.4435557	0.0151	ZC2HC1A	0.2725096301628378		ZC2HC1A
1300	-0.7974663	0.0151	COL10A1	1.7878800379238922		COL10A1
9744	-0.2515241	0.0151	ACAP1	0.7649475582610705		ACAP1
79718	-0.3416013	0.0151	TBL1XR1	0.3038028119374081		TBL1XR1
283768	-0.596242	0.0151	GOLGA8G	-1.9861442410381496		GOLGA8G
92285	-0.165251	0.0151	ZNF585B	-0.1421393857094779		ZNF585B
397	0.2415494	0.0151	ARHGDIB	-0.2853152655544528		ARHGDIB
150786	0.2229471	0.0152	RAB6D	-0.5985219060703919		RAB6D
2639	0.2730038	0.0152	GCDH	-0.0864176501509215		GCDH
201164	0.4573225	0.0152	PLD6	-0.4133194691187669		PLD6
90527	-0.6395256	0.0152	DUOXA1	0.8657824783029838		DUOXA1
29967	0.2479881	0.0152	LRP12	-0.2942165419097851		LRP12
23584	-0.4269388	0.0152	VSIG2	0.4078899611504329		VSIG2
2826	-0.4989086	0.0153	CCR10	0.9716041604941192		CCR10
11178	0.3976125	0.0153	LZTS1	-0.3635139651762689		LZTS1
109703458	0.2734033	0.0153	HTD2	-0.5023922882760292		HTD2
56647	0.1768877	0.0153	BCCIP	0.0308281545782893		BCCIP
919	-0.6629466	0.0153	CD247	0.6233370136967671		CD247
5924	0.3073109	0.0153	RASGRF2	-0.2948258071121443		RASGRF2
29965	-0.1925734	0.0154	CDIP1	0.1670769192151695		CDIP1
155368	-0.9587561	0.0154	METTL27	1.1766961886810534		METTL27
1960	-1.2351866	0.0154	EGR3	1.261838003161439		EGR3
26289	-0.9642175	0.0154	AK5	0.6497081761175633		AK5
2281	-0.215308	0.0154	FKBP1B	-0.1287279563528021		FKBP1B
9663	0.2743786	0.0154	LPIN2	-0.2708171460148083		LPIN2
51076	0.2673683	0.0154	CUTC	-0.200567927066892		CUTC
55308	0.1198881	0.0155	DDX19A	0.081022233966828		DDX19A
29094	-0.3092537	0.0155	LGALSL	0.3346884935480894		LGALSL
6187	0.2952141	0.0155	RPS2	-0.2783375014117473		RPS2
55732	0.2130999	0.0155	C1orf112	-0.0266695712412453		C1orf112
57513	-0.2663154	0.0156	CASKIN2	0.3329923617530346		CASKIN2
5305	-0.3421838	0.0156	PIP4K2A	0.028890356166813		PIP4K2A
5305	-0.3421838	0.0156	PIP4K2A	3.2254875510327805		PIP4K2A
646168	-0.7195081	0.0156	LRRC77P	1.120715438767546		LRRC77P
497258	-0.4367742	0.0156	BDNF-AS	0.567199942803112		BDNF-AS
948	0.294814	0.0156	CD36	17.080788564723523		CD36
51203	0.7385393	0.0156	NUSAP1	-0.4768863872364818		NUSAP1
57159	0.2530396	0.0156	TRIM54	0.0519196253142402		TRIM54
79133	0.1980909	0.0157	NDUFAF5	-0.0758536445143871		NDUFAF5
26134	0.2022029	0.0157	RALGAPA1P1	-0.2511862776861946		RALGAPA1P1
8896	0.2611781	0.0157	BUD31	0.0002768827181043		BUD31
1953	-0.496314	0.0157	MEGF6	1.065318469293158		MEGF6
6048	0.2006092	0.0157	RNF5	-0.087657039557552		RNF5
80045	0.3140456	0.0157	GPR157	-0.4521876831732019		GPR157
8943	0.1801348	0.0157	AP3D1	-0.1238280203418353		AP3D1
3400	-0.9678373	0.0157	ID4	1.3280395733159218		ID4
55017	0.1684598	0.0157	C14orf119	0.1116309167951463		C14orf119
1117	1.1339327	0.0157	CHI3L2	-0.7423280000375627		CHI3L2
101927832	0.4068069	0.0158	PAQR9-AS1	0.0714294181372929		PAQR9-AS1
79637	-0.2294951	0.0158	ARMC7	0.4509578010376867		ARMC7
1266	-0.2714142	0.0158	CNN3	0.0113929681142668		CNN3
114787	0.5281093	0.0158	GPRIN1	-0.5431198916498619		GPRIN1
136319	-0.3045074	0.0159	MTPN	0.1717521249162166		MTPN
147694	-0.2596789	0.0159	ZNF548	0.3251885050285121		ZNF548
23464	0.3685005	0.0159	GCAT	-0.3847241364452856		GCAT
4653	-1.0957948	0.0159	MYOC	1.222380460640608		MYOC
80131	0.8411383	0.0159	LRRC8E	-0.8558978650574042		LRRC8E
10813	0.1979095	0.0159	UTP14A	0.0347185753048027		UTP14A
83787	-0.1593849	0.016	ARMC10	0.4031671545236848		ARMC10
9469	-0.3811869	0.016	CHST3	0.6078306643477895		CHST3
81786	-0.3312078	0.0161	TRIM7	-0.004187526791636		TRIM7
10606	0.1618551	0.0161	PAICS	-0.016827731630129		PAICS
221545	0.1887759	0.0161	C6orf136	0.4196660720250218		C6orf136
7294	-0.4293506	0.0161	TXK	0.5461785706555317		TXK
58496	-0.3067898	0.0161	LY6G5B	0.6269661022813682		LY6G5B
84968	0.6271547	0.0161	PNMA6A	0.0719344648847046		PNMA6A
8828	-0.5178953	0.0161	NRP2	0.5844483927578632		NRP2
113612	-0.2407651	0.0161	CYP2U1	0.439276816859607		CYP2U1
255967	-0.2579568	0.0161	PAN3	0.5647087052768862		PAN3
9123	-0.4344416	0.0161	SLC16A3	0.7929663597401015		SLC16A3
4125	0.296418	0.0161	MAN2B1	-0.070661098745977		MAN2B1
25962	-0.1411869	0.0162	VIRMA	0.1269803231392554		VIRMA
24137	0.8099315	0.0162	KIF4A	-0.6781151875917897		KIF4A
55800	-0.5323673	0.0162	SCN3B	0.5464773386588804		SCN3B
10498	0.1385534	0.0162	CARM1	-0.1146154990628574		CARM1
11240	-0.7928914	0.0163	PADI2	0.8053989034736979		PADI2
57608	-0.3135361	0.0163	JCAD	0.5455752441396031		JCAD
57162	-0.3596303	0.0163	PELI1	0.3483497652140039		PELI1
64856	-0.4479388	0.0163	VWA1	0.757883055560348		VWA1
3908	-0.2818351	0.0163	LAMA2	0.7843326601564593		LAMA2
8021	-0.150797	0.0163	NUP214	0.4854765788073472		NUP214
9855	-0.1906178	0.0164	FARP2	0.5065932038671388		FARP2
642987	-0.5085012	0.0164	TMEM232	0.6064856020445861		TMEM232
7392	0.1591849	0.0164	USF2	-0.2973614839926934		USF2
153328	-1.698387	0.0164	SLC25A48	1.2763730505953037		SLC25A48
84530	-0.4434693	0.0164	SRRM4	0.6928372082599918		SRRM4
400073	-0.2815341	0.0165	C12orf76	0.2617138930164944		C12orf76
149175	-0.4081544	0.0165	MANEAL	0.6516637733177086		MANEAL
5612	-0.1834298	0.0165	THAP12	0.2422039384317278		THAP12
64130	-0.2752084	0.0165	LIN7B	0.4384425921780188		LIN7B
9183	0.1506433	0.0165	ZW10	-0.1752849595377359		ZW10
388523	0.4182767	0.0165	ZNF728	-0.3428655562393036		ZNF728
254251	0.3541814	0.0165	LCORL	-0.2333358012917799		LCORL
54675	0.2508677	0.0166	CRLS1	-0.0151462719911208		CRLS1
9135	0.172882	0.0166	RABEP1	-0.209751870070737		RABEP1
54933	-0.495057	0.0166	RHBDL2	-0.5510823185090641		RHBDL2
148789	-0.1871991	0.0166	B3GALNT2	-0.0706492642455725		B3GALNT2
729440	-0.2376865	0.0166	CCDC61	0.2921999354939451		CCDC61
55589	0.3809763	0.0166	BMP2K	-0.2711418805129191		BMP2K
285343	0.1765361	0.0167	TCAIM	-0.1198707617937051		TCAIM
140733	0.46216	0.0167	MACROD2	-0.4321406370456051		MACROD2
221785	-0.1595186	0.0167	ZSCAN25	0.0761911472436751		ZSCAN25
51267	-0.4023889	0.0167	CLEC1A	0.4065079916722069		CLEC1A
22976	0.1654022	0.0168	PAXIP1	-0.3715631660242779		PAXIP1
22885	0.2821773	0.0168	ABLIM3	-0.0356312003403544		ABLIM3
11167	-0.3758358	0.0168	FSTL1	0.0458266781225216		FSTL1
80303	-0.352793	0.0168	EFHD1	0.5793452414240576		EFHD1
64073	0.8574896	0.0168	C19orf33	-0.6626852325235277		C19orf33
55353	-0.2311087	0.0169	LAPTM4B	0.300371153254404		LAPTM4B
5032	-0.2243685	0.0169	P2RY11	0.3179648214628963		P2RY11
5916	-0.3311487	0.0169	RARG	0.2256257410730708		RARG
6541	0.4398387	0.0169	SLC7A1	-0.4380663514842613		SLC7A1
105370047	-0.6167903	0.0169	LOC105370047	1.0468194936791342		LOC105370047
4358	-0.2114761	0.0169	MPV17	0.2279096073186286		MPV17
25999	-0.4640517	0.0169	CLIP3	0.5077136738868853		CLIP3
10577	0.2940493	0.0169	NPC2	-0.2689151610063742		NPC2
147746	-0.5915515	0.017	HIPK4	0.3778853441329977		HIPK4
728642	0.2263158	0.017	CDK11A	-0.2555293107993943		CDK11A
3398	-0.3330014	0.017	ID2	0.3622391353313956		ID2
118460	-0.3687657	0.017	EXOSC6	0.3679868045396444		EXOSC6
93349	0.2726563	0.017	SP140L	0.0034878486459812		SP140L
8886	-0.1379368	0.017	DDX18	0.1078434570909046		DDX18
6597	0.1437669	0.017	SMARCA4	0.1601443742501933		SMARCA4
283248	0.4731005	0.017	RCOR2	-0.3584543130554474		RCOR2
946	-0.8610784	0.017	SIGLEC6	1.3519854569995018		SIGLEC6
29957	0.3144244	0.017	SLC25A24	-0.2488429287214804		SLC25A24
27086	-0.2608628	0.0171	FOXP1	0.1159678075707		FOXP1
83394	-0.5536375	0.0171	PITPNM3	0.4702549377456817		PITPNM3
27291	0.1596264	0.0171	R3HCC1L	0.1022198823744187		R3HCC1L
6799	-0.3403667	0.0171	SULT1A2	0.7255438338755438		SULT1A2
147658	-0.6006782	0.0171	ZNF534	0.2779970369526767		ZNF534
140578	-0.8122652	0.0171	CHODL	0.9428727254159716		CHODL
6183	0.2786248	0.0171	MRPS12	-0.0995662734429538		MRPS12
56943	0.1968324	0.0171	ENY2	0.0471083083539864		ENY2
5300	-0.1957461	0.0172	PIN1	0.2704219573047943		PIN1
169200	-0.3070559	0.0172	TMEM64	0.0492253977125827		TMEM64
100129654	1.6107292	0.0172	TCF24	-2.209110821629325		TCF24
3113	-0.5178733	0.0172	HLA-DPA1	0.559913704129122		HLA-DPA1
22920	-0.3449042	0.0172	KIFAP3	0.5082851525442393		KIFAP3
283970	0.2042783	0.0172	PDXDC2P-NPIPB14P	-0.1647223378712574		PDXDC2P-NPIPB14P
357	-0.5956834	0.0172	SHROOM2	0.7162424679598614		SHROOM2
148398	-0.3447208	0.0172	SAMD11	1.713046938941253		SAMD11
400761	-0.3876552	0.0172	LRRC8C-DT	0.6072057747617334		LRRC8C-DT
7297	0.1365219	0.0173	TYK2	-0.1417014439986719		TYK2
339778	-0.9091155	0.0173	FAM166C	0.84659375417874		FAM166C
110091775	0.1661823	0.0173	CFAP298-TCP10L	-1.0949921153475652		CFAP298-TCP10L
127253	0.2081754	0.0173	TYW3	-0.1151936186608297		TYW3
83538	-0.4432239	0.0173	ODAD4	0.9102461764944672		ODAD4
107987337	-1.3003142	0.0173	ZFY-AS1	1.1900493601513835		ZFY-AS1
115273	0.5983054	0.0173	RAB42	-0.4802443072849882		RAB42
55269	0.1447888	0.0173	PSPC1	0.0805916530666488		PSPC1
3779	-0.5758179	0.0173	KCNMB1	0.7536882764783173		KCNMB1
54859	0.1738536	0.0173	ELP6	-0.247958319134522		ELP6
613	0.1897347	0.0173	BCR	-0.2929778522744382		BCR
105373805	-1.0770672	0.0173	STAT4-AS1	2.934858180909906		STAT4-AS1
23517	0.0938552	0.0173	MTREX	-0.1567100228536899		MTREX
1105	0.2430959	0.0173	CHD1	-0.3002416095200324		CHD1
56940	0.1503994	0.0173	DUSP22	-0.2123495770975711		DUSP22
9720	0.6478262	0.0174	CCDC144A	-0.1160773747953598		CCDC144A
222698	0.2941466	0.0174	NKAPL	-0.1014616734172024		NKAPL
7275	-0.3012984	0.0174	TUB	0.5009821955825178		TUB
115572	0.7247938	0.0174	TENT5B	-0.6200988843793782		TENT5B
64320	-0.1941312	0.0174	RNF25	0.1310257960154182		RNF25
255758	-0.3995263	0.0174	DYNLT2B	0.6386461823890062		DYNLT2B
25792	0.1427227	0.0174	CIZ1	-0.126980496920277		CIZ1
85012	0.261119	0.0174	TCEAL3	-0.0655512082632947		TCEAL3
64098	0.395989	0.0174	PARVG	-0.2877331062042414		PARVG
88	-0.2372866	0.0174	ACTN2	0.4495599117835525		ACTN2
10615	0.546254	0.0175	SPAG5	-0.5361378639752168		SPAG5
56063	-0.176934	0.0175	TMEM234	0.1596777455103954		TMEM234
57410	0.1644883	0.0175	SCYL1	-0.0367352924442894		SCYL1
50940	0.9451422	0.0175	PDE11A	-1.011143654388861		PDE11A
51692	0.1600848	0.0175	CPSF3	0.002477541330017		CPSF3
25855	0.2684645	0.0175	BRMS1	-0.2767924852335452		BRMS1
55223	-0.2258626	0.0175	TRIM62	0.2394526790105862		TRIM62
302	0.3068028	0.0175	ANXA2	-0.5112405940772362		ANXA2
10193	0.2082538	0.0175	RNF41	-0.1905430085977171		RNF41
26524	-0.3003292	0.0176	LATS2	0.271337547025607		LATS2
2734	-0.1574832	0.0176	GLG1	0.0812417180715021		GLG1
51776	0.2419627	0.0176	MAP3K20	-0.0435419964960486		MAP3K20
4706	0.3218895	0.0177	NDUFAB1	-0.2687086569501886		NDUFAB1
9682	-0.1325564	0.0177	KDM4A	0.4333420857654282		KDM4A
947	0.3831718	0.0177	CD34	-0.3766073991406333		CD34
6654	0.3042297	0.0177	SOS1	-0.8571662421427817		SOS1
51490	0.1687494	0.0177	SPOUT1	0.0218755596771274		SPOUT1
9168	0.3612165	0.0178	TMSB10	-0.0932152529273473		TMSB10
2028	0.3989127	0.0178	ENPEP	-0.5138686004673727		ENPEP
50615	-0.9189228	0.0178	IL21R	0.879710544766362		IL21R
388536	0.1899733	0.0178	ZNF790	-0.5460997172848621		ZNF790
54872	-0.1749772	0.0178	PIGG	0.430281636050525		PIGG
6425	-1.7166491	0.0178	SFRP5	1.954525953013704		SFRP5
81559	-0.2248347	0.0178	TRIM11	0.2644405616912793		TRIM11
140735	-0.1940012	0.0178	DYNLL2	0.4314220313644945		DYNLL2
388796	-0.4256696	0.0178	SNHG17	0.3980795812720625		SNHG17
4482	0.2333136	0.0178	MSRA	-0.1213678605618469		MSRA
4482	0.2333136	0.0178	MSRA	-0.0105235759061645		MSRA
5202	0.2066099	0.0179	PFDN2	-0.1716427733600154		PFDN2
3985	-0.2047693	0.0179	LIMK2	0.3563856105508209		LIMK2
6813	0.5934027	0.0179	STXBP2	-0.2375053956100585		STXBP2
6134	-0.2123686	0.0179	RPL10	0.7150102565619214		RPL10
10319	-0.9968979	0.0179	LAMC3	1.14411547283934		LAMC3
79856	0.2738414	0.0179	SNX22	-1.135041165322206		SNX22
147495	0.4420641	0.018	APCDD1	-0.2819190933137037		APCDD1
152100	0.1733456	0.018	CMC1	-0.0780397582675451		CMC1
55690	-0.3612668	0.018	PACS1	0.3252237282219683		PACS1
83992	-0.4502369	0.018	CTTNBP2	0.5768454155039613		CTTNBP2
10277	0.2319156	0.0181	UBE4B	0.0035775817246141		UBE4B
126549	-0.5778785	0.0181	ANKLE1	0.8403126266021068		ANKLE1
9069	0.3220272	0.0181	CLDN12	-0.1177304340291405		CLDN12
29907	0.2174626	0.0181	SNX15	-0.0751317153064472		SNX15
23429	-0.2705335	0.0181	RYBP	0.2996698196339169		RYBP
100861513	0.4261259	0.0181	ZMYM4-AS1	2.771131807399766		ZMYM4-AS1
3426	0.3517458	0.0182	CFI	-0.2989717157657847		CFI
2010	-0.1899063	0.0182	EMD	0.30713216747833		EMD
22990	0.2185469	0.0183	PCNX1	-0.3349968467294149		PCNX1
144245	-0.3956397	0.0183	ALG10B	0.3651749011412983		ALG10B
6641	-0.48708	0.0183	SNTB1	0.5197048169875449		SNTB1
4326	-0.4871992	0.0183	MMP17	0.651606023550771		MMP17
11004	0.372147	0.0184	KIF2C	-0.303590657688673		KIF2C
10096	0.1627778	0.0184	ACTR3	-0.104539973562006		ACTR3
83746	-0.1449493	0.0184	L3MBTL2	0.121119500427687		L3MBTL2
515	0.2239334	0.0184	ATP5PB	0.0235731055199526		ATP5PB
729475	-0.4674337	0.0184	RAD51AP2	0.7691829478565797		RAD51AP2
399909	-0.1504583	0.0184	PCNX3	0.4131464874059007		PCNX3
145553	-0.2893907	0.0184	MDP1	1.0324785317977607		MDP1
113878	-0.2255467	0.0184	DTX2	0.4145763785874221		DTX2
3620	1.5267594	0.0185	IDO1	-0.9495792664985678		IDO1
8542	0.398325	0.0185	APOL1	-0.2124793020590822		APOL1
971	-0.7004694	0.0185	CD72	0.9370542663013196		CD72
113179	-0.5015343	0.0185	ADAT3	0.5855539128558016		ADAT3
148867	-0.3269795	0.0185	SLC30A7	0.6143334096382884		SLC30A7
84269	-0.2404243	0.0186	CHCHD5	0.5352565642006839		CHCHD5
6100	0.2424166	0.0186	RP9	-0.3607400483650407		RP9
23283	-0.1565562	0.0186	CSTF2T	0.1695805616743575		CSTF2T
6586	-0.5031768	0.0186	SLIT3	0.5441296993509361		SLIT3
8428	0.1697101	0.0186	STK24	-0.3492597613617709		STK24
118432	-0.5522669	0.0186	RPL29P2	-1.797464232879963		RPL29P2
9882	0.2683878	0.0186	TBC1D4	-0.4741810361787255		TBC1D4
4166	-1.1199802	0.0186	CHST6	1.1555771562766424		CHST6
1636	-0.8282427	0.0187	ACE	0.7851547500699643		ACE
9451	-0.4775323	0.0187	EIF2AK3	0.2464134886211755		EIF2AK3
100126793	-0.3193142	0.0187	GHRLOS	0.3424244077458802		GHRLOS
9767	0.3126249	0.0187	JADE3	-0.234624774885761		JADE3
654254	-0.435009	0.0187	ZNF732	-0.0776484651773887		ZNF732
266812	-0.4643674	0.0188	NAP1L5	0.5858410799550038		NAP1L5
9788	0.3661576	0.0188	MTSS1	-0.4518890644511817		MTSS1
126382	-0.2406409	0.0188	NR2C2AP	0.3328171586089428		NR2C2AP
9771	-0.4214872	0.0188	RAPGEF5	0.245588213931216		RAPGEF5
728190	0.4121805	0.0188	NUTM2A-AS1	-0.3018512705954781		NUTM2A-AS1
7138	-0.5045689	0.0189	TNNT1	0.5365473093253659		TNNT1
50863	-0.7005492	0.0189	NTM	0.8123350072055625		NTM
114548	-0.7307442	0.0189	NLRP3	0.8853148930282435		NLRP3
196743	0.2822486	0.0189	PAOX	-0.1156108532275002		PAOX
131601	-0.2286498	0.019	TPRA1	0.2613153092709894		TPRA1
25879	0.1660138	0.019	DCAF13	-0.1005636109983632		DCAF13
84874	0.3097242	0.019	ZNF514	-0.2223579154794546		ZNF514
148345	0.6054559	0.0191	C1orf127	-0.3441480321114324		C1orf127
80320	-1.2929333	0.0191	SP6	0.932203148923038		SP6
8676	-0.3166971	0.0192	STX11	0.5409169074698912		STX11
10163	-0.2434376	0.0192	WASF2	0.1160952354266022		WASF2
100130231	-0.8722227	0.0192	LINC00861	0.9562743253943596		LINC00861
146434	-0.2262173	0.0192	ZNF597	-0.0062850737194677		ZNF597
22	0.1723913	0.0192	ABCB7	-0.1434703243314548		ABCB7
145282	0.2444336	0.0192	MIPOL1	-0.011463458270714		MIPOL1
27336	0.1718105	0.0192	HTATSF1	0.0330080690312231		HTATSF1
55435	0.2010447	0.0193	AP1AR	-0.5996872672367299		AP1AR
25896	0.2050191	0.0193	INTS7	-0.2427553640987594		INTS7
10616	-0.1444736	0.0193	RBCK1	0.2791273079350533		RBCK1
1192	0.2844923	0.0193	CLIC1	-0.2453127361006668		CLIC1
100820709	-0.6449065	0.0193	LINC00501	0.9304792204816952		LINC00501
401262	-0.9757867	0.0193	CRIP3	0.90931951332794		CRIP3
5034	0.2177619	0.0193	P4HB	-0.2200305246090614		P4HB
168002	-1.1946802	0.0193	DACT2	1.320431785685951		DACT2
4331	0.1688133	0.0193	MNAT1	-0.1159825549553588		MNAT1
84912	0.2213846	0.0194	SLC35B4	-0.5527544406704901		SLC35B4
5205	-0.4228577	0.0194	ATP8B1	-0.1057214214627975		ATP8B1
55286	0.9458927	0.0194	C4orf19	-0.950368346636665		C4orf19
100529144	-0.1727728	0.0194	CORO7-PAM16	0.7677637149573124		CORO7-PAM16
27036	0.7067744	0.0194	SIGLEC7	-0.7322653939855766		SIGLEC7
80335	-0.1115662	0.0194	WDR82	0.1482343529559537		WDR82
55161	-0.1911642	0.0194	TMEM33	-0.0141472517885929		TMEM33
10888	-0.6784684	0.0194	GPR83	0.552487099193097		GPR83
100131827	-0.2094344	0.0195	ZNF717	0.4121244847655565		ZNF717
580	0.3874757	0.0195	BARD1	-0.3146076852661126		BARD1
23255	-0.4620523	0.0196	MTCL1	0.426274788625673		MTCL1
51294	-0.4003812	0.0196	PCDH12	0.4225934763197241		PCDH12
102191832	0.3692044	0.0196	FBXW7-AS1	2.8514208656633477		FBXW7-AS1
7993	0.2259354	0.0196	UBXN8	-0.126395383744855		UBXN8
2132	-0.1453598	0.0196	EXT2	0.5371107735572078		EXT2
286826	0.3426884	0.0196	LIN9	-0.415005301269518		LIN9
55257	0.2150638	0.0196	MRGBP	-0.0467928618708852		MRGBP
23499	0.1957464	0.0197	MACF1	0.111061164460958		MACF1
3038	-0.2122525	0.0197	HAS3	0.7311857219881035		HAS3
100507582	-0.5971137	0.0197	BHLHE40-AS1	0.6450490914991103		BHLHE40-AS1
203062	-0.2205004	0.0197	TSNARE1	0.1989410024032052		TSNARE1
836	-0.414048	0.0197	CASP3	0.4014711882731236		CASP3
10552	0.1931927	0.0197	ARPC1A	0.1115952399726367		ARPC1A
23355	-0.2455777	0.0197	VPS8	0.3631099092809462		VPS8
23576	-0.6690561	0.0197	DDAH1	0.8294199117325594		DDAH1
283373	0.1643682	0.0197	ANKRD52	-0.0571465553457009		ANKRD52
100129858	0.4126697	0.0198	SCOC-AS1	-0.3042744559618784		SCOC-AS1
4669	0.2708361	0.0198	NAGLU	-0.0297571746448377		NAGLU
643338	-0.2494141	0.0199	C15orf62	-1.0218393212934762		C15orf62
10285	-0.1780053	0.0199	SMNDC1	-0.1430231308689844		SMNDC1
159686	-0.3414495	0.0199	CFAP58	0.5084498347673436		CFAP58
6523	0.5449977	0.0199	SLC5A1	-0.5552692196851021		SLC5A1
51024	0.2155108	0.0199	FIS1	-0.0932629344643292		FIS1
79007	0.5337738	0.0199	DBNDD1	-0.5459677691937488		DBNDD1
8799	-0.147495	0.0199	PEX11B	0.3483322567182547		PEX11B
3428	0.3031839	0.02	IFI16	-0.0426064399761942		IFI16
120376	0.6097528	0.02	POU2AF3	-0.4893452693989157		POU2AF3
102723670	0.6868087	0.02	LOC102723670	0.0		LOC102723670
51334	-0.4787692	0.02	PRR16	0.6882124512284062		PRR16
440400	0.1845125	0.02	RNASEK	0.1885073677617317		RNASEK
283643	-0.3919347	0.0201	TEDC1	0.5984911619496744		TEDC1
114036	0.7637052	0.0201	LINC00310	-0.7462918238526445		LINC00310
79816	0.6303201	0.0202	TLE6	-0.1518343419094774		TLE6
54456	-1.2274961	0.0202	MOV10L1	1.367743244887282		MOV10L1
8409	0.201223	0.0202	UXT	-0.1805302501988848		UXT
402682	-0.5050523	0.0202	UFSP1	0.7482055618962118		UFSP1
414	-0.3134766	0.0202	ARSD	0.3044330199654528		ARSD
10608	-0.2751574	0.0202	MXD4	0.0520796001961372		MXD4
79906	-0.2771217	0.0202	MORN1	0.3391296516453626		MORN1
80863	-0.39469	0.0202	PRRT1	0.3691900141530988		PRRT1
151011	0.1982633	0.0203	SEPTIN10	-0.2400364375771468		SEPTIN10
26292	0.2515457	0.0203	MYCBP	-0.3198888858234276		MYCBP
119032	-0.2691842	0.0203	BORCS7	0.357629905057216		BORCS7
91133	-0.5240132	0.0203	L3MBTL4	0.6844623693892637		L3MBTL4
4715	0.3059682	0.0204	NDUFB9	-0.0976364281072896		NDUFB9
387680	0.2360652	0.0204	WASHC2A	-0.242274388173775		WASHC2A
5356	0.1389097	0.0204	PLRG1	-0.059185529965382		PLRG1
868	0.4449467	0.0204	CBLB	-0.674016221104579		CBLB
10734	0.2784537	0.0204	STAG3	-0.0731454143414085		STAG3
90843	0.1678279	0.0205	TCEAL8	-0.4176187057216296		TCEAL8
64499	-0.6402903	0.0205	TPSB2	0.3966244976982898		TPSB2
116362	0.3939011	0.0206	RBP7	-0.175621191518994		RBP7
135295	-0.7457148	0.0206	SRSF12	1.018011565901935		SRSF12
9865	-0.9878149	0.0206	TRIL	2.131881168978216		TRIL
9923	0.2111348	0.0206	ZBTB40	-0.0487153805879403		ZBTB40
64115	0.3314477	0.0206	VSIR	-0.3277323730396233		VSIR
414189	-0.1662214	0.0206	AGAP6	0.4071563081941225		AGAP6
105375013	-0.7688863	0.0207	HCG20	1.0048788342586086		HCG20
914	-0.8815912	0.0207	CD2	1.0653481119602544		CD2
222234	0.2150188	0.0207	FAM185A	0.0399016794926119		FAM185A
93380	-0.1670828	0.0207	MMGT1	0.2427343635415182		MMGT1
10262	-0.1727192	0.0208	SF3B4	0.1917564922041972		SF3B4
114112	0.2782356	0.0208	TXNRD3	-0.1790038126006301		TXNRD3
79723	-0.2836325	0.0208	SUV39H2	0.60414437393651		SUV39H2
51725	0.3152995	0.0209	FBXO40	-0.0682730720964297		FBXO40
83696	-0.1629862	0.0209	TRAPPC9	0.1487070474862397		TRAPPC9
1893	-0.403416	0.0209	ECM1	0.630666030650123		ECM1
821	0.1902221	0.0209	CANX	-0.1586065011886646		CANX
26003	0.1380703	0.0209	GORASP2	-0.0381927776445349		GORASP2
729013	0.2970876	0.0209	ZBED5-AS1	-0.077521885156444		ZBED5-AS1
54715	0.3410728	0.0209	RBFOX1	-0.2171026995722433		RBFOX1
400627	0.4827095	0.0209	LOC400627	0.568399739536039		LOC400627
5757	0.2177041	0.0209	PTMA	-0.1185318813334159		PTMA
53916	-0.2386543	0.0209	RAB4B	0.4762378121116057		RAB4B
201965	0.1629656	0.021	RWDD4	-0.2995246558350048		RWDD4
27430	-0.2026516	0.021	MAT2B	0.293636631409055		MAT2B
100505915	0.2850102	0.021	LOC100505915	2.680971438389683		LOC100505915
55330	-0.2148107	0.021	BLOC1S4	0.4519787945268918		BLOC1S4
51121	0.2598216	0.021	RPL26L1	-0.4392218628896689		RPL26L1
285668	1.1353912	0.021	C5orf64	-0.670929370692982		C5orf64
51185	-0.1360732	0.021	CRBN	-0.0463609543324814		CRBN
2053	-0.4351218	0.0211	EPHX2	0.6535312445637098		EPHX2
84765	0.2126096	0.0211	ZNF577	-0.0689918495697083		ZNF577
387640	0.4333405	0.0211	SKIDA1	-0.5743844322353414		SKIDA1
57179	-0.2110032	0.0211	KIAA1191	0.2872578197853714		KIAA1191
54873	0.3683505	0.0211	PALMD	-0.189175213048311		PALMD
10893	-0.338491	0.0211	MMP24	0.8944243395406692		MMP24
57446	0.209533	0.0212	NDRG3	-0.2812669260831839		NDRG3
8767	0.1924502	0.0212	RIPK2	-0.0630674849728727		RIPK2
54891	-0.206103	0.0212	INO80D	0.2583943015452936		INO80D
100505696	-0.2388654	0.0212	SH3BP5-AS1	0.4251209448902147		SH3BP5-AS1
54972	-0.3484829	0.0212	TMEM132A	0.4851072453430012		TMEM132A
7111	0.1809949	0.0212	TMOD1	0.0224878118004356		TMOD1
26290	0.6407837	0.0212	GALNT8	-0.0998595597486793		GALNT8
115330	0.4215265	0.0212	GPR146	-0.232461622091681		GPR146
837	0.2738558	0.0212	CASP4	-0.037798405011725		CASP4
53637	-0.9583523	0.0212	S1PR5	1.0272833700927195		S1PR5
4352	-0.3266799	0.0212	MPL	0.6272610306485698		MPL
400961	0.4009213	0.0212	PAIP2B	-0.4957205417802957		PAIP2B
27245	-0.2306051	0.0212	AHDC1	0.1930920130978073		AHDC1
7089	0.1547048	0.0212	TLE2	-0.1851744513090532		TLE2
117245	0.8119875	0.0212	PLAAT5	-0.7653465065698668		PLAAT5
1318	0.4139131	0.0213	SLC31A2	-0.3271628451518857		SLC31A2
160760	0.3185918	0.0213	PPTC7	-0.3151799308287044		PPTC7
340156	0.2643999	0.0213	MYLK4	-0.4306916778058918		MYLK4
84061	-0.2269634	0.0213	MAGT1	0.2644162628166988		MAGT1
100533483	0.1691418	0.0213	DNAAF4-CCPG1	0.0380443020169241		DNAAF4-CCPG1
100272228	-0.3010088	0.0214	EOLA2-DT	0.0141643447734565		EOLA2-DT
219736	0.719185	0.0214	STOX1	-0.4879624205541963		STOX1
8187	0.3249745	0.0214	ZNF239	-0.4278788471110283		ZNF239
100506599	-0.4630154	0.0214	PPP1R26-AS1	0.5417192821524818		PPP1R26-AS1
57828	-0.5362202	0.0214	CATSPERG	0.5431425172321547		CATSPERG
101929089	-0.2486343	0.0214	TTC36-AS1	0.3141181338716121		TTC36-AS1
64748	-0.2838824	0.0214	PLPPR2	0.4953818068080333		PLPPR2
286749	0.3591861	0.0214	STON1-GTF2A1L	-0.8933250792694745		STON1-GTF2A1L
6347	1.0311632	0.0214	CCL2	-0.8128519669508383		CCL2
55176	-0.198686	0.0214	SEC61A2	0.0887980431738255		SEC61A2
83452	-0.2941503	0.0215	RAB33B	0.6109318680493143		RAB33B
202658	0.1697638	0.0215	TRIM39-RPP21	0.6510759607800969		TRIM39-RPP21
25	-0.1533263	0.0215	ABL1	0.2984641838776682		ABL1
5515	-0.2161132	0.0215	PPP2CA	0.1162917030368735		PPP2CA
50944	-0.8333665	0.0215	SHANK1	0.7449044697472001		SHANK1
54665	-0.2480095	0.0215	RSBN1	0.0016792022859539		RSBN1
80086	0.4593411	0.0216	TUBA4B	-0.1956176692726234		TUBA4B
132430	-0.5243288	0.0216	PABPC4L	0.6442047765372259		PABPC4L
100532726	0.2826822	0.0216	NDUFC2-KCTD14	-0.1439297555683634		NDUFC2-KCTD14
219931	-0.240657	0.0216	TPCN2	0.5286372277294502		TPCN2
23199	0.2207875	0.0216	GSE1	-0.0546691221005732		GSE1
124152	0.2474729	0.0217	IQCK	0.1132959971777225		IQCK
80169	-0.1973153	0.0218	CTC1	0.1525758612807548		CTC1
2324	-0.3524219	0.0218	FLT4	0.3623110021320541		FLT4
105371582	-0.4568296	0.0218	LINC02088	0.0		LINC02088
57030	0.382126	0.0218	SLC17A7	-0.320808358106168		SLC17A7
100506302	0.2647358	0.0218	RBM33-DT	0.048822316302941		RBM33-DT
32	0.373434	0.0218	ACACB	-20.33723525298168		ACACB
3748	0.2906053	0.0219	KCNC3	-0.2278839081040478		KCNC3
153642	0.3597487	0.0219	ARSK	-0.6243855633463999		ARSK
51617	-0.8074048	0.0219	NSG2	1.1021053303317017		NSG2
5090	0.1950751	0.0219	PBX3	-0.2836098914513334		PBX3
5090	0.1950751	0.0219	PBX3	0.5061635175061233		PBX3
80347	0.2051442	0.0219	COASY	0.2127444273965597		COASY
751580	-0.5477724	0.022	LINC00106	0.2617664111612034		LINC00106
3645	0.6021935	0.022	INSRR	-0.636047194267038		INSRR
440503	0.4094474	0.022	PLIN5	-0.4275891108960188		PLIN5
65267	0.6989365	0.022	WNK3	-0.8213232090422937		WNK3
100506428	-0.2908157	0.022	CBR3-AS1	0.1704560140564055		CBR3-AS1
933	-0.9220841	0.0221	CD22	1.0212797992858744		CD22
91647	0.1874944	0.0221	ATPAF2	-0.1522062763697533		ATPAF2
10051	0.2684791	0.0221	SMC4	-0.4071687261590715		SMC4
23047	0.2082709	0.0221	PDS5B	-0.3791798305123439		PDS5B
7074	-0.570096	0.0222	TIAM1	0.8108930721935866		TIAM1
149069	-0.3338792	0.0222	DCDC2B	-0.0886067061098039		DCDC2B
282809	0.1712744	0.0222	POC1B	-0.5055151586331657		POC1B
811	0.3015873	0.0222	CALR	-0.0743008022887306		CALR
162427	-0.1862325	0.0222	RETREG3	0.1718501324289656		RETREG3
1829	0.2480527	0.0222	DSG2	0.0145551439846265		DSG2
210	0.3819959	0.0222	ALAD	-0.2796380301034027		ALAD
55573	0.1999065	0.0223	CDV3	-0.1875355212311209		CDV3
5098	-0.2956892	0.0223	PCDHGC3	0.674641122801181		PCDHGC3
56931	-0.2226501	0.0223	DUS3L	0.1643330185570874		DUS3L
7695	-0.2110542	0.0224	ZNF136	0.1992093033140314		ZNF136
3099	0.6522058	0.0224	HK2	-0.3559939829109519		HK2
3730	-0.4041727	0.0224	ANOS1	0.5179748677665996		ANOS1
400966	0.2879936	0.0224	RGPD1	1.1641155673201036		RGPD1
6499	-0.1613512	0.0225	SKIC2	0.2618138918234782		SKIC2
2309	-0.4539293	0.0225	FOXO3	0.6382162418945239		FOXO3
84549	-0.1598167	0.0225	MAK16	0.066988907958601		MAK16
729857	0.2833164	0.0225	RGPD2	0.3298841621180353		RGPD2
652965	-0.6542055	0.0225	SNORA48	0.882222293121564		SNORA48
9807	-0.1776211	0.0225	IP6K1	-0.0832868501558374		IP6K1
5213	0.2844803	0.0226	PFKM	-0.2459045235532002		PFKM
25926	0.1513547	0.0226	NOL11	0.2379205222871308		NOL11
128344	0.3642828	0.0226	PIFO	-0.0501216456092792		PIFO
9674	0.400634	0.0227	KIAA0040	-0.4952070408593196		KIAA0040
1345	0.2873744	0.0227	COX6C	-0.2660460778740869		COX6C
25824	0.2271537	0.0227	PRDX5	-0.0358780799891444		PRDX5
10263	0.4021789	0.0227	CDK2AP2	-0.3981781283730656		CDK2AP2
439	0.1488496	0.0227	GET3	0.0521571804681348		GET3
5584	0.1732831	0.0227	PRKCI	0.0017556661300388		PRKCI
90233	-0.2108275	0.0227	ZNF551	0.231132162247867		ZNF551
10459	0.2651262	0.0227	MAD2L2	-0.3290655655596204		MAD2L2
65109	0.2443094	0.0227	UPF3B	-0.1712558589054094		UPF3B
2100	0.4700308	0.0228	ESR2	-0.376560377172612		ESR2
10347	0.3879372	0.0228	ABCA7	-0.1392391434471624		ABCA7
11264	-0.2096183	0.0228	PXMP4	0.0377105201677951		PXMP4
493861	-0.5988399	0.0229	EID3	0.8394519276341097		EID3
140886	-0.5249915	0.0229	PABPC5	0.5530318479915555		PABPC5
5719	0.1592358	0.0229	PSMD13	0.1199988961006166		PSMD13
9416	0.1187762	0.0229	DDX23	-0.2742429759907443		DDX23
3632	0.1620114	0.0229	INPP5A	0.1407874423887207		INPP5A
79074	-0.217051	0.0229	C2orf49	-0.1193179109641757		C2orf49
7450	-0.3573157	0.0229	VWF	0.3968185190543378		VWF
254122	0.1890966	0.023	SNX32	0.0167784495145419		SNX32
57007	-0.4516625	0.0232	ACKR3	0.4981127293392937		ACKR3
158572	-0.3131496	0.0232	USP27X-DT	0.4350594895037029		USP27X-DT
9817	0.1834979	0.0232	KEAP1	-0.2735510702325969		KEAP1
79180	-0.2012993	0.0232	EFHD2	0.334830109881663		EFHD2
201255	0.2851726	0.0232	LRRC45	-0.0773060997446828		LRRC45
1140	0.3007761	0.0232	CHRNB1	-0.0719946228906001		CHRNB1
9340	1.1781852	0.0233	GLP2R	-1.435174798142598		GLP2R
2063	0.3021651	0.0233	NR2F6	-0.3210813090846729		NR2F6
387263	0.1549165	0.0233	C6orf120	-0.0253319289599294		C6orf120
201895	-0.3216031	0.0234	SMIM14	0.084324532165195		SMIM14
81	-0.2471593	0.0234	ACTN4	0.4983631553699856		ACTN4
90417	0.3603721	0.0234	KNSTRN	-0.1283517131249478		KNSTRN
339287	0.1578503	0.0234	MSL1	-0.1587526070634917		MSL1
9188	0.2091788	0.0234	DDX21	0.0296850318052235		DDX21
401022	1.0690345	0.0234	HAGLR	-0.6726339345313638		HAGLR
90060	-0.3115831	0.0235	CCDC120	0.3890515432616546		CCDC120
5801	-0.8320926	0.0235	PTPRR	0.9428054363985992		PTPRR
4983	0.21515	0.0236	OPHN1	-0.2888958186088608		OPHN1
8438	-0.3339847	0.0236	RAD54L	0.588443364968502		RAD54L
152	-0.3758513	0.0236	ADRA2C	0.5943827294048813		ADRA2C
79668	-0.3114945	0.0236	PARP8	0.365185696097992		PARP8
23550	0.465355	0.0236	PSD4	-0.1052406779865254		PSD4
55303	0.3533994	0.0236	GIMAP4	-0.2442878115380127		GIMAP4
7538	-0.7461712	0.0236	ZFP36	1.0384092266679843		ZFP36
100381270	0.6951662	0.0236	ZBED6	-0.5097194272609828		ZBED6
57453	-0.5536973	0.0236	DSCAML1	0.6106470200377592		DSCAML1
388886	-0.2932332	0.0236	LRRC75B	0.2948526091956909		LRRC75B
285045	-0.640911	0.0237	LINC00486	1.2554146109582685		LINC00486
165918	0.2104302	0.0237	RNF168	-0.3918862297551637		RNF168
130888	-0.4715792	0.0237	FBXO36	0.7393639936547722		FBXO36
5708	0.1421857	0.0237	PSMD2	0.0550323544373467		PSMD2
253018	-0.4191781	0.0237	HCG27	0.5693913890616082		HCG27
79733	0.5134515	0.0237	E2F8	-0.5351128598239931		E2F8
57121	0.4581697	0.0237	LPAR5	-0.5503404180757054		LPAR5
8814	-0.2071363	0.0237	CDKL1	0.0925078995486785		CDKL1
2852	0.541115	0.0237	GPER1	-0.2644251733098255		GPER1
6263	-0.590972	0.0237	RYR3	1.1000741456019865		RYR3
161253	-0.7232653	0.0237	REM2	0.9947290372293148		REM2
54960	-0.2120064	0.0238	GEMIN8	0.2386519996788845		GEMIN8
113829	-0.1512433	0.0238	SLC35A4	0.219245388851335		SLC35A4
254295	0.3681162	0.0238	PHYHD1	-0.185822773509737		PHYHD1
6304	0.171295	0.0238	SATB1	-0.4848397757852254		SATB1
23065	-0.1578383	0.0239	EMC1	-0.4124542764271535		EMC1
23130	-0.2105851	0.0239	ATG2A	0.2252876836001203		ATG2A
11280	-0.7506607	0.0239	SCN11A	0.7469248009256946		SCN11A
10234	-0.7366102	0.0239	LRRC17	0.7903114504979611		LRRC17
196463	0.2291459	0.0239	PLBD2	0.2125781674142484		PLBD2
53346	-0.2973783	0.0239	TM6SF1	0.4187356723139106		TM6SF1
4773	-0.4177998	0.0239	NFATC2	0.5512622604131087		NFATC2
81030	-0.9096163	0.0239	ZBP1	0.7715613000553365		ZBP1
60437	0.3820027	0.0239	CDH26	-0.4142311002433001		CDH26
55781	0.1654292	0.0239	RIOK2	-0.2361417297335224		RIOK2
137902	-0.3945337	0.0239	PXDNL	0.6269587020808682		PXDNL
5092	0.1950472	0.024	PCBD1	-0.1897459800098868		PCBD1
167227	-0.2640799	0.024	DCP2	0.3896112516889427		DCP2
100507316	-0.4193206	0.024	MINCR	0.4458639015714247		MINCR
10170	-0.9522831	0.024	DHRS9	1.2367553840413503		DHRS9
128439	-0.2534323	0.024	SNHG11	0.4904568549599881		SNHG11
57150	-0.2315462	0.0241	SMIM8	0.2646063730084593		SMIM8
94134	0.2311954	0.0241	ARHGAP12	0.0334216426192153		ARHGAP12
8534	0.4206699	0.0241	CHST1	-0.1328572765408722		CHST1
51588	0.1705994	0.0241	PIAS4	-0.2286928087294537		PIAS4
23420	0.2836601	0.0242	NOMO1	-0.1449062296771615		NOMO1
5985	0.1919429	0.0242	RFC5	0.051534754987887		RFC5
22837	0.255383	0.0242	COBLL1	-0.0475148979849437		COBLL1
285154	-0.6025754	0.0242	CYP1B1-AS1	1.087878804615589		CYP1B1-AS1
10016	-0.1330465	0.0242	PDCD6	0.1604929334396878		PDCD6
64744	-0.3785941	0.0242	SMAP2	0.4812316612807863		SMAP2
171389	-1.1843247	0.0243	NLRP6	1.5085756173608271		NLRP6
23133	-0.1450461	0.0243	PHF8	-0.0220745058539737		PHF8
7325	-0.143909	0.0243	UBE2E2	0.3908408934748877		UBE2E2
55296	0.1634076	0.0243	TBC1D19	-0.0257447752114097		TBC1D19
10284	-0.1662911	0.0243	SAP18	0.1811992086583629		SAP18
654346	-0.5391117	0.0243	LGALS9C	1.0762476574046502		LGALS9C
1676	0.1251486	0.0243	DFFA	-0.4383980998212493		DFFA
55319	0.1870233	0.0243	TMA16	-0.0451513589297452		TMA16
25845	-0.2041862	0.0243	PP7080	0.1988474204861727		PP7080
100874235	0.2478104	0.0243	CACNA1C-AS2	0.8784244554005474		CACNA1C-AS2
8747	-0.6078939	0.0243	ADAM21	0.6712699385754384		ADAM21
9650	0.3054275	0.0243	MTFR1	-0.3389677740016936		MTFR1
945	0.5552597	0.0243	CD33	-0.1539704248495828		CD33
56129	-0.3479089	0.0244	PCDHB7	0.5840208816941171		PCDHB7
55785	0.3964646	0.0244	FGD6	-0.1613724386511856		FGD6
3208	-0.7050972	0.0244	HPCA	0.1561724467724849		HPCA
115416	0.2089605	0.0244	MALSU1	0.0140811720099502		MALSU1
79886	-0.2561963	0.0244	CAAP1	-0.0293351756037831		CAAP1
55007	0.6900939	0.0244	FAM118A	-0.4487264578557903		FAM118A
57110	-0.2967431	0.0244	PLAAT1	0.3626905115834722		PLAAT1
3384	-0.3936402	0.0244	ICAM2	0.4264624679774167		ICAM2
200014	0.1337512	0.0244	CC2D1B	-0.1954891235465652		CC2D1B
10062	0.320913	0.0245	NR1H3	-0.0937332063649871		NR1H3
2334	-0.9283422	0.0245	AFF2	0.8552273135911226		AFF2
6508	0.2063365	0.0245	SLC4A3	-0.135840432588159		SLC4A3
1488	0.1315904	0.0245	CTBP2	0.0321051158576111		CTBP2
80216	0.2441324	0.0246	ALPK1	-0.0600144900181356		ALPK1
9260	-0.4832753	0.0246	PDLIM7	0.6072148237537878		PDLIM7
25789	-0.6829739	0.0246	TMEM59L	0.90686608655503		TMEM59L
64127	0.5430454	0.0246	NOD2	-0.0797060982046931		NOD2
10782	-0.2036419	0.0246	ZNF274	0.4602372395170455		ZNF274
155054	-0.3702191	0.0246	ZNF425	0.0549389242477338		ZNF425
100529209	0.1589026	0.0247	RNASEK-C17orf49	-0.6100511874580721		RNASEK-C17orf49
157773	0.4329423	0.0247	C8orf48	-0.1578612663166024		C8orf48
57662	1.1906602	0.0247	CAMSAP3	-1.8790378940429855		CAMSAP3
3978	-0.2723062	0.0247	LIG1	0.2419675878311378		LIG1
23239	-0.1842421	0.0247	PHLPP1	0.1010525063635876		PHLPP1
3344	-0.3809028	0.0247	FOXN2	0.5525112289742797		FOXN2
56105	-0.2053085	0.0247	PCDHGA11	0.2979974267867809		PCDHGA11
25828	0.2110402	0.0248	TXN2	-0.195130241044791		TXN2
152273	-0.2383519	0.0248	FGD5	0.5058098951290138		FGD5
285556	1.6190109	0.0248	C4orf54	-1.584924560874824		C4orf54
677769	0.6486693	0.0248	SCARNA17	1.510815892544267		SCARNA17
64093	-1.3637232	0.0248	SMOC1	1.7195689500664475		SMOC1
105377986	0.7940946	0.0248	HEY2-AS1	-0.601495962705233		HEY2-AS1
5702	0.2075699	0.0248	PSMC3	-0.3244576155667982		PSMC3
55332	0.301714	0.0249	DRAM1	0.0153020435946016		DRAM1
145814	-0.6379669	0.0249	PGPEP1L	0.7541494903734002		PGPEP1L
139716	-0.4556564	0.0249	GAB3	0.2159337588853525		GAB3
7408	0.2514154	0.0249	VASP	-0.2447290109185189		VASP
79791	-0.1929239	0.0249	FBXO31	0.0532518110419157		FBXO31
6422	-0.6942917	0.025	SFRP1	0.7296272617855664		SFRP1
23433	0.2114324	0.025	RHOQ	0.0373552291366756		RHOQ
2785	-0.4666879	0.0251	GNG3	0.8523928912396337		GNG3
51726	0.262373	0.0251	DNAJB11	-0.4881932669879942		DNAJB11
55752	-0.3928099	0.0251	SEPTIN11	-0.1215049027062491		SEPTIN11
726	-0.4884109	0.0251	CAPN5	0.6025546567018238		CAPN5
26056	-0.2650642	0.0251	RAB11FIP5	0.2624101082889893		RAB11FIP5
202781	-0.2300461	0.0251	PAXIP1-DT	0.4782597269502269		PAXIP1-DT
5499	0.184435	0.0251	PPP1CA	-0.1424690602481364		PPP1CA
105374374	0.4502088	0.0251	LINC02517	-0.5226103642968454		LINC02517
1729	-0.3965783	0.0251	DIAPH1	0.5484594766184596		DIAPH1
221749	-0.2763079	0.0251	PXDC1	0.3062384586999567		PXDC1
115560	-0.3066862	0.0251	ZNF501	0.4793409108986384		ZNF501
2635	0.4484622	0.0252	GBP3	-0.6742012464702949		GBP3
130612	0.3299445	0.0252	TMEM198	-0.3442889653078457		TMEM198
23416	0.3007412	0.0252	KCNH3	-0.0912097584419426		KCNH3
29993	0.4857503	0.0252	PACSIN1	-0.3689158750409751		PACSIN1
100861412	0.386111	0.0252	FSBP	-0.4964858784678527		FSBP
1236	0.7212541	0.0252	CCR7	1.5336008856620629		CCR7
3475	-0.3867785	0.0253	IFRD1	0.5053158147839305		IFRD1
11168	0.2057166	0.0253	PSIP1	-0.1525592971165954		PSIP1
55777	0.1786624	0.0253	MBD5	-0.1595000075547101		MBD5
100129484	-0.5443748	0.0254	LINC02983	0.7943356226653351		LINC02983
55076	0.5703058	0.0254	TMEM45A	-0.4852446775869663		TMEM45A
6674	-0.2541234	0.0254	SPAG1	0.133697468851483		SPAG1
9013	-0.230431	0.0254	TAF1C	0.092936550263329		TAF1C
57188	-0.3222529	0.0254	ADAMTSL3	0.5003954988797594		ADAMTSL3
152078	0.6219833	0.0254	SLC66A1L	-0.5156636169788976		SLC66A1L
2048	0.6752414	0.0254	EPHB2	-0.3876616921895146		EPHB2
641648	-0.3940842	0.0255	SNORD87	13.232729404884203		SNORD87
4047	0.2592033	0.0255	LSS	0.0345955206639772		LSS
57209	0.1787941	0.0255	ZNF248	-0.2835434686640043		ZNF248
10663	0.7108899	0.0255	CXCR6	1.4021397380617788		CXCR6
5327	-0.4664411	0.0256	PLAT	0.4995497714230619		PLAT
84959	0.5286801	0.0256	UBASH3B	-0.2434389993083779		UBASH3B
132989	-0.4054878	0.0256	C4orf36	0.2674599717258767		C4orf36
11103	0.1623106	0.0256	KRR1	-0.6414574316202595		KRR1
10103	0.3932232	0.0256	TSPAN1	-0.3250980657432936		TSPAN1
10884	0.1958938	0.0257	MRPS30	-0.0279575234647522		MRPS30
202374	-0.4914549	0.0257	STK32A	0.4220063626630667		STK32A
23031	-0.2847939	0.0257	MAST3	0.4811452808560972		MAST3
9550	0.1629089	0.0257	ATP6V1G1	0.090579738818648		ATP6V1G1
2778	-0.1176134	0.0257	GNAS	0.271655159804272		GNAS
317649	0.1827907	0.0258	EIF4E3	-0.2657329852664487		EIF4E3
201973	-0.1506873	0.0258	PRIMPOL	0.5474670551824357		PRIMPOL
25977	-0.1870093	0.0258	NECAP1	0.2028023844664863		NECAP1
64426	-0.1522643	0.0258	SUDS3	0.3965125173968897		SUDS3
25780	0.2654227	0.0259	RASGRP3	-0.0184409832299587		RASGRP3
2590	-0.1569127	0.0259	GALNT2	0.2507956963211706		GALNT2
139341	0.2326503	0.0259	FUNDC1	-0.1533557826399425		FUNDC1
442721	-0.4871485	0.0259	LMOD2	0.771063771208599		LMOD2
22897	-0.2215562	0.026	CEP164	0.4736461684203674		CEP164
55929	-0.1708942	0.026	DMAP1	0.3790367821275975		DMAP1
85443	0.8852644	0.026	DCLK3	-1.2490591720837332		DCLK3
7763	-0.3369723	0.026	ZFAND5	0.1341044665724986		ZFAND5
51011	0.1848953	0.0261	FAHD2A	0.0507217115796696		FAHD2A
100528021	0.256264	0.0261	ST20-MTHFS	-0.8202296568881504		ST20-MTHFS
654841	0.4247652	0.0261	MFF-DT	-0.5298605253871607		MFF-DT
2060	0.1812214	0.0261	EPS15	-0.4122286456306971		EPS15
56623	-0.163834	0.0263	INPP5E	0.174519399854006		INPP5E
26040	-0.3806819	0.0263	SETBP1	0.6716961544019354		SETBP1
139221	-0.4316105	0.0263	PWWP3B	0.6018635550517217		PWWP3B
104968399	-0.5041507	0.0264	MYL12-AS1	-0.2062230484921275		MYL12-AS1
109729137	0.3605176	0.0264	MEF2C-AS2	-4.27764474964524		MEF2C-AS2
7029	0.1623616	0.0264	TFDP2	-0.4312474205035386		TFDP2
924	-0.7336727	0.0264	CD7	0.859409818382836		CD7
139728	0.4337746	0.0264	PNCK	-0.2011522906792366		PNCK
83759	0.168423	0.0265	RBM4B	-0.0649641908884062		RBM4B
109617000	0.6077198	0.0265	SNORA11F	-3.3088048371324046		SNORA11F
7125	-0.6568879	0.0265	TNNC2	0.8711159152988052		TNNC2
9648	0.2822572	0.0265	GCC2	-0.4069234549227469		GCC2
100289178	-0.2498231	0.0265	GNG12-AS1	0.3950132856061625		GNG12-AS1
6749	0.1689096	0.0266	SSRP1	-0.1340095143437789		SSRP1
116328	-0.7096659	0.0266	C8orf34	0.5494231517544705		C8orf34
5891	-0.2033112	0.0267	MOK	0.0224571987698638		MOK
155061	-0.1557321	0.0267	ZNF746	0.0849189704812749		ZNF746
7220	-0.2864117	0.0267	TRPC1	0.530064561258853		TRPC1
7589	0.1771057	0.0267	ZSCAN21	0.0157798289612784		ZSCAN21
55454	-0.2953395	0.0267	CSGALNACT2	0.4584596623849117		CSGALNACT2
3795	0.3135644	0.0268	KHK	0.0555316759542712		KHK
6517	0.2915606	0.0268	SLC2A4	0.001110370139707		SLC2A4
135138	0.4450669	0.0268	PACRG	0.0491727896017089		PACRG
26168	0.1543483	0.0268	SENP3	-0.0006254808008296		SENP3
7429	-0.2110121	0.0269	VIL1	0.6919617431689202		VIL1
11019	0.2469917	0.0269	LIAS	-0.0569654600462632		LIAS
56994	0.2582139	0.0269	CHPT1	-0.0451572667582542		CHPT1
101927117	0.2192658	0.0269	PLCG1-AS1	0.5482944424510146		PLCG1-AS1
158062	1.017889	0.0269	LCN6	-1.1912643123964068		LCN6
10463	0.1964736	0.0269	SLC30A9	-0.1440767581655597		SLC30A9
49854	-0.4460226	0.0269	ZBTB21	0.3140960434356927		ZBTB21
9453	0.1545401	0.027	GGPS1	-0.0862480029563741		GGPS1
6117	-0.2478844	0.027	RPA1	0.6605020304648761		RPA1
9569	0.4066795	0.027	GTF2IRD1	-0.3266567567353906		GTF2IRD1
84665	-0.3516025	0.027	MYPN	0.6430399253942314		MYPN
80210	-0.3668224	0.027	ARMC9	0.6508354249614932		ARMC9
374395	0.1518425	0.027	TMEM179B	0.0297040623423763		TMEM179B
5525	0.1933826	0.0271	PPP2R5A	-0.181492825141559		PPP2R5A
1241	-0.3012641	0.0271	LTB4R	0.8444023140158868		LTB4R
4952	0.2051067	0.0271	OCRL	-0.0489600191783603		OCRL
5912	-0.275481	0.0271	RAP2B	0.5312267285813614		RAP2B
1843	-0.6826476	0.0271	DUSP1	0.6023140900213262		DUSP1
23764	-0.7022369	0.0271	MAFF	0.9151654123489228		MAFF
65989	-0.7101744	0.0272	DLK2	1.0679102707331107		DLK2
3355	0.8161586	0.0272	HTR1F	-0.4149294008643274		HTR1F
283989	-0.2448501	0.0272	TSEN54	0.3573526567216762		TSEN54
629	0.6044578	0.0273	CFB	-0.2974171500718325		CFB
107984780	1.6902006	0.0273	LINC02248	-1.786405824448991		LINC02248
9824	0.4018382	0.0273	ARHGAP11A	-0.2111048453120827		ARHGAP11A
80233	-0.1584974	0.0273	FAAP100	0.3232997852241257		FAAP100
2189	-0.3006117	0.0273	FANCG	0.4364250753148044		FANCG
514	0.2828721	0.0274	ATP5F1E	-0.5430059467588517		ATP5F1E
60592	-0.2804894	0.0274	SCOC	0.3354637142252157		SCOC
1025	-0.1489566	0.0274	CDK9	0.6048476178868443		CDK9
57037	-0.2130624	0.0274	ANKMY2	0.3165249357767656		ANKMY2
8558	-0.2309724	0.0274	CDK10	0.4517010959912824		CDK10
7099	0.3832109	0.0274	TLR4	-0.1952117658633758		TLR4
4354	0.1948761	0.0274	MPP1	-0.1871964903568885		MPP1
26508	-0.490328	0.0275	HEYL	0.5410362425656645		HEYL
2999	-1.0493828	0.0275	GZMH	1.394514492348966		GZMH
122704	0.2919166	0.0275	MRPL52	-0.0518949677577467		MRPL52
2669	-0.7088627	0.0275	GEM	0.8264210887005263		GEM
200312	-0.2866821	0.0275	RNF215	0.1495961043657576		RNF215
9525	-0.1910838	0.0276	VPS4B	-0.104308095912148		VPS4B
130026	-0.2585208	0.0276	ICA1L	0.2533597944453998		ICA1L
157869	0.4291827	0.0276	SBSPON	-0.5948369906133182		SBSPON
10666	-0.4698934	0.0276	CD226	0.3464228289620767		CD226
6609	0.2257905	0.0276	SMPD1	0.0277846269170645		SMPD1
822	0.5721621	0.0276	CAPG	-0.4731098272361298		CAPG
9633	0.590424	0.0276	TESMIN	-0.1160812984505059		TESMIN
9465	0.3306191	0.0277	AKAP7	-0.1060685343615772		AKAP7
4481	0.5713084	0.0277	MSR1	-0.4764332497942494		MSR1
81035	-0.331325	0.0277	COLEC12	0.3698408872890617		COLEC12
493911	0.346758	0.0278	PHOSPHO2	-0.0864817160293298		PHOSPHO2
7784	-0.8180288	0.0278	ZP3	1.4144100465810228		ZP3
908	0.1319178	0.0278	CCT6A	0.249619490830641		CCT6A
150082	-0.4867598	0.0278	LCA5L	0.3351760474209839		LCA5L
23054	0.1509107	0.0278	NCOA6	0.0018252209430116		NCOA6
5687	0.1641647	0.0278	PSMA6	0.0311821375581393		PSMA6
9804	-0.1681809	0.0278	TOMM20	0.1195464944679782		TOMM20
101927752	-0.302236	0.0278	CLN8-AS1	0.489473579165697		CLN8-AS1
23064	0.1391693	0.0278	SETX	0.1353048759836692		SETX
10972	0.1688377	0.0278	TMED10	-0.4221063087532783		TMED10
8099	0.201728	0.0279	CDK2AP1	-0.3202593801473714		CDK2AP1
92703	0.1383867	0.0279	TMEM183A	0.183159215251321		TMEM183A
6840	-0.2347984	0.0279	SVIL	0.2795431607463694		SVIL
9886	-0.3282612	0.0279	RHOBTB1	0.314038937349685		RHOBTB1
916	-0.7485689	0.0279	CD3E	0.9532584578372446		CD3E
114879	-0.1810143	0.028	OSBPL5	0.4056504924981023		OSBPL5
126075	-0.1912551	0.028	CCDC159	0.3830499375052527		CCDC159
339324	0.2004154	0.028	ZNF260	-0.4463089047859641		ZNF260
132014	-0.3998281	0.028	IL17RE	0.1076740040481823		IL17RE
373156	0.1854805	0.0281	GSTK1	0.0568634453236178		GSTK1
6509	-0.4073021	0.0281	SLC1A4	0.4653468660615631		SLC1A4
3569	-1.2065977	0.0281	IL6	1.348816135928705		IL6
9238	0.1820166	0.0281	TBRG4	-0.19206391743589		TBRG4
85363	0.2880312	0.0281	TRIM5	-0.2082092687475563		TRIM5
11244	0.2153804	0.0281	ZHX1	-0.1532663568679577		ZHX1
8939	-0.1866939	0.0281	FUBP3	0.4057777847895041		FUBP3
324	0.2256825	0.0281	APC	-0.0659275036799389		APC
6934	-0.2051308	0.0281	TCF7L2	0.2262381526530914		TCF7L2
781	-0.3995081	0.0281	CACNA2D1	-0.2819591471704648		CACNA2D1
81629	-0.2844361	0.0281	TSSK3	0.5358412170840017		TSSK3
51460	0.1474489	0.0281	SFMBT1	-0.0905978189041456		SFMBT1
51729	-0.140164	0.0281	WBP11	-0.0244095273799178		WBP11
6123	0.2059642	0.0281	RPL3L	-0.1467947601683272		RPL3L
3267	0.15213	0.0282	AGFG1	-0.0711347984349481		AGFG1
389203	0.2415272	0.0282	SMIM20	-0.1148425548685248		SMIM20
8776	0.1303782	0.0282	MTMR1	-0.2987475966212636		MTMR1
58473	-0.4300181	0.0282	PLEKHB1	0.8522830202255975		PLEKHB1
9411	0.293215	0.0283	ARHGAP29	-0.2525204732010486		ARHGAP29
83607	-0.1432458	0.0283	AMMECR1L	0.1199154085827558		AMMECR1L
54758	-0.1787209	0.0283	KLHDC4	0.2151804986866481		KLHDC4
646962	0.6447372	0.0283	HRCT1	-0.5078351752256851		HRCT1
921	-0.7643008	0.0284	CD5	0.9016871523465316		CD5
25804	0.1884478	0.0284	LSM4	-0.2851458271190612		LSM4
5241	0.2297274	0.0284	PGR	-0.1659414797876008		PGR
10800	-0.580614	0.0284	CYSLTR1	0.6384213974489367		CYSLTR1
401027	-0.7690262	0.0284	C2orf66	0.9795213443494336		C2orf66
730098	-0.1993327	0.0284	LOC730098	0.2878933252908604		LOC730098
3064	0.1735995	0.0285	HTT	-0.3171491871908225		HTT
3576	-1.1877646	0.0285	CXCL8	1.462504459603398		CXCL8
4016	-0.6809871	0.0285	LOXL1	0.8066508816269122		LOXL1
27115	0.481254	0.0287	PDE7B	-0.2581622304024933		PDE7B
56160	0.2111343	0.0287	NSMCE3	-0.218431511817208		NSMCE3
11098	-0.4486359	0.0288	PRSS23	0.763787720804705		PRSS23
7103	-0.7910023	0.0288	TSPAN8	0.674792260696226		TSPAN8
115004	-0.3621292	0.0289	CGAS	0.3493269119007038		CGAS
54784	-0.1741688	0.0289	ALKBH4	0.1902099592834001		ALKBH4
57139	0.3958951	0.0289	RGL3	-0.4177654204433265		RGL3
57381	0.3095521	0.0289	RHOJ	-0.1029703069061951		RHOJ
85440	0.2449999	0.0289	DOCK7	-0.1561361755630494		DOCK7
133522	0.4687633	0.029	PPARGC1B	-0.3153149923544358		PPARGC1B
257068	-0.7378165	0.029	PLCXD2	1.4117575133560902		PLCXD2
7357	-0.2644734	0.029	UGCG	0.3058469927369294		UGCG
79672	-0.1858831	0.029	FN3KRP	0.4554245828272831		FN3KRP
541468	-0.3017528	0.0291	LURAP1	0.470438272499851		LURAP1
11143	-0.1341124	0.0291	KAT7	0.1887139706441329		KAT7
5208	0.4962845	0.0291	PFKFB2	-0.4258337295982741		PFKFB2
5571	0.1891348	0.0291	PRKAG1	-0.0258082159921331		PRKAG1
64793	0.3630737	0.0291	CEP85	-0.3437108520666108		CEP85
84445	-0.1741142	0.0291	LZTS2	0.2875798009923072		LZTS2
84455	0.2312089	0.0291	EFCAB7	-0.1330838716693931		EFCAB7
6574	-0.3532042	0.0291	SLC20A1	0.4797484134755385		SLC20A1
9088	0.3694536	0.0292	PKMYT1	-0.4263930293942119		PKMYT1
57622	-0.535406	0.0292	LRFN1	0.7456162971630786		LRFN1
64343	0.1203041	0.0292	AZI2	-0.2734911301614655		AZI2
100316904	-0.4119028	0.0292	SAP25	0.9597541939358673		SAP25
84524	0.1416206	0.0292	ZC3H8	-0.3994040037839896		ZC3H8
8748	-0.4345766	0.0293	ADAM20	1.1753515359209672		ADAM20
6165	-0.2242609	0.0293	RPL35A	0.5392149037201914		RPL35A
85364	-0.1765091	0.0293	ZCCHC3	0.3451263373891486		ZCCHC3
9846	-0.2938237	0.0293	GAB2	0.3922767536822884		GAB2
6311	0.1510854	0.0293	ATXN2	-0.2695347535606158		ATXN2
767557	0.2946928	0.0294	SYS1-DBNDD2	-0.1018070549964064		SYS1-DBNDD2
100129534	-0.3893908	0.0294	LOC100129534	0.1800262564763958		LOC100129534
89782	0.258134	0.0294	LMLN	0.0470376419018292		LMLN
686	0.2219514	0.0294	BTD	0.167288078261953		BTD
25788	0.285267	0.0294	RAD54B	0.140093641211964		RAD54B
144193	0.6584352	0.0295	AMDHD1	-0.2418400706915219		AMDHD1
1398	-0.213329	0.0295	CRK	-0.0223893495747935		CRK
5519	-0.2029654	0.0295	PPP2R1B	-0.2148198241703935		PPP2R1B
57605	0.2631688	0.0296	PITPNM2	-0.3741460498725928		PITPNM2
2140	0.1960328	0.0296	EYA3	-0.3719387761238586		EYA3
107986100	-0.4303937	0.0296	LINC02018	1.1333848195017573		LINC02018
84326	-0.2158854	0.0296	METTL26	0.1565718954513366		METTL26
100874201	0.4210064	0.0296	B4GALT4-AS1	-3.1104706324635334		B4GALT4-AS1
283554	-0.5054713	0.0297	GPR137C	0.7084667523865572		GPR137C
100532731	0.1231255	0.0297	COMMD3-BMI1	-1.6318889768854348		COMMD3-BMI1
29968	0.6930535	0.0298	PSAT1	-0.4106014979730057		PSAT1
3784	0.208967	0.0299	KCNQ1	0.0555139297847748		KCNQ1
9814	-0.2552423	0.0299	SFI1	0.398006878758542		SFI1
10314	-0.2257982	0.03	LANCL1	0.2552185927788111		LANCL1
3955	-0.5897084	0.03	LFNG	0.8882599948858962		LFNG
2146	0.2763822	0.0301	EZH2	-0.3250425604111037		EZH2
9235	-0.4687728	0.0301	IL32	0.5643363615756671		IL32
1384	0.1699363	0.0301	CRAT	0.0458496181984307		CRAT
90634	-0.2135418	0.0301	N4BP2L1	0.1209032653036858		N4BP2L1
197322	-0.1906194	0.0301	ACSF3	0.3451604655159181		ACSF3
26147	-0.1961649	0.0302	PHF19	0.2560983817228255		PHF19
220988	-0.1349961	0.0302	HNRNPA3	0.4369683430989548		HNRNPA3
23272	0.158619	0.0302	TASOR	-0.232892460776493		TASOR
64838	0.5379341	0.0302	FNDC4	-0.3666832146137767		FNDC4
404665	-0.1870342	0.0302	CACTIN-AS1	0.6133245873652915		CACTIN-AS1
2070	0.6559001	0.0302	EYA4	-0.6687865620777256		EYA4
708	0.2020907	0.0302	C1QBP	-0.3884692468973751		C1QBP
127428	0.1684199	0.0302	TCEANC2	-0.0470380198002515		TCEANC2
5733	0.8728036	0.0302	PTGER3	-0.8987168607409306		PTGER3
55120	0.1468736	0.0302	FANCL	0.3710821214654118		FANCL
8532	-0.8998072	0.0303	CPZ	1.7589893991206236		CPZ
10161	0.4157232	0.0303	LPAR6	-0.3158263783189765		LPAR6
3777	0.7126897	0.0303	KCNK3	-0.6357079870311368		KCNK3
51514	0.6917159	0.0303	DTL	0.5210044403290437		DTL
5223	-0.1950273	0.0303	PGAM1	0.44821717695176		PGAM1
154075	-0.6246932	0.0304	SAMD3	0.5600375801418574		SAMD3
494513	0.2572461	0.0304	PJVK	-0.3063794122051917		PJVK
10412	0.278103	0.0304	NSA2	0.1135165632285053		NSA2
100129550	-0.3091482	0.0304	LINC02035	0.5705518179282658		LINC02035
1643	0.2568756	0.0305	DDB2	-0.0233007888969893		DDB2
7957	0.1781963	0.0305	EPM2A	-0.2183745416157423		EPM2A
9575	0.2468558	0.0305	CLOCK	-0.281289848982746		CLOCK
138151	0.2444488	0.0305	NACC2	-0.2041389048845223		NACC2
2953	0.6986483	0.0305	GSTT2	-0.6945507472202168		GSTT2
90809	-0.1604218	0.0306	PIP4P1	0.0577552776557936		PIP4P1
11119	-0.4416253	0.0306	BTN3A1	0.7903241768555049		BTN3A1
7638	0.2964599	0.0306	ZNF221	-0.0206246575744624		ZNF221
79899	-0.6209022	0.0307	PRR5L	0.6003344948252122		PRR5L
9541	0.2146166	0.0307	CIR1	-0.1190586849250188		CIR1
6911	0.4486565	0.0307	TBX6	-0.3662242617068601		TBX6
259282	0.1925296	0.0307	BOD1L1	-0.0337672837089328		BOD1L1
440026	-0.2761661	0.0307	TMEM41B	0.212805912299927		TMEM41B
85395	0.2272606	0.0308	SLX9	0.1589247933177366		SLX9
51058	-0.1786834	0.0309	ZNF691	0.3059199211293002		ZNF691
6272	-0.3014194	0.0309	SORT1	-0.1506451380073841		SORT1
9851	-0.1594349	0.0309	KIAA0753	0.1185223750099009		KIAA0753
9208	0.2183143	0.0309	LRRFIP1	-0.1108569845211402		LRRFIP1
7058	-0.6607915	0.0309	THBS2	0.7429830368428219		THBS2
136647	-0.1546335	0.0309	MPLKIP	0.2262772164966792		MPLKIP
11132	0.2389503	0.031	CAPN10	-0.0402929029821343		CAPN10
60385	-0.5574106	0.031	TSKS	0.6175686797653945		TSKS
7293	-0.7676837	0.0311	TNFRSF4	0.7755194828648664		TNFRSF4
112267983	-0.4324663	0.0311	CDK13-DT	0.4893635350469489		CDK13-DT
1534	0.3708103	0.0311	CYB561	-0.2639942360487675		CYB561
57479	-0.1897917	0.0311	PRR12	0.4009413893715752		PRR12
51337	0.2580739	0.0312	THEM6	-0.3296630841606349		THEM6
8826	0.2321474	0.0312	IQGAP1	-0.0943615136514974		IQGAP1
54946	0.1542128	0.0312	SLC41A3	-0.2594674494152444		SLC41A3
3781	0.4172307	0.0312	KCNN2	-0.3110804738758972		KCNN2
101927761	0.2270001	0.0313	TH2LCRR	0.314024853232774		TH2LCRR
84920	-0.3299753	0.0313	ALG10	0.4161663001855987		ALG10
3577	-1.0405727	0.0313	CXCR1	1.1382599814890064		CXCR1
56951	0.2558091	0.0313	C5orf15	-0.6076504078139573		C5orf15
55667	0.2647111	0.0314	DENND4C	-0.1148434753777265		DENND4C
79892	0.1034236	0.0314	MCMBP	-0.0616200366728953		MCMBP
8408	-0.3049494	0.0314	ULK1	0.4928160917223101		ULK1
81928	0.2642737	0.0315	CABLES2	-0.4484287981294481		CABLES2
56833	-0.4164392	0.0315	SLAMF8	0.556367642027201		SLAMF8
101928063	0.2726517	0.0315	ZNF230-DT	0.1519404216582481		ZNF230-DT
79898	0.1829043	0.0315	ZNF613	0.1160554608650952		ZNF613
57763	-0.1689947	0.0316	ANKRA2	0.0285016103339321		ANKRA2
154881	-0.2222095	0.0316	KCTD7	0.4648081511330968		KCTD7
11141	0.6049782	0.0316	IL1RAPL1	-0.3337499502568901		IL1RAPL1
163255	-0.2949346	0.0316	ZNF540	0.2383433640897445		ZNF540
54467	0.1864911	0.0316	ANKIB1	-0.4396881912433716		ANKIB1
3727	-0.3625683	0.0316	JUND	0.335125578087772		JUND
9532	0.2537474	0.0317	BAG2	-0.1419301373304824		BAG2
644150	-0.3933678	0.0317	WIPF3	0.6187388290333871		WIPF3
54847	-0.375054	0.0317	SIDT1	0.1623744804844985		SIDT1
91574	0.1732185	0.0317	MTRFR	0.0973452654285651		MTRFR
51279	0.2998143	0.0318	C1RL	-0.403479914973079		C1RL
282969	0.3484365	0.0318	FUOM	-0.4704180866531651		FUOM
83656	-0.7251094	0.0318	FAM167A-AS1	1.0705633699501085		FAM167A-AS1
147700	0.3149628	0.0319	KLC3	-0.3234628185253196		KLC3
5214	-0.2259641	0.0319	PFKP	0.3378997155420835		PFKP
9933	0.237592	0.0319	PUM3	-0.0701542384352276		PUM3
4327	-0.3927726	0.0319	MMP19	0.5678714573786658		MMP19
1174	0.1862555	0.032	AP1S1	-0.1760301603631848		AP1S1
56849	-0.3612966	0.0321	TCEAL7	0.5870430934752944		TCEAL7
1604	0.2281893	0.0321	CD55	-0.1229341320449339		CD55
677810	-0.6688186	0.0322	SNORA26	0.9352295587824342		SNORA26
54918	-0.2063409	0.0322	CMTM6	0.2841817707462777		CMTM6
22909	0.1729112	0.0322	FAN1	0.1766956252383158		FAN1
199870	-0.1989199	0.0323	FAM76A	0.049976180175919		FAM76A
2972	-0.142038	0.0323	BRF1	-0.1135798672317891		BRF1
56413	-0.3620412	0.0323	LTB4R2	1.0203704470533577		LTB4R2
29958	0.4028745	0.0323	DMGDH	-0.3823316907388017		DMGDH
123263	0.1841049	0.0323	MTFMT	-0.0569686382301233		MTFMT
57343	-0.1832602	0.0323	ZNF304	0.3886670264401406		ZNF304
23132	-0.1569099	0.0324	RAD54L2	0.3609930247037305		RAD54L2
23418	-0.9263387	0.0324	CRB1	0.921902744101665		CRB1
9252	0.3986235	0.0324	RPS6KA5	-0.7045878542440054		RPS6KA5
56995	-0.2526538	0.0324	TULP4	0.4918839978363205		TULP4
5565	0.2918995	0.0325	PRKAB2	-0.2037259155648927		PRKAB2
283731	-0.6523158	0.0325	LOC283731	0.5846421138274249		LOC283731
11322	-0.4254177	0.0325	TMC6	0.3134909919348159		TMC6
60	-0.2501187	0.0326	ACTB	0.3366268349314012		ACTB
9563	-0.1840918	0.0326	H6PD	0.4540651128834212		H6PD
54753	-0.2508761	0.0326	ZNF853	0.5331768491684707		ZNF853
83547	0.2400166	0.0326	RILP	-0.2979820471298238		RILP
728464	-0.3607196	0.0327	METTL24	0.6090959162835005		METTL24
8495	0.2583888	0.0327	PPFIBP2	-0.0212972369442807		PPFIBP2
57105	0.3845378	0.0327	CYSLTR2	-0.2236149325291516		CYSLTR2
1114	0.6822966	0.0327	CHGB	-0.5344751353273094		CHGB
6275	0.491375	0.0327	S100A4	-0.4062862307373889		S100A4
11344	0.2837034	0.0328	TWF2	-0.3178757510695682		TWF2
51112	0.1994503	0.0328	TRAPPC12	-0.1321007356709653		TRAPPC12
83876	0.6745137	0.0328	MRO	-0.7406972557687506		MRO
117248	0.9211536	0.0328	GALNT15	-0.5724097723691766		GALNT15
105372476	-0.4093901	0.0329	ZNF460-AS1	0.3483037659228938		ZNF460-AS1
57504	0.1190798	0.0329	MTA3	-0.0487957613708003		MTA3
55901	-0.2280153	0.0329	THSD1	0.2990300156809891		THSD1
80031	0.3566179	0.0329	SEMA6D	-0.0329488250801377		SEMA6D
6322	0.2807505	0.033	SCML1	-0.0623275721277485		SCML1
586	0.5112932	0.033	BCAT1	-0.546923431344805		BCAT1
9397	0.2292371	0.033	NMT2	-0.2326311226899409		NMT2
81033	0.4764543	0.033	KCNH6	-0.4902383355630242		KCNH6
6645	-0.2807417	0.0331	SNTB2	0.3903693944324311		SNTB2
2960	0.1641259	0.0331	GTF2E1	-0.2409622108527793		GTF2E1
10401	-0.1551063	0.0331	PIAS3	0.3390118094380039		PIAS3
8945	0.1850987	0.0331	BTRC	-0.2922716207602276		BTRC
105374845	0.636703	0.0331	CHMP3-AS1	-0.1624814931127636		CHMP3-AS1
3621	0.2127168	0.0331	ING1	-0.0826848015922463		ING1
6205	0.2049766	0.0332	RPS11	0.1244810880205786		RPS11
9830	0.3283195	0.0332	TRIM14	-0.1740395029851612		TRIM14
4133	-0.4116042	0.0332	MAP2	0.6318140118296411		MAP2
29844	0.2161993	0.0332	TFPT	-0.0410870909121929		TFPT
5365	-0.4067388	0.0332	PLXNB3	0.6665005260945043		PLXNB3
84886	-0.2454809	0.0332	C1orf198	0.2157324860643648		C1orf198
161742	-0.3824518	0.0332	SPRED1	0.1195102422819074		SPRED1
51439	0.1929849	0.0332	FAM8A1	0.0444526044879647		FAM8A1
23114	-0.3101253	0.0332	NFASC	0.309992266958869		NFASC
7175	0.1553358	0.0332	TPR	0.140717925103873		TPR
57703	0.1666693	0.0333	CWC22	-0.1303079335108665		CWC22
66000	-0.605733	0.0333	TMEM108	0.5223113377319335		TMEM108
10128	0.1975065	0.0333	LRPPRC	-0.193992506942136		LRPPRC
4696	0.2740954	0.0333	NDUFA3	-0.0556128115649485		NDUFA3
55857	0.2479802	0.0334	KIZ	-0.0324281791764713		KIZ
55687	0.2047241	0.0334	TRMU	-0.2088651835803352		TRMU
399821	0.4048272	0.0334	EDRF1-DT	-0.1856409959881475		EDRF1-DT
105378803	0.4164174	0.0334	LRRC53	0.4230536482255624		LRRC53
55252	0.2119988	0.0334	ASXL2	-0.2183568300688172		ASXL2
8553	-0.5495081	0.0335	BHLHE40	0.9186692337902836		BHLHE40
9464	0.3758226	0.0335	HAND2	-0.5528620432137794		HAND2
79630	-0.3380456	0.0335	C1orf54	0.5412550620509236		C1orf54
94005	0.1784974	0.0335	PIGS	-0.1821776234264165		PIGS
343413	-0.947358	0.0335	FCRL6	1.2893925397110446		FCRL6
9728	0.204413	0.0336	SECISBP2L	-0.8245808278130378		SECISBP2L
4833	-0.1838585	0.0336	NME4	0.3979030393915179		NME4
104355426	-0.2912377	0.0336	LENG8-AS1	0.2997778393917012		LENG8-AS1
222643	-0.2634271	0.0336	UNC5CL	0.3437340754288699		UNC5CL
50809	0.1588254	0.0337	HP1BP3	-0.4387987690044159		HP1BP3
9716	0.1111005	0.0337	AQR	-0.1430296110980924		AQR
9673	0.131182	0.0337	SLC25A44	0.0385044973091748		SLC25A44
23332	-0.1355365	0.0338	CLASP1	0.160837411587206		CLASP1
891	0.294764	0.0338	CCNB1	-0.0521049542428804		CCNB1
84986	-0.2038387	0.0338	ARHGAP19	0.0493422675352013		ARHGAP19
637	0.2813836	0.0338	BID	-0.6095760078693555		BID
751071	-0.3533928	0.0338	CSKMT	0.7673441014385689		CSKMT
79783	0.344956	0.0338	SUGCT	-0.1854906392073498		SUGCT
6392	-0.2098931	0.0338	SDHD	0.5041845339983242		SDHD
100289373	-0.4630459	0.0338	UBAC2-AS1	0.5113229486028484		UBAC2-AS1
2181	0.2038876	0.0338	ACSL3	-0.2431124184055111		ACSL3
51365	0.4811271	0.0338	PLA1A	-0.2129868699756003		PLA1A
1911	-0.1014332	0.0338	PHC1	0.327679810150272		PHC1
93649	-0.5039869	0.0339	MYOCD	0.6069628284646735		MYOCD
1789	-0.3605389	0.034	DNMT3B	0.6827764799362234		DNMT3B
30844	0.2762633	0.034	EHD4	-0.1834672661902034		EHD4
91442	0.4716257	0.0341	FAAP24	-0.2245806710263118		FAAP24
441155	0.171919	0.0341	ZC3H11C	0.911627839946764		ZC3H11C
9646	0.1337283	0.0341	CTR9	-0.0014764260087645		CTR9
220001	-0.4652216	0.0341	VWCE	0.3821655625926858		VWCE
439996	0.5631633	0.0342	IFIT1B	0.7329117699656704		IFIT1B
158880	-0.348924	0.0342	USP51	0.3982474976000389		USP51
10190	0.1653345	0.0342	TXNDC9	-0.1976177596422879		TXNDC9
83699	-0.3836181	0.0342	SH3BGRL2	0.5991313964874412		SH3BGRL2
5101	-0.3435566	0.0342	PCDH9	-0.0050339981936153		PCDH9
8636	0.2195584	0.0343	SSNA1	0.015889806353182		SSNA1
85358	-0.2645671	0.0343	SHANK3	0.4428287294430992		SHANK3
4139	0.165957	0.0344	MARK1	-0.6298563313252385		MARK1
220108	0.5079213	0.0344	FAM124A	-0.3646336979378135		FAM124A
2023	0.2444316	0.0344	ENO1	-0.187614507803925		ENO1
347517	0.3550676	0.0345	RAB41	-0.1709833679228385		RAB41
22806	-0.7578831	0.0345	IKZF3	0.6459560334478689		IKZF3
22863	-0.168778	0.0345	ATG14	0.2521646585670121		ATG14
64786	0.1223689	0.0346	TBC1D15	-0.2747470530743889		TBC1D15
85001	-0.2812629	0.0346	MGC16275	0.256815171481052		MGC16275
2769	0.427318	0.0346	GNA15	-0.1744171020893007		GNA15
5905	0.1906266	0.0346	RANGAP1	-0.4496552679814032		RANGAP1
80243	-0.3453041	0.0347	PREX2	0.6297880152573933		PREX2
51021	0.1600207	0.0348	MRPS16	-0.14345144892805		MRPS16
7177	-0.5123413	0.0348	TPSAB1	0.999924682401767		TPSAB1
51075	0.1524853	0.0348	TMX2	-0.0464220731503814		TMX2
23423	0.3317466	0.0348	TMED3	-0.133574119905381		TMED3
23035	-0.2546347	0.0349	PHLPP2	-0.0401273967876043		PHLPP2
5523	0.301791	0.0349	PPP2R3A	-0.2515109717369306		PPP2R3A
3078	-0.5268935	0.035	CFHR1	1.1766336114082137		CFHR1
348793	0.1888898	0.035	WDR53	-0.1650912369593493		WDR53
5710	0.1582887	0.035	PSMD4	-0.0290576138590052		PSMD4
23417	-0.3297699	0.0351	MLYCD	0.4978670042065047		MLYCD
10428	0.1951192	0.0351	CFDP1	-0.3239134725204931		CFDP1
643246	-0.1751613	0.0352	MAP1LC3B2	1.7420503459264136		MAP1LC3B2
1801	-0.1483413	0.0352	DPH1	0.0589864729975895		DPH1
8460	-0.241572	0.0352	TPST1	0.1655261908952066		TPST1
741	-0.3083184	0.0352	ZNHIT2	0.2290239768725746		ZNHIT2
6908	-0.1300507	0.0353	TBP	0.3674144604338067		TBP
8027	-0.2030755	0.0353	STAM	0.0544820065718427		STAM
3595	-0.3737045	0.0353	IL12RB2	0.2726753678234119		IL12RB2
1201	0.2062338	0.0353	CLN3	-0.3086625848936073		CLN3
65095	0.1689031	0.0354	KRI1	-0.4059754863250973		KRI1
115019	0.475938	0.0354	SLC26A9	-0.4428677013557216		SLC26A9
694	-0.3157046	0.0354	BTG1	0.3764341103949604		BTG1
51706	-0.2804873	0.0354	CYB5R1	0.2860502979281181		CYB5R1
4613	-0.9117781	0.0354	MYCN	1.3103978585125635		MYCN
10954	0.2782726	0.0354	PDIA5	0.1354069414541885		PDIA5
114789	-0.274072	0.0354	SLC25A25	0.412639615750926		SLC25A25
239	-0.2417797	0.0354	ALOX12	-1.3317189087587673		ALOX12
93611	-0.1878067	0.0355	FBXO44	0.3681397218784128		FBXO44
130872	-0.1457868	0.0355	AHSA2P	0.4502391086796562		AHSA2P
51421	-0.3540283	0.0355	AMOTL2	0.3862120728241462		AMOTL2
22902	0.1567541	0.0355	RUFY3	0.1334204085686714		RUFY3
80028	-0.2330947	0.0355	FBXL18	0.1059194351917782		FBXL18
80036	-0.5981176	0.0355	TRPM3	0.8011755171493649		TRPM3
7005	-0.2438251	0.0356	TEAD3	0.2494324628153599		TEAD3
10569	0.1423252	0.0356	SLU7	-0.1790438356767412		SLU7
892	-0.1434066	0.0357	CCNC	0.1843434037181177		CCNC
1164	0.5027249	0.0357	CKS2	-0.4973467197544274		CKS2
63876	0.3498652	0.0358	PKNOX2	-0.1843744758085129		PKNOX2
55861	0.2877044	0.0358	DBNDD2	-0.1131846640913352		DBNDD2
105378083	0.3339103	0.0358	TAGAP-AS1	0.0340062684148694		TAGAP-AS1
23541	0.3696221	0.0358	SEC14L2	-0.3754922115067503		SEC14L2
105369438	-0.3954307	0.0358	PIWIL4-AS1	0.4983170142874384		PIWIL4-AS1
107986281	0.5962214	0.0359	LOC107986281	-0.3332338179153638		LOC107986281
91683	-1.1040828	0.0359	SYT12	0.6677142354396013		SYT12
58517	0.1441701	0.0359	RBM25	-0.0459572484418133		RBM25
101409257	0.3067644	0.0359	EZR-AS1	0.2769548780696049		EZR-AS1
6342	0.1584915	0.036	SCP2	0.0235128602001655		SCP2
26789	-0.4812536	0.036	SNORD59A	0.4257326925800759		SNORD59A
4776	0.2436792	0.036	NFATC4	0.0081693070627579		NFATC4
116535	0.44221	0.036	MRGPRF	-0.436325020547945		MRGPRF
23090	-0.4150422	0.0361	ZNF423	0.5838715710565097		ZNF423
79132	-0.3931231	0.0361	DHX58	0.4161511004154414		DHX58
406	0.5655617	0.0361	BMAL1	-0.5847823922132829		BMAL1
220930	-0.2036745	0.0362	ZEB1-AS1	0.2919415359875814		ZEB1-AS1
100129195	-0.2580055	0.0363	ZSCAN16-AS1	0.3334263980507486		ZSCAN16-AS1
26791	-0.6116196	0.0364	SNORD58A	2.865810023884919		SNORD58A
125893	0.1988109	0.0364	ZNF816	-0.0233668567123086		ZNF816
55379	0.2028801	0.0364	LRRC59	-0.1777420580154824		LRRC59
10452	0.158873	0.0364	TOMM40	0.1256907859484854		TOMM40
145781	0.2528132	0.0364	GCOM1	-1.7063450662589077		GCOM1
220004	-0.2641435	0.0364	PPP1R32	0.5526115302860151		PPP1R32
7873	0.3712612	0.0365	MANF	-0.2316991222512729		MANF
56895	-0.2577935	0.0365	AGPAT4	0.441843514325094		AGPAT4
56257	-0.204296	0.0366	MEPCE	0.4140756322331711		MEPCE
10818	-0.2192261	0.0366	FRS2	0.25458265381326		FRS2
5412	-0.2429486	0.0366	UBL3	0.2968314349103358		UBL3
26523	-0.1213409	0.0366	AGO1	0.1905973205937752		AGO1
9414	0.2802238	0.0366	TJP2	-0.0494317469181888		TJP2
101060200	0.2698652	0.0366	ZNF891	-0.1741686498958299		ZNF891
5347	0.3869776	0.0367	PLK1	0.0061142681162159		PLK1
5621	0.2004974	0.0367	PRNP	-0.0799803435733368		PRNP
26130	0.1197809	0.0367	GAPVD1	-0.008676317679777		GAPVD1
25894	-0.4074424	0.0367	PLEKHG4	0.6345125724152167		PLEKHG4
101929407	-0.6527217	0.0368	PTPRD-AS1	0.8726853563475112		PTPRD-AS1
79713	0.3267884	0.0368	IGFLR1	-0.3022429582861119		IGFLR1
25874	0.193916	0.0369	MPC2	-0.1702191298271724		MPC2
10590	1.1927039	0.0369	SCGN	-0.929080504376934		SCGN
55829	0.2111474	0.0369	SELENOS	-0.2805240965496853		SELENOS
11259	-0.3617942	0.0369	FILIP1L	0.5962374584681047		FILIP1L
4780	-0.1582576	0.0369	NFE2L2	0.1272601784827483		NFE2L2
84062	0.2409326	0.0369	DTNBP1	0.0031542178551848		DTNBP1
375748	0.1376249	0.037	ERCC6L2	-0.0944524950853988		ERCC6L2
5783	-0.3616725	0.037	PTPN13	0.5641030140155225		PTPN13
100506033	0.2928453	0.037	PTOV1-AS1	0.1447985808123449		PTOV1-AS1
6396	0.1271376	0.037	SEC13	-0.0801051905644865		SEC13
55636	0.1714531	0.037	CHD7	-0.2328950019759772		CHD7
2564	-0.4918011	0.037	GABRE	0.1285776177076805		GABRE
7920	-0.1236461	0.037	ABHD16A	0.1681770151637831		ABHD16A
51277	0.1672885	0.0371	DNAJC27	-0.3119654990620617		DNAJC27
283518	0.2552882	0.0371	KCNRG	-0.1534804909346816		KCNRG
10436	0.1845275	0.0372	EMG1	0.2904840342043373		EMG1
5144	0.4825224	0.0372	PDE4D	-0.4593924254193173		PDE4D
727909	0.3412444	0.0372	GOLGA8Q	0.4912090548597616		GOLGA8Q
51108	0.1214565	0.0372	METTL9	0.144712060678259		METTL9
146198	-0.1580672	0.0372	ZFP90	0.4918495331922514		ZFP90
6926	0.3542703	0.0373	TBX3	-0.6198532140654627		TBX3
55294	0.2885854	0.0373	FBXW7	-0.5190152470658136		FBXW7
60312	-0.3621802	0.0374	AFAP1	0.3748296484859308		AFAP1
342918	-0.9564734	0.0374	C19orf81	1.137878962138536		C19orf81
85478	-0.6240836	0.0374	CCDC65	1.1589974486588597		CCDC65
2846	-0.7474535	0.0375	LPAR4	1.0946459375885296		LPAR4
57142	-0.5161192	0.0375	RTN4	0.8066595155165093		RTN4
6167	0.1931502	0.0376	RPL37	-0.28165009314867		RPL37
108903150	0.1363974	0.0376	ZNF8-ERVK3-1	0.4333451873247498		ZNF8-ERVK3-1
6189	-0.2379732	0.0377	RPS3A	0.2123603767512207		RPS3A
58191	-0.3673688	0.0377	CXCL16	0.4459223294130834		CXCL16
340526	-0.2800087	0.0378	RTL5	0.3396923239447844		RTL5
341346	0.4695675	0.0378	SMCO2	-0.834350980520103		SMCO2
962	-0.5622297	0.0378	CD48	0.6890783750878188		CD48
283820	0.2837557	0.0378	NOMO2	-0.1838162251584973		NOMO2
1511	-0.8719379	0.0378	CTSG	0.9401319265812554		CTSG
10981	-0.2995483	0.0379	RAB32	0.5468484659861803		RAB32
152189	-0.2612294	0.038	CMTM8	0.4465096033499884		CMTM8
80739	-0.4326176	0.038	MPIG6B	0.707428144813602		MPIG6B
11236	-0.1166034	0.038	RNF139	0.4565197549029505		RNF139
3606	0.5402809	0.038	IL18	-0.4423959296029229		IL18
345778	0.2225347	0.038	MTX3	-0.6013098010422944		MTX3
3105	-0.3367106	0.038	HLA-A	0.6318643935023465		HLA-A
51499	0.1657193	0.038	TRIAP1	-0.1397062415131618		TRIAP1
55593	-0.1335289	0.038	OTUD5	-0.0481522663215479		OTUD5
57231	0.1113441	0.038	SNX14	-0.2164898058389637		SNX14
83658	0.1857479	0.038	DYNLRB1	0.0488312226483929		DYNLRB1
9806	-0.4656617	0.038	SPOCK2	0.1972297683812249		SPOCK2
9049	0.1748408	0.038	AIP	-0.0384459429366605		AIP
100507283	0.3281572	0.0381	MSANTD2-AS1	0.0428133458179175		MSANTD2-AS1
4637	0.2388889	0.0381	MYL6	-0.0743700186612965		MYL6
5420	0.2638343	0.0382	PODXL	-0.2705971131076934		PODXL
375611	-0.2488745	0.0382	SLC26A5	0.2446092324466553		SLC26A5
729	-0.7107308	0.0382	C6	0.6148880860374639		C6
57035	-0.2460385	0.0382	RSRP1	0.1854679424894447		RSRP1
8522	-0.3924019	0.0382	GAS7	0.0984260944768076		GAS7
51301	-0.4417329	0.0383	GCNT4	0.416196236883865		GCNT4
9147	0.1202474	0.0383	NEMF	-0.2289380824240483		NEMF
11116	0.1616174	0.0384	CEP43	-0.2063568229838499		CEP43
653061	-0.2496426	0.0384	GOLGA8S	0.2908694805464629		GOLGA8S
3995	0.2696992	0.0384	FADS3	-0.4260996158611254		FADS3
10276	-0.2075178	0.0385	NET1	0.3962261775120081		NET1
79953	-0.3235398	0.0385	SYNDIG1	0.5774794501997071		SYNDIG1
51575	0.2210872	0.0385	ESF1	-0.1842242877464763		ESF1
143903	-0.2832542	0.0385	LAYN	0.6006563188910237		LAYN
157695	-0.3086271	0.0385	TDRP	-0.2097491929865942		TDRP
65220	-0.2216734	0.0386	NADK	0.0588391522649756		NADK
404201	-0.4064558	0.0386	WDFY3-AS2	0.5668032365194937		WDFY3-AS2
100303491	0.3762914	0.0387	ZEB2-AS1	0.8393745947195146		ZEB2-AS1
3984	0.2287757	0.0387	LIMK1	-0.0653396127999337		LIMK1
53842	-0.6916094	0.0388	CLDN22	-0.229638163250005		CLDN22
9580	-0.1989973	0.0388	SOX13	0.4555870360522371		SOX13
374378	-0.2727866	0.0388	GALNT18	0.430124671605276		GALNT18
5460	-0.4748975	0.0389	POU5F1	0.6101937314116233		POU5F1
654	-0.4647549	0.0389	BMP6	1.072195895511777		BMP6
140809	0.3364158	0.0389	SRXN1	-0.3005048001142336		SRXN1
101928399	-0.5778275	0.0389	LINC01679	0.6315218050472433		LINC01679
92140	0.1588968	0.0389	MTDH	-0.4101975658346752		MTDH
10840	0.4233769	0.0389	ALDH1L1	-0.3796614133685292		ALDH1L1
253935	-0.7081423	0.0389	ANGPTL5	0.6143080583965432		ANGPTL5
285407	-0.4646664	0.0389	ALG1L9P	1.6127579322079917		ALG1L9P
55138	-0.6004976	0.0389	FAM90A1	-0.878632839018318		FAM90A1
23165	0.1408524	0.0389	NUP205	0.3727317096593481		NUP205
51422	0.205755	0.039	PRKAG2	-0.4366733642779881		PRKAG2
5911	-0.2638814	0.039	RAP2A	0.4221545720537034		RAP2A
517	-0.1994144	0.039	ATP5MC2	0.2164436496551172		ATP5MC2
91523	-0.3644967	0.039	PCED1B	0.656374067051527		PCED1B
10125	-0.61909	0.0391	RASGRP1	1.1193271499436617		RASGRP1
11173	0.4852949	0.0391	ADAMTS7	-0.3499074883364952		ADAMTS7
10006	-0.1820415	0.0391	ABI1	0.0567613609937378		ABI1
79172	0.1998994	0.0391	CENPO	-0.0327715977780929		CENPO
441478	-0.4350062	0.0391	NRARP	0.4752061693114333		NRARP
103752584	-0.2099187	0.0391	CCND2-AS1	1.0954136138430004		CCND2-AS1
388566	-0.1838742	0.0391	ZNF470	0.5325082423821681		ZNF470
5613	-0.3286735	0.0391	PRKX	-0.0035844654378358		PRKX
1475	0.6147139	0.0392	CSTA	-0.3524940066069106		CSTA
54704	0.3307009	0.0392	PDP1	-0.4481590188445636		PDP1
55206	0.1452786	0.0392	SBNO1	-0.3173828009512207		SBNO1
5198	-0.1515959	0.0392	PFAS	0.1757009205635942		PFAS
3936	0.4833865	0.0392	LCP1	-0.3461652268370057		LCP1
84034	0.5105659	0.0392	EMILIN2	-0.2049886513797134		EMILIN2
7965	0.1723119	0.0393	AIMP2	0.1768871382320433		AIMP2
83479	0.1597069	0.0393	DDX59	-0.0493782944542484		DDX59
80114	-0.3938722	0.0393	BICC1	0.663682884017627		BICC1
23108	0.2450687	0.0393	RAP1GAP2	-0.1825554254311754		RAP1GAP2
23230	0.2853708	0.0393	VPS13A	-0.1306744193538103		VPS13A
23145	-0.4990481	0.0393	SSPOP	0.6427508695852137		SSPOP
7556	-0.1913639	0.0394	ZNF10	0.3309803064317411		ZNF10
2896	-0.2366118	0.0394	GRN	0.1893080168966552		GRN
6279	0.9011468	0.0394	S100A8	-0.7882467228673979		S100A8
9564	-0.1782455	0.0394	BCAR1	0.0921804951389315		BCAR1
56267	0.2250565	0.0394	KYAT3	-0.1387573659317196		KYAT3
23011	-0.2484484	0.0394	RAB21	0.1002766445919256		RAB21
1629	0.2284859	0.0395	DBT	-0.2807144975578728		DBT
5536	0.1417476	0.0395	PPP5C	-0.1834492701242913		PPP5C
5753	-0.6038219	0.0396	PTK6	-0.491798705039749		PTK6
4724	0.2273655	0.0397	NDUFS4	-0.032598510819529		NDUFS4
55327	-0.295387	0.0397	LIN7C	0.3219111830118102		LIN7C
54877	0.221297	0.0397	ZCCHC2	-0.1599795124526677		ZCCHC2
389541	-0.1683228	0.0397	LAMTOR4	0.4512969465268153		LAMTOR4
1775	-0.6214319	0.0397	DNASE1L2	1.063813067992456		DNASE1L2
57509	0.2309943	0.0397	MTUS1	-0.2873904429666059		MTUS1
285550	0.1235089	0.0399	FAM200B	-0.0500002208056811		FAM200B
28989	0.1836747	0.0399	NTMT1	0.0085234023111588		NTMT1
3364	0.1795221	0.0399	HUS1	-0.3871167148157148		HUS1
9218	-0.1284184	0.04	VAPA	0.0624534653646851		VAPA
9218	-0.1284184	0.04	VAPA	0.9768604449050334		VAPA
6224	0.2326832	0.04	RPS20	-0.2781736454461292		RPS20
3311	-0.7079512	0.04	HSPA7	0.9563806987044252		HSPA7
163702	0.4030912	0.0401	IFNLR1	-0.4260421493525876		IFNLR1
8518	-0.1394711	0.0401	ELP1	0.0870456584867849		ELP1
57091	-0.4858448	0.0402	CASS4	0.7743432563295496		CASS4
84336	-0.1938975	0.0402	TMEM101	0.2329797872858994		TMEM101
78995	0.5441508	0.0402	HROB	-0.4367966796814905		HROB
90423	0.3432209	0.0402	ATP6V1E2	-0.3747733844241323		ATP6V1E2
4204	-0.1416814	0.0403	MECP2	-0.2410736016740609		MECP2
24	-0.5989455	0.0404	ABCA4	0.2315855936158268		ABCA4
151242	0.3077944	0.0404	PPP1R1C	-0.2931250762225419		PPP1R1C
3257	-0.2573386	0.0404	HPS1	0.0629436560006571		HPS1
84159	-0.4794591	0.0404	ARID5B	0.6909351089444846		ARID5B
647309	0.6184095	0.0404	GMNC	-1.6808983010585403		GMNC
246330	0.2636267	0.0404	PELI3	-0.0368059275526246		PELI3
2170	0.247727	0.0404	FABP3	-0.2278230935519296		FABP3
9079	0.3798566	0.0405	LDB2	-0.5900755731382841		LDB2
63931	0.1276757	0.0405	MRPS14	0.0652512881376559		MRPS14
79572	-0.5128911	0.0405	ATP13A3	0.5643869175011949		ATP13A3
23509	0.1216848	0.0406	POFUT1	-0.0437260824317924		POFUT1
157574	-0.4947134	0.0407	FBXO16	1.0249062564409908		FBXO16
399665	-0.3576921	0.0407	EEIG1	0.2351476049799847		EEIG1
115123	-0.3377156	0.0407	MARCHF3	0.4318646712485652		MARCHF3
122525	0.2468413	0.0407	C14orf28	-0.2603853682834862		C14orf28
619189	-0.1457329	0.0408	SERINC4	0.1056310030502121		SERINC4
55617	-0.183847	0.0409	TASP1	-0.0218315814613396		TASP1
23543	0.1394102	0.0409	RBFOX2	-0.1211559919214737		RBFOX2
55850	0.2265801	0.0409	USE1	-0.0169892715578576		USE1
4710	0.2743838	0.041	NDUFB4	-0.1373247915502062		NDUFB4
101929693	-0.336721	0.0411	RARA-AS1	0.179923574259243		RARA-AS1
26575	-0.5282081	0.0411	RGS17	0.7549753891465274		RGS17
79887	-0.2152507	0.0411	PLBD1	0.0676771719195237		PLBD1
147081	0.1932839	0.0412	LINC02210	0.2511543327631989		LINC02210
80301	-0.238097	0.0412	PLEKHO2	0.5505541413390449		PLEKHO2
27013	-0.1533562	0.0413	CNPPD1	0.1820794679742912		CNPPD1
25970	-0.1336272	0.0413	SH2B1	0.3191084246662941		SH2B1
9282	-0.1573639	0.0413	MED14	0.1310501573528375		MED14
10743	0.2779262	0.0413	RAI1	-0.1602204613612179		RAI1
55611	-0.1192553	0.0413	OTUB1	0.1957555037501412		OTUB1
415116	0.3153365	0.0413	PIM3	-0.1384294102803682		PIM3
55230	0.1103442	0.0414	USP40	-0.0242465595699439		USP40
57192	0.2185189	0.0414	MCOLN1	0.1169344948175559		MCOLN1
83875	0.3836695	0.0415	BCO2	-0.2666328763354695		BCO2
101927293	-0.7300837	0.0415	LOC101927293	1.6208206073045006		LOC101927293
100216001	0.8328003	0.0415	MANCR	-1.3936615802681491		MANCR
9552	0.2154156	0.0415	SPAG7	-0.3660771455043026		SPAG7
7409	0.4445329	0.0415	VAV1	-0.0457968589972003		VAV1
55039	0.1660669	0.0416	TRMT12	-0.0119379780133952		TRMT12
8624	0.1976914	0.0416	PSMG1	-0.158585155973153		PSMG1
11341	-0.6367921	0.0416	SCRG1	0.830825581328668		SCRG1
7691	-0.2012066	0.0416	ZNF132	0.0857600582936171		ZNF132
83862	0.2354339	0.0417	TMEM120A	-0.0438317408577795		TMEM120A
2040	-0.2258596	0.0417	STOM	-0.0022762008434318		STOM
1659	-0.093267	0.0417	DHX8	0.5140846576025777		DHX8
9275	0.134925	0.0417	BCL7B	-0.2763742939571632		BCL7B
10542	0.1745329	0.0417	LAMTOR5	-0.1161063919761549		LAMTOR5
2719	-0.5606964	0.0417	GPC3	0.5767799567301184		GPC3
57710	-0.1821227	0.0417	KIAA1614	0.6606409109126858		KIAA1614
79738	-0.1938903	0.0417	BBS10	0.2453444581591628		BBS10
23396	-0.1990197	0.0417	PIP5K1C	0.2175805137092172		PIP5K1C
6755	1.2231824	0.0417	SSTR5	-1.0645362934720743		SSTR5
3579	-0.8836101	0.0418	CXCR2	1.0899299477199955		CXCR2
64766	-0.1175943	0.0418	S100PBP	-0.2673738221459407		S100PBP
57533	0.1461791	0.0418	TBC1D14	0.089889451882005		TBC1D14
8028	0.2022853	0.0418	MLLT10	0.0145664127456606		MLLT10
9604	0.1650768	0.0419	RNF14	-0.2248370439983746		RNF14
134353	-0.2414095	0.0419	LSM11	0.4031301718083484		LSM11
84449	-0.1625815	0.0419	ZNF333	0.3398443731069211		ZNF333
5588	-0.7220301	0.0419	PRKCQ	0.777306532410238		PRKCQ
83442	0.3183034	0.042	SH3BGRL3	-0.1986229244427138		SH3BGRL3
100129995	-0.2592253	0.0421	LINC01460	0.3288779707082851		LINC01460
10974	0.3479215	0.0421	ADIRF	-0.2017143338434639		ADIRF
51252	-0.6462375	0.0421	FAM178B	0.8089173498188834		FAM178B
819	-0.1537079	0.0421	CAMLG	0.5999058980980254		CAMLG
202299	0.5041093	0.0421	LINC01554	-0.2726500326549694		LINC01554
23406	0.3780127	0.0421	COTL1	-0.2308008045165062		COTL1
5933	0.2182642	0.0422	RBL1	-0.5507456230579689		RBL1
80014	0.1895424	0.0423	WWC2	-0.035233717251482		WWC2
5481	0.2121236	0.0424	PPID	-0.3751950947405573		PPID
6143	0.1828238	0.0424	RPL19	0.0952983631447956		RPL19
2239	0.2755878	0.0424	GPC4	-0.3370138865948422		GPC4
65986	-0.2490013	0.0425	ZBTB10	0.0560253256131073		ZBTB10
81605	-0.1392094	0.0425	URM1	0.3171337703738626		URM1
57507	0.4476359	0.0425	ZNF608	-0.2573503821849678		ZNF608
175	0.2563453	0.0425	AGA	-0.6111890851489044		AGA
23	0.1186551	0.0426	ABCF1	0.0299828627037292		ABCF1
5335	-0.1429907	0.0426	PLCG1	0.4549576344338684		PLCG1
90441	0.3182192	0.0426	ZNF622	-0.3095501328345227		ZNF622
283298	-0.4200611	0.0426	OLFML1	0.6448136180147848		OLFML1
486	0.4622939	0.0426	FXYD2	-0.2123240746085199		FXYD2
58478	-0.1523185	0.0427	ENOPH1	0.4355643285261124		ENOPH1
55975	0.2874406	0.0427	KLHL7	-0.10568859839608		KLHL7
55352	0.1683521	0.0427	COPRS	-0.4367857034820268		COPRS
1717	0.2394312	0.0428	DHCR7	-0.3520277736380253		DHCR7
23597	-0.2142476	0.0428	ACOT9	0.129279604207281		ACOT9
29994	0.2078108	0.0429	BAZ2B	-0.4223724742376218		BAZ2B
8458	-0.2468678	0.0429	TTF2	0.3662123229027829		TTF2
102724927	0.4713472	0.0429	LINC02861	-0.3656305796544061		LINC02861
30813	-0.7343648	0.043	VSX1	0.7651413934158651		VSX1
79968	0.312157	0.0431	WDR76	-0.1580256734125498		WDR76
7532	-0.2078603	0.0431	YWHAG	0.206425950812255		YWHAG
2774	0.2417777	0.0431	GNAL	-1.297713587519986		GNAL
55184	-0.2452014	0.0431	DZANK1	0.7629812696500027		DZANK1
10946	0.1096797	0.0432	SF3A3	-0.0015867987715321		SF3A3
4353	-0.815558	0.0432	MPO	1.0167588579792015		MPO
100287722	-0.1525171	0.0434	AP4B1-AS1	1.999708507164275		AP4B1-AS1
140738	0.495138	0.0434	TMEM37	-0.1419261012790735		TMEM37
114625	-0.1796405	0.0434	ERMAP	0.389057114902646		ERMAP
100505812	0.2789435	0.0434	CARD8-AS1	-0.0337202075729585		CARD8-AS1
2050	-0.3213731	0.0435	EPHB4	0.1689786969776534		EPHB4
8220	-0.1439094	0.0435	ESS2	0.1651235581222421		ESS2
200035	-0.1763228	0.0435	NUDT17	0.2532197702229046		NUDT17
8451	0.1557918	0.0435	CUL4A	-0.1546221424740705		CUL4A
79627	-0.3988464	0.0436	OGFRL1	0.7134840571371948		OGFRL1
5629	0.3982983	0.0436	PROX1	-0.1825368101956179		PROX1
5279	0.138676	0.0436	PIGC	-0.1052501075534388		PIGC
11171	0.139342	0.0436	STRAP	0.0793312331236633		STRAP
26020	0.183327	0.0436	LRP10	0.1681160645011088		LRP10
7162	-0.3731865	0.0437	TPBG	0.6368523945656063		TPBG
358	-0.4180731	0.0437	AQP1	0.6300994061056198		AQP1
8292	-0.8633257	0.0439	COLQ	1.1298544584781456		COLQ
163882	0.2531904	0.0439	CNST	-0.0745392857036755		CNST
57451	0.2899375	0.0439	TENM2	0.0046328113881015		TENM2
7170	-0.5841369	0.044	TPM3	0.5391094758164918		TPM3
286262	0.2656972	0.044	TPRN	-1.0193579371258634		TPRN
28639	-0.6097435	0.044	TRBC1	-0.3954681511007987		TRBC1
8904	-0.1285879	0.0441	CPNE1	0.1933069586019318		CPNE1
5602	-0.3941827	0.0441	MAPK10	0.4792433410133476		MAPK10
3932	-0.678017	0.0442	LCK	0.8530094354531819		LCK
26136	0.2352265	0.0442	TES	-0.1799342733055677		TES
79058	0.1632245	0.0443	ASPSCR1	0.1022468682363451		ASPSCR1
7473	0.4432163	0.0444	WNT3	-0.2596806006995469		WNT3
57161	-0.3705765	0.0444	PELI2	0.4492504650286513		PELI2
283387	-0.636742	0.0444	LOC283387	-0.1191512067185867		LOC283387
23176	-0.1719793	0.0445	SEPTIN8	0.2080047165340293		SEPTIN8
196385	0.388342	0.0445	DNAH10	-0.3992015931939949		DNAH10
80279	-0.1480207	0.0445	CDK5RAP3	0.4707061728164419		CDK5RAP3
100272147	0.1968711	0.0445	CMC4	-0.3523029921052005		CMC4
255919	-0.1592753	0.0445	CNEP1R1	0.3355076738970211		CNEP1R1
54749	-0.2576197	0.0445	EPDR1	0.3559244312076783		EPDR1
83694	-0.2374895	0.0445	RPS6KL1	0.3026752307895402		RPS6KL1
399979	0.1356414	0.0446	SNX19	-0.1967039384981568		SNX19
81570	0.1378754	0.0446	CLPB	-0.2228251905796363		CLPB
7770	0.1655843	0.0446	ZNF227	0.0589747798538446		ZNF227
252983	0.2159663	0.0449	STXBP4	0.1550125056597951		STXBP4
29855	0.2599694	0.0449	UBN1	-0.0206125725554784		UBN1
54977	0.2205072	0.0449	SLC25A38	0.0428507211639854		SLC25A38
81873	0.1665811	0.0449	ARPC5L	0.0354686959681478		ARPC5L
6182	0.2423715	0.0449	MRPL12	-0.0358648594851116		MRPL12
3976	0.8783982	0.0449	LIF	-0.6333326525181542		LIF
27044	0.1182859	0.045	SND1	0.0084586920041234		SND1
389333	0.320767	0.045	PROB1	-0.231323448173895		PROB1
467	-0.9343758	0.0451	ATF3	0.9949691960681396		ATF3
5608	0.4620528	0.0451	MAP2K6	-0.4005996183645127		MAP2K6
29081	0.1699068	0.0451	METTL5	-0.3758953645684357		METTL5
57057	0.5062294	0.0451	TBX20	-0.8719953965709157		TBX20
4863	0.1955829	0.0451	NPAT	-0.3685489211508455		NPAT
55180	-0.16378	0.0451	LINS1	0.0516511160981045		LINS1
283871	0.2016834	0.0452	PGP	-0.1956611378236328		PGP
55745	0.171435	0.0452	AP5M1	0.0847286025497391		AP5M1
55778	-0.1362966	0.0452	ZNF839	0.4106864433468802		ZNF839
55869	0.1389006	0.0452	HDAC8	-0.0808142302867507		HDAC8
55153	0.1179718	0.0452	SDAD1	-0.3464566466626815		SDAD1
3320	0.2592851	0.0452	HSP90AA1	-0.4548240352201649		HSP90AA1
23414	0.2334875	0.0453	ZFPM2	-0.2099984080542696		ZFPM2
10980	0.1774348	0.0453	COPS6	0.0829700214195101		COPS6
208	0.0771418	0.0453	AKT2	-0.2023452086707484		AKT2
60496	-0.167104	0.0454	AASDHPPT	0.0223374544769487		AASDHPPT
57126	1.2661066	0.0454	CD177	-0.9131439238007836		CD177
9854	0.173072	0.0454	C2CD2L	-0.1356394978481883		C2CD2L
142680	-0.6059604	0.0454	SLC34A3	-1.1504044107055993		SLC34A3
10859	0.4588645	0.0454	LILRB1	0.1972920850065843		LILRB1
10398	0.1954037	0.0455	MYL9	0.0689418392872358		MYL9
219927	0.261628	0.0456	MRPL21	-0.2005441276106694		MRPL21
11078	0.1443285	0.0457	TRIOBP	0.0257159082866831		TRIOBP
727851	0.1498923	0.0458	RGPD8	0.1095162045202031		RGPD8
6660	0.378916	0.0458	SOX5	-0.8038777285292976		SOX5
340542	0.6354307	0.0458	BEX5	-0.5224259165150393		BEX5
284613	-0.2115089	0.0458	CYB561D1	0.2881147397351897		CYB561D1
100506164	-0.3121778	0.0458	HSFX1	-0.5909988651105262		HSFX1
400794	-1.1519768	0.0458	LRRC52-AS1	1.4512591060737334		LRRC52-AS1
9002	-1.3410712	0.0459	F2RL3	1.599606681482719		F2RL3
22914	-0.6712394	0.0459	KLRK1	1.0588203071807478		KLRK1
100996492	0.729081	0.0459	CTXND1	-0.682851560630229		CTXND1
100130197	0.3135673	0.0459	EFCAB14-AS1	-3.011625978484007		EFCAB14-AS1
121260	-0.2595366	0.0459	SLC15A4	0.2859030509434581		SLC15A4
10588	0.2387205	0.0459	MTHFS	-0.1424697417790295		MTHFS
8639	-0.4117811	0.0459	AOC3	0.7475583787839297		AOC3
125111	-0.4044962	0.046	GJD3	0.9165746572630384		GJD3
7592	0.1586268	0.046	ZNF41	-0.2826114834716349		ZNF41
3357	-0.9038185	0.046	HTR2B	1.0198543451320523		HTR2B
542767	0.3636035	0.0461	PCOTH	-0.1962835153389494		PCOTH
107105282	1.2493404	0.0462	SCTR-AS1	-0.908592107969082		SCTR-AS1
2275	0.2920703	0.0463	FHL3	-0.2434734458063525		FHL3
29978	-0.1517452	0.0463	UBQLN2	0.3502762968020168		UBQLN2
2775	0.5821106	0.0463	GNAO1	-0.4668064542895265		GNAO1
6785	-0.5431747	0.0464	ELOVL4	0.6776762664519114		ELOVL4
4221	0.1469292	0.0464	MEN1	-0.069974431700563		MEN1
4084	-0.3021347	0.0465	MXD1	0.784689310155342		MXD1
7707	0.2488481	0.0466	ZNF148	-0.2781343952819313		ZNF148
10815	0.4490624	0.0466	CPLX1	-0.5613138066220751		CPLX1
51103	0.4124438	0.0467	NDUFAF1	-0.5498415084945956		NDUFAF1
7076	0.4467089	0.0467	TIMP1	-0.4907035356731377		TIMP1
100128494	0.1924183	0.0467	LOC100128494	0.1272968262888927		LOC100128494
729096	0.2141702	0.0468	BMS1P4	0.3576169882562211		BMS1P4
4601	0.219954	0.0468	MXI1	-0.2716851417282129		MXI1
26286	0.1572669	0.0468	ARFGAP3	-0.3074487772319179		ARFGAP3
90523	0.2844198	0.0468	MLIP	-0.3858712779328392		MLIP
105371260	0.2928954	0.0468	LIX1L-AS1	-0.1729912247238424		LIX1L-AS1
64080	-0.2360928	0.0469	RBKS	0.4078410132263272		RBKS
4363	0.1947708	0.0469	ABCC1	0.0056248653709132		ABCC1
3493	-1.037438	0.0469	IGHA1	1.066155802149149		IGHA1
4242	-0.2923069	0.0469	MFNG	0.5423720948110464		MFNG
266727	0.4869847	0.0469	MDGA1	-1.2889498831350403		MDGA1
3275	-0.2109248	0.047	PRMT2	0.4903787051024313		PRMT2
3421	0.1424875	0.047	IDH3G	-0.1325915509322319		IDH3G
400120	1.065019	0.0471	SERTM1	-1.508261091023985		SERTM1
23588	0.1073727	0.0471	KLHDC2	-0.068378654205996		KLHDC2
126789	0.1912426	0.0471	PUSL1	-0.1109355891176511		PUSL1
195828	0.3161689	0.0471	ZNF367	-0.2689251169165403		ZNF367
692094	0.1717197	0.0471	MSMP	0.4820670683231736		MSMP
8899	0.1736532	0.0471	PRPF4B	-0.0920713251690372		PRPF4B
84674	0.244875	0.0471	CARD6	-0.0592519022145616		CARD6
105371414	0.3705567	0.0472	LOC105371414	-0.5042505215490145		LOC105371414
8793	-0.3523874	0.0472	TNFRSF10D	0.4060614356983367		TNFRSF10D
51286	0.5490067	0.0474	CEND1	-0.6984323476835865		CEND1
5155	-0.2288168	0.0474	PDGFB	0.1802211865652889		PDGFB
94235	-0.7113095	0.0474	GNG8	0.6760242509065193		GNG8
4048	0.1338714	0.0475	LTA4H	-0.1239819273763052		LTA4H
2710	-0.2097505	0.0475	GK	-0.0872781124195987		GK
6715	-0.2450909	0.0476	SRD5A1	0.7741472894890514		SRD5A1
25873	0.2749211	0.0476	RPL36	-0.0703334325965201		RPL36
100873924	-0.5206653	0.0476	HLX-AS1	0.1164014857520734		HLX-AS1
4261	0.2574113	0.0476	CIITA	-0.0537084757445729		CIITA
112935960	-0.650501	0.0476	SCAT2	4.326229680005319		SCAT2
9510	-0.5134189	0.0476	ADAMTS1	0.4157882510489727		ADAMTS1
8324	-0.3923479	0.0477	FZD7	0.6185539032176082		FZD7
10576	0.2878403	0.0478	CCT2	0.1261569939058224		CCT2
55313	0.1901949	0.0478	CPPED1	-0.1958504305035169		CPPED1
11127	0.2507555	0.0478	KIF3A	-0.9294254434161072		KIF3A
639	-0.442465	0.0479	PRDM1	0.6260866364540778		PRDM1
1977	0.1565215	0.048	EIF4E	-0.5101478195871652		EIF4E
100233209	0.4478141	0.048	PCED1B-AS1	-0.7624404455705007		PCED1B-AS1
54908	0.1821585	0.0481	SPDL1	-0.0029608308790547		SPDL1
81846	0.1366519	0.0481	SBF2	0.0762751505124716		SBF2
131544	0.2431549	0.0481	CRYBG3	0.4058302208588058		CRYBG3
90506	-0.3303701	0.0481	LRRC46	0.2860768501907527		LRRC46
64146	0.1422474	0.0481	PDF	0.4639495190280747		PDF
140700	0.3004017	0.0482	SAMD10	-0.3164564142886301		SAMD10
57572	-0.255762	0.0482	DOCK6	0.6692493465672245		DOCK6
7203	0.1633302	0.0482	CCT3	-0.1018625081974118		CCT3
135114	0.2382776	0.0482	HINT3	0.0150892022680233		HINT3
219699	-0.478285	0.0482	UNC5B	0.7643339637879571		UNC5B
539	0.2523719	0.0483	ATP5PO	-0.3069576056854419		ATP5PO
57169	-0.1099874	0.0483	ZNFX1	0.1323226087594156		ZNFX1
8161	0.1235945	0.0483	COIL	-0.0927966069038368		COIL
8666	0.207452	0.0483	EIF3G	-0.1637378350768443		EIF3G
27236	-0.1646286	0.0483	ARFIP1	-0.0492355962254649		ARFIP1
7027	0.158595	0.0483	TFDP1	-0.0188229595802376		TFDP1
55231	-0.5837873	0.0483	CCDC87	0.7769188029137859		CCDC87
55737	0.1207801	0.0484	VPS35	0.0829771904476146		VPS35
89848	-0.2902293	0.0484	FCHSD1	0.2646256973432579		FCHSD1
5888	0.5225528	0.0485	RAD51	0.0036120328184268		RAD51
80346	-0.2439557	0.0485	REEP4	0.2576252040593831		REEP4
143282	-0.3921179	0.0486	FGFBP3	0.5732376463013229		FGFBP3
55094	0.1634428	0.0486	GPATCH1	0.2837634498528687		GPATCH1
103091865	-0.487372	0.0486	BRWD1-AS2	-1.3476761321656188		BRWD1-AS2
521	0.2427372	0.0486	ATP5ME	-0.2213408745287282		ATP5ME
2633	0.5214869	0.0487	GBP1	-0.5930671739211251		GBP1
3902	-0.6887322	0.0487	LAG3	0.8976043242484959		LAG3
9605	0.1527336	0.0487	VPS9D1	-0.4873831880266435		VPS9D1
196264	0.3406779	0.0487	MPZL3	-0.2448918861035145		MPZL3
5048	0.1010223	0.0487	PAFAH1B1	-0.2098242092214413		PAFAH1B1
4758	0.2136681	0.0488	NEU1	-0.1650003873459544		NEU1
29997	-0.2194985	0.0488	NOP53	0.550081368534717		NOP53
196951	0.1817194	0.0488	FAM227B	0.0875369106895309		FAM227B
150290	-0.2832075	0.0488	DUSP18	0.222876474546338		DUSP18
10293	-0.361954	0.0488	TRAIP	0.1424646698996807		TRAIP
55766	0.2177913	0.0488	H2AJ	0.0387204822694551		H2AJ
56145	-0.7358258	0.0489	PCDHA3	1.2534843185595053		PCDHA3
9801	0.1741497	0.0489	MRPL19	0.1888833509534846		MRPL19
818	-0.1777894	0.0489	CAMK2G	-0.08210197898258		CAMK2G
7594	0.2499685	0.0489	ZNF43	-0.3374968219984828		ZNF43
10630	0.3635865	0.0489	PDPN	-0.3012106900162492		PDPN
8078	-0.1215646	0.0489	USP5	-0.0084134014339731		USP5
1176	0.1584895	0.049	AP3S1	-0.313245032835781		AP3S1
347902	-0.3523681	0.049	AMIGO2	0.3506608815989782		AMIGO2
79794	-0.1785735	0.049	SPRING1	0.5169299237568983		SPRING1
11010	0.2591349	0.0491	GLIPR1	0.0421618088342765		GLIPR1
84701	-0.2962715	0.0491	COX4I2	0.5069108603460606		COX4I2
26276	-0.1369247	0.0491	VPS33B	0.2193791403662883		VPS33B
11146	-0.2019869	0.0491	GLMN	0.3842025669266795		GLMN
100133220	0.2723448	0.0491	GOLGA6L3P	0.881378293648734		GOLGA6L3P
9487	-0.2207787	0.0491	PIGL	0.5976142652787662		PIGL
6203	-0.1942403	0.0492	RPS9	0.3478213696227223		RPS9
253558	-0.2353595	0.0492	LCLAT1	0.152973131602355		LCLAT1
3695	-0.5295963	0.0492	ITGB7	0.489747056272869		ITGB7
54978	-0.1747128	0.0493	SLC35F6	0.3988623562394839		SLC35F6
128	-0.1959109	0.0493	ADH5	0.1990253302550186		ADH5
54541	-0.6232022	0.0493	DDIT4	0.8644726696746439		DDIT4
353088	-0.1719028	0.0495	ZNF429	0.5489768578536265		ZNF429
22875	0.2553659	0.0495	ENPP4	-0.039105893232799		ENPP4
55793	0.188195	0.0495	MINDY1	-0.1734364221585771		MINDY1
51124	0.1586972	0.0495	IER3IP1	-0.0074180042071576		IER3IP1
7185	-0.281891	0.0496	TRAF1	0.4097201210198913		TRAF1
284612	0.2752571	0.0496	SYPL2	0.0096427902789253		SYPL2
1101	-0.5462704	0.0497	CHAD	0.9999653334794918		CHAD
56624	0.2204845	0.0498	ASAH2	-0.7552949525517232		ASAH2
80034	-0.4547212	0.0498	CSRNP3	0.5417009706741942		CSRNP3
100131755	-0.3005244	0.0498	ARMCX4	1.3783241523062952		ARMCX4
51619	0.1343256	0.0498	UBE2D4	-0.1425287031005595		UBE2D4
7164	-0.2825899	0.0498	TPD52L1	0.3894266881825698		TPD52L1
7453	0.2910769	0.05	WARS1	-0.240396711729006		WARS1
408050	0.2761955	0.05	NOMO3	0.5302592665508519		NOMO3
64743	-0.1625797	0.05	WDR13	0.4075178421606349		WDR13
83852	0.157382	0.05	SETDB2	-0.13125457017032		SETDB2
55268	-0.188756	0.0501	ECHDC2	0.2624883540174956		ECHDC2
102725072	0.3557654	0.0502	POM121L15P	0.648674130228855		POM121L15P
79591	-0.2304428	0.0502	ARMH3	0.4632774619230906		ARMH3
284352	-0.1710667	0.0502	PPP1R37	0.1881133785956295		PPP1R37
64216	0.1909071	0.0503	TFB2M	-0.2299533366621569		TFB2M
391356	0.2197053	0.0504	PTRHD1	-0.222022144151321		PTRHD1
51225	-0.255978	0.0504	ABI3	0.5895672262103342		ABI3
9134	0.2582816	0.0504	CCNE2	-0.1138314187300765		CCNE2
4628	-0.3484481	0.0506	MYH10	0.4178871377035147		MYH10
22918	-0.2729701	0.0506	CD93	0.3171321016214756		CD93
26088	-0.1197881	0.0506	GGA1	0.1548682907797696		GGA1
29950	-0.2924917	0.0506	SERTAD1	0.332069141844868		SERTAD1
64412	0.2109536	0.0506	GZF1	-0.0956225034748028		GZF1
89927	-0.2298775	0.0507	BMERB1	0.3605392689295996		BMERB1
1876	-0.1660164	0.0507	E2F6	-0.0295859127732978		E2F6
10082	-0.7468952	0.0507	GPC6	1.1033224011696865		GPC6
22919	-0.1529259	0.0507	MAPRE1	0.4051772297323399		MAPRE1
5476	0.1953256	0.0508	CTSA	0.0394997153947036		CTSA
11169	-0.2571535	0.0508	WDHD1	0.1680304969166912		WDHD1
6403	-0.5300476	0.0509	SELP	0.4950971372986577		SELP
353514	0.5888641	0.0509	LILRA5	-0.5696772058133797		LILRA5
8847	-0.2655094	0.0509	DLEU2	0.5280393683644127		DLEU2
146177	0.8203844	0.051	VWA3A	-0.4291507939911037		VWA3A
140710	0.1953169	0.051	SOGA1	-0.2071452864064431		SOGA1
195827	0.2686308	0.0511	PRXL2C	-0.388110761452336		PRXL2C
51166	-0.2362544	0.0511	AADAT	0.1773269446555154		AADAT
2152	-0.4699408	0.0512	F3	0.2370423994079766		F3
79625	0.4541864	0.0512	NDNF	-0.4131047685469862		NDNF
3281	0.1527298	0.0512	HSBP1	0.1571989925404713		HSBP1
5295	-0.4214304	0.0513	PIK3R1	-0.0237899997080797		PIK3R1
199920	0.4064344	0.0513	FYB2	-0.2432721195653897		FYB2
6043	-0.3622195	0.0513	SNORA63	2.5369453496544216		SNORA63
55289	-0.4094219	0.0513	ACOXL	0.9545692600864292		ACOXL
23480	-0.1871428	0.0514	SEC61G	0.2774461040525082		SEC61G
79441	0.1564698	0.0514	HAUS3	-0.2018222218776721		HAUS3
102723728	0.2750007	0.0515	LOC102723728	-0.1838162251584973		LOC102723728
84219	-0.1786631	0.0515	WDR24	0.1409508912851431		WDR24
3270	0.2554285	0.0516	HRC	-0.06643034030205		HRC
55631	0.210317	0.0516	LRRC40	-0.1017277271355912		LRRC40
219541	0.1728439	0.0516	MED19	-0.1516022485166783		MED19
83596	-0.136985	0.0516	BCL2L12	0.4719887228374806		BCL2L12
11346	0.192528	0.0517	SYNPO	-0.241703497993738		SYNPO
8618	-0.4189647	0.0517	CADPS	0.3070122147719125		CADPS
80862	-0.2083072	0.0517	POLR1HASP	0.0491049573828932		POLR1HASP
4670	-0.1074944	0.0517	HNRNPM	0.0188825365836482		HNRNPM
5795	-0.2567045	0.0517	PTPRJ	0.3505173658562882		PTPRJ
7584	0.1724635	0.0518	ZNF35	-0.2012101392563834		ZNF35
23170	0.2398945	0.0518	TTLL12	-0.218942686963389		TTLL12
7343	0.1539878	0.0518	UBTF	-0.2005377207963077		UBTF
51715	-0.3040407	0.0519	RAB23	0.4146926043884269		RAB23
134111	0.2646495	0.052	UBE2QL1	-0.0099065792618242		UBE2QL1
84705	-0.2157832	0.052	GTPBP3	0.3645673713918844		GTPBP3
23295	-0.215747	0.0521	MGRN1	-0.0789354893025748		MGRN1
223117	-0.601639	0.0521	SEMA3D	0.7437714458034866		SEMA3D
1056	0.504283	0.0522	CEL	-0.3656794497550628		CEL
10905	0.1951216	0.0522	MAN1A2	-0.1614288266068491		MAN1A2
23041	-0.1562264	0.0523	MON2	0.3209660028867205		MON2
284739	-0.4857678	0.0524	C20orf204	0.8431325350807888		C20orf204
80317	-0.2001725	0.0524	ZKSCAN3	0.3170663094340425		ZKSCAN3
103344932	0.3762531	0.0524	PGM5P4-AS1	0.1780655206296786		PGM5P4-AS1
9535	0.30095	0.0525	GMFG	-0.1262650834311038		GMFG
4285	0.2446427	0.0525	MIPEP	-0.1439162189899141		MIPEP
54951	-0.2738797	0.0526	COMMD8	0.3711056422638137		COMMD8
2668	-0.8769313	0.0526	GDNF	0.6612498769134707		GDNF
57563	0.1840685	0.0527	KLHL8	-0.4942891009221379		KLHL8
285440	0.3590491	0.0527	CYP4V2	-0.1258844360666291		CYP4V2
7349	-0.2328225	0.0527	UCN	1.092410833174344		UCN
92305	-0.1762213	0.0527	TMEM129	0.2098447733714907		TMEM129
23304	0.1169928	0.0527	UBR2	0.0235525480124461		UBR2
79567	-0.1267295	0.0527	RIPOR1	0.2923658598010199		RIPOR1
6730	0.1196489	0.0527	SRP68	0.0641472137800143		SRP68
257044	0.4419408	0.0528	CATSPERE	0.0279627637181341		CATSPERE
10397	-0.2351536	0.0529	NDRG1	0.2550707771097311		NDRG1
54442	-0.1133031	0.0529	KCTD5	0.2652219008826106		KCTD5
10352	-0.1910865	0.0529	WARS2	0.1123707862514979		WARS2
643072	0.1842214	0.0529	BAZ2B-AS1	0.0363466935712808		BAZ2B-AS1
2717	0.2501816	0.0529	GLA	-0.0940667750169286		GLA
51246	-0.2154157	0.053	SHISA5	0.124137161612615		SHISA5
9172	-0.3165711	0.053	MYOM2	0.7668102591476256		MYOM2
2643	-0.3578624	0.0531	GCH1	0.277712100418511		GCH1
10052	0.2411494	0.0531	GJC1	-0.46628218982476		GJC1
23759	-0.0907198	0.0531	PPIL2	0.1282537941897024		PPIL2
80209	0.1260875	0.0531	PROSER1	-0.299582337266421		PROSER1
340152	-0.6672468	0.0531	ZC3H12D	0.6479776766152632		ZC3H12D
3566	-0.3046928	0.0533	IL4R	0.4174429740572134		IL4R
254042	0.1687058	0.0533	METAP1D	-0.4108123601187872		METAP1D
79786	-0.4383061	0.0533	KLHL36	0.6390196191575725		KLHL36
400657	0.1753988	0.0533	ZNF407-AS1	-0.3864602667190357		ZNF407-AS1
11184	-0.4643089	0.0535	MAP4K1	0.5935678764203034		MAP4K1
23253	0.2547739	0.0536	ANKRD12	-0.0803457863818302		ANKRD12
643677	-0.642264	0.0536	CCDC168	1.1544687854712543		CCDC168
90196	0.153667	0.0537	SYS1	0.244318941202176		SYS1
57520	0.4758725	0.0537	HECW2	-0.6538079771625469		HECW2
23431	0.1866505	0.0537	AP4E1	-0.1634763429651837		AP4E1
1434	0.138487	0.0538	CSE1L	0.1098471408070516		CSE1L
81617	0.2364799	0.0538	CAB39L	-0.5259055634315626		CAB39L
101243545	0.2509042	0.0538	LINC02067	0.3523457228362003		LINC02067
132884	-0.3170713	0.0538	EVC2	0.2943219783463942		EVC2
57464	0.3340272	0.0538	STRIP2	-0.0707942727016166		STRIP2
93624	0.1734177	0.0538	TADA2B	-0.2871278354976709		TADA2B
6814	0.1250929	0.0538	STXBP3	-0.1028628181970958		STXBP3
4026	-0.1861621	0.0538	LPP	0.3643373292412524		LPP
64172	0.1891855	0.054	OSGEPL1	-0.3361389425820191		OSGEPL1
100505806	-0.3434342	0.054	SNHG18	0.6591133004356706		SNHG18
545	0.1591893	0.054	ATR	0.191158419567258		ATR
81853	-0.1726333	0.054	TMEM14B	0.3730248630923976		TMEM14B
84306	-0.178715	0.054	PDCD2L	0.3896357359622064		PDCD2L
54898	0.3887576	0.054	ELOVL2	-0.3909729299326543		ELOVL2
192670	0.1245693	0.0541	AGO4	-0.005902316291408		AGO4
4792	-0.402735	0.0542	NFKBIA	0.4849379374403177		NFKBIA
55775	0.2472572	0.0542	TDP1	-0.1251956135135962		TDP1
100507500	-0.5623012	0.0542	EGFR-AS1	2.0581630108631987		EGFR-AS1
114780	-0.4574805	0.0543	PKD1L2	0.4750581119622956		PKD1L2
161823	0.1539186	0.0543	ADAL	-0.1660719229566538		ADAL
54964	0.1967254	0.0543	C1orf56	-0.3383684363935479		C1orf56
283417	-0.291022	0.0544	DPY19L2	0.301594801525181		DPY19L2
384	0.2253481	0.0544	ARG2	-0.6919330133890049		ARG2
100506474	-0.6514118	0.0544	LOC100506474	0.4432953123597983		LOC100506474
26205	-0.1364432	0.0544	GMEB2	0.1808844406968015		GMEB2
4478	-0.1834112	0.0544	MSN	0.3958821760537443		MSN
140838	0.186948	0.0544	NANP	-0.1729383084208122		NANP
379	-0.4076907	0.0545	ARL4D	0.5122622581842251		ARL4D
55527	0.179228	0.0545	FEM1A	0.0202201484501438		FEM1A
134359	-0.1910249	0.0546	POC5	0.3985074012063694		POC5
122664	0.3108096	0.0546	TPPP2	-0.1328475308290727		TPPP2
57502	-0.5160549	0.0547	NLGN4X	0.5178382038373995		NLGN4X
54876	-0.16062	0.0548	DCAF16	0.1478577857879894		DCAF16
157	-0.3650777	0.0548	GRK3	0.1765760975761383		GRK3
2837	-0.9717003	0.0549	UTS2R	1.2904945973058388		UTS2R
118429	-0.2806259	0.055	ANTXR2	0.2161374736079881		ANTXR2
1997	-0.2621944	0.055	ELF1	0.3176837614557302		ELF1
6323	0.9145264	0.0551	SCN1A	-1.260932606819026		SCN1A
51332	0.2155645	0.0551	SPTBN5	-0.3694452512082135		SPTBN5
79608	-0.1768126	0.0551	RIC3	0.0167839154219922		RIC3
10077	-0.3084563	0.0551	TSPAN32	1.1170891032047838		TSPAN32
401399	-0.4498102	0.0552	PRRT4	0.3444345925054738		PRRT4
155038	0.3096996	0.0553	GIMAP8	-0.0539895368935003		GIMAP8
53405	0.2434679	0.0554	CLIC5	-0.2176387074782217		CLIC5
11315	0.1485832	0.0555	PARK7	0.0609705068970729		PARK7
4077	0.0767024	0.0555	NBR1	0.1506790649610803		NBR1
25884	1.0499465	0.0555	CHRDL2	-0.8782250855064224		CHRDL2
552	-0.5255946	0.0556	AVPR1A	0.2537795593020182		AVPR1A
54542	0.1646125	0.0557	RC3H2	-0.3525951884512546		RC3H2
55100	0.145591	0.0557	WDR70	0.2582667385500459		WDR70
100996246	0.5409546	0.0558	LINC02361	-0.3121559549484571		LINC02361
1939	-0.1181744	0.0558	EIF2D	-0.0224982121227714		EIF2D
5592	0.1803471	0.0558	PRKG1	0.0266063078285743		PRKG1
8621	0.1189684	0.0559	CDK13	0.1593189787902131		CDK13
101927682	-0.327332	0.0559	CD81-AS1	0.3689355116418582		CD81-AS1
55748	0.1753336	0.0559	CNDP2	0.0021251573507568		CNDP2
7024	-0.0933869	0.0559	TFCP2	0.1523460054480274		TFCP2
4814	0.2230305	0.0559	NINJ1	-0.1845625779751554		NINJ1
140711	0.4798716	0.056	TLDC2	0.5606482621747526		TLDC2
5074	0.2928299	0.0561	PAWR	-0.8710241180578309		PAWR
26275	0.2306474	0.0561	HIBCH	-0.3718948957831927		HIBCH
56181	0.1972228	0.0562	MTFR1L	0.0615501869968877		MTFR1L
22985	0.1129371	0.0562	ACIN1	-0.1315507455144811		ACIN1
54879	0.1357991	0.0562	ST7L	-0.2527807568917009		ST7L
51378	0.8313122	0.0563	ANGPT4	-0.3925380192281231		ANGPT4
3694	0.8082309	0.0563	ITGB6	-0.3303300821331731		ITGB6
84216	0.161914	0.0563	TMEM117	0.0723720859087571		TMEM117
8270	-0.236059	0.0563	LAGE3	0.2622059192685757		LAGE3
7298	0.289747	0.0563	TYMS	-0.6434706060636757		TYMS
29902	0.1906361	0.0563	FAM216A	0.0109380234531353		FAM216A
1479	0.1569363	0.0564	CSTF3	-0.2395961551837429		CSTF3
100526830	-0.1724335	0.0564	SLX1A-SULT1A3	1.6061128915412413		SLX1A-SULT1A3
10225	-0.7065919	0.0564	CD96	0.7685490339012471		CD96
8720	0.1828692	0.0564	MBTPS1	-0.0753459816878221		MBTPS1
100874032	0.3844883	0.0564	PRRT3-AS1	-0.1947261781128528		PRRT3-AS1
9841	0.1594512	0.0565	ZBTB24	-0.1152454486767986		ZBTB24
11261	0.1932756	0.0565	CHP1	-0.2031401918482087		CHP1
9419	-0.1675903	0.0565	CRIPT	0.4266515983041836		CRIPT
124790	0.1865194	0.0566	HEXIM2	-0.038423672935874		HEXIM2
10410	0.2494587	0.0568	IFITM3	-0.2178233197255323		IFITM3
64210	0.1024995	0.0568	MMS19	-0.2267960983336276		MMS19
100652739	-0.6209086	0.0569	RAET1E-AS1	0.99512033675243		RAET1E-AS1
9681	0.126771	0.0569	DEPDC5	-0.3743143782911957		DEPDC5
221061	0.3260738	0.0569	FAM171A1	-0.2994180155396959		FAM171A1
101930112	-0.277574	0.057	LOC101930112	-0.0631158452588911		LOC101930112
10073	0.1458222	0.057	SNUPN	-0.0934482516607095		SNUPN
3801	-0.2201491	0.057	KIFC3	0.1971443533541617		KIFC3
286411	-0.6862187	0.0571	LINC00632	1.0056758954193714		LINC00632
374291	-0.221267	0.0572	NDUFS7	0.3303542005118745		NDUFS7
1777	0.1531911	0.0573	DNASE2	0.0771234379090231		DNASE2
148808	-0.5104105	0.0573	MFSD4A	0.8361467967330927		MFSD4A
5859	0.1448072	0.0573	QARS1	0.1079872363858402		QARS1
51816	-0.4699491	0.0573	ADA2	0.507658546917896		ADA2
4155	-0.292014	0.0574	MBP	-0.0005000919389379		MBP
7466	-0.2465677	0.0574	WFS1	0.3958496147932075		WFS1
729092	-0.1617544	0.0574	AGAP5	0.3283615502346423		AGAP5
57407	0.4216276	0.0575	NMRAL1	-0.5046811868002852		NMRAL1
101927755	0.2543196	0.0576	RNFT1-DT	-0.0380988968077		RNFT1-DT
3601	0.3958216	0.0576	IL15RA	-0.5337643008132162		IL15RA
3118	-0.7795018	0.0576	HLA-DQA2	0.8181919516561277		HLA-DQA2
26118	-0.2214328	0.0576	WSB1	0.2304804563241616		WSB1
221937	-0.221089	0.0578	FOXK1	0.4647671699421438		FOXK1
7270	0.1556595	0.0578	TTF1	-0.0970766451769842		TTF1
79986	0.3514715	0.0579	ZNF702P	-0.5522856373330891		ZNF702P
4892	-0.2986541	0.0579	NRAP	0.3463157814898778		NRAP
6443	0.1538716	0.0579	SGCB	-0.41035199980222		SGCB
26	-1.0229808	0.058	AOC1	1.444221115093175		AOC1
285386	0.4147189	0.058	TPRG1	0.1350658110508881		TPRG1
114907	0.3585387	0.0581	FBXO32	-0.558837793256326		FBXO32
100131213	0.3838375	0.0581	ZNF503-AS2	-0.1824537401609394		ZNF503-AS2
375444	-0.3200364	0.0582	C5orf34	0.5452960881929529		C5orf34
27125	-0.2103172	0.0583	AFF4	0.20605759179471		AFF4
5950	1.3489072	0.0584	RBP4	-1.2060965970620088		RBP4
5494	0.1854809	0.0584	PPM1A	-0.5193673686031133		PPM1A
165904	-0.6411923	0.0585	XIRP1	0.7213942620508842		XIRP1
197370	-0.1930998	0.0585	NSMCE1	0.0155921162966645		NSMCE1
653583	-0.3131423	0.0585	PHLDB3	0.1931544114585253		PHLDB3
222696	0.3303499	0.0585	ZSCAN23	0.1831367673203016		ZSCAN23
105371348	-0.5124127	0.0586	LOC105371348	0.3970747910676371		LOC105371348
6854	0.6938472	0.0587	SYN2	-0.5560473781630152		SYN2
2157	0.3944964	0.0587	F8	-0.2008435293006849		F8
10004	-0.3062266	0.0587	NAALADL1	0.3390358002175513		NAALADL1
389840	0.2294759	0.0587	MAP3K15	-0.2245192086876466		MAP3K15
5597	0.2005416	0.0587	MAPK6	-0.0084462489304488		MAPK6
79140	0.3246649	0.0589	CCDC28B	-0.0636257982174575		CCDC28B
28985	0.1004644	0.0589	MCTS1	0.1007550216289079		MCTS1
28985	0.1004644	0.0589	MCTS1	0.395484921020461		MCTS1
84629	-0.1593532	0.059	TNRC18	-0.2923178129222972		TNRC18
5293	0.2458336	0.059	PIK3CD	-0.1533478601740571		PIK3CD
4811	0.3588758	0.059	NID1	-0.3920339441312483		NID1
57804	0.2339831	0.059	POLD4	-0.2725784437542407		POLD4
286753	1.3224914	0.059	TRARG1	-1.0467930113862365		TRARG1
2812	-0.3167031	0.059	GP1BB	1.0159096101383387		GP1BB
115708	-0.1748942	0.0591	TRMT61A	0.3897110233115133		TRMT61A
8139	0.2875785	0.0592	GAN	0.4108520159347834		GAN
57827	0.1429716	0.0592	C6orf47	-0.1040951239118816		C6orf47
6941	0.2514808	0.0592	TCF19	0.0149666011990583		TCF19
25799	-0.1419481	0.0592	ZNF324	0.4107582499683366		ZNF324
151188	-0.2045425	0.0593	ARL6IP6	0.2007194076597946		ARL6IP6
80315	-0.396731	0.0593	CPEB4	0.1956325337816684		CPEB4
5001	0.1638006	0.0593	ORC5	-0.1327095722793299		ORC5
90550	0.1479954	0.0593	MCU	-0.2359320696116902		MCU
2194	0.6228957	0.0594	FASN	-0.7214687221728457		FASN
79660	0.3195456	0.0594	PPP1R3B	-0.2876205257422342		PPP1R3B
51027	0.1882894	0.0595	BOLA1	0.0628387548246012		BOLA1
2737	-0.2726261	0.0595	GLI3	0.0595048554972075		GLI3
245973	0.1873626	0.0598	ATP6V1C2	-1.2419806108803857		ATP6V1C2
120534	0.1314538	0.0598	ARL14EP	-0.2128378107608748		ARL14EP
54916	-0.1483053	0.0598	TMEM260	0.411235458458828		TMEM260
114783	0.4965794	0.0599	LMTK3	-0.4975425441970129		LMTK3
5789	-0.3629938	0.0599	PTPRD	0.2857407206082643		PTPRD
4067	0.2682233	0.0599	LYN	-0.1118462343972557		LYN
2119	-0.422757	0.06	ETV5	0.2313057846513313		ETV5
116832	0.2554602	0.0601	RPL39L	0.0238525055660669		RPL39L
146562	0.4668948	0.0601	DNAAF8	0.0311827067360495		DNAAF8
8801	0.2284483	0.0601	SUCLG2	-0.1389772909508542		SUCLG2
145694	-0.5825788	0.0602	KIF23-AS1	1.062661341840792		KIF23-AS1
389289	0.3542609	0.0602	ANXA2R	-0.1932838729715625		ANXA2R
10952	0.1761568	0.0603	SEC61B	0.0846131400692131		SEC61B
677832	-0.5010566	0.0603	SNORA53	0.8820069242089374		SNORA53
26024	0.1312366	0.0604	PTCD1	-0.423833711644993		PTCD1
84309	-0.2248308	0.0604	NUDT16L1	0.3788467198448568		NUDT16L1
83541	-0.3523512	0.0604	FAM110A	0.4386596872555813		FAM110A
23466	-0.2387957	0.0604	CBX6	0.2624527912239967		CBX6
414332	0.9142274	0.0604	LCN10	-1.1721501829886911		LCN10
1396	-0.3735539	0.0604	CRIP1	0.6415101137710559		CRIP1
8649	0.1154153	0.0606	LAMTOR3	-0.0785488250879486		LAMTOR3
388323	-0.573893	0.0607	GLTPD2	-1.6550564382839852		GLTPD2
55602	-0.1327278	0.0607	CDKN2AIP	0.2120109426490102		CDKN2AIP
25801	-0.292903	0.0608	GCA	0.4291268003922917		GCA
2220	0.7528841	0.0608	FCN2	-1.3114380427754262		FCN2
80824	-0.2210297	0.0608	DUSP16	-0.023320374304113		DUSP16
2101	0.2224832	0.0609	ESRRA	-0.0512673649277948		ESRRA
2745	-0.2333192	0.0609	GLRX	0.1672187792381123		GLRX
2134	-0.5149525	0.0609	EXTL1	0.9161295455648476		EXTL1
10267	0.2840945	0.0609	RAMP1	-0.0875195321923953		RAMP1
85014	0.205401	0.0611	TMEM141	0.0521025269470918		TMEM141
6389	0.221716	0.0612	SDHA	0.0352380824899967		SDHA
148738	-0.3666039	0.0613	HJV	0.6685578971030237		HJV
80178	0.3715463	0.0613	TEDC2	-0.1719901290466323		TEDC2
54621	0.178583	0.0613	VSIG10	-0.1751448568518911		VSIG10
87769	0.1595922	0.0613	GGACT	0.3618912379589909		GGACT
151827	-0.2821587	0.0613	LRRC34	0.5230232284168808		LRRC34
411	-0.1900124	0.0613	ARSB	0.0348174912547012		ARSB
221078	-0.1759851	0.0613	NSUN6	0.3334414847147471		NSUN6
860	-0.4596462	0.0614	RUNX2	0.3904131335594036		RUNX2
54556	-0.1516227	0.0614	ING3	0.2754489216356264		ING3
3338	0.170148	0.0614	DNAJC4	0.002281458405716		DNAJC4
27433	-0.1943284	0.0614	TOR2A	0.3936125322208896		TOR2A
55000	0.1218409	0.0614	TUG1	-0.1192022569242032		TUG1
84432	-1.2227428	0.0615	PROK1	0.363739853300779		PROK1
66008	0.226384	0.0615	TRAK2	-0.1751289025714486		TRAK2
6418	0.0924218	0.0615	SET	-0.1749576838008639		SET
56834	0.2032174	0.0615	GPR137	-0.1816961862701944		GPR137
10500	-0.269299	0.0616	SEMA6C	0.396064866908814		SEMA6C
387103	0.477425	0.0616	CENPW	-0.2915077358300835		CENPW
9052	0.7780296	0.0617	GPRC5A	-0.3312917561826066		GPRC5A
26771	-0.5677593	0.0617	SNORD102	-0.0493835821036343		SNORD102
200315	-0.5705417	0.0618	APOBEC3A	1.3198552887255108		APOBEC3A
6097	0.5685655	0.0618	RORC	-0.5109792814243916		RORC
81628	-0.2866477	0.0618	TSC22D4	0.4328759030233824		TSC22D4
63877	-0.1080986	0.0618	FAM204A	0.0335863903864606		FAM204A
79053	0.1348674	0.0618	ALG8	0.198275032842516		ALG8
6152	0.2454896	0.0619	RPL24	-0.2656130630183408		RPL24
11284	0.1136072	0.0619	PNKP	0.0027439195784841		PNKP
8646	-0.2321796	0.062	CHRD	0.4148884826334686		CHRD
84461	0.1122948	0.062	NEURL4	0.0662767919074402		NEURL4
101927151	0.2483217	0.062	LINC02987	-0.355452334307043		LINC02987
51507	0.1089633	0.062	RTF2	0.0113359103460659		RTF2
653464	-0.1992914	0.062	SRGAP2C	0.446823515774035		SRGAP2C
814	-0.4521307	0.062	CAMK4	0.5172444731114894		CAMK4
100506795	-0.3823492	0.062	LINC01354	0.3504929246190732		LINC01354
4172	-0.1416814	0.0621	MCM3	0.0235992564724725		MCM3
2310	-0.3683183	0.0621	FOXO3B	0.5498436167446596		FOXO3B
55027	0.1732328	0.0621	HEATR3	-0.0503336771774294		HEATR3
23412	0.1485278	0.0622	COMMD3	0.1378904836512235		COMMD3
8861	-0.1541821	0.0623	LDB1	0.1077727315773993		LDB1
79750	-0.3730031	0.0623	ZNF385D	-0.156329227281379		ZNF385D
221322	-0.2433564	0.0623	TBC1D32	0.8538260994756975		TBC1D32
8635	-0.2910539	0.0623	RNASET2	0.2685876314896305		RNASET2
29916	-0.1707997	0.0624	SNX11	0.4119016971771643		SNX11
55504	0.391184	0.0624	TNFRSF19	-0.1630007144637542		TNFRSF19
570	-0.8329673	0.0625	BAAT	0.6761029231454594		BAAT
171392	0.2361724	0.0626	ZNF675	-0.3588295616210744		ZNF675
163033	-0.2876213	0.0626	ZNF579	0.177983281568081		ZNF579
729085	-0.5291087	0.0627	GASK1A	1.044331677778166		GASK1A
6548	-0.3588773	0.0627	SLC9A1	0.4055433438309954		SLC9A1
171019	0.8947717	0.0627	ADAMTS19	-0.6601644749026789		ADAMTS19
122961	-0.1927302	0.0627	ISCA2	0.488195216120376		ISCA2
64417	-0.2331157	0.0628	TMEM267	-0.135995437495568		TMEM267
132671	-0.4256451	0.0628	SPATA18	0.1638595133321341		SPATA18
10153	0.1318927	0.0628	CEBPZ	-0.0670638556358991		CEBPZ
79175	0.1341614	0.0628	ZNF343	-0.0159357124661743		ZNF343
51304	0.1521942	0.063	ZDHHC3	-0.0147261635899669		ZDHHC3
57761	-0.386968	0.063	TRIB3	0.6977080280631298		TRIB3
10520	-0.1285995	0.063	ZNF211	0.2985448177443759		ZNF211
54875	0.2435698	0.0631	CNTLN	0.0754793142788597		CNTLN
55633	-0.1232305	0.0631	TBC1D22B	0.3335631314556508		TBC1D22B
23560	0.1252461	0.0632	GTPBP4	0.0670783021024234		GTPBP4
84268	0.1255617	0.0632	RPAIN	0.0550330956288362		RPAIN
2113	0.2373048	0.0633	ETS1	-0.2252786563394941		ETS1
115294	0.210078	0.0633	PCMTD1	-0.4961114892265685		PCMTD1
23483	-0.129542	0.0633	TGDS	0.1767784245217551		TGDS
90865	-0.418015	0.0634	IL33	0.6515870237684416		IL33
7157	-0.2088868	0.0634	TP53	-0.2305787294566519		TP53
79153	-0.3193333	0.0635	GDPD3	0.8521974553529663		GDPD3
55559	-0.136685	0.0636	HAUS7	0.3030245920920178		HAUS7
128240	0.1637791	0.0636	NAXE	0.2114357875495818		NAXE
51134	0.238331	0.0637	CEP83	-0.1646412804299224		CEP83
645683	-0.231854	0.0638	RPL13AP3	-0.3350585639691399		RPL13AP3
6168	0.2246859	0.0638	RPL37A	-0.0684439874296121		RPL37A
4638	-0.302627	0.0638	MYLK	0.2970895239715334		MYLK
158471	-0.7465263	0.0638	PRUNE2	1.0406507244452745		PRUNE2
8975	0.1700582	0.0638	USP13	-0.1509774069310125		USP13
5705	0.1553401	0.0639	PSMC5	0.0052717749914217		PSMC5
102724450	-0.3718296	0.0639	RNF207-AS1	1.188912989907354		RNF207-AS1
728591	-0.519378	0.0641	CCDC169	-0.0140644141942106		CCDC169
23074	0.1490526	0.0641	BLTP3B	-0.0064140670922561		BLTP3B
79901	-0.2872436	0.0641	CYBRD1	0.480324982798721		CYBRD1
11102	0.2071736	0.0641	RPP14	-0.1807779833604899		RPP14
6747	0.2476472	0.0642	SSR3	-0.2038456585008177		SSR3
57048	-0.142025	0.0642	PLSCR3	0.136509734844247		PLSCR3
56603	-0.5474201	0.0643	CYP26B1	0.6023683691461109		CYP26B1
10189	-0.1562073	0.0643	ALYREF	0.0229740795540491		ALYREF
2323	-0.2276051	0.0643	FLT3LG	0.7090027520173943		FLT3LG
125144	-0.1472532	0.0643	SNHG29	0.5204124316966006		SNHG29
729540	0.1342722	0.0643	RGPD6	0.3651568381385921		RGPD6
729230	0.7191406	0.0643	CCR2	-0.3637084920959832		CCR2
282974	0.1817901	0.0643	STK32C	-0.1562688012279873		STK32C
6821	0.0976016	0.0644	SUOX	0.1946494761341597		SUOX
2562	0.5372596	0.0644	GABRB3	-0.6236157469778013		GABRB3
51069	0.1563684	0.0644	MRPL2	-0.1969753471225841		MRPL2
9734	-0.3279212	0.0646	HDAC9	0.378900686640065		HDAC9
164684	0.2049819	0.0646	WBP2NL	0.3997277734985975		WBP2NL
1278	-0.6282162	0.0647	COL1A2	0.6112948602770789		COL1A2
23020	0.0864497	0.0647	SNRNP200	0.1444656123436107		SNRNP200
256380	-0.7100941	0.0647	SCML4	0.8060095780160372		SCML4
2875	0.2960298	0.0647	GPT	-0.4549264147480611		GPT
25766	-0.1192703	0.0647	PRPF40B	0.2723316085095577		PRPF40B
151295	-0.3530112	0.0648	SLC23A3	0.4488983615884837		SLC23A3
201562	-0.1843903	0.0648	HACD2	0.0805654239056208		HACD2
9197	-0.1634869	0.0649	SLC33A1	-0.0382354082094149		SLC33A1
8497	-0.3412999	0.0649	PPFIA4	0.6321801820596065		PPFIA4
56126	-0.3192982	0.0649	PCDHB10	0.6943553810290488		PCDHB10
9374	-0.1294325	0.0649	PPT2	0.53253032145233		PPT2
1121	0.1740192	0.0649	CHM	-0.0863405805322199		CHM
101928857	-1.0544386	0.065	TERLR1	0.5599780714862943		TERLR1
3001	-0.704285	0.065	GZMA	0.9999446985461252		GZMA
388021	-0.5454967	0.065	TMEM179	3.10287425162394		TMEM179
78990	0.4036483	0.065	OTUB2	-0.1188763831491837		OTUB2
23075	-0.1373161	0.065	SWAP70	0.3011278644644939		SWAP70
57560	-0.1507699	0.0651	IFT80	-0.1595332919952925		IFT80
90624	0.2265086	0.0652	LYRM7	-0.2076502135362603		LYRM7
5893	-0.1541364	0.0653	RAD52	-0.2389518917446427		RAD52
8293	0.2354012	0.0653	SERF1A	-0.3812852381055664		SERF1A
113444	0.1513137	0.0653	SMIM12	-0.1844995241295395		SMIM12
2317	-0.2614562	0.0654	FLNB	0.8573577784663335		FLNB
100131138	0.7933212	0.0655	LINC01405	-0.600845714689112		LINC01405
9215	0.2453213	0.0655	LARGE1	-0.2563998157507354		LARGE1
376940	0.1877628	0.0655	ZC3H6	-0.2762692860526767		ZC3H6
80023	0.1752111	0.0655	NRSN2	0.0615012001005137		NRSN2
10117	-0.3199741	0.0656	ENAM	0.3882650734372559		ENAM
23333	0.1792648	0.0657	DPY19L1	-0.2763397028162782		DPY19L1
79023	-0.1448953	0.0657	NUP37	0.1621427335812697		NUP37
643836	0.131772	0.0659	ZFP62	-0.0833017108371971		ZFP62
51015	0.2958505	0.0659	ISOC1	-0.0704833286526458		ISOC1
10297	-0.2713773	0.0659	APC2	1.5044658191237543		APC2
5372	-0.1983349	0.0659	PMM1	0.2966213749800648		PMM1
10847	0.1482498	0.0661	SRCAP	-0.0044057811603757		SRCAP
56548	-0.5685441	0.0661	CHST7	0.5850891324605798		CHST7
974	0.4012111	0.0661	CD79B	-0.6271332677637402		CD79B
84545	0.1581031	0.0661	MRPL43	-0.0645479770729542		MRPL43
57128	0.1629869	0.0661	LYRM4	-0.0800942875403487		LYRM4
94120	-0.1814757	0.0661	SYTL3	0.3134324288030679		SYTL3
79884	0.2640535	0.0663	MAP9	-0.445160133474956		MAP9
2021	0.2539287	0.0664	ENDOG	-0.238983167074771		ENDOG
7617	0.3858404	0.0664	ZNF66	-0.2281197845999032		ZNF66
10099	0.0975922	0.0666	TSPAN3	-0.1449704547353558		TSPAN3
60678	-0.1849175	0.0666	EEFSEC	0.4785695687303803		EEFSEC
51234	0.1191944	0.0666	EMC4	0.1265043379313066		EMC4
8420	0.1717215	0.0667	SNHG3	0.2372912431009952		SNHG3
7942	-0.1906705	0.0667	TFEB	0.1108921816171077		TFEB
6944	0.1647363	0.0667	VPS72	-0.1589847723213306		VPS72
201799	-0.3389211	0.0667	TMEM154	0.2873360360772279		TMEM154
5796	0.2566164	0.0667	PTPRK	-0.2780190154654978		PTPRK
159195	-0.3051518	0.0667	USP54	0.4321631653348321		USP54
3764	0.3546108	0.0667	KCNJ8	-0.4638772907710926		KCNJ8
64750	-0.1547693	0.0667	SMURF2	-0.2120785255922652		SMURF2
26097	-0.139545	0.0668	CHTOP	0.2904761498477519		CHTOP
401548	0.2288657	0.0668	SNX30	-0.3810421037437665		SNX30
84364	-0.1576501	0.0668	ARFGAP2	0.0268564452854649		ARFGAP2
55009	0.2932025	0.0668	FAM174C	-0.1194491877387378		FAM174C
225	0.3855874	0.0668	ABCD2	-0.3094625485068163		ABCD2
5230	0.1227194	0.0668	PGK1	0.1322409951446541		PGK1
10573	0.1488246	0.0669	MRPL28	-0.2369255982821254		MRPL28
2683	-0.2874236	0.0669	B4GALT1	0.1706249449448194		B4GALT1
100303453	0.188495	0.0669	TSNAX-DISC1	0.2058506257763994		TSNAX-DISC1
1139	0.5941993	0.0669	CHRNA7	-0.8930374410165394		CHRNA7
3611	0.1321116	0.0669	ILK	0.2540071633167029		ILK
7137	-0.3160693	0.0669	TNNI3	0.4232500728420731		TNNI3
5711	0.1441934	0.0669	PSMD5	-0.1785392073701013		PSMD5
1825	0.6552251	0.067	DSC3	0.0189611047880219		DSC3
51253	0.1458257	0.067	MRPL37	0.0935325921199892		MRPL37
126231	0.3374569	0.0671	ZNF573	0.039833927839139		ZNF573
2673	-0.2019501	0.0671	GFPT1	-0.0120111934388669		GFPT1
253782	0.2247827	0.0672	CERS6	0.0207869620096516		CERS6
728294	-0.2266024	0.0672	D2HGDH	0.2663457793319406		D2HGDH
390598	-0.5944044	0.0672	SKOR1	1.3094891248129188		SKOR1
100306951	0.206076	0.0673	PITPNA-AS1	-0.0670908764207856		PITPNA-AS1
4205	0.1753802	0.0673	MEF2A	0.0513403144264739		MEF2A
100506603	-0.2757063	0.0674	VASH1-AS1	0.1079983974259404		VASH1-AS1
56124	-0.3645963	0.0676	PCDHB12	0.5396175160602723		PCDHB12
26521	0.2482833	0.0676	TIMM8B	-0.2208117979339432		TIMM8B
6006	0.1157785	0.0676	RHCE	0.4888322186406222		RHCE
4720	0.1957214	0.0676	NDUFS2	0.1570051726463415		NDUFS2
219293	0.1707764	0.0677	ATAD3C	0.1302232700785179		ATAD3C
284348	0.5547246	0.0677	LYPD5	-0.4507112952543391		LYPD5
22904	-0.1896391	0.0678	SBNO2	0.0928664956205471		SBNO2
6490	-0.4615777	0.0679	PMEL	0.3462783313058886		PMEL
6633	0.2071262	0.0679	SNRPD2	0.1712058495004811		SNRPD2
51765	0.4218597	0.0679	STK26	-0.4250387474394825		STK26
84181	0.139677	0.0679	CHD6	-0.4281153405693687		CHD6
6902	0.1841317	0.0679	TBCA	0.4387377766364064		TBCA
79788	-0.2354323	0.068	ZNF665	0.2579852092323969		ZNF665
79788	-0.2354323	0.068	ZNF665	0.5200830193257968		ZNF665
4634	0.2832067	0.0681	MYL3	-0.2553016211732473		MYL3
145389	-0.2463725	0.0681	SLC38A6	0.4717049479473754		SLC38A6
55137	0.3046871	0.0683	FIGN	-0.3001917512344514		FIGN
64123	0.2082708	0.0683	ADGRL4	-0.3046343816303452		ADGRL4
23204	-0.2758216	0.0683	ARL6IP1	0.2278598908885909		ARL6IP1
55837	0.1544665	0.0684	EAPP	-0.1299648348416333		EAPP
105376527	-0.4779312	0.0685	STIM1-AS1	0.1436051189979235		STIM1-AS1
60558	0.1571315	0.0685	GUF1	-0.0135191685082545		GUF1
723972	0.1968836	0.0685	ANP32AP1	0.3695197951152718		ANP32AP1
100132677	-0.5064774	0.0686	BSN-DT	0.1938171798454282		BSN-DT
10788	-0.3710096	0.0686	IQGAP2	0.7566737225838982		IQGAP2
84687	0.1780303	0.0686	PPP1R9B	-0.2909592133720355		PPP1R9B
109864269	0.1651433	0.0687	MIR302CHG	-0.1409128232353464		MIR302CHG
644538	0.2667074	0.0687	SMIM10	-0.0199289462426368		SMIM10
80309	0.4136228	0.0687	SPHKAP	-0.3557058414562508		SPHKAP
80704	1.0538241	0.0688	SLC19A3	-0.8074744741206166		SLC19A3
4783	0.3435643	0.0689	NFIL3	-0.342434341881682		NFIL3
285590	-0.388934	0.0689	SH3PXD2B	0.3086049843864047		SH3PXD2B
7009	0.109272	0.0689	TMBIM6	0.0045796772101098		TMBIM6
4739	-0.388782	0.0689	NEDD9	0.4510718910111579		NEDD9
199857	-0.1860208	0.069	ALG14	0.2307421967330878		ALG14
1642	-0.094895	0.069	DDB1	0.3601860227528632		DDB1
55190	-0.4951316	0.069	NUDT11	0.7293407988512675		NUDT11
91392	-0.1895401	0.0691	ZNF502	0.4057282007054779		ZNF502
57529	0.3755328	0.0692	RTL9	-0.05556806217122		RTL9
54739	-0.4025003	0.0692	XAF1	0.6756480132902345		XAF1
79944	0.2284717	0.0693	L2HGDH	-0.413673958190742		L2HGDH
55741	0.2381502	0.0694	EDEM2	-0.3446769825774787		EDEM2
54431	0.1529185	0.0694	DNAJC10	0.0557011663137192		DNAJC10
284358	-0.4358209	0.0694	MAMSTR	0.5093540193300787		MAMSTR
101930370	-0.4114439	0.0694	GALNT7-DT	0.3810587422031415		GALNT7-DT
283229	0.2460582	0.0694	CRACR2B	-0.231709060409186		CRACR2B
100129060	-0.1553498	0.0694	SEMA3F-AS1	-0.107754866632308		SEMA3F-AS1
2944	-0.4403826	0.0694	GSTM1	1.335827269825545		GSTM1
6886	-0.3613806	0.0695	TAL1	0.3636442174833831		TAL1
26046	0.1949667	0.0695	LTN1	-0.1197399968376418		LTN1
56950	-0.2118895	0.0696	SMYD2	0.2033204801974513		SMYD2
100507057	-0.3498228	0.0696	MELTF-AS1	0.4631476908947443		MELTF-AS1
64897	0.1458828	0.0697	C12orf43	-0.1537265823101288		C12orf43
55711	0.1738677	0.0699	FAR2	0.0606980079635852		FAR2
5586	0.2066961	0.0699	PKN2	-0.3656757963046915		PKN2
11231	0.1292581	0.0699	SEC63	-0.3990126568672982		SEC63
3093	0.1175186	0.0699	UBE2K	-0.1924452248242563		UBE2K
66035	-0.1975918	0.0699	SLC2A11	0.1467149564668464		SLC2A11
80110	-0.1385586	0.0699	ZNF614	0.1160459954430459		ZNF614
65009	0.2139199	0.07	NDRG4	0.0195172924144593		NDRG4
7739	-0.2553068	0.07	ZNF185	0.4776917264636323		ZNF185
100527960	-0.2867887	0.07	MROH7-TTC4	0.6383519962207146		MROH7-TTC4
79785	-0.4279674	0.07	RERGL	0.4267318123305981		RERGL
197350	-0.5038651	0.0701	CASP16P	0.874857918635039		CASP16P
55680	-0.1409783	0.0701	RUFY2	-0.0122732928160425		RUFY2
4647	0.3025917	0.0702	MYO7A	-0.0786191038507136		MYO7A
9	0.2846588	0.0703	NAT1	-0.1967604487289156		NAT1
116135	-0.9153616	0.0704	LRRC3B	0.5122898861484155		LRRC3B
2273	-0.4662889	0.0704	FHL1	0.697738675723155		FHL1
3700	-0.2988319	0.0705	ITIH4	0.5410249464683377		ITIH4
27106	-0.5580641	0.0705	ARRDC2	0.7731558039014308		ARRDC2
51330	-0.7814997	0.0705	TNFRSF12A	0.8911760538486329		TNFRSF12A
6210	0.1714383	0.0705	RPS15A	-0.0270192225268086		RPS15A
79618	0.1756928	0.0706	HMBOX1	0.0319559017448156		HMBOX1
79677	0.1745905	0.0706	SMC6	-0.1561964851456183		SMC6
9782	0.1347333	0.0707	MATR3	-0.0837350311760811		MATR3
1540	-0.1733619	0.0707	CYLD	0.5652192798239275		CYLD
55770	-0.1645841	0.0707	EXOC2	0.1441462819197889		EXOC2
131408	0.2090083	0.0707	FAM131A	-0.0044928547174745		FAM131A
64844	0.1319584	0.0708	MARCHF7	0.0813303449407811		MARCHF7
107986163	-0.896226	0.0708	LOC107986163	1.703642549354562		LOC107986163
79890	-0.1893378	0.0708	RIN3	0.340575887614881		RIN3
23059	0.1931172	0.0708	CLUAP1	0.165581154428831		CLUAP1
721	0.3573754	0.0708	C4B	-0.0784989284835887		C4B
124751	0.2194718	0.0709	KRBA2	-0.2733315345320397		KRBA2
3073	-0.1348445	0.0709	HEXA	0.259502408757629		HEXA
84464	0.1553975	0.0709	SLX4	-0.1592599823940926		SLX4
51741	0.2305461	0.0709	WWOX	-0.1193066011661714		WWOX
84079	0.1867763	0.071	ANKRD27	-0.3106486161069024		ANKRD27
122953	0.2194363	0.0711	JDP2	-0.1697312897143588		JDP2
146542	0.1708593	0.0711	ZNF688	-0.2584871329056559		ZNF688
8972	-0.8155221	0.0712	MGAM	0.9647975356705653		MGAM
388610	0.2640611	0.0712	TRNP1	-0.0422993237424442		TRNP1
10564	0.1804889	0.0712	ARFGEF2	0.0448014935618519		ARFGEF2
9138	-0.1419852	0.0714	ARHGEF1	0.2787246823619522		ARHGEF1
10950	-0.2887305	0.0714	BTG3	0.3874517223751157		BTG3
113201	-0.2163905	0.0714	GOLM2	0.0497205564590581		GOLM2
113201	-0.2163905	0.0714	GOLM2	0.2469185608355444		GOLM2
167838	0.2064784	0.0714	TXLNB	-0.1403459361364456		TXLNB
6829	-0.1076866	0.0715	SUPT5H	0.1044721033248148		SUPT5H
8192	0.1592231	0.0716	CLPP	-0.0131421906633057		CLPP
2012	-0.2878864	0.0718	EMP1	0.8005362429744203		EMP1
23034	-0.2220345	0.0718	SAMD4A	20.9237258089293		SAMD4A
4641	0.1415813	0.0718	MYO1C	-0.1663158984427353		MYO1C
374655	-0.2581237	0.0718	ZNF710	0.2426883262658323		ZNF710
441024	-0.1833932	0.0718	MTHFD2L	0.1997774265357454		MTHFD2L
2354	-1.5262061	0.0718	FOSB	1.877964837503416		FOSB
55571	-0.1978902	0.0718	CNOT11	0.0020462039366337		CNOT11
283547	0.4450277	0.0718	LINC00639	-0.688328132149846		LINC00639
79879	0.2620291	0.0718	CCDC134	-0.3887342773666573		CCDC134
11321	0.0906276	0.072	GPN1	0.1144026781536551		GPN1
80196	-0.2917192	0.0722	RNF34	0.6103968648835849		RNF34
55096	0.4630576	0.0723	EBLN2	-0.2084917553483586		EBLN2
773	-0.3997774	0.0723	CACNA1A	0.928245402685244		CACNA1A
57455	-0.1286825	0.0723	REXO1	0.0258426256577477		REXO1
575	-0.390649	0.0725	ADGRB1	0.4993433318326954		ADGRB1
100526831	-0.1631607	0.0726	SLX1B-SULT1A4	-2.0044979009981034e-09		SLX1B-SULT1A4
114926	0.1868467	0.0726	SMIM19	-0.3652300356851814		SMIM19
116068	0.2381727	0.0728	LYSMD3	-0.5427908195735345		LYSMD3
163087	-0.1421598	0.073	ZNF383	0.0543042652692884		ZNF383
56180	0.2038334	0.073	MOSPD1	-0.2913451603571655		MOSPD1
11270	0.1769617	0.073	NRM	-0.1996056823537251		NRM
4173	-0.1758014	0.0731	MCM4	0.0465731471551933		MCM4
6449	-0.1652959	0.0731	SGTA	0.1270722435347249		SGTA
205	-0.2378709	0.0732	AK4	0.6033380313583416		AK4
149628	-0.7039534	0.0732	PYHIN1	0.8181391099338999		PYHIN1
9815	0.1638507	0.0732	GIT2	-0.2156665415948078		GIT2
51720	0.2032511	0.0733	UIMC1	-0.1403572844418521		UIMC1
55721	-0.2074806	0.0734	IQCC	0.2184176562392371		IQCC
130827	-0.2672218	0.0735	TMEM182	0.2580521783459018		TMEM182
101180901	0.1427511	0.0735	IPO11-LRRC70	-0.1996547868765148		IPO11-LRRC70
692201	-0.4312016	0.0735	SNORD86	0.0		SNORD86
157680	0.1787603	0.0735	VPS13B	0.1394667633467081		VPS13B
619207	-0.3931393	0.0736	SCART1	0.3059151604374108		SCART1
84174	-0.2142528	0.0736	SLA2	0.2615809559194066		SLA2
126375	0.2297483	0.0737	ZNF792	-0.2423277412684145		ZNF792
100508120	-0.2194416	0.0737	GMDS-DT	0.403858332128796		GMDS-DT
100133985	-0.4383343	0.0737	LINC01816	0.5676947092775406		LINC01816
6194	0.1984449	0.0737	RPS6	-0.1450125773168231		RPS6
10901	0.1727589	0.0738	DHRS4	0.2156950482223156		DHRS4
25924	-0.4106038	0.0738	MYRIP	0.6703886747173714		MYRIP
53340	0.3486165	0.0739	SPA17	-0.2559751700138004		SPA17
51368	0.1473968	0.0739	TEX264	-0.1002631558761208		TEX264
134429	-0.4336724	0.0739	STARD4	0.446342908490823		STARD4
84270	-0.1568428	0.074	CARD19	0.2778529532843272		CARD19
7008	-0.3303032	0.074	TEF	0.435769841577029		TEF
186	-1.0270004	0.074	AGTR2	1.2187276405661005		AGTR2
79091	0.1824042	0.074	METTL22	0.0462107086258605		METTL22
252995	0.3169184	0.074	FNDC5	-1.4020953589859495		FNDC5
8774	-0.1608264	0.0741	NAPG	0.0750461359123599		NAPG
115111	-0.8636399	0.0741	SLC26A7	1.084165470974904		SLC26A7
57863	0.4340047	0.0741	CADM3	-0.318940336228446		CADM3
84264	0.4108141	0.0742	HAGHL	-0.7376967803219037		HAGHL
139322	0.1956152	0.0743	APOOL	-0.3259532595984864		APOOL
55277	-0.243851	0.0743	FGGY	0.3295007998350199		FGGY
10204	0.1501098	0.0745	NUTF2	-0.1023966217393566		NUTF2
1857	0.1513342	0.0746	DVL3	0.1159663547750193		DVL3
5500	-0.2191793	0.0746	PPP1CB	0.2098970523108452		PPP1CB
64925	-0.1424053	0.0747	CCDC71	0.2089092484861492		CCDC71
2822	0.1687185	0.0747	GPLD1	0.0999054411732894		GPLD1
81875	-0.1325964	0.0747	ISG20L2	0.0056813198572953		ISG20L2
334	-0.120533	0.0747	APLP2	0.3714598541667451		APLP2
5906	0.1481793	0.0748	RAP1A	-0.1061379471746661		RAP1A
666	-0.35597	0.0749	BOK	0.5295441004860124		BOK
8722	-0.2465554	0.075	CTSF	0.1963957447993776		CTSF
11100	0.0959752	0.075	HNRNPUL1	0.0656019978737614		HNRNPUL1
8629	-0.2316525	0.0751	JRK	0.167009483517377		JRK
57692	-0.2136252	0.0751	MAGEE1	0.4287787198894841		MAGEE1
83743	-0.1426027	0.0751	GRWD1	0.0760848350866632		GRWD1
59283	-0.7303976	0.0751	CACNG8	1.0348173889401782		CACNG8
7046	-0.2831017	0.0752	TGFBR1	0.5227507663391993		TGFBR1
622	0.3182492	0.0752	BDH1	-0.110903989581538		BDH1
92369	0.2993648	0.0753	SPSB4	-0.117021632803606		SPSB4
653125	-0.2049195	0.0753	GOLGA8K	-0.2485966644617887		GOLGA8K
10114	0.2634893	0.0754	HIPK3	-0.1430146504552834		HIPK3
114932	0.1147541	0.0754	MRFAP1L1	-0.0655590693132817		MRFAP1L1
340061	-0.2152384	0.0754	STING1	0.3525829863762473		STING1
2975	-0.1284396	0.0755	GTF3C1	0.2461417560047829		GTF3C1
1493	-0.6545754	0.0755	CTLA4	-0.0211910276821117		CTLA4
114781	0.2134399	0.0756	BTBD9	-0.3856027741015451		BTBD9
26047	-0.6940255	0.0757	CNTNAP2	1.1559165695099325		CNTNAP2
4928	0.0991804	0.0757	NUP98	-0.1681470864193164		NUP98
64431	-0.1205148	0.0757	ACTR6	0.3396136795488305		ACTR6
5243	0.4443826	0.0758	ABCB1	-0.3609970889812177		ABCB1
90780	-0.1662312	0.0759	PYGO2	0.1534075291453946		PYGO2
63893	0.1933833	0.0759	UBE2O	-0.2570684635073492		UBE2O
55536	0.4155801	0.0759	CDCA7L	-0.4507458696276885		CDCA7L
9792	-0.1489925	0.0761	SERTAD2	0.2373549822146907		SERTAD2
339451	0.2225732	0.0761	KLHL17	-0.143298372704784		KLHL17
3706	0.6995732	0.0762	ITPKA	-0.8554424553322286		ITPKA
2626	0.2299644	0.0763	GATA4	-0.1281157184423156		GATA4
2965	0.1317473	0.0763	GTF2H1	0.0961151854427475		GTF2H1
2079	-0.1137737	0.0764	ERH	0.0969136789997122		ERH
110841583	0.392532	0.0765	LAMC1-AS1	0.0		LAMC1-AS1
81610	0.6776884	0.0765	FAM83D	-0.513293339879982		FAM83D
27072	-0.1220423	0.0766	VPS41	-0.0104642085797852		VPS41
60494	-0.4646627	0.0767	CCDC81	0.7404184508365808		CCDC81
25938	0.1755369	0.0767	HEATR5A	-0.3468104691836258		HEATR5A
51667	0.1331416	0.0768	NUB1	-0.2589050698662225		NUB1
9731	0.1332074	0.0768	CEP104	-0.4761402962858785		CEP104
246269	0.1845838	0.0768	AFG1L	0.1408683516538449		AFG1L
51657	0.3278431	0.0768	STYXL1	-0.2768662615673651		STYXL1
5909	0.3780182	0.0768	RAP1GAP	-0.3750945882073708		RAP1GAP
8226	0.2227036	0.0769	PUDP	-0.2011507879918346		PUDP
4924	-0.1307884	0.077	NUCB1	0.2263662948666862		NUCB1
203228	0.2078769	0.0771	C9orf72	-0.5850397063242361		C9orf72
121441	0.1657486	0.0771	NEDD1	-0.0891951560252111		NEDD1
105370414	0.9152451	0.0771	LINC02286	0.0		LINC02286
3306	-0.5136855	0.0772	HSPA2	0.854039753339304		HSPA2
55052	0.1751576	0.0772	MRPL20	-0.212631773542137		MRPL20
56941	-0.1356056	0.0772	HMCES	0.1383738254431543		HMCES
9839	0.1915872	0.0773	ZEB2	-0.2740656461693307		ZEB2
23524	0.1550499	0.0773	SRRM2	0.387595996550889		SRRM2
169981	-0.1560075	0.0773	SPIN3	0.0733881602711705		SPIN3
84976	0.2405997	0.0773	DISP1	-0.0824446864383072		DISP1
6484	0.3245281	0.0775	ST3GAL4	-0.1414463945832365		ST3GAL4
6690	-0.8408533	0.0775	SPINK1	1.0630584199642157		SPINK1
151306	-0.5194678	0.0776	GPBAR1	0.7037119795994755		GPBAR1
341	0.6198516	0.0776	APOC1	-0.3035534173702814		APOC1
1506	-0.2952883	0.0776	CTRL	0.7454785019813979		CTRL
28978	-0.2507274	0.0778	TMEM14A	0.5705810386027812		TMEM14A
364	0.2991636	0.0778	AQP7	-0.2088120137357121		AQP7
1787	0.1978981	0.0778	TRDMT1	-0.5702811446132017		TRDMT1
85236	0.2532834	0.0778	H2BC12	-0.3870036369412881		H2BC12
26010	0.2771604	0.078	SPATS2L	-0.4418227916201251		SPATS2L
25819	0.2758666	0.078	NOCT	-0.0300029935094177		NOCT
94121	-0.3358437	0.0781	SYTL4	-0.0478085937106511		SYTL4
10750	-0.2140698	0.0783	GRAP	0.3771475582257209		GRAP
55299	0.1559876	0.0783	BRIX1	0.1666123297835926		BRIX1
6787	0.1404622	0.0783	NEK4	-0.2323428213361902		NEK4
219970	-0.5810522	0.0783	GLYATL2	0.6424576836404668		GLYATL2
204962	-0.9797922	0.0784	SLC44A5	1.1832197095527248		SLC44A5
5554	-0.2688425	0.0784	PRH1	0.0111571100699483		PRH1
678	-0.2153076	0.0784	ZFP36L2	0.2391069233264309		ZFP36L2
262	0.3280571	0.0784	AMD1	-0.4752350281549278		AMD1
10233	0.1895254	0.0784	LRRC23	0.0553096405195336		LRRC23
54084	1.1003079	0.0784	TSPEAR	-1.05895974598598		TSPEAR
8473	-0.1942706	0.0784	OGT	-0.0608771541573007		OGT
55810	0.1439496	0.0785	FOXJ2	0.0327394507742901		FOXJ2
92609	0.1256777	0.0785	TIMM50	0.1768635731990109		TIMM50
256021	-0.62694	0.0786	LINC01619	0.3757040459738512		LINC01619
3233	0.7223747	0.0786	HOXD4	-0.4551269250068723		HOXD4
25983	0.1867641	0.0787	NGDN	-0.0525259914137272		NGDN
26074	-0.3608279	0.0787	CFAP61	0.5162304237286186		CFAP61
9501	-0.4197105	0.0789	RPH3AL	0.2955443804053033		RPH3AL
1620	-0.7176443	0.0789	BRINP1	0.8988899624819511		BRINP1
1410	0.2208978	0.0789	CRYAB	-0.1989739414711735		CRYAB
64598	-0.147025	0.0789	MOSPD3	0.4725467902141318		MOSPD3
279	-0.2388313	0.0791	AMY2A	2.1958559894701155		AMY2A
57541	0.1252828	0.0791	ZNF398	0.0547013866084007		ZNF398
120227	0.155423	0.0792	CYP2R1	-0.2061989072803327		CYP2R1
83861	0.1317109	0.0792	RSPH3	-0.4859586424091997		RSPH3
6294	0.1641322	0.0792	SAFB	0.3323198679302557		SAFB
283932	0.3587833	0.0792	FBXL19-AS1	-0.4027684285075238		FBXL19-AS1
128553	-0.3375556	0.0793	TSHZ2	0.6002984353578156		TSHZ2
5870	0.1122271	0.0794	RAB6A	-0.0892170456988781		RAB6A
9377	0.2134232	0.0794	COX5A	-0.1338105092305355		COX5A
2923	0.1805629	0.0795	PDIA3	0.1311085233355422		PDIA3
84221	-0.3427239	0.0795	SPATC1L	0.3783940579778786		SPATC1L
57104	-0.1749369	0.0796	PNPLA2	0.3826695193463152		PNPLA2
23341	0.1218966	0.0796	DNAJC16	-0.1162823069792833		DNAJC16
9342	0.1048429	0.0797	SNAP29	-0.407905470741718		SNAP29
51199	0.2807982	0.0797	NIN	-0.2588105530469611		NIN
55108	-0.0822278	0.0798	BSDC1	0.044695721499087		BSDC1
4846	-0.379716	0.0798	NOS3	0.4128459145599108		NOS3
1376	-0.2089368	0.0798	CPT2	0.4397095936257305		CPT2
9470	0.156962	0.0798	EIF4E2	-0.3857472444323964		EIF4E2
9111	0.3226266	0.0799	NMI	-0.219810837356654		NMI
28514	-0.38841	0.0799	DLL1	0.4100384624681972		DLL1
8991	0.3720355	0.0799	SELENBP1	-0.5926109369146815		SELENBP1
8087	0.1215152	0.0799	FXR1	-0.0454194834398089		FXR1
3074	-0.2573111	0.08	HEXB	0.5815096937833797		HEXB
84342	0.1053447	0.08	COG8	0.1100343706459092		COG8
147645	-0.3842449	0.08	VSIG10L	0.3831933178281173		VSIG10L
89885	-0.7470754	0.08	FATE1	1.099825661284073		FATE1
642852	-0.2985227	0.0801	LINC00205	0.8998310110251885		LINC00205
6833	-0.5165498	0.0801	ABCC8	0.884201045748926		ABCC8
143098	0.2263268	0.0803	MPP7	-0.2366808561050719		MPP7
26167	-0.2914132	0.0803	PCDHB5	0.5153603422332389		PCDHB5
220042	0.4725228	0.0803	DDIAS	-0.5127461980856401		DDIAS
85369	-0.100816	0.0803	STRIP1	0.3763939770663302		STRIP1
60676	-0.51471	0.0803	PAPPA2	0.7949665795255814		PAPPA2
29951	-0.704167	0.0804	PDZRN4	0.9343515324407988		PDZRN4
7284	0.1338438	0.0804	TUFM	-0.1066948901880717		TUFM
25906	0.1820562	0.0804	ANAPC15	0.0470313056585096		ANAPC15
100505854	-0.1814322	0.0805	APTR	0.2474512114264633		APTR
23554	0.2326948	0.0805	TSPAN12	-0.4604466785125156		TSPAN12
3242	0.5921431	0.0806	HPD	-0.2345745562857464		HPD
7090	-0.2933874	0.0806	TLE3	0.1915481316315324		TLE3
23387	-0.1483708	0.0809	SIK3	0.1128046171332695		SIK3
1612	-0.3894698	0.081	DAPK1	0.6364567262089427		DAPK1
387723	-0.2568391	0.081	C10orf143	0.4373691730076947		C10orf143
146057	0.1367512	0.081	TTBK2	-0.0867446810782945		TTBK2
55140	0.1038543	0.081	ELP3	0.0528590771663735		ELP3
163782	0.9460487	0.0811	KANK4	-0.496607218962056		KANK4
5106	0.3350444	0.0811	PCK2	0.2320156263145811		PCK2
115761	0.4077695	0.0811	ARL11	-0.7073868521930933		ARL11
10212	0.1615487	0.0811	DDX39A	-0.138203626812742		DDX39A
1634	-0.3131301	0.0812	DCN	0.3465541894361585		DCN
317749	0.1936603	0.0814	DHRS4L2	-0.1575270990604642		DHRS4L2
84690	-0.6578405	0.0815	SPATA22	0.179875465686678		SPATA22
6875	0.2296363	0.0816	TAF4B	-0.0684652116287998		TAF4B
113218477	0.1018462	0.0816	TIMM23B-AGAP6	0.1115315290603469		TIMM23B-AGAP6
10512	0.3177291	0.0817	SEMA3C	-0.5605370778120715		SEMA3C
84870	-0.6484286	0.0818	RSPO3	0.8631262780997755		RSPO3
100130950	-0.2084323	0.0818	ZNF594-DT	0.5733244279093065		ZNF594-DT
65979	0.1310995	0.0822	PHACTR4	-0.0811355825046273		PHACTR4
100188893	0.1753093	0.0825	TOMM6	0.0658609448176656		TOMM6
8664	0.1228148	0.0826	EIF3D	-0.1041257510310948		EIF3D
4998	0.4949364	0.0826	ORC1	-0.4370490492194938		ORC1
219623	1.0505003	0.0826	TMEM26	-1.2459405670824006		TMEM26
23111	0.1540458	0.0826	SPART	-0.6745874398902627		SPART
55011	0.173721	0.0829	PIH1D1	-0.0264149628941048		PIH1D1
1849	0.1592233	0.0829	DUSP7	-0.1636958061874192		DUSP7
2247	-0.2471048	0.0829	FGF2	0.5899831727139574		FGF2
5546	0.1149336	0.083	PRCC	-0.0140208874653957		PRCC
6452	0.2216891	0.083	SH3BP2	-0.3676458219369469		SH3BP2
65983	0.1768038	0.0831	GRAMD2B	-0.1236941799754935		GRAMD2B
11047	0.1175901	0.0832	ADRM1	0.0593933784902693		ADRM1
254552	0.395614	0.0832	NUDT8	-0.3901031359525229		NUDT8
10102	0.1840821	0.0832	TSFM	0.0673957469718953		TSFM
55054	0.1176655	0.0833	ATG16L1	0.0952961788829944		ATG16L1
24144	0.1658693	0.0833	TFIP11	-0.2967819534863247		TFIP11
283383	0.3405786	0.0833	ADGRD1	-0.233247585990763		ADGRD1
10811	-0.3183283	0.0834	NOXA1	0.8235513739405851		NOXA1
9401	0.1838865	0.0834	RECQL4	0.0624411145268841		RECQL4
101927621	0.2854257	0.0835	ZNF567-DT	-0.2039039159480224		ZNF567-DT
54386	-0.1643537	0.0835	TERF2IP	0.3970747910676371		TERF2IP
10112	0.6380954	0.0835	KIF20A	-0.7763990203145061		KIF20A
162515	-0.4423549	0.0835	SLC16A11	0.2799154584972352		SLC16A11
65083	-0.1235536	0.0835	NOL6	0.0622665459480025		NOL6
7011	-0.2007868	0.0836	TEP1	0.1055363395019606		TEP1
83707	-0.2102511	0.0837	TRPT1	0.2093174847213443		TRPT1
23032	0.1041856	0.0838	USP33	-0.0194551535945475		USP33
128312	-0.4347106	0.0838	H2BC26	-0.0522537194488315		H2BC26
720	0.3435126	0.0838	C4A	0.1374912611014662		C4A
127703	-0.1258187	0.0839	C1orf216	0.1866026265739888		C1orf216
56916	0.1566839	0.0839	SMARCAD1	0.156304960695067		SMARCAD1
642	-0.1178718	0.0839	BLMH	0.0131996025455958		BLMH
199990	-0.1548963	0.0839	FAAP20	0.4171942685638772		FAAP20
10651	0.1172273	0.0839	MTX2	-0.0050192275156062		MTX2
7124	-0.7032229	0.0841	TNF	1.0238121363661052		TNF
2760	0.2086553	0.0841	GM2A	0.0989826524546035		GM2A
168667	0.7178655	0.0841	BMPER	-0.4304602052356741		BMPER
400236	-0.3290745	0.0841	FOXN3-AS1	0.6361726157121816		FOXN3-AS1
353	0.1898277	0.0842	APRT	-0.1554341169756039		APRT
124446	-0.1494806	0.0842	TMEM219	0.3583803360058599		TMEM219
100874369	0.3609804	0.0844	CACNA1C-IT2	-0.0801492319378898		CACNA1C-IT2
79802	-0.2596662	0.0844	HHIPL2	1.274890529539281		HHIPL2
220	0.4511109	0.0845	ALDH1A3	-0.2281344979592192		ALDH1A3
3336	0.2016098	0.0846	HSPE1	0.195498210596634		HSPE1
6130	0.1680307	0.0846	RPL7A	0.1259516871396808		RPL7A
2359	0.4678633	0.0846	FPR3	-0.1532630467205646		FPR3
54948	0.1539599	0.0846	MRPL16	-0.0438204201517935		MRPL16
4012	-0.1575455	0.0847	LNPEP	0.2347129966480867		LNPEP
130916	0.1150523	0.0847	MTERF4	-0.2245753183229384		MTERF4
8667	0.1357942	0.0847	EIF3H	-0.0493673303587964		EIF3H
202	0.2594848	0.0847	CRYBG1	-0.0263353774546187		CRYBG1
131118	0.1701292	0.0849	DNAJC19	-0.3739118318266747		DNAJC19
5925	0.1459879	0.0849	RB1	0.1998592431632797		RB1
4913	0.2614417	0.0849	NTHL1	-0.0636248297982198		NTHL1
8407	-0.2159494	0.0849	TAGLN2	1.405255039152049		TAGLN2
51084	-0.1893936	0.085	CRYL1	0.2198283829342644		CRYL1
6920	0.2792332	0.085	TCEA3	-0.1653372031171907		TCEA3
121268	-0.4112846	0.0852	RHEBL1	0.3739059333537675		RHEBL1
101929718	0.1617224	0.0852	LOC101929718	0.925411779615267		LOC101929718
136853	0.3844803	0.0853	SSC4D	-0.2993536706939088		SSC4D
3646	0.138183	0.0855	EIF3E	-0.1228378738187565		EIF3E
84128	0.1158869	0.0855	WDR75	0.1055613508045776		WDR75
54954	-0.1946599	0.0856	FAM120C	-0.0449817799939391		FAM120C
54894	0.2706445	0.0856	RNF43	-0.3662561760319556		RNF43
100499484	-0.239327	0.0857	SUGT1P4-STRA6LP	0.6438438899695769		SUGT1P4-STRA6LP
23210	0.2201428	0.0857	JMJD6	-0.0878760119777677		JMJD6
10631	-0.9491446	0.0857	POSTN	0.7572522475121772		POSTN
1108	0.1376496	0.0858	CHD4	-0.2731567176139133		CHD4
4502	-0.5163591	0.0858	MT2A	0.5810456945557414		MT2A
55958	-0.1299571	0.0859	KLHL9	0.1190421534836274		KLHL9
390927	-0.1889366	0.0859	ZNF793	0.511954263149883		ZNF793
643988	0.4718562	0.086	FNDC10	-0.358747358829382		FNDC10
51167	0.1410414	0.086	CYB5R4	0.0672146535800064		CYB5R4
3575	-0.7372269	0.0861	IL7R	0.7987762268902692		IL7R
9989	0.1164864	0.0861	PPP4R1	-0.3296116383772691		PPP4R1
27166	0.2141028	0.0861	PRELID1	-0.1530422958476203		PRELID1
23601	0.5691584	0.0861	CLEC5A	-0.1300860114697669		CLEC5A
51524	-0.1015675	0.0862	TMEM138	0.283957601149523		TMEM138
100996485	0.1403633	0.0862	PITX1-AS1	0.5423150766302509		PITX1-AS1
1595	0.2210477	0.0862	CYP51A1	-0.2221340289178388		CYP51A1
5961	0.3862933	0.0864	PRPH2	-0.4325131430086484		PRPH2
6904	-0.1682576	0.0864	TBCD	0.4390397352904527		TBCD
116092	-0.2086287	0.0864	DNTTIP1	0.5119892658997216		DNTTIP1
8431	-0.3962493	0.0866	NR0B2	0.5348736288244513		NR0B2
342538	0.2439029	0.0866	NACA2	1.731513193527129		NACA2
5495	0.1844349	0.0869	PPM1B	-0.1565653863241829		PPM1B
5071	0.1463538	0.0869	PRKN	-0.1057668292500251		PRKN
55769	-0.2343934	0.087	ZNF83	0.2576195179795881		ZNF83
8701	0.3879557	0.087	DNAH11	-0.2083500952841976		DNAH11
9410	-0.1196602	0.0871	SNRNP40	0.2666408052171949		SNRNP40
100128164	-0.451819	0.0871	LOC100128164	0.6049789156814067		LOC100128164
221303	0.2884853	0.0871	FAM162B	-0.1870405601166016		FAM162B
103171574	-0.4229265	0.0872	LOC103171574	1.0116677623368746		LOC103171574
3309	0.2622558	0.0872	HSPA5	-0.1960098883236547		HSPA5
55632	-0.2474673	0.0872	G2E3	0.2906579028257532		G2E3
54537	0.1533593	0.0872	SHLD2	0.123439256763		SHLD2
101927286	0.3563911	0.0872	LINC02254	-0.2525392046653152		LINC02254
11108	0.0969684	0.0873	PRDM4	-0.0798236564185921		PRDM4
101669766	-0.5696866	0.0873	ZNF350-AS1	1.1143559387884532		ZNF350-AS1
79818	0.208759	0.0873	ZNF552	-0.3539155788512271		ZNF552
2182	-0.1926729	0.0873	ACSL4	-0.1093603099787925		ACSL4
55628	0.1116525	0.0874	ZNF407	0.5595658149438176		ZNF407
389690	-0.4771926	0.0874	MROH5	1.862421902585812		MROH5
200958	0.5976041	0.0876	MUC20	-0.3371548061882901		MUC20
390595	-0.2385476	0.0876	UBAP1L	0.9370970585041416		UBAP1L
92689	0.2232787	0.0877	FAM114A1	-0.1907764747650633		FAM114A1
8338	0.3350557	0.0877	H2AC20	0.0321335557597595		H2AC20
5520	0.1034535	0.0877	PPP2R2A	-0.260826102914022		PPP2R2A
145376	-0.5014075	0.0877	PPP1R36	0.3538491323038046		PPP1R36
51168	-0.3786974	0.0878	MYO15A	0.6864499943643083		MYO15A
112812	0.1732851	0.0879	FDX2	-0.1636432899255551		FDX2
11213	-0.4242002	0.088	IRAK3	0.6499787445758001		IRAK3
84916	-0.1254868	0.0881	UTP4	0.3669218074663778		UTP4
5357	0.3016494	0.0881	PLS1	-0.247343566531414		PLS1
51280	-0.1789004	0.0881	GOLM1	0.4842477054060459		GOLM1
59343	0.1009636	0.0881	SENP2	-0.4778691273863167		SENP2
541578	0.0979305	0.0882	EOLA2	0.1091225261828134		EOLA2
29894	-0.188888	0.0883	CPSF1	0.30797952600384		CPSF1
8846	0.1641728	0.0883	ALKBH1	-0.1168630373702899		ALKBH1
57460	0.3350555	0.0883	PPM1H	-0.3258207487969995		PPM1H
5822	-0.1528391	0.0883	PWP2	0.3678777758100904		PWP2
6339	-0.292456	0.0883	SCNN1D	0.1261835354806684		SCNN1D
84262	0.1444289	0.0885	PSMG3	-0.1757192151022684		PSMG3
400986	0.2696855	0.0886	ANKRD36C	-0.4015151636522778		ANKRD36C
3818	0.5022218	0.0886	KLKB1	-0.179320084725267		KLKB1
84292	-0.1351321	0.0886	WDR83	0.0002313236065125		WDR83
2041	-0.2072989	0.0888	EPHA1	0.1386132900631853		EPHA1
4486	-0.3852466	0.0888	MST1R	0.3068329501981977		MST1R
3490	-0.1968204	0.0889	IGFBP7	0.2171250105177105		IGFBP7
2894	-0.3489135	0.0889	GRID1	0.4062282002868668		GRID1
57799	-0.1925669	0.089	RAB40C	0.5610269065348552		RAB40C
3292	0.1426018	0.089	HSD17B1	0.0406600127876993		HSD17B1
4665	-0.2112032	0.089	NAB2	0.5018663112421273		NAB2
6142	0.2076173	0.0892	RPL18A	0.3661661866843273		RPL18A
22829	-0.55778	0.0892	NLGN4Y	0.7088249499439372		NLGN4Y
9236	0.1135693	0.0892	CCPG1	-0.2458272604739964		CCPG1
146760	0.5067019	0.0892	RTN4RL1	-0.4527653690827499		RTN4RL1
101927541	0.4418014	0.0895	LINC01273	0.0073210863794856		LINC01273
348654	-0.2850999	0.0896	GEN1	0.4302627416886542		GEN1
57404	-0.1432364	0.0897	CYP20A1	0.0618538844461395		CYP20A1
64101	-0.4531584	0.0899	LRRC4	0.2509792943615134		LRRC4
84231	0.1335932	0.09	TRAF7	0.1106850048887655		TRAF7
54536	0.3084694	0.0901	EXOC6	-0.2372524702565801		EXOC6
55304	0.3145578	0.0901	SPTLC3	-0.3448848397884789		SPTLC3
572	0.2187724	0.0901	BAD	-0.4005695891556371		BAD
79701	-0.138117	0.0902	OGFOD3	0.0915206073137415		OGFOD3
100302736	0.1912149	0.0902	TMED7-TICAM2	-1.143551804746514		TMED7-TICAM2
84969	-0.5423224	0.0903	TOX2	0.8448255701908735		TOX2
857	0.1936884	0.0903	CAV1	-0.1409239593370532		CAV1
3107	-0.3046515	0.0904	HLA-C	0.3743476838764898		HLA-C
79087	0.1217302	0.0904	ALG12	-0.1181191008155657		ALG12
112464	-0.2591681	0.0904	CAVIN3	0.3436264891889378		CAVIN3
29919	0.1431994	0.0904	RMC1	0.2102690904402484		RMC1
29933	-0.4681212	0.0905	GPR132	0.6147494295484713		GPR132
10019	0.1959992	0.0905	SH2B3	-0.012473949963855		SH2B3
4238	0.1540182	0.0905	MFAP3	0.1003506293210674		MFAP3
7627	0.1456027	0.0906	ZNF75A	-0.0053046222095787		ZNF75A
58476	-0.2476883	0.0906	TP53INP2	0.4305185590263383		TP53INP2
401115	-0.6517053	0.0906	C4orf48	1.187867617739591		C4orf48
5510	0.1255085	0.0906	PPP1R7	0.0888485528913962		PPP1R7
6444	0.2609473	0.0906	SGCD	-0.0859547442232608		SGCD
341350	0.5301452	0.0906	OVCH1	-0.7947561345493024		OVCH1
100529257	0.1252672	0.0906	SYNJ2BP-COX16	-0.1084155323449111		SYNJ2BP-COX16
1386	-0.1614553	0.0908	ATF2	-0.0375626647970888		ATF2
223	-0.1765578	0.0908	ALDH9A1	0.4938743996285177		ALDH9A1
9182	-0.4028443	0.0908	RASSF9	0.0499449430029761		RASSF9
5631	-0.1069558	0.0908	PRPS1	0.1964590000836512		PRPS1
4069	0.7443701	0.091	LYZ	-0.4850230434806031		LYZ
64333	0.3969359	0.0912	ARHGAP9	-0.3887294134190484		ARHGAP9
9863	-0.1673635	0.0912	MAGI2	0.1891605758310139		MAGI2
383	-0.9626947	0.0913	ARG1	1.1997879205113433		ARG1
6198	0.1499601	0.0913	RPS6KB1	-0.2993778480910252		RPS6KB1
4255	-0.2280199	0.0913	MGMT	0.4306248833333108		MGMT
58525	0.1113276	0.0915	WIZ	-0.0881061402807539		WIZ
84844	0.1415363	0.0915	PHF5A	-0.0669347793328984		PHF5A
2845	0.5779089	0.0916	GPR22	-0.6172144258328824		GPR22
28299	-1.2999826	0.0917	IGKV1-5	0.7448104624260485		IGKV1-5
2857	-0.5124359	0.0917	GPR34	0.7858883532860721		GPR34
148932	-0.190504	0.0917	MOB3C	0.2420670326831273		MOB3C
92092	-0.3157514	0.0917	ZC3HAV1L	0.0287114091298606		ZC3HAV1L
107986837	-0.4999267	0.0918	LOC107986837	1.1376989326944231		LOC107986837
221443	0.1325473	0.0918	OARD1	-0.0422365631685996		OARD1
5566	0.1330587	0.0918	PRKACA	-0.1530615410237565		PRKACA
9462	-0.2439728	0.0918	RASAL2	0.2770676861890901		RASAL2
386597	0.5226142	0.0919	GRASLND	-0.1918810109504651		GRASLND
111822955	-0.1301527	0.0919	ATRIP-TREX1	0.0992733243038053		ATRIP-TREX1
54502	0.4305955	0.092	RBM47	-0.3345833276731692		RBM47
221908	-0.173721	0.092	PPP1R35	0.0580293936185372		PPP1R35
152641	-0.3294179	0.092	WWC2-AS2	0.3705179091997997		WWC2-AS2
113277	0.2928768	0.092	TMEM106A	0.1915836719276859		TMEM106A
23139	0.1678845	0.092	MAST2	-0.0289476627961295		MAST2
151987	0.2329526	0.092	PPP4R2	-0.2968614352015049		PPP4R2
7043	-0.2658721	0.092	TGFB3	0.3436073163748903		TGFB3
9477	0.1437878	0.0921	MED20	-0.2710385555789649		MED20
221955	0.1516974	0.0921	DAGLB	-0.0667521213977804		DAGLB
55588	-0.1073948	0.0922	MED29	0.3481973535813232		MED29
54807	-0.2047283	0.0922	ZNF586	0.3157707465806494		ZNF586
4914	-0.6267287	0.0922	NTRK1	0.847368328245866		NTRK1
374900	0.1327159	0.0922	ZNF568	-0.0194610777300652		ZNF568
1120	-0.1972665	0.0923	CHKB	0.2724386657806068		CHKB
11091	0.0999295	0.0924	WDR5	0.079728551297693		WDR5
8036	0.1268339	0.0924	SHOC2	-0.319971416669734		SHOC2
100130887	0.6085504	0.0925	ATE1-AS1	-0.3205918069168367		ATE1-AS1
6651	0.1116603	0.0925	SON	-0.0858717128052699		SON
11339	-0.3662894	0.0926	OIP5	0.0378499236535154		OIP5
79891	-0.1493718	0.0926	ZNF671	0.1156686783818163		ZNF671
100174949	-0.1392314	0.0927	TRIM59-IFT80	-0.1787961932597568		TRIM59-IFT80
57129	0.1548571	0.0927	MRPL47	-0.0714622149554466		MRPL47
137695	-0.1580127	0.0927	TMEM68	-0.2033141950948822		TMEM68
115361	-0.3447291	0.0928	GBP4	-0.1985926034446894		GBP4
3687	-0.4788487	0.0929	ITGAX	0.5427100101466868		ITGAX
415	-0.4503206	0.0929	ARSL	0.5295001089461849		ARSL
8777	0.1556605	0.093	MPDZ	-0.3770093174000761		MPDZ
30820	-0.4516168	0.093	KCNIP1	1.9809268060121672		KCNIP1
85320	-0.2786564	0.093	ABCC11	0.671475423981801		ABCC11
283927	-0.1893171	0.093	NUDT7	0.3596746737751255		NUDT7
64780	0.2349696	0.0931	MICAL1	-0.1219723370017358		MICAL1
552891	-0.2583432	0.0931	DNAJC25-GNG10	1.2656141981356046		DNAJC25-GNG10
25813	0.1422988	0.0931	SAMM50	0.070708591465177		SAMM50
9016	0.1462258	0.0931	SLC25A14	0.026953269523366		SLC25A14
80235	-0.180688	0.0931	PIGZ	0.3287239053950626		PIGZ
4978	-0.6330205	0.0931	OPCML	0.1696604313643817		OPCML
4978	-0.6330205	0.0931	OPCML	0.0		OPCML
9885	0.1499801	0.0932	OSBPL2	-0.0847052519872901		OSBPL2
162514	-0.4811489	0.0932	TRPV3	0.4528520886319638		TRPV3
9829	-0.3146497	0.0932	DNAJC6	0.4167996994469196		DNAJC6
51147	-0.1392185	0.0933	ING4	0.0253987974097436		ING4
90871	-0.1446506	0.0933	DMAC1	0.0752063345040072		DMAC1
64792	-0.1663368	0.0936	IFT22	0.2608469221817255		IFT22
51629	0.1538699	0.0936	SLC25A39	-0.123992485807828		SLC25A39
8905	0.1966074	0.0936	AP1S2	-0.2154106479846618		AP1S2
859	0.2247221	0.0937	CAV3	0.0282103603798766		CAV3
386627	0.2745093	0.0937	SAP30L-AS1	-0.3370853446145858		SAP30L-AS1
285636	-0.3176466	0.0939	RIMOC1	0.649721753288703		RIMOC1
9054	0.1232868	0.094	NFS1	-0.2162306027699472		NFS1
5604	0.1442444	0.0941	MAP2K1	-0.0744730508383915		MAP2K1
3709	0.1888914	0.0941	ITPR2	-0.095522498453004		ITPR2
79847	0.140092	0.0942	MFSD13A	0.2982858683062737		MFSD13A
2124	0.5243032	0.0943	EVI2B	-0.484984804310796		EVI2B
3140	-0.2235701	0.0943	MR1	0.2607678344834039		MR1
6539	-0.4843249	0.0943	SLC6A12	0.3194847516427176		SLC6A12
6721	0.1732398	0.0944	SREBF2	-0.1010603798344016		SREBF2
8727	0.1689332	0.0945	CTNNAL1	0.0079241835344445		CTNNAL1
158866	-0.2420423	0.0945	ZDHHC15	0.1089664374144492		ZDHHC15
968	0.4268651	0.0945	CD68	-0.3430346778271458		CD68
1040	-0.4532075	0.0945	CDS1	0.6475947299710678		CDS1
85455	0.5276113	0.0946	DISP2	-0.400810356853417		DISP2
5140	-0.2632216	0.0947	PDE3B	0.4100990841448226		PDE3B
5140	-0.2632216	0.0947	PDE3B	2.410034477697697		PDE3B
101927420	0.3340747	0.0947	DMTF1-AS1	-0.0827287899718141		DMTF1-AS1
6202	0.1730544	0.0948	RPS8	-0.2134968334046494		RPS8
585	-0.1872103	0.0949	BBS4	0.5200823732602511		BBS4
257	-0.2417261	0.095	ALX3	1.5810049999341915		ALX3
105372481	0.1336136	0.095	ERVK3-1	-0.1615130770134998		ERVK3-1
55168	0.1561898	0.0951	MRPS18A	-0.1083019479851996		MRPS18A
137994	-0.2709241	0.0952	LETM2	0.2240775725854029		LETM2
60686	0.1600659	0.0953	C14orf93	-0.2502157966932667		C14orf93
125476	-0.1639529	0.0953	INO80C	0.0077989065512413		INO80C
116255	0.5197444	0.0954	MOGAT1	-0.1719664623537982		MOGAT1
64689	-0.1067134	0.0955	GORASP1	0.2254784178803568		GORASP1
26505	-0.1538916	0.0956	CNNM3	-0.069666317645066		CNNM3
1837	0.1251694	0.0956	DTNA	-0.0903106403594344		DTNA
55607	-0.1558337	0.0957	PPP1R9A	0.4287412993626818		PPP1R9A
112441434	0.234514	0.0957	SHLD3	-0.0680177764102853		SHLD3
84947	0.1654283	0.0957	SERAC1	-0.3096653906905824		SERAC1
5338	-0.2533407	0.0957	PLD2	0.3726560769861526		PLD2
56975	0.1314131	0.0958	FAM20C	-0.0090112325367153		FAM20C
8427	-0.1627181	0.0958	ZNF282	0.0740292559260415		ZNF282
10446	-0.3444973	0.0958	LRRN2	0.4001433947606774		LRRN2
23526	-0.2464659	0.0959	ARHGAP45	0.5167869593418948		ARHGAP45
57134	0.2559051	0.0959	MAN1C1	-0.0447965087072925		MAN1C1
51690	0.1864236	0.0962	LSM7	-0.1905870880630624		LSM7
166785	0.1605027	0.0963	MMAA	-0.2151605369479781		MMAA
56122	0.2396742	0.0963	PCDHB14	0.1003617668344765		PCDHB14
414777	0.1659874	0.0963	HCG18	-0.2572143306587824		HCG18
54867	-0.0968072	0.0963	TMEM214	0.2672934908504958		TMEM214
114108587	0.1666791	0.0963	ATF7-NPFF	0.3592573633121771		ATF7-NPFF
55612	-0.6963406	0.0963	FERMT1	0.8576998509617135		FERMT1
126208	0.1834984	0.0964	ZNF787	-0.1404544253913715		ZNF787
25976	-0.4369706	0.0964	TIPARP	0.5116820619290969		TIPARP
100507459	0.160787	0.0965	NRSN2-AS1	-0.2291168718296434		NRSN2-AS1
84957	-0.2874528	0.0965	RELT	0.5640634853775834		RELT
90317	0.13005	0.0965	ZNF616	-0.2835067524754047		ZNF616
9639	0.1734348	0.0965	ARHGEF10	-0.0500027782325931		ARHGEF10
80332	-0.3151908	0.0966	ADAM33	0.3389514603148109		ADAM33
54623	0.1357219	0.0967	PAF1	-0.0872484577823682		PAF1
3991	-0.2614805	0.0967	LIPE	0.193589626892229		LIPE
5354	0.4601058	0.0967	PLP1	-0.2852787265309109		PLP1
27202	0.4681547	0.0968	C5AR2	-0.0751605475725212		C5AR2
102724642	0.1337162	0.0968	LOC102724642	0.2062785918217269		LOC102724642
146223	0.1824185	0.0968	CMTM4	-0.2049555093096744		CMTM4
100129836	-0.3047069	0.0969	COL4A2-AS2	0.0		COL4A2-AS2
79863	0.1478181	0.097	RBFA	0.0442190630328234		RBFA
641649	-0.2816182	0.0971	TMEM91	0.4738259651227383		TMEM91
100996307	-0.2482488	0.0973	LIPE-AS1	0.4455705688445195		LIPE-AS1
4507	0.1545734	0.0973	MTAP	-0.1175600369122702		MTAP
528	-0.0957284	0.0974	ATP6V1C1	0.1827736236124506		ATP6V1C1
80223	-0.4494273	0.0974	RAB11FIP1	0.5266130053954345		RAB11FIP1
100505591	-0.3350317	0.0974	LRRC3C	3.060515850059756		LRRC3C
55055	-0.2317174	0.0974	ZWILCH	0.1675939031530611		ZWILCH
222236	0.1766488	0.0975	NAPEPLD	-0.2230556159105452		NAPEPLD
80153	-0.1202456	0.0975	EDC3	0.0656935478465845		EDC3
1995	0.4155433	0.0976	ELAVL3	-0.7274333339222249		ELAVL3
3667	0.3483775	0.0977	IRS1	-0.3596809881606644		IRS1
9162	-0.570557	0.0977	DGKI	0.555732564612351		DGKI
7781	-0.4265598	0.0977	SLC30A3	0.477712274300746		SLC30A3
81620	0.4958534	0.0978	CDT1	0.1159196098249939		CDT1
84900	-0.5374481	0.0978	RNFT2	0.4545205849592908		RNFT2
55608	-0.167356	0.0979	ANKRD10	-0.145768568624911		ANKRD10
6907	-0.1140815	0.0982	TBL1X	0.1991073830219649		TBL1X
8804	-0.1524601	0.0982	CREG1	0.2395065143415093		CREG1
6695	-0.7027601	0.0985	SPOCK1	0.636138103518415		SPOCK1
25957	0.1733278	0.0986	PNISR	-0.1593741028315172		PNISR
5932	0.2086119	0.0986	RBBP8	0.1392267782708547		RBBP8
158405	0.204676	0.0987	KIAA1958	-0.1580038027161887		KIAA1958
8703	0.170474	0.0987	B4GALT3	-0.4567799822913621		B4GALT3
100506895	-0.7838147	0.0987	LUARIS	1.0350501531255003		LUARIS
414328	-0.1577175	0.0987	IDNK	0.4534358883081122		IDNK
8520	0.1221213	0.0987	HAT1	0.0846810634107315		HAT1
729359	0.2973788	0.0987	PLIN4	-0.2855209033018351		PLIN4
10613	-0.1299834	0.0988	ERLIN1	0.0461130474818829		ERLIN1
9406	-0.1770553	0.0989	ZRANB2	0.0714807641118522		ZRANB2
80256	0.1809411	0.099	ATOSB	-0.1443587956350649		ATOSB
7694	-0.2026607	0.099	ZNF135	0.5268842515891217		ZNF135
196740	-0.2694311	0.099	VSTM4	0.331460754531975		VSTM4
84265	0.1161287	0.0991	POLR3GL	-0.098022582114595		POLR3GL
746	-0.1617785	0.0991	TMEM258	0.1658095218649258		TMEM258
5550	-0.1353637	0.0992	PREP	0.2292180113762487		PREP
84864	0.1178199	0.0992	RIOX2	-0.1437917756775171		RIOX2
101927740	-0.270219	0.0992	LINC02202	-0.1738712575492639		LINC02202
26151	-0.1246225	0.0992	NAT9	0.1364288446342101		NAT9
10785	0.1477085	0.0992	WDR4	-0.0836353765017507		WDR4
114991	-0.2691601	0.0993	ZNF618	0.5017104621224799		ZNF618
196383	0.1400993	0.0994	RILPL2	-0.1295149849811823		RILPL2
5878	0.1086168	0.0994	RAB5C	-0.103675669983632		RAB5C
55811	-0.4119757	0.0995	ADCY10	-0.1893660571231135		ADCY10
1073	-0.2567807	0.0995	CFL2	0.0600617619240217		CFL2
920	-0.4007212	0.0995	CD4	0.6679564251805477		CD4
55567	0.6504626	0.0995	DNAH3	-1.2283802704689144		DNAH3
57050	0.1208543	0.0995	UTP3	0.1206931796114032		UTP3
57695	0.1904825	0.0996	USP37	-0.2581266947713836		USP37
51296	-0.2752197	0.0997	SLC15A3	0.3874184705882326		SLC15A3
7316	0.1963847	0.0998	UBC	-0.2335335190434815		UBC
57467	-0.246081	0.0998	HHATL	0.180389226969222		HHATL
9262	-0.4232317	0.0998	STK17B	0.2402364193340505		STK17B
5139	0.2414906	0.0999	PDE3A	-0.0307074768278452		PDE3A
1942	-0.2385569	0.0999	EFNA1	0.3882814713679154		EFNA1
93986	-0.3817484	0.1	FOXP2	0.6390068221700246		FOXP2
10139	-0.1290539	0.1	ARFRP1	-0.005129487070425		ARFRP1
3880	0.6858116	0.1	KRT19	-2.45365396253033		KRT19
110806300	-0.37485	0.1	FLNC-AS1	-1.1147226064475149		FLNC-AS1
10923	0.1281037	0.1	SUB1	-0.1084311711748746		SUB1
23729	-0.1755486	0.1	SHPK	0.2223485188927758		SHPK
126272	-0.2106592	0.1	EID2B	0.2645796129339017		EID2B
8216	-0.1282554	0.1	LZTR1	0.3141765873951199		LZTR1
102724231	-0.4791906	0.1	C3orf86P	1.0423688333285577		C3orf86P
140901	-0.1411367	0.1	STK35	0.3883967260501988		STK35
51719	0.1226783	0.1	CAB39	-0.0899192076470845		CAB39
1654	0.2017235	0.1	DDX3X	-0.3978955229183176		DDX3X
3096	0.2099421	0.1	HIVEP1	0.1492966432029958		HIVEP1
157638	0.2608033	0.101	LRATD2	-0.1010978490777669		LRATD2
51382	0.1502167	0.101	ATP6V1D	-0.1365296532826612		ATP6V1D
8320	-0.6275501	0.101	EOMES	0.3976592554788756		EOMES
256355	-0.2866818	0.101	RPS2P32	0.4747175035515181		RPS2P32
27123	-0.7161052	0.101	DKK2	0.6992447224436795		DKK2
23366	0.2258572	0.101	MATCAP2	-0.6862493412855635		MATCAP2
100144603	-0.3616663	0.101	CHKB-DT	0.6798063954050966		CHKB-DT
114883	0.0890098	0.101	OSBPL9	0.0787524820201497		OSBPL9
1382	-0.6850173	0.101	CRABP2	0.6750042417386679		CRABP2
28960	-0.1405281	0.101	DCPS	0.527342184505891		DCPS
102723641	-0.4573052	0.101	HID1-AS1	0.6802347672993907		HID1-AS1
729950	-0.55788	0.101	LINC01915	0.8607383103880242		LINC01915
153643	0.9016364	0.102	FAM81B	-0.5490720629892123		FAM81B
7094	-0.1000101	0.102	TLN1	0.1145020601232253		TLN1
51026	-0.2176722	0.102	GOLT1B	0.200347988323954		GOLT1B
388558	-0.1289308	0.102	ZNF808	0.3113515850568817		ZNF808
54344	-0.1703756	0.102	DPM3	0.2417461448688369		DPM3
6428	-0.1746838	0.102	SRSF3	0.3830685974352423		SRSF3
7475	0.5512777	0.102	WNT6	-0.3846226088385588		WNT6
8825	0.250505	0.102	LIN7A	-0.3238771016687107		LIN7A
55340	0.2221707	0.102	GIMAP5	-0.1640425338179207		GIMAP5
8867	0.179045	0.103	SYNJ1	0.0174787661416608		SYNJ1
118442	-0.3217317	0.103	GPR62	0.2803123265426062		GPR62
125488	-0.2665137	0.103	TTC39C	0.374576384683414		TTC39C
1969	-0.2018149	0.103	EPHA2	0.1455713973756589		EPHA2
200172	-0.4379722	0.103	SLFNL1	0.9156396683321004		SLFNL1
146712	-0.1506769	0.103	B3GNTL1	0.020203915602694		B3GNTL1
5286	0.2567584	0.103	PIK3C2A	-0.3697125934446577		PIK3C2A
7643	0.2438088	0.103	ZNF90	0.0667809368182086		ZNF90
100132116	-0.4113119	0.103	ACTA2-AS1	0.4730881747122137		ACTA2-AS1
340719	0.4525396	0.103	NANOS1	-0.0782275145528239		NANOS1
1020	0.1553301	0.103	CDK5	-0.2190786908432227		CDK5
9412	-0.1210539	0.103	MED21	0.3045980057382955		MED21
121512	0.3419618	0.103	FGD4	-0.1809496572083699		FGD4
58533	0.1137793	0.103	SNX6	-0.2293881255968477		SNX6
84817	0.1509314	0.103	TXNDC17	0.0796054820686675		TXNDC17
56929	-0.2601912	0.103	FEM1C	0.2548308112651032		FEM1C
54014	0.1437893	0.103	BRWD1	0.155360904602448		BRWD1
23264	0.0947408	0.103	ZC3H7B	0.0697879741179861		ZC3H7B
10265	-0.5154433	0.103	IRX5	0.7509272349823823		IRX5
5534	-0.1130443	0.103	PPP3R1	-0.1460837567551323		PPP3R1
115196	-0.1579085	0.103	ZNF554	0.3681456786124721		ZNF554
55022	0.3429934	0.103	PID1	-0.3364613510286345		PID1
23067	-0.1402715	0.104	SETD1B	0.3331549450956124		SETD1B
1600	0.712776	0.104	DAB1	-0.8057795288643614		DAB1
374955	0.0956369	0.104	SPATA21	0.7448426356211986		SPATA21
8405	0.1286992	0.104	SPOP	0.0934969902859323		SPOP
23294	-0.2023086	0.104	ANKS1A	0.4549104416291025		ANKS1A
2535	-0.4472387	0.104	FZD2	0.7289477000301685		FZD2
129303	-0.1495232	0.104	TMEM150A	0.1495625541208074		TMEM150A
6093	0.1726001	0.104	ROCK1	-0.3848601529348867		ROCK1
728492	0.2088329	0.104	SERF1B	0.0724489919268136		SERF1B
23542	-0.367135	0.104	MAPK8IP2	0.5453391039629651		MAPK8IP2
6146	0.1158317	0.104	RPL22	-0.4601084086596945		RPL22
23271	0.2179711	0.104	CAMSAP2	-0.2290623546182977		CAMSAP2
54209	0.6169942	0.104	TREM2	-0.5338144596796359		TREM2
100507516	0.4437956	0.104	LINC02984	-0.7272445324391059		LINC02984
29109	-0.1821542	0.104	FHOD1	0.2119095851872279		FHOD1
51433	0.0606688	0.104	ANAPC5	-0.1779833765976786		ANAPC5
1649	-0.2227817	0.104	DDIT3	0.3720751006602638		DDIT3
8913	-0.6234877	0.105	CACNA1G	0.9927492461710016		CACNA1G
25939	0.3930242	0.105	SAMHD1	-0.4416361760338265		SAMHD1
126017	0.1781824	0.105	ZNF813	0.0353127212020689		ZNF813
26128	-0.1196568	0.105	KIFBP	0.1149567760163545		KIFBP
8496	0.1757164	0.105	PPFIBP1	-0.184001893803769		PPFIBP1
23268	0.1159343	0.105	DNMBP	-0.1564178409596932		DNMBP
27333	-0.1638085	0.105	GOLIM4	-0.0567164569883171		GOLIM4
5860	-0.1845108	0.105	QDPR	0.0772047692042363		QDPR
220002	-0.1637405	0.105	CYB561A3	-0.0750082758629879		CYB561A3
23179	-0.1703663	0.105	RGL1	0.3858329853109734		RGL1
100506070	-0.3657512	0.105	RBFADN	0.5744958613217255		RBFADN
9394	0.2437862	0.105	HS6ST1	-0.2579384497010728		HS6ST1
400456	0.3396499	0.105	LETR1	-0.3061341964787124		LETR1
23514	0.1482716	0.105	SPIDR	0.1575262007639901		SPIDR
27094	0.1887097	0.105	KCNMB3	-0.1532829207375542		KCNMB3
146862	0.1421827	0.105	UNC45B	0.0060898737795476		UNC45B
57531	-0.1427564	0.106	HACE1	0.0931474516215282		HACE1
80004	-0.115963	0.106	ESRP2	-1.403032074277489		ESRP2
2206	-0.5917297	0.106	MS4A2	0.8876562813497466		MS4A2
9904	0.1147288	0.106	RBM19	-0.1135517450525567		RBM19
109617006	-0.4259599	0.106	SNORA63B	1.7290616338332894		SNORA63B
1285	-0.3860434	0.106	COL4A3	0.5237809113678424		COL4A3
79684	-0.1479973	0.106	MSANTD2	0.195566870882224		MSANTD2
5091	0.3140946	0.106	PC	-0.3103486530808585		PC
169166	0.6598776	0.106	SNX31	-0.3904994033402678		SNX31
79008	-0.1871364	0.106	SLX1B	-0.1586301148174813		SLX1B
79056	-0.6293132	0.106	PRRG4	0.8899217439485976		PRRG4
100507062	0.269562	0.106	PSMD6-AS2	-0.2190486040214579		PSMD6-AS2
84105	-0.1516963	0.106	PCBD2	0.2312248535307652		PCBD2
100129583	-0.3019972	0.106	FAM47E	0.8217184261739385		FAM47E
23259	0.1302762	0.106	DDHD2	-0.1569220661678372		DDHD2
27129	0.1582053	0.106	HSPB7	-0.1768773601704083		HSPB7
2649	0.1920684	0.106	NR6A1	-0.2474596992496058		NR6A1
4976	0.1787268	0.106	OPA1	-0.4052583208583762		OPA1
94039	-0.1633342	0.106	ZNF101	0.1765896119457286		ZNF101
199800	-0.4580662	0.107	ADM5	0.7368423370388437		ADM5
374875	0.1860393	0.107	HSD11B1L	0.2679956763767519		HSD11B1L
84852	0.2175661	0.107	ATP1A1-AS1	0.2597565374333528		ATP1A1-AS1
64087	0.1931477	0.107	MCCC2	-0.131064981795772		MCCC2
9481	-0.2175593	0.107	SLC25A27	0.4498113742649403		SLC25A27
645676	-0.2475715	0.107	ASH1L-AS1	0.6550783332971646		ASH1L-AS1
6132	0.1607995	0.107	RPL8	-0.1416920090853626		RPL8
387787	0.2908354	0.107	LIPT2	-0.2417728815665576		LIPT2
26278	-0.3831864	0.107	SACS	1.026253332843568		SACS
5715	0.1036185	0.107	PSMD9	-0.1198928764829725		PSMD9
1968	-0.1292167	0.107	EIF2S3	-0.0676027250984239		EIF2S3
283209	0.288495	0.107	PGM2L1	-0.2663156323450744		PGM2L1
2153	0.961156	0.107	F5	-0.9905434252454848		F5
9572	-0.4723556	0.107	NR1D1	0.6745129984300542		NR1D1
133383	0.2256104	0.108	SETD9	0.0782975255767692		SETD9
23708	0.1191053	0.108	GSPT2	0.0395060466946324		GSPT2
55860	-0.0980017	0.108	ACTR10	0.373581774464804		ACTR10
1891	0.2250746	0.108	ECH1	-0.1054748978537478		ECH1
102723927	-0.4258515	0.108	LINC01238	0.5190568420879789		LINC01238
3135	-0.2748291	0.108	HLA-G	1.1893015536725744		HLA-G
4927	0.107027	0.108	NUP88	-0.3914977920538103		NUP88
162394	0.3385066	0.108	SLFN5	-0.1481891970698554		SLFN5
3927	-0.1441791	0.108	LASP1	0.3097671755032154		LASP1
2790	-0.248446	0.108	GNG10	0.493756321982957		GNG10
152185	0.1693779	0.108	SPICE1	0.0375646676770968		SPICE1
221692	0.3691175	0.108	PHACTR1	-0.4770088063169533		PHACTR1
4888	0.2017161	0.108	NPY6R	0.0110383765069013		NPY6R
2918	0.5578731	0.108	GRM8	-0.0567879835244663		GRM8
285593	-0.4299167	0.108	LINC02995	0.1378912482347134		LINC02995
284439	-0.185983	0.108	SLC25A42	0.1072273427109689		SLC25A42
64753	-0.2639965	0.108	CCDC136	0.364074226484552		CCDC136
5864	0.2637235	0.109	RAB3A	-0.3005201621041493		RAB3A
23250	0.2021328	0.109	ATP11A	-0.3715014416262603		ATP11A
23250	0.2021328	0.109	ATP11A	-1.1600300384155853		ATP11A
167465	0.289292	0.109	ZNF366	-0.5281205343247599		ZNF366
9973	-0.1358605	0.109	CCS	0.4599295616049472		CCS
373	-0.1790276	0.109	TRIM23	-0.0442042118464498		TRIM23
3559	-0.5248662	0.109	IL2RA	0.1248420975681259		IL2RA
3750	-0.3033986	0.109	KCND1	0.6527425699758157		KCND1
602	-0.3176857	0.109	BCL3	0.6561872078398534		BCL3
26030	-0.1413484	0.109	PLEKHG3	0.3823243825030165		PLEKHG3
2882	-0.2166259	0.109	GPX7	0.4896411486134218		GPX7
83594	0.1966955	0.109	NUDT12	-0.3095548747232071		NUDT12
2677	-0.100784	0.109	GGCX	-0.0565190880299013		GGCX
11069	0.4599071	0.109	RAPGEF4	-0.2682917380377052		RAPGEF4
26137	-0.1641573	0.109	ZBTB20	0.2677587687494145		ZBTB20
54039	0.496416	0.109	PCBP3	-0.5708629837629298		PCBP3
1806	-0.2083191	0.11	DPYD	0.2454292887832609		DPYD
25758	-0.8613833	0.11	KIAA1549L	1.420724627606531		KIAA1549L
201633	-0.1664261	0.11	TIGIT	1.223833853274104		TIGIT
54897	-0.1463823	0.11	CASZ1	0.0341730720287447		CASZ1
80709	-0.2449465	0.11	AKNA	0.0692052018338604		AKNA
5082	-0.1968735	0.11	PDCL	-0.0784994205074625		PDCL
100507437	0.2229751	0.11	MTA1-DT	-0.134084714923942		MTA1-DT
283624	-0.1951572	0.11	LINC00641	0.3559428164363067		LINC00641
56102	-0.1635821	0.11	PCDHGB3	0.0414386499911725		PCDHGB3
84220	0.1151497	0.11	RGPD5	-0.0155096368938778		RGPD5
10695	0.1692288	0.11	CNPY3	0.0078777274318588		CNPY3
85015	0.177332	0.111	USP45	-0.2955046269124612		USP45
402415	0.1950644	0.111	XKRX	0.3318715399928056		XKRX
7019	0.1600576	0.111	TFAM	-0.0386423034079275		TFAM
3836	0.1384393	0.111	KPNA1	-0.4800499724836422		KPNA1
84896	0.126778	0.111	ATAD1	-0.2661707634507513		ATAD1
23788	0.1167098	0.111	MTCH2	0.0014544056939129		MTCH2
130752	-0.3846164	0.111	MDH1B	0.3992470275054331		MDH1B
10038	0.1138872	0.111	PARP2	0.1053490976994142		PARP2
57649	-0.0920573	0.111	PHF12	0.0218703839640008		PHF12
105371115	-0.5275041	0.111	LOC105371115	0.6453816093040852		LOC105371115
64065	-0.1651268	0.111	PERP	0.2379552108616085		PERP
120	0.159498	0.111	ADD3	-0.1802602935333288		ADD3
150356	0.341996	0.111	CHADL	-0.4058929639719575		CHADL
127544	0.1565792	0.111	RNF19B	-0.1109857419900866		RNF19B
84255	-0.1317397	0.111	SLC37A3	0.1627341931267487		SLC37A3
11027	0.5161565	0.111	LILRA2	-0.4474955963210737		LILRA2
348235	-0.1107779	0.111	SKA2	-0.2127930075522819		SKA2
699	0.4066634	0.112	BUB1	-0.3001817568229057		BUB1
1796	-0.2265072	0.112	DOK1	0.4827718001380465		DOK1
79596	0.1087131	0.112	OBI1	-0.0930989945556368		OBI1
51738	-0.3388427	0.112	GHRL	-0.0330947523603226		GHRL
387751	0.3705205	0.112	GVINP1	-0.0228414984258797		GVINP1
727956	0.1688777	0.112	SDHAP2	0.1766880180760308		SDHAP2
100506100	0.2936353	0.112	ZDHHC12-DT	-0.9679355614680007		ZDHHC12-DT
8986	0.1090251	0.112	RPS6KA4	0.0610291219788234		RPS6KA4
257240	-0.3803422	0.112	KLHL34	0.505144629077491		KLHL34
9753	0.1505936	0.112	ZSCAN12	-0.1461661060780259		ZSCAN12
6662	-0.3322151	0.112	SOX9	0.6168106370443436		SOX9
6005	0.6720376	0.112	RHAG	-0.7362731105050334		RHAG
284611	-0.3612349	0.113	EEIG2	0.6763471182135954		EEIG2
728658	0.1844721	0.113	RPL13AP5	0.25389896017065		RPL13AP5
11200	0.2716175	0.113	CHEK2	-0.2959986361668396		CHEK2
23473	0.122538	0.113	CAPN7	0.0845676408812847		CAPN7
23158	-0.1641227	0.113	TBC1D9	0.1937961315193979		TBC1D9
55917	-0.16568	0.113	CTTNBP2NL	0.0727353801723089		CTTNBP2NL
27018	0.1978877	0.113	BEX3	0.0224834846769859		BEX3
55534	-0.2728058	0.113	MAML3	0.363944039259473		MAML3
283849	-0.2521365	0.113	EXOC3L1	0.2279134547455661		EXOC3L1
4086	-0.1774205	0.113	SMAD1	-0.0111891046881087		SMAD1
9443	0.1172165	0.113	MED7	-0.1502103700347286		MED7
1388	-0.1204236	0.113	ATF6B	-0.0114408557512684		ATF6B
100379224	0.1199734	0.113	ZNF225-AS1	-0.0620963978097808		ZNF225-AS1
257397	0.1996432	0.113	TAB3	-0.134980453337512		TAB3
23613	0.2221868	0.113	ZMYND8	-0.4254407929844994		ZMYND8
7305	0.3364981	0.114	TYROBP	-0.2837021547718903		TYROBP
64773	-0.1591841	0.114	PCED1A	0.2294649388830656		PCED1A
55683	-0.0986189	0.114	KANSL3	0.2676017374097812		KANSL3
1075	0.4033899	0.114	CTSC	-0.5779733163920673		CTSC
3148	-0.2334805	0.114	HMGB2	0.3610796314249107		HMGB2
115557	0.1556512	0.114	ARHGEF25	0.2408000972269084		ARHGEF25
55786	0.1448661	0.114	ZNF415	-0.2725026475151493		ZNF415
9255	0.067499	0.114	AIMP1	0.0671535608149209		AIMP1
57821	-0.3852033	0.114	CCDC181	0.6621196274407997		CCDC181
5638	0.188599	0.114	PRRG1	-0.3394981508580423		PRRG1
493869	-0.3919522	0.114	GPX8	0.6127330512828033		GPX8
10328	0.1095866	0.114	EMC8	-0.2201049269295731		EMC8
11272	0.3037743	0.115	PRR4	0.0884131864689496		PRR4
100533970	-0.1399335	0.115	P2RX5-TAX1BP3	-0.9220280894099532		P2RX5-TAX1BP3
201627	-0.1722998	0.115	DENND6A	-0.4246631450702764		DENND6A
5000	0.1310416	0.115	ORC4	-0.182405907593556		ORC4
112770	0.1857862	0.115	GLMP	-0.0495876660389438		GLMP
23235	-0.1539088	0.115	SIK2	0.2345730739842118		SIK2
6657	0.5039178	0.115	SOX2	-0.2890572907153759		SOX2
130013	0.343155	0.116	ACMSD	0.997207438749074		ACMSD
81571	-0.197531	0.116	MIR600HG	1.588933581576903		MIR600HG
79647	0.169303	0.116	AKIRIN1	-0.2699590952825597		AKIRIN1
54926	0.0864128	0.116	UBE2R2	0.1357703266332084		UBE2R2
109729184	-0.7581272	0.116	SLC12A5-AS1	1.894693508591038		SLC12A5-AS1
55233	-0.1249277	0.116	MOB1A	-0.0553669436413146		MOB1A
9859	0.2150991	0.116	CEP170	-0.300028089645588		CEP170
58485	0.1301196	0.116	TRAPPC1	-0.0729005619976757		TRAPPC1
30850	0.267382	0.116	CDR2L	-0.1045986882011216		CDR2L
122553	0.0991552	0.116	TRAPPC6B	-0.5003585801275188		TRAPPC6B
101928036	0.4110918	0.116	HRAT17	-0.4983139670385261		HRAT17
2043	-0.4014879	0.116	EPHA4	0.2490886733348567		EPHA4
7428	-0.115339	0.116	VHL	0.1711730322305715		VHL
7342	0.1027606	0.116	UBP1	-0.2136058370732545		UBP1
8349	-0.1894706	0.116	H2BC21	0.247333564391714		H2BC21
200931	0.2658493	0.116	SLC51A	1.4240543045842535		SLC51A
205717	0.1467934	0.116	USF3	0.2344998274232606		USF3
80731	-0.5774036	0.116	THSD7B	0.7652481825841795		THSD7B
7768	0.1228951	0.116	ZNF225	0.0179401156020047		ZNF225
165530	-0.756202	0.116	CLEC4F	0.8224599644863098		CLEC4F
84279	0.1731417	0.116	PRADC1	-0.1315141073483881		PRADC1
100287616	-0.3408864	0.116	LOXL1-AS1	0.2980024033850021		LOXL1-AS1
386758	-0.2082663	0.117	ZNF582-DT	0.5297706487806035		ZNF582-DT
29904	0.2033464	0.117	EEF2K	-0.0980452331321264		EEF2K
100507404	0.2224532	0.117	TMLHE-AS1	1.226160228050139		TMLHE-AS1
84547	-0.1349804	0.117	PGBD1	0.3709830126892892		PGBD1
148413	-0.114822	0.117	MRPL20-AS1	0.3853501738984897		MRPL20-AS1
119016	-0.1248144	0.117	AGAP4	0.3399219766334075		AGAP4
7531	0.0881005	0.117	YWHAE	-0.2477308324712641		YWHAE
81558	0.2006103	0.117	FAM117A	-0.2249368814853412		FAM117A
3920	-0.1392646	0.117	LAMP2	0.0036411704263485		LAMP2
7026	0.204597	0.117	NR2F2	-0.0573925485837962		NR2F2
4066	-0.134928	0.118	LYL1	0.2009013279997344		LYL1
144717	0.2630252	0.118	PHETA1	-0.3887435060985877		PHETA1
285676	0.2170382	0.118	ZNF454	0.582810145735731		ZNF454
100885778	0.304234	0.118	NALCN-AS1	-1.2604256502167468		NALCN-AS1
51571	0.1713979	0.118	CYRIB	-0.2690651690639631		CYRIB
55846	-0.131226	0.118	ITFG2	0.3106182320215866		ITFG2
57707	-0.1225336	0.118	MEAK7	0.0995725067096309		MEAK7
104	0.184088	0.118	ADARB1	-0.000812278820585		ADARB1
6494	-0.1674387	0.118	SIPA1	0.2079581687724809		SIPA1
6238	0.1888304	0.118	RRBP1	0.0373917199331765		RRBP1
64776	0.1793036	0.119	CFAP68	0.041922039987897		CFAP68
9516	0.2909116	0.119	LITAF	-0.2403556903691264		LITAF
9107	-0.1912639	0.119	MTMR6	0.0720557497538894		MTMR6
221391	0.725019	0.119	OPN5	-0.4058945607866191		OPN5
644511	-0.3713249	0.119	RPL13AP6	0.375937569136751		RPL13AP6
161835	-0.5185818	0.119	FSIP1	0.9534781113167514		FSIP1
84275	-0.3060731	0.119	SLC25A33	0.6088432914364772		SLC25A33
4040	0.1742722	0.119	LRP6	-0.1403851927215269		LRP6
389072	0.1485867	0.12	PLEKHM3	-0.3630228137947855		PLEKHM3
22838	-0.1204757	0.12	RNF44	0.0346043649936111		RNF44
84071	0.2041952	0.12	ARMC2	-0.0773513893528514		ARMC2
92935	-0.2246743	0.12	MARS2	0.4418357984616476		MARS2
147463	-0.2824439	0.12	ANKRD29	0.2253166957759234		ANKRD29
129563	0.0865426	0.12	DIS3L2	0.0153580683670906		DIS3L2
255394	0.2599383	0.12	TCP11L2	-0.3249252752781295		TCP11L2
6155	0.2028877	0.12	RPL27	-0.0625560118105728		RPL27
81572	-0.2067481	0.12	PDRG1	0.2478499253954416		PDRG1
84376	-0.2013222	0.121	HOOK3	-0.0009607785211227		HOOK3
7263	0.1978388	0.121	TST	-0.1913919682766831		TST
26984	-0.1054139	0.121	SEC22A	0.1699846360554637		SEC22A
100996732	-0.247163	0.121	LINC02802	-0.1278475901063442		LINC02802
5143	-0.4076656	0.121	PDE4C	0.3556354721016026		PDE4C
400946	-0.4392034	0.121	LINC00954	0.6824613386739944		LINC00954
27243	0.1518397	0.121	CHMP2A	-0.1177250581275348		CHMP2A
7290	-0.1166364	0.121	HIRA	-0.1385318560078396		HIRA
5195	-0.144664	0.121	PEX14	0.0689703317081442		PEX14
84126	-0.1193174	0.121	ATRIP	0.0992733243038053		ATRIP
85016	-0.5329881	0.121	CFAP300	0.711353785658294		CFAP300
728780	-0.59954	0.121	ANKDD1B	0.5491271599449661		ANKDD1B
64097	0.1419023	0.121	EPB41L4A	-0.2570173476107023		EPB41L4A
101927726	0.4413265	0.121	BEAN1-AS1	0.2626808030112092		BEAN1-AS1
91624	0.242207	0.121	NEXN	0.0016666278239583		NEXN
51050	0.7852066	0.121	PI15	-0.5075701876425773		PI15
2595	0.110456	0.121	GANC	-8.342625421509098e-05		GANC
549	0.1061773	0.121	AUH	-0.0892770314915232		AUH
1465	-0.2385831	0.121	CSRP1	0.5156098993246818		CSRP1
84894	-0.3269779	0.121	LINGO1	0.2077266029517361		LINGO1
642361	-0.2016146	0.121	LOC642361	0.1043213669750267		LOC642361
105377862	0.6984905	0.122	LOC105377862	-0.7715111692219105		LOC105377862
58527	0.2816048	0.122	ABRACL	-0.0360509747911157		ABRACL
159371	-0.264248	0.122	SLC35G1	0.5277105274676357		SLC35G1
3376	0.1085525	0.122	IARS1	0.0844942318628234		IARS1
150291	-0.2125494	0.122	MORC2-AS1	0.4296403213784683		MORC2-AS1
27107	0.1621461	0.122	ZBTB11	-0.1866365098092104		ZBTB11
246	-0.8944663	0.122	ALOX15	-1.125622176702834		ALOX15
441151	0.8766696	0.122	TMEM151B	-0.4878965959870631		TMEM151B
23463	0.181247	0.122	ICMT	-0.3441324340780287		ICMT
643355	0.4574775	0.122	LINC01750	0.19407797969165		LINC01750
286148	0.20241	0.122	DPY19L4	-0.4814681403897145		DPY19L4
64747	0.1482729	0.122	MFSD1	0.4369074364935645		MFSD1
79587	0.1213767	0.122	CARS2	-0.0822633032011994		CARS2
57684	-0.1610686	0.123	ZBTB26	0.1939776994357045		ZBTB26
9862	-0.0960021	0.123	MED24	0.0053397980201923		MED24
60682	0.1063003	0.123	SMAP1	0.1593285558309722		SMAP1
6819	0.6144881	0.123	SULT1C2	-0.7027909031279309		SULT1C2
624	0.6640376	0.123	BDKRB2	-0.3356521029394421		BDKRB2
148534	-0.2630286	0.123	TLCD4	0.431195187099807		TLCD4
150962	0.1364075	0.123	PUS10	-0.0114874014045203		PUS10
7079	0.4520059	0.123	TIMP4	-0.4294291617498018		TIMP4
2783	-0.1100498	0.123	GNB2	0.2609856374761845		GNB2
6434	-0.1387803	0.123	TRA2B	0.1639155859900674		TRA2B
2295	-0.470957	0.123	FOXF2	0.8040613093328979		FOXF2
26031	0.2850013	0.123	OSBPL3	-0.2253655162659398		OSBPL3
9040	0.1349217	0.123	UBE2M	-0.1117758244563962		UBE2M
8660	-0.4813747	0.123	IRS2	0.5927542074500534		IRS2
91893	-0.1898939	0.123	FDXACB1	0.2524771655474922		FDXACB1
101928571	0.3323	0.123	ZNF649-AS1	0.992493732462728		ZNF649-AS1
23603	0.1288065	0.123	CORO1C	-0.4333527027327744		CORO1C
5271	0.2618636	0.123	SERPINB8	-0.2362791267457553		SERPINB8
9903	0.3179093	0.123	KLHL21	-0.4935337026376816		KLHL21
8761	0.1624817	0.123	PABPC4	-0.2157866734329907		PABPC4
103344931	-0.1291925	0.123	LOC103344931	0.3941171317549066		LOC103344931
10781	-0.1755122	0.123	ZNF266	0.2373753268373466		ZNF266
79364	-0.0945414	0.124	ZXDC	0.135178317536452		ZXDC
641298	0.1794076	0.124	SMG1P1	0.5626793746806675		SMG1P1
6047	-0.1059598	0.124	RNF4	0.0415369093275721		RNF4
5790	-0.3915854	0.124	PTPRCAP	0.4934954164708609		PTPRCAP
145407	0.2596764	0.124	ARMH4	-0.3779322883092888		ARMH4
10538	0.5162932	0.124	BATF	-0.5480399710014597		BATF
5346	1.1150886	0.124	PLIN1	-1.0851473487129253		PLIN1
25800	0.1416472	0.124	SLC39A6	-0.0826970296391786		SLC39A6
23467	-0.1796249	0.124	NPTXR	0.2482339874107499		NPTXR
80205	0.2190321	0.124	CHD9	-0.0666096499458936		CHD9
26092	-0.1385214	0.124	TOR1AIP1	-0.0501663375662966		TOR1AIP1
254228	0.2459466	0.124	CALHM5	0.0585949809691777		CALHM5
55762	-0.1294654	0.124	ZNF701	0.3933697406325994		ZNF701
388272	0.1364186	0.124	C16orf87	-0.6115038948232936		C16orf87
6493	0.2871027	0.125	SIM2	1.6449306112932067		SIM2
29992	-0.2535753	0.125	PILRA	0.6690159314258064		PILRA
4149	0.1443516	0.125	MAX	-0.5968456690724748		MAX
10095	0.1975338	0.125	ARPC1B	-0.0050735548410072		ARPC1B
5153	0.2007515	0.125	PDE1B	0.0289081169577873		PDE1B
5133	0.7213247	0.125	PDCD1	-0.649741418556909		PDCD1
100861517	-0.2571263	0.125	OCIAD1-AS1	0.0		OCIAD1-AS1
375033	-0.207038	0.125	PEAR1	0.2620632484730927		PEAR1
1956	-0.3054437	0.125	EGFR	0.5524607874434793		EGFR
7327	0.0955584	0.125	UBE2G2	-0.2007814163770271		UBE2G2
109729181	-0.2318775	0.125	ZNF710-AS1	0.341602926271932		ZNF710-AS1
10400	0.1401446	0.125	PEMT	0.2898047419767904		PEMT
64900	-0.1583411	0.125	LPIN3	0.2923110999429621		LPIN3
339541	0.5799101	0.125	ARMH1	-0.2465443297863529		ARMH1
2686	-0.1349561	0.125	GGT7	0.0905340756725472		GGT7
89832	0.51776	0.125	CHRFAM7A	-0.4644488944882234		CHRFAM7A
57609	-0.1233907	0.125	DIP2B	0.3685326803412621		DIP2B
22880	0.1096383	0.125	MORC2	0.0229285553395532		MORC2
28954	-0.2590207	0.125	REM1	0.5175823482161042		REM1
285973	-0.4100432	0.126	ATG9B	0.2403041516884672		ATG9B
29103	0.2106351	0.126	DNAJC15	-0.0402470429537258		DNAJC15
53	0.1312609	0.126	ACP2	-0.2380949292165546		ACP2
7755	-0.1600681	0.126	ZNF205	0.297859201327074		ZNF205
642843	-0.2083499	0.126	CPSF4L	1.6945300682709543		CPSF4L
9493	0.4325165	0.126	KIF23	-0.1369821650248726		KIF23
101927164	-0.2385636	0.126	LOC101927164	0.9677822977468776		LOC101927164
7621	-0.1540889	0.126	ZNF70	0.0598448282939997		ZNF70
653820	0.4117418	0.126	FAM72B	-0.0207570913555474		FAM72B
102724064	0.2226788	0.126	B4GAT1-DT	0.8626475003272801		B4GAT1-DT
102724064	0.2226788	0.126	B4GAT1-DT	0.8461563942549502		B4GAT1-DT
162993	0.1207504	0.126	ZNF846	-0.1609452876850468		ZNF846
3030	0.2213992	0.126	HADHA	-0.2061365779374622		HADHA
4121	-0.3086012	0.126	MAN1A1	0.3584767175638315		MAN1A1
653659	0.1294706	0.126	TMEM183BP	-0.2337569942736221		TMEM183BP
80218	0.1402837	0.126	NAA50	-0.2435255308543142		NAA50
29107	-0.196538	0.126	NXT1	0.3921800122379095		NXT1
345222	-0.1214438	0.126	MSANTD1	0.3863772111850436		MSANTD1
90410	-0.1291797	0.126	IFT20	0.1833971897854036		IFT20
22950	0.1084373	0.126	SLC4A1AP	0.1798846272721288		SLC4A1AP
353345	-0.6386131	0.127	GPR141	1.7245180538117486		GPR141
64710	0.1086275	0.127	NUCKS1	-0.498039900623473		NUCKS1
79658	0.1664849	0.127	ARHGAP10	0.1323581796132114		ARHGAP10
219749	0.1216016	0.127	ZNF25	-0.1530731562863665		ZNF25
81794	-0.2935187	0.127	ADAMTS10	0.2359107981031942		ADAMTS10
554203	-0.2359531	0.127	JPX	-0.0168083824074507		JPX
10885	0.1078132	0.127	WDR3	-0.0704249138409132		WDR3
90427	0.3312768	0.127	BMF	-0.2787069626101501		BMF
644192	0.293931	0.127	NR2F2-AS1	-0.1699069397802353		NR2F2-AS1
912	-0.3624132	0.127	CD1D	0.5449727835584229		CD1D
80221	0.2868227	0.127	ACSF2	0.0527028008590129		ACSF2
441094	-0.6065942	0.127	NR2F1-AS1	0.781157550395798		NR2F1-AS1
25948	0.1167404	0.127	KBTBD2	-0.1434021625892274		KBTBD2
55344	-0.3480535	0.127	PLCXD1	0.5024094158842195		PLCXD1
677814	-0.2743142	0.127	SNORA31	1.2273921990276229		SNORA31
56912	0.1593653	0.127	IFT46	-0.4112572074980765		IFT46
55576	-0.6750285	0.127	STAB2	1.610316151211699		STAB2
8655	0.2823402	0.127	DYNLL1	-0.1192208447588232		DYNLL1
347730	-0.552898	0.127	LRRTM1	0.558202288375909		LRRTM1
342035	-0.3618048	0.127	GLDN	0.6007440298153943		GLDN
92906	-0.1314673	0.127	HNRNPLL	0.0408157292345618		HNRNPLL
5723	-0.1970776	0.127	PSPH	0.1589525698177856		PSPH
6273	-0.3614399	0.128	S100A2	0.5120450411757198		S100A2
55658	-0.1403665	0.128	RNF126	-0.1329888528455924		RNF126
9343	0.0801956	0.128	EFTUD2	-0.3413075797380998		EFTUD2
93517	-0.465189	0.128	SDR42E1	0.3856800693390838		SDR42E1
2355	-0.4002892	0.128	FOSL2	0.401532830346591		FOSL2
91966	0.122284	0.128	EOLA1	0.14013252025488		EOLA1
113263	-0.2497316	0.128	GLCCI1	0.1646914898968527		GLCCI1
222255	-0.1420928	0.128	ATXN7L1	-0.162003600647991		ATXN7L1
8241	-0.1198063	0.128	RBM10	0.3767347734575534		RBM10
402	-0.1156024	0.128	ARL2	0.2852312632103277		ARL2
55911	0.3890649	0.128	APOBR	-0.1698233347996834		APOBR
134957	0.2026557	0.128	STXBP5	-0.3381162783176799		STXBP5
283897	-0.5128905	0.128	C16orf54	0.552079661995503		C16orf54
27335	0.1423448	0.129	EIF3K	0.0825774421971168		EIF3K
1633	-0.1797924	0.129	DCK	0.0497796046553942		DCK
378708	0.1978087	0.129	CENPS	-0.0874602874276697		CENPS
100132103	-0.2983892	0.129	FAM66E	1.9543482748805336		FAM66E
101927983	-0.303313	0.129	EDRF1-AS1	-0.4769268180971178		EDRF1-AS1
81691	0.2150511	0.129	REXO5	0.0224315522606282		REXO5
55922	-0.1260222	0.129	NKRF	0.2358029015829155		NKRF
144321	-0.3882893	0.129	GLIPR1L2	0.4545931501492795		GLIPR1L2
81029	-0.4507583	0.129	WNT5B	0.6835874357567331		WNT5B
54453	-0.1254044	0.129	RIN2	0.311431475611073		RIN2
81556	-0.1016827	0.129	INTS14	0.0956626411683965		INTS14
56971	0.2488892	0.129	CEACAM19	-0.2597049163745448		CEACAM19
119385	0.2013739	0.13	AGAP11	-0.3611265189716433		AGAP11
653075	-0.1696454	0.13	GOLGA8T	-0.2975995319642068		GOLGA8T
101927922	0.5414488	0.13	LINC01479	-0.3067854857300016		LINC01479
9095	-0.2974319	0.13	TBX19	0.6145804462448642		TBX19
3696	-0.4339219	0.13	ITGB8	0.7429316810491038		ITGB8
253639	-0.1838144	0.13	ZNF620	0.38858124798913		ZNF620
730	0.3066447	0.13	C7	-0.0549416948781704		C7
5467	-0.1073977	0.13	PPARD	0.1816580810945041		PPARD
18	-0.3909285	0.13	ABAT	0.7324332634432529		ABAT
5996	-0.9524754	0.13	RGS1	1.4582135741696969		RGS1
255231	-0.5274484	0.13	MCOLN2	0.2472360495490264		MCOLN2
753	-0.2126855	0.13	LDLRAD4	0.3509460040889922		LDLRAD4
22932	-0.3607382	0.13	POMZP3	0.4073201137485926		POMZP3
89958	0.549675	0.13	SAPCD2	-0.5934778602515625		SAPCD2
100271836	0.1969754	0.13	SMG1P3	0.2840185440815201		SMG1P3
80184	0.2274511	0.131	CEP290	0.0546110548419278		CEP290
9677	-0.1231612	0.131	PPIP5K1	-0.0624226541589929		PPIP5K1
54885	0.3024696	0.131	TBC1D8B	-0.1084007033516006		TBC1D8B
23607	0.2263827	0.131	CD2AP	-0.0620684900186896		CD2AP
54777	0.3778867	0.131	CFAP46	-0.1799580357985005		CFAP46
83443	0.1555819	0.131	SF3B5	-0.0991369308104381		SF3B5
23671	0.6918606	0.131	TMEFF2	-0.4045387244510221		TMEFF2
22924	0.1484942	0.131	MAPRE3	-0.0006239371331089		MAPRE3
26958	-0.1074882	0.131	COPG2	0.3672575739954329		COPG2
26958	-0.1074882	0.131	COPG2	0.255991641851101		COPG2
9654	-0.1645052	0.131	TTLL4	0.4229711908647058		TTLL4
124565	-0.1339809	0.131	SLC38A10	0.2595757352501229		SLC38A10
9816	-0.1511593	0.131	URB2	0.3998506118333189		URB2
778	-0.4254508	0.131	CACNA1F	0.0090715041473408		CACNA1F
55815	-0.2366656	0.132	TSNAXIP1	0.3808721075414379		TSNAXIP1
8499	0.3029434	0.132	PPFIA2	-0.7018601527504291		PPFIA2
3423	-0.1479894	0.132	IDS	-0.0105728463775296		IDS
4683	0.1590071	0.132	NBN	-0.0149617673323092		NBN
4856	-0.4754517	0.132	CCN3	0.6107696250281278		CCN3
7018	0.7758589	0.132	TF	-0.3913065908797841		TF
4793	0.1582065	0.132	NFKBIB	0.1565908534568256		NFKBIB
2033	0.1448832	0.132	EP300	0.019654066412984		EP300
11077	-0.5430978	0.132	HSF2BP	-0.0853578781336885		HSF2BP
49856	-0.1025305	0.132	WRAP73	0.0342722949407661		WRAP73
445328	0.37777	0.132	ARHGEF35	-0.6338667628731276		ARHGEF35
338651	-0.4666424	0.132	KRTAP5-AS1	0.7769122445200081		KRTAP5-AS1
100289230	-0.2450921	0.132	LOC100289230	-0.4765163191988391		LOC100289230
28227	0.1648307	0.132	PPP2R3B	-0.1426557600669422		PPP2R3B
57555	0.1942538	0.132	NLGN2	0.129410542550532		NLGN2
55650	0.1516319	0.132	PIGV	0.1280817961861717		PIGV
22901	-0.1814582	0.133	ARSG	0.5870528800536365		ARSG
28990	-0.1277676	0.133	ASTE1	-0.2351402247011664		ASTE1
50717	0.0871544	0.133	DCAF8	-0.2055081058015631		DCAF8
64397	0.1652942	0.133	ZNF106	-0.2170786715121737		ZNF106
2592	-0.1313408	0.133	GALT	0.404647444221661		GALT
3708	-0.2151296	0.133	ITPR1	0.4750199976950009		ITPR1
100507403	-0.6282268	0.133	LOC100507403	0.6042539977903729		LOC100507403
25943	-0.1323667	0.133	DNAAF9	0.1070041981850167		DNAAF9
4248	-0.4133362	0.133	MGAT3	0.5751691413846576		MGAT3
92806	0.1231156	0.133	CENPBD1P	-0.0575382458252966		CENPBD1P
105373878	-0.287675	0.133	TNS1-AS1	0.7176921733939506		TNS1-AS1
7075	-0.2131137	0.134	TIE1	0.5121215211421939		TIE1
27112	0.7504966	0.134	NALF2	-0.7366405202543458		NALF2
10445	0.1372832	0.134	MCRS1	-0.1114024177585202		MCRS1
11273	-0.1079555	0.134	ATXN2L	0.3679594893961635		ATXN2L
6738	-0.2276796	0.134	RO60	0.0067072438238429		RO60
647087	0.1091772	0.134	STMP1	0.1833283018017519		STMP1
158135	-0.1998241	0.134	TTLL11	0.4043082589501146		TTLL11
80759	-0.3885156	0.134	KHDC1	0.4198638864385672		KHDC1
23774	-0.100789	0.134	BRD1	0.1096616404680244		BRD1
25953	0.1087777	0.134	PNKD	0.2487894433044335		PNKD
4713	-0.1547198	0.134	NDUFB7	0.1995570833825457		NDUFB7
5062	0.1269356	0.134	PAK2	-0.0553588611174626		PAK2
79943	-0.1322307	0.134	ZNF696	0.3360771491195626		ZNF696
101927990	0.3255198	0.135	TRDN-AS1	-0.3236452792582955		TRDN-AS1
114836	-0.5374076	0.135	SLAMF6	0.7044707660318046		SLAMF6
140699	0.1259359	0.135	MROH8	-0.1806360024594888		MROH8
84546	-0.3573525	0.135	SNORD35B	1.0200451142598643		SNORD35B
54957	-0.263957	0.135	TXNL4B	0.2629088938585604		TXNL4B
163175	-0.2433171	0.135	LGI4	0.4601435358681844		LGI4
3315	-0.2694765	0.135	HSPB1	0.410580266454188		HSPB1
100129250	-0.1660277	0.135	SMIM27	0.476776527171046		SMIM27
79026	0.132663	0.135	AHNAK	-0.0568477773151023		AHNAK
100506115	0.4650817	0.135	PELATON	-0.301874261028261		PELATON
79633	-0.2388059	0.135	FAT4	0.4218278213308265		FAT4
80213	0.1270876	0.135	TM2D3	-0.094026900141654		TM2D3
100137047	-0.1250673	0.135	JMJD7	0.0518754802894552		JMJD7
84919	-0.1716411	0.136	PPP1R15B	0.1738242753889216		PPP1R15B
51008	0.1271807	0.136	ASCC1	-0.2211950822581068		ASCC1
54874	0.1614359	0.136	FNBP1L	-0.2554798915975573		FNBP1L
51773	0.1071568	0.136	RSF1	-0.3005935228370484		RSF1
115811	0.2643749	0.136	IQCD	-0.2003107203860046		IQCD
57494	-0.1960794	0.136	RIMKLB	0.3008103142394231		RIMKLB
105371824	0.4292447	0.136	LOC105371824	1.7405870223969857		LOC105371824
4499	-0.7810252	0.136	MT1M	1.1427102601793273		MT1M
7351	-0.3654725	0.136	UCP2	0.4072753261623711		UCP2
8638	-0.7201196	0.136	OASL	0.8793291364152686		OASL
4853	-0.244687	0.136	NOTCH2	0.1964680412043562		NOTCH2
339500	-0.1746875	0.136	ZNF678	0.3730882018726555		ZNF678
5193	-0.1516062	0.136	PEX12	0.1815581778657629		PEX12
1459	0.1800209	0.136	CSNK2A2	-0.3077629596707618		CSNK2A2
100533181	-0.1841324	0.136	FXYD6-FXYD2	0.6616410715028982		FXYD6-FXYD2
3560	-0.496942	0.137	IL2RB	0.5285262228068044		IL2RB
100505832	0.3839711	0.137	PROX1-AS1	0.3047450933770923		PROX1-AS1
2873	-0.0988483	0.137	GPS1	0.499851969865059		GPS1
54938	0.1378582	0.137	SARS2	0.0198150683946387		SARS2
114785	-0.1195145	0.137	MBD6	0.7028122826648362		MBD6
91975	-0.2617902	0.137	ZNF300	0.3678745124628844		ZNF300
26190	0.0734589	0.137	FBXW2	-0.2029144789239518		FBXW2
284716	0.3017217	0.137	RIMKLA	-0.0292800699684243		RIMKLA
658	0.4303015	0.137	BMPR1B	-0.3854626645191553		BMPR1B
2257	0.3434916	0.138	FGF12	-0.3630240897350152		FGF12
28987	0.1216795	0.138	NOB1	-0.2492918737488141		NOB1
6767	0.092825	0.138	ST13	0.1694314571956354		ST13
285513	0.2359469	0.138	GPRIN3	-0.2287580557814319		GPRIN3
81027	0.3015286	0.138	TUBB1	-0.5421435253218219		TUBB1
729614	0.1670878	0.138	SPEN-AS1	-0.0656541138912949		SPEN-AS1
65268	0.199397	0.138	WNK2	-0.2477867577433956		WNK2
2169	1.3838289	0.138	FABP2	-1.1373051821312172		FABP2
11107	-0.1873739	0.138	PRDM5	0.0863539562065507		PRDM5
246175	-0.211363	0.138	CNOT6L	0.0143466402843976		CNOT6L
375057	0.3079558	0.138	STUM	-0.3009468186873518		STUM
79827	-0.3784115	0.138	CLMP	0.3133051848267505		CLMP
440515	-0.1505358	0.138	ZNF506	0.2486898165565905		ZNF506
57593	-0.1532338	0.138	EBF4	0.355917909454682		EBF4
403341	-0.1693382	0.138	ZBTB34	0.4010931400599036		ZBTB34
861	-0.6493731	0.138	RUNX1	0.8433768375513776		RUNX1
9984	0.1353972	0.138	THOC1	-0.0170424370730559		THOC1
1195	-0.2128794	0.138	CLK1	0.5097261163923541		CLK1
3310	-0.4453298	0.138	HSPA6	0.3172562419310685		HSPA6
11099	-0.1536515	0.139	PTPN21	0.1467114451321229		PTPN21
29119	-0.1783561	0.139	CTNNA3	0.1178968706216654		CTNNA3
25798	0.1398982	0.139	BRI3	0.1284688720481019		BRI3
56704	0.2260257	0.139	JPH1	-0.3728460767458803		JPH1
10046	-0.2643565	0.139	MAMLD1	0.6107249677741103		MAMLD1
51247	0.0870767	0.139	PAIP2	0.0057442817436275		PAIP2
2898	0.582492	0.139	GRIK2	-0.381712123357189		GRIK2
100862662	0.4213965	0.139	ALDH1L1-AS2	-0.22550834183648		ALDH1L1-AS2
51132	-0.1103226	0.139	RLIM	0.1606412277929023		RLIM
100996539	-0.3477462	0.139	ITPR1-DT	0.3476031669403758		ITPR1-DT
10597	0.1944602	0.139	TRAPPC2B	-0.0200276870846241		TRAPPC2B
3664	0.3516102	0.139	IRF6	-0.3923545238458441		IRF6
29928	0.1134501	0.139	TIMM22	0.1101543438969434		TIMM22
10005	0.1107733	0.139	ACOT8	-0.07135777099991		ACOT8
7916	-0.0884876	0.139	PRRC2A	0.5170089572660528		PRRC2A
79759	-0.199001	0.139	ZNF668	0.0303997368358821		ZNF668
10990	0.3849527	0.14	LILRB5	-0.2853879062870135		LILRB5
130399	0.8362782	0.14	ACVR1C	-0.7707360584619085		ACVR1C
6018	0.1262709	0.14	RLF	0.1250033789222651		RLF
56648	-0.1743775	0.14	EIF5A2	-0.1146137330267151		EIF5A2
84450	-0.0864357	0.14	ZNF512	0.2999246657896286		ZNF512
89978	-0.1898673	0.14	DPH6	0.1694350258227865		DPH6
90024	0.2762892	0.141	FLJ20021	-0.2025000248642339		FLJ20021
22862	-0.1769604	0.141	FNDC3A	0.2271009811616147		FNDC3A
55012	0.1084437	0.141	PPP2R3C	-0.1533709527986548		PPP2R3C
4855	-0.214892	0.141	NOTCH4	0.214955616482432		NOTCH4
57419	-0.3283727	0.141	SLC24A3	0.6165113781377708		SLC24A3
23516	0.2044123	0.141	SLC39A14	-0.1071458798268265		SLC39A14
23503	0.0943816	0.141	ZFYVE26	-0.4232788744350468		ZFYVE26
51014	-0.2844462	0.141	TMED7	-0.0707450511691716		TMED7
79888	0.1543123	0.141	LPCAT1	-0.2174792648770092		LPCAT1
146547	0.3637129	0.141	PRSS36	-0.3099894725509785		PRSS36
51542	0.0921344	0.142	VPS54	0.0447922794756494		VPS54
148156	0.1112435	0.142	ZNF558	-0.043883331840004		ZNF558
25847	-0.1299755	0.142	ANAPC13	0.1696767258466414		ANAPC13
7551	0.1046463	0.142	ZNF3	-0.1312364772993253		ZNF3
114908	0.1457079	0.142	TMEM123	-0.5719589607504014		TMEM123
2521	-0.1528548	0.142	FUS	0.4511544131899061		FUS
4081	-0.2910985	0.143	MAB21L1	0.4794241189371603		MAB21L1
162966	0.208631	0.143	ZNF600	-0.2143810156922225		ZNF600
148	0.2635637	0.143	ADRA1A	-0.3910500437113322		ADRA1A
2624	-0.2645217	0.143	GATA2	0.1045959422191131		GATA2
85407	-0.4351186	0.143	NKD1	0.646083389026546		NKD1
196446	0.6870463	0.143	MYRFL	-0.6792792707541397		MYRFL
547	-0.5456007	0.143	KIF1A	0.7724032310031131		KIF1A
27151	0.4183857	0.143	CPAMD8	-0.4757256346915417		CPAMD8
115024	0.1543202	0.143	NT5C3B	-0.1730704784389933		NT5C3B
10548	-0.0859154	0.143	TM9SF1	-0.196410362777903		TM9SF1
55324	0.1144788	0.143	ABCF3	0.121296558731796		ABCF3
55603	0.2045803	0.143	TENT5A	-0.6456100647931837		TENT5A
9491	0.0846299	0.143	PSMF1	-0.0386418360273976		PSMF1
255512	0.3716053	0.143	TOLLIP-DT	-0.0008855020881447		TOLLIP-DT
283131	0.278591	0.143	NEAT1	-0.1266272405622572		NEAT1
9110	-0.1995696	0.143	MTMR4	0.0036375168674371		MTMR4
6596	-0.1804235	0.144	HLTF	0.268304117961986		HLTF
4218	0.1155609	0.144	RAB8A	-0.4467087913915275		RAB8A
9620	0.161775	0.144	CELSR1	-0.0479767613872734		CELSR1
80000	0.2966934	0.144	GREB1L	-0.2625753241491377		GREB1L
57171	0.1387192	0.144	DOLPP1	0.0991644729184542		DOLPP1
117143	0.0925285	0.144	TADA1	-0.0193765886151444		TADA1
25862	0.1072814	0.144	USP49	-0.1293411332624409		USP49
5463	-0.1310482	0.144	POU6F1	0.1366877061678622		POU6F1
160851	-0.165015	0.144	DGKH	0.4973595947544157		DGKH
23401	0.2024549	0.144	FRAT2	-0.1796665568039936		FRAT2
101926956	0.3009503	0.144	LOC101926956	-0.6811001595484927		LOC101926956
56339	-0.0705708	0.144	METTL3	0.0865149830863645		METTL3
1286	-0.360573	0.144	COL4A4	0.4250351612613778		COL4A4
84102	-0.3293629	0.144	SLC41A2	0.046800665883502		SLC41A2
154141	0.2015867	0.144	MBOAT1	-0.1948830334327627		MBOAT1
5890	-0.263114	0.144	RAD51B	0.7702934766977225		RAD51B
39	0.1253277	0.144	ACAT2	-0.2528416949166843		ACAT2
6625	-0.1092209	0.144	SNRNP70	0.0959949495824314		SNRNP70
85329	1.3293597	0.144	LGALS12	-1.0742995531622088		LGALS12
153364	0.2471292	0.144	MBLAC2	-0.1607159706172256		MBLAC2
8239	0.1105717	0.144	USP9X	-0.0905739611262728		USP9X
5191	-0.1964592	0.145	PEX7	0.5305207047506659		PEX7
6242	-0.1664094	0.145	RTKN	0.2876675393581469		RTKN
22823	-0.1492591	0.145	MTF2	0.0594549839282874		MTF2
203286	-0.1490383	0.145	ANKS6	0.0705640565040317		ANKS6
130617	0.1409893	0.145	ZFAND2B	0.1519614273388763		ZFAND2B
57575	-0.7798178	0.145	PCDH10	1.4220047647602536		PCDH10
7516	0.3118023	0.145	XRCC2	-0.3275956123765959		XRCC2
113	-0.27577	0.145	ADCY7	0.5445351668158063		ADCY7
223082	-0.1824077	0.145	ZNRF2	-0.2360334599755176		ZNRF2
23623	-0.1337555	0.145	RUSC1	0.2591142958168446		RUSC1
4651	-0.3151128	0.145	MYO10	0.1346932382425059		MYO10
10025	-0.1360863	0.145	MED16	0.1986203546222933		MED16
79068	-0.0810062	0.145	FTO	0.2089679794500369		FTO
7049	0.2813374	0.145	TGFBR3	-0.4177834838774283		TGFBR3
2937	0.1061675	0.145	GSS	-0.0136849325572256		GSS
221184	0.1598344	0.145	CPNE2	-0.002172657429853		CPNE2
5176	-0.2666624	0.145	SERPINF1	0.4992281939996168		SERPINF1
6599	-0.120931	0.145	SMARCC1	-0.0651013991314761		SMARCC1
4306	0.2573838	0.145	NR3C2	-0.592731262443595		NR3C2
2034	-0.2025828	0.145	EPAS1	0.2097384070057559		EPAS1
1519	-0.2100671	0.145	CTSO	0.3020473174826446		CTSO
147040	-0.1966306	0.145	KCTD11	0.443820787056896		KCTD11
441272	-0.149005	0.146	SPDYE3	-0.239169926588608		SPDYE3
143884	0.1210378	0.146	CWF19L2	-0.2281573280457078		CWF19L2
105369147	0.2402917	0.146	LOC105369147	-0.5969230527940608		LOC105369147
199786	-0.3760427	0.146	NIBAN3	0.5273858052688496		NIBAN3
23354	-0.1701813	0.146	HAUS5	0.2825965195346605		HAUS5
51631	0.0802075	0.146	LUC7L2	0.3687407127363711		LUC7L2
440894	-0.3093343	0.146	LINC01123	0.14951107580886		LINC01123
2353	-0.9504553	0.146	FOS	1.192162031692444		FOS
8322	-0.1374728	0.146	FZD4	0.165664825378963		FZD4
55858	0.1469365	0.146	TMEM165	-0.1601786178013062		TMEM165
3034	-0.6160078	0.146	HAL	0.8109602246136121		HAL
64783	0.1765445	0.147	RBM15	-0.0352946401262515		RBM15
1967	0.0763529	0.147	EIF2B1	-0.0753286438212637		EIF2B1
1351	-0.1511606	0.147	COX8A	0.382545758739198		COX8A
1347	0.1712728	0.147	COX7A2	-0.1873429828427806		COX7A2
127829	0.1107695	0.147	ARL8A	-0.1187074341655476		ARL8A
51317	0.097593	0.147	PHF21A	-0.299019010243259		PHF21A
9452	-0.206931	0.147	ITM2A	-0.2112366000378509		ITM2A
23408	0.1179242	0.147	SIRT5	0.1034510023913668		SIRT5
26155	0.1014789	0.147	NOC2L	-0.1529476231301325		NOC2L
55806	-0.3390349	0.147	HR	0.4542306212949787		HR
643136	0.1184824	0.147	ZC3H11B	-0.5378563114794139		ZC3H11B
80305	-0.1168236	0.147	TRABD	0.1610997524961441		TRABD
90075	0.1720581	0.147	ZNF30	-0.1460252220810702		ZNF30
441054	-0.3286316	0.148	C4orf47	0.3700559897544095		C4orf47
10468	-0.4513445	0.148	FST	0.5951164240548923		FST
10242	-0.3739645	0.148	KCNMB2	0.5405113376930617		KCNMB2
93594	0.1306792	0.148	TBC1D31	0.1976980681393725		TBC1D31
84867	-0.5172112	0.148	PTPN5	0.455817176376676		PTPN5
3563	0.219776	0.148	IL3RA	-0.1624775074598665		IL3RA
401720	-0.3604711	0.148	FIGNL2	0.2802993421843363		FIGNL2
647979	-0.12249	0.148	NORAD	0.2156084305499339		NORAD
976	0.1378099	0.148	ADGRE5	0.1216056454604035		ADGRE5
219731	0.4724296	0.148	PROSER2-AS1	-0.3460833307683378		PROSER2-AS1
347735	0.5449154	0.148	SERINC2	-0.3680480210303175		SERINC2
85390	-0.5981942	0.148	SNORD14D	-1.8171358038046852		SNORD14D
5431	0.0757863	0.148	POLR2B	-0.206772147055247		POLR2B
100996660	-0.2378381	0.148	LOC100996660	0.141090715749118		LOC100996660
151534	-0.187759	0.148	LBX2-AS1	0.4972745936181398		LBX2-AS1
2941	-0.1312127	0.148	GSTA4	0.1798877145369122		GSTA4
54518	0.3441677	0.148	APBB1IP	-0.0400684460074216		APBB1IP
6125	0.1469714	0.148	RPL5	0.0463054364491686		RPL5
25870	-0.1095132	0.148	SUMF2	0.3608773620409238		SUMF2
8840	0.3754478	0.148	CCN4	-0.1403540613194471		CCN4
10224	-0.1538911	0.148	ZNF443	0.23146273973368		ZNF443
10325	-0.1127866	0.148	RRAGB	0.4026136033308529		RRAGB
117289	-0.4113197	0.149	TAGAP	0.5631005198904016		TAGAP
81856	-0.114177	0.149	ZNF611	0.155106483095138		ZNF611
84305	0.1558152	0.149	PYM1	-0.1256824240358343		PYM1
4916	-0.2674268	0.149	NTRK3	0.3317521409724273		NTRK3
54458	0.1461387	0.149	PRR13	0.022068848174845		PRR13
9857	0.1816595	0.149	CEP350	-0.2428498890566124		CEP350
63892	0.075325	0.149	THADA	0.446625310763614		THADA
148304	0.1898313	0.149	C1orf74	-0.1728741718985573		C1orf74
7110	0.1578768	0.149	TMF1	-0.2351119719553454		TMF1
23057	0.399923	0.149	NMNAT2	-0.0905705684415063		NMNAT2
119504	0.1155441	0.149	ANAPC16	0.0433146478147872		ANAPC16
147670	-0.4454769	0.149	SMIM17	0.6022078634385291		SMIM17
51585	0.1313934	0.149	PCF11	0.1753401078392862		PCF11
1452	-0.1080834	0.149	CSNK1A1	-0.2317159326380071		CSNK1A1
130162	-0.2493194	0.149	CLHC1	0.2675216065357806		CLHC1
28912	-0.9588208	0.149	IGKV3-20	0.9417389113773368		IGKV3-20
115939	0.1201429	0.15	TSR3	-0.0833811226949023		TSR3
255488	0.2614631	0.15	RNF144B	-0.0068090631276733		RNF144B
100505635	0.2586753	0.15	DAAM2-AS1	-0.6810160743513247		DAAM2-AS1
8603	0.1025141	0.15	FAM193A	0.0771587801461306		FAM193A
342977	-0.3798988	0.15	NANOS3	0.6530062790064582		NANOS3
133957	0.1214833	0.15	CCDC127	-0.4232589666631043		CCDC127
79048	0.0854053	0.15	SECISBP2	0.0383385261469735		SECISBP2
368	-0.5833028	0.15	ABCC6	0.3241270193494762		ABCC6
33	-0.4213429	0.15	ACADL	0.3893719110781282		ACADL
124599	0.5560653	0.15	CD300LB	-0.5662824149250565		CD300LB
128272	-0.3463828	0.15	ARHGEF19	0.2932934433969236		ARHGEF19
219539	0.2891541	0.15	YPEL4	-0.1879380527981684		YPEL4
47	0.1158379	0.15	ACLY	-0.4034993378785065		ACLY
56985	0.1460007	0.15	ADPRM	0.2253160134466618		ADPRM
84171	0.5891637	0.15	LOXL4	-1.7181907019762648		LOXL4
339448	0.0928778	0.15	C1orf174	-0.0665985377364637		C1orf174
627	-0.6644202	0.15	BDNF	0.7912009486335081		BDNF
140459	-0.0873738	0.15	ASB6	0.0338916146673571		ASB6
11191	0.1692991	0.151	PTENP1	-0.3561040936734523		PTENP1
51371	0.1317709	0.151	POMP	0.0977655861194319		POMP
6676	0.2205721	0.151	SPAG4	-0.1945338331894994		SPAG4
91056	-0.1065983	0.151	AP5B1	0.1067201165922384		AP5B1
55280	-0.1243915	0.151	CWF19L1	0.0422289843361891		CWF19L1
55217	0.1277819	0.151	TMLHE	-0.2854743494531275		TMLHE
10333	0.3650898	0.151	TLR6	-0.1914324329532378		TLR6
79846	-0.1929176	0.151	CFAP69	0.4270788692715577		CFAP69
55367	-0.1559347	0.151	PIDD1	0.309268877033642		PIDD1
138241	-0.1131847	0.151	C9orf85	0.0604240890935114		C9orf85
4088	-0.1402222	0.151	SMAD3	0.0916861719639099		SMAD3
3337	-0.2029221	0.151	DNAJB1	0.1008110564183466		DNAJB1
100506714	0.1489695	0.151	NUP50-DT	0.0829457313572867		NUP50-DT
8839	0.4591502	0.151	CCN5	-0.105322830412577		CCN5
10229	0.1110846	0.151	COQ7	-0.0268708230869973		COQ7
107984773	-0.395077	0.152	LINC01852	0.6543017789200283		LINC01852
57418	-0.2051093	0.152	WDR18	0.4662892064348853		WDR18
10327	-0.1145934	0.152	AKR1A1	0.2176025648729931		AKR1A1
6129	0.1366741	0.152	RPL7	0.2116354689791131		RPL7
205564	-0.1010984	0.152	SENP5	0.255372637233795		SENP5
83464	-0.156288	0.152	APH1B	0.1088996306862517		APH1B
101928111	-0.3741787	0.152	HDAC4-AS1	0.6991052716113693		HDAC4-AS1
401152	0.1089785	0.152	C4orf3	0.0007960395316617		C4orf3
249	0.2599838	0.152	ALPL	-0.0360552645072997		ALPL
222962	0.3839394	0.152	SLC29A4	-0.5153190734752618		SLC29A4
10936	-0.260352	0.152	GPR75	0.2635263799970395		GPR75
6636	0.1726619	0.152	SNRPF	-0.0022542651410164		SNRPF
23350	0.1088726	0.152	U2SURP	0.2136858886862853		U2SURP
375133	-0.1395775	0.152	PI4KAP2	0.1830148572250569		PI4KAP2
481	0.1550842	0.152	ATP1B1	-0.1339590580367282		ATP1B1
6782	-0.1917299	0.152	HSPA13	-0.0222075869625415		HSPA13
95681	-0.1488077	0.152	CEP41	0.2071803528614024		CEP41
10482	-0.0994099	0.153	NXF1	-0.0360037805051352		NXF1
29927	0.1126539	0.153	SEC61A1	0.0170939391694497		SEC61A1
89887	-0.2017053	0.153	ZNF628	0.2919361912907425		ZNF628
644903	-0.2854807	0.153	GCC2-AS1	-1.0537940181813572		GCC2-AS1
2258	-0.2849756	0.153	FGF13	0.1653047045101326		FGF13
55744	0.1123792	0.153	COA1	-0.024570517130968		COA1
5583	0.151956	0.153	PRKCH	-0.227386604185706		PRKCH
55142	-0.1149105	0.153	HAUS2	-0.0604658528288624		HAUS2
91404	0.1570133	0.153	SESTD1	-0.3250803050910091		SESTD1
939	-0.2371613	0.153	CD27	1.0754459372178675		CD27
340895	-0.6321719	0.153	MALRD1	1.0674874060650603		MALRD1
7430	0.1620571	0.153	EZR	-0.2151486191187759		EZR
123228	0.1327939	0.153	SENP8	0.0754094880726183		SENP8
5634	-0.2401829	0.153	PRPS2	0.4810929459828792		PRPS2
79930	0.2886735	0.153	DOK3	-0.1022868191903061		DOK3
79780	0.1628495	0.153	CCDC82	-0.1321931252677339		CCDC82
5170	0.0988213	0.153	PDPK1	0.3088119787643104		PDPK1
5170	0.0988213	0.153	PDPK1	0.0		PDPK1
9203	0.1403567	0.154	ZMYM3	-0.1546925450730905		ZMYM3
100128640	0.309106	0.154	ACVR2B-AS1	-0.2581682777576238		ACVR2B-AS1
22978	-0.1708365	0.154	NT5C2	0.0121527527509366		NT5C2
55629	0.1076286	0.154	PNRC2	0.2824919499535309		PNRC2
9874	0.1288442	0.154	TLK1	-0.4813658188050338		TLK1
51705	0.2651538	0.154	EMCN	-0.5862948018994718		EMCN
105369192	-0.7677889	0.154	PPM1K-DT	1.3396331415792535		PPM1K-DT
8633	-0.266514	0.154	UNC5C	0.3561350043938052		UNC5C
5763	0.194868	0.154	PTMS	-0.0746472235648276		PTMS
646576	-0.3921609	0.154	HHIP-AS1	0.4434045501594736		HHIP-AS1
10673	-0.3885046	0.154	TNFSF13B	0.5757666027756991		TNFSF13B
5366	-0.5064726	0.154	PMAIP1	0.6110634184141575		PMAIP1
10049	0.1174837	0.155	DNAJB6	0.129228888171144		DNAJB6
158248	0.3624963	0.155	TTC16	-0.1523684360423425		TTC16
25817	-0.5213183	0.155	TAFA5	0.6660537185297593		TAFA5
254863	-0.1890233	0.155	TMEM256	0.3319751486202271		TMEM256
57153	-0.1277804	0.155	SLC44A2	0.0532671881415014		SLC44A2
2235	-0.1507358	0.155	FECH	-0.0773519579290509		FECH
4717	0.1343303	0.155	NDUFC1	-0.1245126136457273		NDUFC1
2631	0.1406004	0.155	NIPSNAP2	-0.3300675893375935		NIPSNAP2
10020	0.1065145	0.155	GNE	-0.1339502370889707		GNE
102724050	0.2993503	0.155	GPR84-AS1	-1.154870342388729		GPR84-AS1
54880	-0.1663338	0.155	BCOR	0.3093833662468954		BCOR
101927468	-0.3182627	0.155	LOC101927468	0.3957058506179833		LOC101927468
5509	0.1922437	0.155	PPP1R3D	-0.1966353175221216		PPP1R3D
10844	0.0966102	0.155	TUBGCP2	0.0850969706082214		TUBGCP2
25820	0.075982	0.155	ARIH1	-0.0303515285542541		ARIH1
80195	-0.1329836	0.155	TMEM254	0.3061162353040108		TMEM254
65975	0.1831542	0.155	STK33	-0.0240944795560729		STK33
147	0.3001288	0.155	ADRA1B	-0.005947570144232		ADRA1B
101927904	-0.4703657	0.156	LINC02660	1.2028943452363117		LINC02660
9619	0.2813107	0.156	ABCG1	-0.1377933071683723		ABCG1
51540	0.1117874	0.156	SCLY	0.0149528931616753		SCLY
51056	0.1547172	0.156	LAP3	-0.0885787460287197		LAP3
29946	-0.1955718	0.156	SERTAD3	0.3566923220362685		SERTAD3
129293	-0.4360288	0.156	TRABD2A	0.2671829987386967		TRABD2A
4298	0.1157884	0.156	MLLT1	-0.327077388399787		MLLT1
101930114	0.4100435	0.156	HSD11B1-AS1	-0.2436777183052048		HSD11B1-AS1
152992	-0.1109097	0.156	TRMT44	0.299875245166016		TRMT44
100506844	0.1812326	0.156	GIHCG	-0.0714325387938901		GIHCG
4862	0.1679761	0.157	NPAS2	-0.2362930292410308		NPAS2
145483	-0.1551559	0.157	FAM161B	0.1495568509391345		FAM161B
26822	-0.4438669	0.157	SNORD14A	1.106486600790391		SNORD14A
26519	0.1780258	0.157	TIMM10	-0.227957038077216		TIMM10
55713	0.2699957	0.157	ZNF334	-0.2241563365741192		ZNF334
309	0.0968099	0.157	ANXA6	0.0432050811278834		ANXA6
101927418	0.3354481	0.157	LOC101927418	-0.3419954373362152		LOC101927418
11266	-0.0926789	0.157	DUSP12	0.2948425381202972		DUSP12
63914	-0.199207	0.157	LINC01590	0.2646063730084593		LINC01590
284346	-0.2510022	0.157	ZNF575	0.4754092047602696		ZNF575
23617	-0.3041377	0.157	TSSK2	0.1642044811117795		TSSK2
9463	0.1140979	0.157	PICK1	-0.082696250121347		PICK1
53335	0.2246532	0.157	BCL11A	-0.6256178929009244		BCL11A
9034	-0.2807781	0.157	CCRL2	0.5042777861603234		CCRL2
6330	-0.2311864	0.157	SCN4B	0.2413689561466774		SCN4B
23361	-0.1623082	0.158	ZNF629	0.1993224616601567		ZNF629
285266	-0.3033558	0.158	ENTPD3-AS1	-0.1017436951350823		ENTPD3-AS1
29801	-0.0996392	0.158	ZDHHC8	0.0494601226667317		ZDHHC8
56163	-0.5395382	0.158	RNF17	-0.8019145715812845		RNF17
84851	0.111083	0.158	TRIM52	-0.3265269813884068		TRIM52
1938	-0.13673	0.158	EEF2	-0.0643799207574069		EEF2
11285	-0.1416276	0.158	B4GALT7	0.537119978858267		B4GALT7
10092	0.1364728	0.158	ARPC5	-0.0820152599833745		ARPC5
4151	-0.1956389	0.158	MB	0.2564017091924349		MB
4151	-0.1956389	0.158	MB	0.0		MB
9667	0.1589961	0.158	SAFB2	0.0303601945998996		SAFB2
9546	-0.1485025	0.158	APBA3	0.0868352213194771		APBA3
6768	0.3946837	0.158	ST14	-0.3955127486755621		ST14
92979	0.1262945	0.158	MARCHF9	0.0731044191991632		MARCHF9
10994	-0.1588787	0.158	ILVBL	0.0473613904027372		ILVBL
7150	0.1307064	0.159	TOP1	0.0568830595317719		TOP1
122616	-0.1737419	0.159	CLBA1	-0.0858062288547034		CLBA1
3858	0.1739213	0.159	KRT10	-0.180625894706651		KRT10
51654	0.0949581	0.159	CDK5RAP1	-0.0973640221042568		CDK5RAP1
10870	-0.3396666	0.159	HCST	0.6938849500376034		HCST
6853	0.1882865	0.159	SYN1	-0.2203477673645864		SYN1
259295	-0.2283438	0.159	TAS2R20	0.1184886845399997		TAS2R20
79831	-0.1521243	0.159	KDM8	0.4788494985901466		KDM8
29922	-0.1739302	0.159	NME7	-0.0648115143136482		NME7
23385	0.0988626	0.159	NCSTN	-0.0339876231099394		NCSTN
2176	0.1346051	0.159	FANCC	-0.2276669473111565		FANCC
5567	-0.129834	0.159	PRKACB	0.1342224366512394		PRKACB
80728	-0.2306454	0.16	ARHGAP39	0.2561330542446556		ARHGAP39
22996	0.2170899	0.16	TTC39A	-0.0512933722955155		TTC39A
647174	-0.1635524	0.16	SERPINE3	-0.0701845627458688		SERPINE3
54797	0.1198323	0.16	MED18	0.1338852034927118		MED18
55111	0.1593891	0.16	PLEKHJ1	-0.2183432885693257		PLEKHJ1
529	0.1299395	0.16	ATP6V1E1	-0.1271067470628155		ATP6V1E1
26504	-0.2356282	0.16	CNNM4	0.2322767501253362		CNNM4
51184	0.0999891	0.16	GPN3	-0.0224841941404889		GPN3
100505549	0.2037908	0.16	ATP8B1-AS1	-0.0237509996090827		ATP8B1-AS1
54205	0.1883434	0.16	CYCS	-0.5020345394806611		CYCS
11041	-0.1455617	0.16	B4GAT1	0.1845266434943004		B4GAT1
84303	-0.1848826	0.16	CHCHD6	0.3912174508295281		CHCHD6
1571	0.32231	0.16	CYP2E1	0.1128520603217851		CYP2E1
56123	0.260576	0.16	PCDHB13	0.0259971987402718		PCDHB13
9890	-0.5329041	0.161	PLPPR4	0.9110419492886036		PLPPR4
8714	0.4812092	0.161	ABCC3	-0.4672705686098269		ABCC3
55171	-0.0930836	0.161	TBCCD1	-0.052796931667594		TBCCD1
345275	0.332943	0.161	HSD17B13	-0.3183478784167933		HSD17B13
100529145	-0.1445903	0.161	TEN1-CDK3	1.3460930881773934		TEN1-CDK3
10841	0.3562756	0.161	FTCD	0.5197589796458837		FTCD
27345	-0.2027636	0.161	KCNMB4	0.5703884882392711		KCNMB4
93099	-0.3815126	0.161	DMKN	0.344517951015705		DMKN
1043	0.4093095	0.161	CD52	-0.2181574754233519		CD52
1910	0.3634395	0.162	EDNRB	-0.399937486656758		EDNRB
116443	0.5191054	0.162	GRIN3A	-0.2943987427710164		GRIN3A
4842	0.7443978	0.162	NOS1	-0.6913044576313587		NOS1
201475	0.120135	0.162	RAB12	0.1130850871877022		RAB12
7133	-0.1528433	0.162	TNFRSF1B	0.3685750346265624		TNFRSF1B
84140	0.2722846	0.162	FAM161A	-0.3651525216387177		FAM161A
10450	-0.0858028	0.162	PPIE	0.1087171170394567		PPIE
5577	-0.2504259	0.162	PRKAR2B	0.1853322472318033		PRKAR2B
9413	-0.1652013	0.162	ENTREP1	0.3572110363668597		ENTREP1
84166	-0.2789925	0.162	NLRC5	0.3746106346451574		NLRC5
100507436	0.249973	0.162	MICA	0.1031785534676954		MICA
728689	-0.1977141	0.162	EIF3CL	0.2142020058301028		EIF3CL
56474	0.0889943	0.162	CTPS2	-0.0672170357955614		CTPS2
4779	0.1741099	0.163	NFE2L1	-0.8171311733291446		NFE2L1
9616	0.115816	0.163	RNF7	0.202670036497631		RNF7
51227	0.1141491	0.163	PIGP	-0.0853352390454045		PIGP
55016	0.3817585	0.163	MARCHF1	-0.2812805851018211		MARCHF1
7319	0.0881202	0.163	UBE2A	-0.0715277875691935		UBE2A
79624	0.1527362	0.163	ARMT1	-0.1517090861605234		ARMT1
340252	-0.1944549	0.163	ZNF680	0.3340476488394808		ZNF680
6344	0.3792847	0.163	SCTR	-0.2616674076152443		SCTR
10342	0.097853	0.163	TFG	0.1012440220035655		TFG
10021	0.4532651	0.163	HCN4	-0.5414162201478137		HCN4
7761	-0.2480228	0.164	ZNF214	0.0056354812209359		ZNF214
55704	0.1855126	0.164	CCDC88A	0.0156991006324949		CCDC88A
57547	0.2975577	0.164	ZNF624	-0.0989870035769452		ZNF624
7803	-0.269759	0.164	PTP4A1	0.1660784225859375		PTP4A1
124045	-0.1490541	0.164	SPATA33	0.3232352110146279		SPATA33
7010	0.1920225	0.164	TEK	0.0232954053512433		TEK
230	0.224892	0.164	ALDOC	-0.4019817058962633		ALDOC
5928	0.0617739	0.164	RBBP4	0.3609753113747294		RBBP4
55696	-0.0914529	0.164	RBM22	0.1876898204069208		RBM22
29915	-0.1333363	0.164	HCFC2	0.270792050046333		HCFC2
8717	-0.1786228	0.164	TRADD	0.1747963770937626		TRADD
400960	-0.1724198	0.164	PCBP1-AS1	0.1232035206809918		PCBP1-AS1
5375	-0.6366696	0.164	PMP2	0.6813992186399076		PMP2
55258	-0.4136625	0.164	THNSL2	0.7616484884972201		THNSL2
619565	-0.3918126	0.164	SNORA52	0.2778468615500387		SNORA52
3459	0.1712191	0.164	IFNGR1	-0.2321374818964576		IFNGR1
22997	0.2478207	0.164	IGSF9B	-0.2201456346726358		IGSF9B
728498	-0.1646932	0.164	GOLGA8H	-0.6096282709736154		GOLGA8H
283446	0.2900515	0.165	MYO1H	-1.0045894751293336		MYO1H
729020	-0.2104036	0.165	RPEL1	-0.0723615184630854		RPEL1
51569	0.110144	0.165	UFM1	0.1524624913780066		UFM1
84909	-0.1986029	0.165	AOPEP	0.3180855821420092		AOPEP
55234	-0.0639604	0.165	SMU1	-0.1228983945290664		SMU1
22929	0.071389	0.165	SEPHS1	-0.3351773345362936		SEPHS1
9689	0.1143232	0.165	BZW1	-0.0518686007343021		BZW1
79191	-0.373733	0.165	IRX3	0.4813006898113974		IRX3
63932	-0.1460801	0.165	STEEP1	0.0071692284910991		STEEP1
537	-0.107854	0.165	ATP6AP1	0.2645775468012408		ATP6AP1
3326	-0.1401014	0.165	HSP90AB1	0.3518402719461946		HSP90AB1
1543	0.7605792	0.165	CYP1A1	0.7020000333834491		CYP1A1
342909	0.1488765	0.166	ZNF284	0.4088840114873741		ZNF284
1524	-0.6842006	0.166	CX3CR1	0.6294251979565981		CX3CR1
8674	0.1459013	0.166	VAMP4	-0.4261121362128985		VAMP4
3658	0.1309928	0.166	IREB2	0.3628638805559863		IREB2
8535	0.220626	0.166	CBX4	-0.2757958442434809		CBX4
116412	-0.391081	0.166	ZNF837	0.460789655133127		ZNF837
9536	0.4770283	0.166	PTGES	-0.6924439012032497		PTGES
963	0.3379359	0.166	CD53	-0.1593656782079122		CD53
3420	0.1469167	0.166	IDH3B	-0.0632763606511499		IDH3B
140606	-0.2326118	0.166	SELENOM	-0.1464868341348282		SELENOM
57798	-0.0999833	0.166	GATAD1	0.2753484045018939		GATAD1
55717	-0.10389	0.166	WDR11	0.1317170243859911		WDR11
4646	-0.1452263	0.166	MYO6	0.3424428869850664		MYO6
115908	-0.6963886	0.166	CTHRC1	0.8742698439556955		CTHRC1
8692	-0.3348654	0.166	HYAL2	0.3022885607788899		HYAL2
57181	-0.2892364	0.167	SLC39A10	0.8312013471489479		SLC39A10
10559	-0.0862883	0.167	SLC35A1	0.2789616517331015		SLC35A1
10313	-0.1782588	0.167	RTN3	0.119768638204035		RTN3
92797	-0.3524403	0.167	HELB	0.5198613194166875		HELB
246243	0.0795094	0.167	RNASEH1	-0.221867123447736		RNASEH1
100505495	0.2099554	0.167	PCAT19	-0.1630401915611399		PCAT19
56675	-0.3832495	0.167	NRIP3	0.1006655199325249		NRIP3
9925	-0.093136	0.167	ZBTB5	0.189546541119681		ZBTB5
80005	-0.2651889	0.167	DOCK5	0.340558601944263		DOCK5
2204	-0.7740273	0.167	FCAR	1.0232191805274211		FCAR
3998	0.1354216	0.167	LMAN1	-0.4059715167506379		LMAN1
255252	-0.1050385	0.167	LRRC57	0.2035737220634437		LRRC57
26994	-0.1621955	0.167	RNF11	-0.090654896457968		RNF11
57562	-0.3155935	0.168	CEP126	0.5652728934724516		CEP126
64423	-0.1311546	0.168	INF2	0.2136746122742892		INF2
3954	0.1139134	0.168	LETM1	-0.063615090394193		LETM1
140688	-0.1885273	0.168	NOL4L	0.1557724598385554		NOL4L
6119	-0.1576452	0.168	RPA3	0.0862562890883351		RPA3
23313	0.1227182	0.168	KIAA0930	-0.1559607468670121		KIAA0930
101929231	0.2904167	0.168	MMADHC-DT	-0.3171230058522014		MMADHC-DT
6310	0.1061767	0.168	ATXN1	-0.068964517326902		ATXN1
10251	0.1729221	0.168	SPRY3	0.0255270962351339		SPRY3
2532	-0.3724133	0.168	ACKR1	0.5190834495054459		ACKR1
54862	0.0859163	0.168	CC2D1A	0.1571287131798406		CC2D1A
80264	-0.17342	0.169	ZNF430	0.3210511233346291		ZNF430
55212	0.1349601	0.169	BBS7	-0.3129637047097651		BBS7
1890	-0.3115046	0.169	TYMP	0.4851432341806609		TYMP
10623	-0.116209	0.169	POLR3C	0.1710112046787086		POLR3C
10087	-0.1543267	0.169	CERT1	-0.0043057775985548		CERT1
6398	0.3644481	0.169	SECTM1	-0.1730672786008986		SECTM1
125919	-0.1571454	0.169	ZNF543	0.4011207912719478		ZNF543
85461	0.2177944	0.169	TANC1	0.1587694438216038		TANC1
472	0.1192055	0.169	ATM	-0.218225580088665		ATM
9114	-0.0936518	0.169	ATP6V0D1	-0.1357065978778626		ATP6V0D1
200558	0.1747597	0.169	APLF	-0.0374461866573232		APLF
6391	0.1108782	0.169	SDHC	1.1287012612680236		SDHC
57224	-0.2122144	0.169	NHSL1	-0.0239136028283213		NHSL1
3092	-0.1252116	0.169	HIP1	0.1050089059048451		HIP1
29803	-0.1356567	0.169	REPIN1	0.3295974520242932		REPIN1
91147	0.1970221	0.169	TMEM67	-0.0215550952474767		TMEM67
123879	-0.1838463	0.169	DCUN1D3	0.0111813311654451		DCUN1D3
9777	-0.0515751	0.169	TM9SF4	0.4393922919981383		TM9SF4
101927027	-0.1968687	0.169	CHROMR	0.1971966538499097		CHROMR
3628	0.1635108	0.169	INPP1	-0.1436170400790519		INPP1
93	-0.1501485	0.169	ACVR2B	0.425759143725109		ACVR2B
81552	-0.139835	0.169	VOPP1	0.1417662689781207		VOPP1
7562	0.209519	0.169	ZNF708	-0.1945730907927356		ZNF708
10384	-0.2669597	0.169	BTN3A3	0.3651634598073965		BTN3A3
1315	-0.0692794	0.17	COPB1	0.1817723808243876		COPB1
54553	-0.1508052	0.17	MIR4453HG	0.937791541557274		MIR4453HG
124989	-0.3228166	0.17	EFCAB13	0.6681143678599042		EFCAB13
503538	-0.2891979	0.17	A1BG-AS1	0.4591714460186052		A1BG-AS1
29105	0.1413668	0.17	CFAP20	-0.2927485207105862		CFAP20
137075	-0.3982587	0.17	CLDN23	1.2213180282146592		CLDN23
84676	0.307048	0.17	TRIM63	-0.2640336516165416		TRIM63
10425	-0.1610106	0.17	ARIH2	0.2617161688830611		ARIH2
80975	-0.2244454	0.17	TMPRSS5	-0.05316387465822		TMPRSS5
100507540	0.5760337	0.171	LINC01504	-0.9057158491797176		LINC01504
100506581	-0.2428093	0.171	C16orf95	0.19840293509254		C16orf95
6102	-0.1877892	0.171	RP2	0.3801957423934412		RP2
8772	0.1300989	0.171	FADD	0.0823152473672239		FADD
7515	0.112044	0.171	XRCC1	-0.1084963484405188		XRCC1
89953	-0.0979265	0.171	KLC4	0.335564367907593		KLC4
11046	0.1183223	0.171	SLC35D2	-0.0841756689333355		SLC35D2
50859	1.08004	0.171	SPOCK3	-2.775096010894357		SPOCK3
9568	0.6431872	0.171	GABBR2	-0.6916976923388625		GABBR2
90576	-0.1312144	0.171	ZNF799	0.1783707907647664		ZNF799
56252	-0.0980654	0.171	YLPM1	0.4704856337007563		YLPM1
54433	0.1358886	0.171	GAR1	-0.0404738556695538		GAR1
6988	-0.1200409	0.171	TCTA	0.3785742643860703		TCTA
4489	-0.8442151	0.171	MT1A	0.8516367404949263		MT1A
1486	-0.1504222	0.171	CTBS	0.1648655418887568		CTBS
63924	1.0624443	0.172	CIDEC	-0.7970844996514546		CIDEC
3635	-0.2354895	0.172	INPP5D	0.3884109899837282		INPP5D
51062	-0.1926518	0.172	ATL1	0.1391746288647284		ATL1
117145	0.1130421	0.172	THEM4	-0.2381174708500459		THEM4
90342	-0.3698681	0.172	FER1L5	0.7460699706220577		FER1L5
2580	-0.0808383	0.172	GAK	0.2585327204732079		GAK
55920	-0.1431521	0.172	RCC2	0.3779846472619734		RCC2
91151	0.1268619	0.172	TIGD7	-0.1879017820791113		TIGD7
124637	0.1283343	0.172	CYB5D1	0.1339881340101922		CYB5D1
54511	-0.2757103	0.172	HMGCLL1	0.2516334842931422		HMGCLL1
11025	0.3460146	0.172	LILRB3	-0.3269732910261536		LILRB3
22807	-0.2214092	0.172	IKZF2	-0.0122300210900073		IKZF2
9772	-0.092915	0.172	TMEM94	0.0581066497889528		TMEM94
387923	0.1656259	0.172	SERP2	0.0319033242579416		SERP2
57591	-0.1504447	0.172	MRTFA	-0.0172157259316834		MRTFA
5217	0.2001228	0.172	PFN2	-0.3870853908107667		PFN2
83857	0.3033618	0.172	TMTC1	-0.6425864111439958		TMTC1
9456	0.194082	0.172	HOMER1	-0.6400800804270421		HOMER1
135154	-0.1456709	0.172	SDHAF4	0.3686566529733466		SDHAF4
57653	-0.144735	0.173	SUGT1P4-STRA6LP-CCDC180	1.104845178937272		SUGT1P4-STRA6LP-CCDC180
5833	0.1840246	0.173	PCYT2	-0.1052295705915247		PCYT2
7070	-0.7104109	0.173	THY1	0.5461107305690178		THY1
57409	-0.090629	0.173	MIF4GD	0.0694277398898188		MIF4GD
5436	-0.1260753	0.173	POLR2G	0.3112525035620876		POLR2G
9478	0.3022943	0.173	CABP1	-0.1601216615052014		CABP1
51686	0.1405079	0.174	OAZ3	0.1158454772311815		OAZ3
5189	0.0990393	0.174	PEX1	-0.056146964918275		PEX1
100134368	-0.3871748	0.174	LOC100134368	0.3667135784427052		LOC100134368
55032	-0.1075772	0.174	SLC35A5	0.2922546848692691		SLC35A5
401647	-0.7342892	0.174	GOLGA7B	0.8519263715777456		GOLGA7B
5270	-0.6156477	0.174	SERPINE2	0.530423911642206		SERPINE2
100506286	-0.2649697	0.174	TBC1D8-AS1	0.5089343299727644		TBC1D8-AS1
27145	0.1676392	0.174	FILIP1	-0.2444269917095756		FILIP1
22821	0.1728999	0.174	RASA3	-0.0902230716851719		RASA3
85313	0.1208185	0.174	PPIL4	-0.0773031606033809		PPIL4
6610	0.1469381	0.174	SMPD2	0.0304510022396824		SMPD2
90522	0.1313931	0.174	YIF1B	-0.0167969425706049		YIF1B
23125	0.0754613	0.174	CAMTA2	0.1117228159946561		CAMTA2
29970	-0.1901155	0.174	SCHIP1	0.0400830165360108		SCHIP1
151313	0.1463545	0.174	FAHD2B	0.3164005932273546		FAHD2B
25802	-0.2369211	0.174	LMOD1	0.4203513337858888		LMOD1
25998	0.1360644	0.174	IBTK	-0.1908472385343067		IBTK
6598	0.1138317	0.174	SMARCB1	0.0551240236223433		SMARCB1
10361	0.3603129	0.175	NPM2	-0.433018819876237		NPM2
10957	-0.1929008	0.175	PNRC1	0.2671390301481722		PNRC1
84197	-0.3208895	0.175	POMK	0.5629247380451684		POMK
57476	0.2667567	0.175	GRAMD1B	-0.0462704661733615		GRAMD1B
29058	0.0627076	0.175	TMEM230	0.0979581581441539		TMEM230
7716	0.1212877	0.175	VEZF1	-0.195533503483964		VEZF1
7520	0.0623511	0.175	XRCC5	0.1157572358465364		XRCC5
5426	0.1236307	0.175	POLE	-0.1925552339193901		POLE
105374366	-0.2875297	0.175	LINC02482	0.2284831747132294		LINC02482
65998	-0.1434258	0.175	ZFTA	0.1443128399909077		ZFTA
56905	-0.2074936	0.176	C15orf39	0.4955363152108412		C15orf39
57522	-0.1593159	0.176	SRGAP1	0.2036546931606985		SRGAP1
101929457	-0.4313823	0.176	LOC101929457	0.7037527840913838		LOC101929457
84263	0.1806252	0.176	HSDL2	-0.0361590118258048		HSDL2
7431	-0.209421	0.176	VIM	0.5106971209378521		VIM
84904	0.1837735	0.176	ARHGEF39	-0.7739610819886944		ARHGEF39
10389	0.2224547	0.176	SCML2	-0.1500939588572346		SCML2
7472	-0.6196102	0.176	WNT2	0.2088094918447878		WNT2
23529	0.3708404	0.176	CLCF1	-0.3375186420997204		CLCF1
6605	-0.0804114	0.176	SMARCE1	-0.0250328402159336		SMARCE1
9701	0.0781598	0.176	PPP6R2	0.1151422466487135		PPP6R2
23161	0.1660842	0.176	SNX13	-0.5771787988232822		SNX13
100287898	-0.3879314	0.177	TTC34	0.4882626423131539		TTC34
7764	0.1506142	0.177	ZNF217	0.0653990636007972		ZNF217
284385	0.143696	0.177	ZNF561-AS1	0.0796052612368578		ZNF561-AS1
4854	-0.2257351	0.177	NOTCH3	0.199842883673722		NOTCH3
25809	0.1786361	0.177	TTLL1	-0.0496099182443896		TTLL1
345051	0.5074978	0.177	REELD1	-0.3749176625425846		REELD1
84240	0.1562743	0.177	ZCCHC9	0.2571054531789456		ZCCHC9
55317	-0.107493	0.177	AP5S1	0.2952540908304892		AP5S1
114769	0.2678343	0.177	CARD16	-0.2248981824880802		CARD16
79574	0.6315988	0.177	EPS8L3	-0.5251685791038869		EPS8L3
10230	-0.3068782	0.178	NBR2	2.530127541390232		NBR2
9509	0.4017869	0.178	ADAMTS2	-0.1979930535659466		ADAMTS2
29063	0.0897363	0.178	ZCCHC4	0.2074973241021198		ZCCHC4
9754	-0.1992447	0.178	STARD8	0.3273641279165162		STARD8
4736	0.163403	0.178	RPL10A	-0.1527691064157021		RPL10A
57143	0.1253953	0.178	ADCK1	0.0023565209246152		ADCK1
4620	0.2782601	0.178	MYH2	-0.0119112164702039		MYH2
2242	-0.1342112	0.178	FES	0.2928508579503264		FES
4318	-0.6628236	0.178	MMP9	0.9920132287431376		MMP9
9337	-0.0943168	0.178	CNOT8	0.113195141917993		CNOT8
8503	-0.2776827	0.178	PIK3R3	0.0865948179940208		PIK3R3
54020	-0.1525806	0.178	SLC37A1	0.3696483698791493		SLC37A1
200894	-0.1823608	0.178	ARL13B	0.3740445951355187		ARL13B
83591	0.2170632	0.178	THAP2	-0.2695675401444086		THAP2
659	-0.1712556	0.178	BMPR2	0.5011192221648235		BMPR2
9150	-0.1014311	0.178	CTDP1	0.4053439121762072		CTDP1
8726	-0.1117536	0.178	EED	0.3760007736057598		EED
10318	0.1244645	0.178	TNIP1	-0.2066058228736222		TNIP1
83543	0.2875365	0.178	AIF1L	-0.13516400115076		AIF1L
3726	-0.5332305	0.178	JUNB	0.8965509505910285		JUNB
51206	-0.4771606	0.178	GP6	0.2229300248697584		GP6
388815	-0.1896597	0.178	MIR99AHG	0.261723174110549		MIR99AHG
144423	-0.6759323	0.179	GLT1D1	0.9857483845474186		GLT1D1
6772	0.1454033	0.179	STAT1	-0.1697251871608234		STAT1
6195	0.2392355	0.179	RPS6KA1	0.0113436829608604		RPS6KA1
9530	-0.119825	0.179	BAG4	0.0677081325034847		BAG4
81858	0.0976157	0.179	SHARPIN	-0.0326054048642179		SHARPIN
8697	0.0969383	0.179	CDC23	0.0816514796925274		CDC23
29121	0.1599668	0.179	CLEC2D	-0.0725036186593541		CLEC2D
3714	-0.174351	0.179	JAG2	0.2330919573857413		JAG2
81566	-0.0938887	0.179	CSRNP2	0.0297452278182723		CSRNP2
10488	0.0999998	0.179	CREB3	0.0477167025052436		CREB3
339263	0.129102	0.179	LINC02693	-0.2564198446365369		LINC02693
138716	-0.1494339	0.179	RPP25L	0.2579579304069765		RPP25L
283078	-0.7871944	0.179	MKX	0.4085551837739523		MKX
84172	0.1238107	0.179	POLR1B	-0.1773381340313111		POLR1B
51150	0.0975224	0.179	SDF4	-0.2746932511975508		SDF4
23080	0.1038682	0.179	AVL9	0.1078363726511812		AVL9
831	0.1350359	0.179	CAST	-0.1081827283128014		CAST
831	0.1350359	0.179	CAST	0.0		CAST
6601	0.0962832	0.179	SMARCC2	-0.245374852389677		SMARCC2
22898	-0.3060799	0.179	DENND3	0.3478217602114899		DENND3
399694	-0.3488307	0.179	SHC4	0.4036746635767678		SHC4
23519	0.1847397	0.179	ANP32D	0.5224484674785278		ANP32D
401190	-0.4332442	0.179	RGS7BP	0.6975892539970404		RGS7BP
3216	0.5259912	0.179	HOXB6	-0.3450428279925174		HOXB6
51399	-0.1242594	0.18	TRAPPC4	0.3873964807779453		TRAPPC4
202151	-0.4431959	0.18	RANBP3L	0.1264204547581743		RANBP3L
10614	0.1400141	0.18	HEXIM1	-0.0488615475536802		HEXIM1
6222	0.1332156	0.18	RPS18	-0.0386973994974884		RPS18
10965	-0.1955515	0.18	ACOT2	0.3705841867766617		ACOT2
26995	0.0956598	0.18	TRUB2	-0.0011813266323672		TRUB2
7277	0.2730577	0.18	TUBA4A	-0.4385623474874238		TUBA4A
10558	-0.1043836	0.18	SPTLC1	0.028794591210377		SPTLC1
55709	-0.0999421	0.18	KBTBD4	0.0800487661753424		KBTBD4
4355	0.1959361	0.18	MPP2	-0.2799077689420537		MPP2
201176	0.118978	0.18	ARHGAP27	-0.1895198124411559		ARHGAP27
7706	0.1593432	0.18	TRIM25	-0.4187362180196552		TRIM25
327	0.1101804	0.18	APEH	0.2258922393076243		APEH
339665	0.1639998	0.18	SLC35E4	-0.1065986993739034		SLC35E4
2821	-0.1187408	0.18	GPI	0.307706804024539		GPI
6491	0.2414109	0.18	STIL	-0.4182806002914543		STIL
79819	0.1784148	0.18	DNAI4	0.0807988104818795		DNAI4
151903	0.1323071	0.18	CCDC12	-0.3616583596680405		CCDC12
10123	0.4062503	0.18	ARL4C	-0.3421286520541804		ARL4C
4256	-0.3836423	0.181	MGP	0.5468627855149961		MGP
64949	-0.1372183	0.181	MRPS26	0.3508884571930668		MRPS26
23362	0.2632188	0.181	PSD3	1.182863665344236		PSD3
7374	-0.1167687	0.181	UNG	0.3472231434197863		UNG
10732	-0.1222849	0.181	TCFL5	0.1682603536816054		TCFL5
440603	-0.3157734	0.181	BCL2L15	0.1158392466580554		BCL2L15
26156	0.1107457	0.181	RSL1D1	-0.2410614172434924		RSL1D1
105369154	-0.110489	0.181	PKD1P6-NPIPP1	0.8033071511625238		PKD1P6-NPIPP1
25921	0.0839238	0.181	ZDHHC5	0.1210962404820232		ZDHHC5
51341	0.115197	0.181	ZBTB7A	-0.1206917053470877		ZBTB7A
4068	-0.5683377	0.181	SH2D1A	0.2085571125109737		SH2D1A
311	-0.1064269	0.181	ANXA11	0.0597782069520445		ANXA11
2074	0.0990036	0.182	ERCC6	-0.1214082106688296		ERCC6
22907	-0.0748384	0.182	DHX30	0.1473881920636328		DHX30
29843	0.0835704	0.182	SENP1	-0.2215603500515657		SENP1
55663	-0.1449166	0.182	ZNF446	0.1760697659815817		ZNF446
4015	-0.4657366	0.182	LOX	0.4324326556192761		LOX
11015	-0.2632147	0.182	KDELR3	0.5320281740511508		KDELR3
2568	-0.3427097	0.182	GABRP	0.8489274176653949		GABRP
4775	0.0999403	0.182	NFATC3	0.0871956190671086		NFATC3
27347	0.1509673	0.182	STK39	0.0444649465543856		STK39
55720	0.0730116	0.182	TSR1	0.3332239078925205		TSR1
107	0.3018569	0.182	ADCY1	0.1614052764823994		ADCY1
2625	-0.2432243	0.183	GATA3	0.2987176941995527		GATA3
10728	-0.0973867	0.183	PTGES3	0.1334867695349375		PTGES3
92595	-0.1371177	0.183	ZNF764	0.1510976435775401		ZNF764
144715	0.1837272	0.183	RAD9B	-0.0368652073284787		RAD9B
100134934	0.1473466	0.183	TEN1	0.5961489979246837		TEN1
641367	0.2699713	0.183	CCNYL6	0.168673392993383		CCNYL6
160	-0.1066807	0.183	AP2A1	0.1204291496553073		AP2A1
5724	0.3785606	0.183	PTAFR	-0.2773741607411651		PTAFR
84914	-0.1343288	0.183	ZNF587	0.5816112965244917		ZNF587
105374328	-0.3090859	0.183	LOC105374328	1.636445600040101		LOC105374328
4223	-0.2520934	0.183	MEOX2	0.3433172436644334		MEOX2
79912	0.1269889	0.183	PYROXD1	0.1616217221383094		PYROXD1
5027	0.331446	0.183	P2RX7	-0.3104816517256293		P2RX7
990	0.3040116	0.183	CDC6	0.1654930039019264		CDC6
652968	-0.2545085	0.183	CASTOR1	0.4919531474340322		CASTOR1
503693	-0.2195742	0.183	LOH12CR2	0.3380909119208495		LOH12CR2
80177	0.2402191	0.183	MYCT1	0.0268917676133431		MYCT1
100129196	-0.3695067	0.183	MATN1-AS1	0.6537754727102292		MATN1-AS1
55041	-0.1267059	0.183	PLEKHB2	0.2896986819532925		PLEKHB2
2990	-0.1222414	0.183	GUSB	0.2215396656159338		GUSB
53349	-0.1087578	0.183	ZFYVE1	0.2290022831552911		ZFYVE1
7092	0.3815331	0.183	TLL1	-0.2710278959118912		TLL1
7352	0.3415523	0.183	UCP3	-0.1574551461062425		UCP3
8940	0.138131	0.183	TOP3B	-0.1495218086351935		TOP3B
9039	0.1069104	0.184	UBA3	-0.2119748068619538		UBA3
25891	-0.3300173	0.184	PAMR1	0.4117389060525123		PAMR1
8577	0.2477642	0.184	TMEFF1	0.822056213638481		TMEFF1
63906	0.1233934	0.184	GPATCH3	-0.1403837807180155		GPATCH3
494470	-0.3765151	0.184	RNF165	0.3324141099111192		RNF165
51700	-0.1726941	0.184	CYB5R2	-0.2427159958021012		CYB5R2
6233	0.139488	0.184	RPS27A	0.390827777567484		RPS27A
11137	0.0821655	0.184	PWP1	-0.0582279253350104		PWP1
55471	0.1034646	0.184	NDUFAF7	-0.0687047874053972		NDUFAF7
79772	0.1920057	0.184	MCTP1	-0.2115492360962085		MCTP1
6500	0.1237874	0.184	SKP1	-0.2464009918117007		SKP1
51750	0.1017071	0.184	RTEL1	0.0209193754396781		RTEL1
79714	0.1123233	0.184	CCDC51	-0.0839419215799441		CCDC51
9055	0.2112246	0.184	PRC1	-0.1866240128941956		PRC1
8402	-0.1483038	0.184	SLC25A11	0.2283723628074554		SLC25A11
100422558	0.1438452	0.185	SMG1P6	1.18861534269082		SMG1P6
160335	0.1935655	0.185	TMTC2	0.0149845144307318		TMTC2
3918	0.4575174	0.185	LAMC2	0.0961532855962277		LAMC2
6542	-0.24474	0.185	SLC7A2	0.5174053795921969		SLC7A2
728661	0.1188941	0.185	SLC35E2B	-0.0903004497817887		SLC35E2B
57731	-0.1507033	0.185	SPTBN4	0.2652973743212772		SPTBN4
6993	-0.1878553	0.185	DYNLT1	0.2668450856893818		DYNLT1
6734	-0.0672698	0.185	SRPRA	0.2074530990702365		SRPRA
55072	-0.097411	0.185	RNF31	0.3128931676769344		RNF31
805	-0.137829	0.185	CALM2	0.1215879981031982		CALM2
3839	0.1616727	0.185	KPNA3	-0.3734927671795924		KPNA3
7251	0.0927936	0.185	TSG101	-0.3060170555712096		TSG101
56132	0.2413093	0.186	PCDHB3	-0.016175979433896		PCDHB3
23386	-0.0651817	0.186	NUDCD3	-0.1384340729889555		NUDCD3
29763	-0.1837194	0.186	PACSIN3	0.3156004944905017		PACSIN3
64427	-0.0920083	0.186	TTC31	0.2210361426625313		TTC31
81614	0.1183722	0.186	NIPA2	-0.2514331043168027		NIPA2
30009	-0.5585097	0.186	TBX21	0.9102542308570696		TBX21
6170	0.1741232	0.186	RPL39	0.1504615850298618		RPL39
162655	-0.2262061	0.186	ZNF519	0.2241120201552193		ZNF519
57834	0.8253497	0.186	CYP4F11	-0.6922346016962948		CYP4F11
4929	-0.6886964	0.186	NR4A2	-0.7876820080700229		NR4A2
4214	0.2297309	0.186	MAP3K1	0.2309484853391148		MAP3K1
137735	-0.5840479	0.186	ABRA	0.482481973985803		ABRA
5165	-0.1446689	0.186	PDK3	0.5702232694103868		PDK3
10290	-0.1500463	0.186	SPEG	0.4886394629031372		SPEG
115207	-0.2529073	0.186	KCTD12	0.3008341049055243		KCTD12
26548	0.1925434	0.186	ITGB1BP2	0.0678864990400951		ITGB1BP2
65977	-0.1214951	0.186	PLEKHA3	0.0872281295680403		PLEKHA3
22853	-0.1424389	0.187	LMTK2	0.3354498665986432		LMTK2
84636	-0.5560266	0.187	GPR174	0.6290526168335497		GPR174
259230	0.1438826	0.187	SGMS1	-0.3821436103626014		SGMS1
54620	-0.1490692	0.187	FBXL19	0.2828898257842001		FBXL19
129401	0.1495633	0.187	NUP35	-0.0961934676361737		NUP35
23484	-0.1595034	0.187	LEPROTL1	-0.1045648075324141		LEPROTL1
100996419	-0.2542404	0.187	MRNIP-DT	0.6477303393845686		MRNIP-DT
8942	0.3663937	0.187	KYNU	-0.2043261122215224		KYNU
157506	-0.2935738	0.187	RDH10	0.3210029224037849		RDH10
19	0.2847197	0.187	ABCA1	-0.2223906012898493		ABCA1
148046	0.2071987	0.187	CIRBP-AS1	-0.4072235241448054		CIRBP-AS1
10919	-0.1726164	0.187	EHMT2	0.0488305648596831		EHMT2
84132	-0.0899845	0.187	USP42	0.2503343086918885		USP42
26206	-0.1607776	0.187	SPAG8	0.1428821181025212		SPAG8
5555	-0.3744644	0.187	PRH2	0.6356180079348226		PRH2
26784	-0.3799883	0.187	SNORA64	-0.9462956655741036		SNORA64
4504	0.5227237	0.188	MT3	-0.2074209561652951		MT3
79885	0.1628781	0.188	HDAC11	-0.1477247319734349		HDAC11
55300	-0.2173586	0.188	PI4K2B	0.068090548361777		PI4K2B
10018	-0.2124987	0.188	BCL2L11	0.2537455259742689		BCL2L11
9785	0.0928545	0.188	DHX38	0.0433731180440384		DHX38
254778	-0.2435124	0.188	VXN	0.125414124506765		VXN
55739	-0.0894732	0.188	NAXD	0.445491308715269		NAXD
9524	-0.0861448	0.188	TECR	0.4432648309438125		TECR
60482	-0.7361547	0.188	SLC5A7	0.7377011964091618		SLC5A7
55783	-0.130898	0.188	CMTR2	0.0285235373805314		CMTR2
10209	-0.1420396	0.188	EIF1	0.3076951326617188		EIF1
148198	0.4496773	0.188	ZNF98	-0.3332846315879514		ZNF98
100287171	0.120055	0.188	WASHC1	-0.0189585533560703		WASHC1
7818	0.1161334	0.188	DAP3	0.034252659795622		DAP3
84833	0.1474957	0.188	ATP5MK	-0.0922162463071831		ATP5MK
55824	-0.1918617	0.188	PAG1	-0.1344580732982341		PAG1
150159	-0.2030795	0.188	SLC9B1	0.6030250322484041		SLC9B1
94274	-0.2093038	0.188	PPP1R14A	0.206241888809977		PPP1R14A
51154	0.111805	0.189	MRTO4	0.5164595413113724		MRTO4
126969	0.3601702	0.189	SLC44A3	-0.2029600683123473		SLC44A3
915	-0.6460597	0.189	CD3D	0.6884031660256861		CD3D
5351	0.1374001	0.189	PLOD1	0.0064168376171647		PLOD1
80020	0.2179246	0.189	FOXRED2	-0.1923048232809265		FOXRED2
55714	-0.2385231	0.189	TENM3	0.2323190772588983		TENM3
28968	0.2201361	0.189	SLC6A16	0.0203436161923631		SLC6A16
100861518	-0.2067563	0.189	P4HA2-AS1	1.4700858479743797		P4HA2-AS1
285598	0.207173	0.189	ARL10	0.2515541663665961		ARL10
7629	-0.1039601	0.189	ZNF76	0.1505277283094317		ZNF76
55229	0.1040576	0.189	PANK4	-0.2737519088105431		PANK4
283140	0.260209	0.189	LINC02762	-0.0189886617732524		LINC02762
55501	-0.0758821	0.189	CHST12	0.4307937047796506		CHST12
238	-0.5642633	0.189	ALK	0.6342811434406626		ALK
55347	0.1333779	0.189	ABHD10	-0.0644726927604315		ABHD10
6232	0.1657653	0.189	RPS27	0.2552934269096525		RPS27
85300	-0.4853681	0.19	ATCAY	0.5113845787279354		ATCAY
6746	0.1118642	0.19	SSR2	-0.051978189943056		SSR2
5965	0.1622552	0.19	RECQL	-0.2463851017750924		RECQL
2072	-0.1378392	0.19	ERCC4	-0.0055665476247841		ERCC4
11258	-0.1076314	0.19	DCTN3	0.0939643002661547		DCTN3
103625681	-0.6040753	0.19	LLPH-DT	0.4558429862235824		LLPH-DT
51067	0.0753133	0.19	YARS2	-0.1217292676161445		YARS2
122769	0.1524906	0.19	LRR1	-0.0295653082814935		LRR1
11194	-0.1017134	0.19	ABCB8	0.299023580728242		ABCB8
55664	-0.2067599	0.191	CDC37L1	0.1407336854279641		CDC37L1
2237	0.1231798	0.191	FEN1	0.2394281363968109		FEN1
92715	-0.0983134	0.191	DPH7	0.219811823385279		DPH7
81789	0.114318	0.191	TIGD6	-0.1930629009551929		TIGD6
8613	-0.1984927	0.191	PLPP3	0.0570768395664673		PLPP3
84516	0.076794	0.191	DCTN5	0.1530755654347912		DCTN5
100996928	0.0742462	0.191	FMC1-LUC7L2	-0.1739846503698707		FMC1-LUC7L2
51340	-0.0984169	0.191	CRNKL1	0.1273377449122961		CRNKL1
11216	-0.0743547	0.191	AKAP10	0.1283453940141607		AKAP10
54900	-0.3861815	0.191	LAX1	0.8095454278710439		LAX1
11332	0.1910676	0.191	ACOT7	-0.0941844936000371		ACOT7
84823	0.1255255	0.191	LMNB2	-0.0870634906371341		LMNB2
100506343	0.390374	0.191	INKA2-AS1	0.0300963762458845		INKA2-AS1
339192	-0.3863094	0.191	FMNL1-DT	0.4148937761128186		FMNL1-DT
643699	-0.1703655	0.191	GOLGA8N	0.2180467044056615		GOLGA8N
79605	0.2560394	0.191	PGBD5	-0.2425326544287074		PGBD5
5782	0.1183653	0.191	PTPN12	-0.112235237311304		PTPN12
896	-0.1478757	0.191	CCND3	0.1539945391637616		CCND3
80833	0.1608288	0.191	APOL3	-0.1864033679500334		APOL3
101927178	0.1536136	0.191	LOC101927178	0.0429598030783697		LOC101927178
100294362	-0.1655483	0.191	RNF213-AS1	0.7068514406377524		RNF213-AS1
284013	-0.4513954	0.191	VMO1	0.5023031140513394		VMO1
56925	0.286991	0.192	LXN	-0.2046678601152436		LXN
81857	0.1682259	0.192	MED25	-0.1103430268803391		MED25
57501	0.1028693	0.192	CFAP92	-0.0520014772256924		CFAP92
4134	-0.1615368	0.192	MAP4	0.1584361587046867		MAP4
116113	-0.176274	0.192	FOXP4	0.3730327315520942		FOXP4
4055	0.1443585	0.192	LTBR	0.0676447910187878		LTBR
55172	0.1200593	0.192	DNAAF2	-0.1422519621100386		DNAAF2
51293	0.157518	0.192	CD320	-0.1482437389822752		CD320
9104	-0.1643316	0.192	RGN	0.3264270493128309		RGN
127579	-0.2771318	0.192	DCST2	0.3089735482820412		DCST2
10611	-0.1437174	0.192	PDLIM5	0.3567893587508202		PDLIM5
116115	-0.1109487	0.192	ZNF526	0.3175550979972034		ZNF526
8527	-0.243438	0.192	DGKD	0.2800991951559313		DGKD
54997	0.2642409	0.192	TESC	-0.3303352001377249		TESC
9529	-0.0649131	0.192	BAG5	-0.0025965096062816		BAG5
283807	-0.303268	0.192	FBXL22	0.5213849020179655		FBXL22
60343	0.1193103	0.192	FAM3A	-0.1657936580251524		FAM3A
8875	0.4357711	0.192	VNN2	-0.2145140425525846		VNN2
55885	-0.4818467	0.192	LMO3	0.476384283208735		LMO3
50808	0.1392153	0.192	AK3	-0.1796594459826694		AK3
7112	-0.1696306	0.192	TMPO	0.0574115723451122		TMPO
130132	-0.2396059	0.192	RFTN2	-0.0122863298607454		RFTN2
7123	-0.2513115	0.192	CLEC3B	0.61678133282365		CLEC3B
9945	0.3059075	0.192	GFPT2	-0.3194025174297432		GFPT2
24138	-0.1333384	0.192	IFIT5	0.2085366386517129		IFIT5
57711	-0.1500801	0.192	ZNF529	0.0717907341207912		ZNF529
56993	0.1070831	0.193	TOMM22	0.1789697245556816		TOMM22
55577	-0.0888123	0.193	NAGK	0.4028885321684479		NAGK
5832	-0.1795453	0.193	ALDH18A1	0.1490841255937072		ALDH18A1
168448	-0.2388225	0.193	CDC14C	1.5003653713349985		CDC14C
79616	0.2260588	0.193	CCNJL	-0.2016587197373818		CCNJL
2696	-0.3345124	0.193	GIPR	0.8154563841510625		GIPR
9240	-0.1629046	0.193	PNMA1	0.2642061428743245		PNMA1
286077	-0.3664399	0.193	FAM83H	0.5188263189605558		FAM83H
3155	-0.1514654	0.193	HMGCL	0.2544516432767176		HMGCL
815	0.176013	0.193	CAMK2A	-0.1579570441622464		CAMK2A
25937	-0.2038122	0.193	WWTR1	-0.1019527583569024		WWTR1
79622	0.1597527	0.194	SNRNP25	-0.2692436682863617		SNRNP25
1836	-0.2316969	0.194	SLC26A2	0.4196952229568447		SLC26A2
2180	0.2279962	0.194	ACSL1	-0.3168727619294582		ACSL1
353189	-0.5454263	0.194	SLCO4C1	0.7754674103853407		SLCO4C1
3052	0.1150141	0.194	HCCS	-0.0587356107843204		HCCS
51647	0.1449119	0.194	CIAO2B	-0.0557630555386721		CIAO2B
79939	0.0632412	0.194	SLC35E1	-0.1768870323640827		SLC35E1
25777	0.1621219	0.194	SUN2	-0.2696778155212058		SUN2
1152	0.2280941	0.194	CKB	0.0597870495327548		CKB
116143	0.0997049	0.194	DNAAF10	-0.1413757406034701		DNAAF10
51496	-0.1461424	0.194	CTDSPL2	-0.0314272270517457		CTDSPL2
1471	0.1541623	0.194	CST3	-0.1158087350058103		CST3
84570	0.6514851	0.194	COL25A1	-1.2999396876066045		COL25A1
10755	-0.0908506	0.194	GIPC1	-0.1100813052973794		GIPC1
91664	0.1016194	0.194	ZNF845	0.0750047985840122		ZNF845
152002	-0.1932376	0.194	XXYLT1	0.2401185656503488		XXYLT1
2976	0.0572415	0.194	GTF3C2	-0.0641687667353201		GTF3C2
56946	0.1056105	0.194	EMSY	0.0393151634019153		EMSY
5959	0.2509979	0.194	RDH5	-0.092511435367097		RDH5
79047	-0.1819142	0.194	KCTD15	0.4741207192517049		KCTD15
338599	0.7334614	0.195	DUSP29	-0.6689673099730413		DUSP29
23129	-0.1537374	0.195	PLXND1	0.1540596308748263		PLXND1
93953	-0.2217218	0.195	GCNA	0.5378884714191662		GCNA
113419	0.0862344	0.195	TEX261	-0.236003007190269		TEX261
54662	-0.0960696	0.195	TBC1D13	0.0938301028937678		TBC1D13
284485	0.52388	0.195	RIIAD1	-0.2235055670722707		RIIAD1
4804	0.3869224	0.195	NGFR	-0.0680345687668197		NGFR
5791	0.1636029	0.196	PTPRE	0.0650157756265592		PTPRE
641371	-0.1687413	0.196	ACOT1	0.714837254147106		ACOT1
90362	-0.1419564	0.196	FAM110B	-0.0202187994105935		FAM110B
10131	0.1343484	0.196	TRAP1	-0.2182490516194954		TRAP1
8663	-0.1850296	0.196	EIF3C	-0.0286209493112545		EIF3C
2494	0.3940889	0.196	NR5A2	-0.5899002944596248		NR5A2
285512	-0.1319153	0.196	FAM13A-AS1	0.3606113957967261		FAM13A-AS1
3554	0.199586	0.196	IL1R1	-0.0678994322904915		IL1R1
150274	0.1506329	0.196	HSCB	0.0542880499903097		HSCB
29028	0.3768025	0.196	ATAD2	-0.4448871161356469		ATAD2
10562	0.58662	0.197	OLFM4	-0.2043051114472838		OLFM4
101926975	0.5054668	0.197	LINC01844	-0.4593284824628985		LINC01844
10609	0.2456569	0.197	P3H4	-0.4193653138341391		P3H4
1438	-0.3411341	0.198	CSF2RA	0.0990230670328609		CSF2RA
92312	0.3723801	0.198	MEX3A	-0.1928503073149343		MEX3A
7637	0.0966694	0.198	ZNF84	0.4012333479421828		ZNF84
10093	-0.1243801	0.198	ARPC4	0.0761744855944597		ARPC4
79998	0.0926101	0.198	ANKRD53	0.4932041556024055		ANKRD53
124936	0.1512773	0.198	CYB5D2	0.1353082626065842		CYB5D2
89801	0.1340231	0.198	PPP1R3F	-0.1340347335777734		PPP1R3F
23636	-0.0711429	0.198	NUP62	-0.031429251193531		NUP62
57645	0.1008872	0.198	POGK	0.0829953349224248		POGK
874	-0.2281974	0.198	CBR3	0.4430657628877041		CBR3
10363	-0.1025515	0.198	HMG20A	0.0757613186859371		HMG20A
375295	-0.5382217	0.198	LINC01116	0.8120740387451839		LINC01116
55102	0.100907	0.198	ATG2B	-0.2515769900485534		ATG2B
84793	-0.3579919	0.198	FOXD2-AS1	0.4694200848628247		FOXD2-AS1
84246	0.1196717	0.198	MED10	-0.0673773253946947		MED10
155382	-0.2234208	0.199	VPS37D	0.4852514347863447		VPS37D
29934	-0.0694351	0.199	SNX12	-0.1908250025142388		SNX12
8418	0.1885759	0.199	CMAHP	-0.2252451635975942		CMAHP
5016	-0.226669	0.199	OVGP1	0.5246116270412554		OVGP1
6258	-0.539996	0.199	RXRG	0.6519688664462864		RXRG
9578	0.1030663	0.199	CDC42BPB	0.0106333856832305		CDC42BPB
10645	-0.0959396	0.199	CAMKK2	0.1817098096672835		CAMKK2
63929	-0.1318633	0.199	XPNPEP3	-0.0447235812907194		XPNPEP3
7507	0.1153165	0.199	XPA	-0.2665811026642286		XPA
23476	-0.1372398	0.199	BRD4	0.0546769021506925		BRD4
7693	0.1020279	0.199	ZNF134	0.1970419196905579		ZNF134
375346	-0.1067477	0.199	STIMATE	0.224503479857248		STIMATE
10603	0.3534182	0.199	SH2B2	-0.0529269590135138		SH2B2
4664	-0.1845955	0.199	NAB1	-0.1030816031091035		NAB1
57670	0.3413112	0.199	KIAA1549	-0.3782602371077891		KIAA1549
55207	0.0861911	0.2	ARL8B	0.2303876526562636		ARL8B
93653	0.2140894	0.2	ST7-AS1	0.1408463896776525		ST7-AS1
125336	-0.3832122	0.2	LOXHD1	0.2437791786795075		LOXHD1
151651	-0.1945962	0.2	EFHB	0.3425035461213141		EFHB
714	0.3406167	0.2	C1QC	-0.1181435064095808		C1QC
5980	0.1381643	0.2	REV3L	0.012649007935376		REV3L
7358	-0.174733	0.2	UGDH	-0.0342337916788277		UGDH
8061	0.7091737	0.2	FOSL1	-0.551638721999672		FOSL1
84261	-0.2094264	0.2	FBXW9	0.292405234003148		FBXW9
64170	0.3275544	0.2	CARD9	-0.3530064308557621		CARD9
326625	0.1320818	0.2	MMAB	-0.1932569022033998		MMAB
7579	-0.1325196	0.2	ZSCAN20	0.1102660052024714		ZSCAN20
221496	-0.0805188	0.2	LEMD2	-0.0492104546423863		LEMD2
58487	-0.1753715	0.2	CREBZF	0.1988005491341917		CREBZF
954	-0.3153363	0.201	ENTPD2	0.3476055011013255		ENTPD2
79228	-0.18428	0.201	THOC6	0.4084336535501665		THOC6
100128398	0.1231968	0.201	LOC100128398	0.1806518737779252		LOC100128398
255027	-0.2031196	0.201	MPV17L	0.6697147789060044		MPV17L
389084	-0.2849659	0.201	SNORC	0.936690950862777		SNORC
3945	0.1849915	0.201	LDHB	-0.1692997460724825		LDHB
728586	0.3603473	0.201	CCDC192	-0.2688308228936642		CCDC192
728586	0.3603473	0.201	CCDC192	3.0710668826479752		CCDC192
55364	-0.1127543	0.201	IMPACT	0.0780318108889623		IMPACT
142910	-0.2610443	0.201	LIPJ	1.0858370208073334		LIPJ
100270804	-0.1779839	0.202	LCDR	0.4712157591877771		LCDR
8444	0.1608849	0.202	DYRK3	-0.3956805879085112		DYRK3
105374419	-0.3574105	0.202	SMIM14-DT	0.7257643335768905		SMIM14-DT
105374419	-0.3574105	0.202	SMIM14-DT	0.723006165623614		SMIM14-DT
730087	-0.2345961	0.202	ZNF726	0.973053567829441		ZNF726
29108	0.2619057	0.202	PYCARD	-0.2746136710585545		PYCARD
147929	0.1281217	0.202	ZNF565	-0.2084431247151097		ZNF565
127002	-0.1457029	0.202	ATXN7L2	0.5886483109603233		ATXN7L2
128710	-0.1408739	0.202	SLX4IP	0.0504378082610566		SLX4IP
130497	0.2905365	0.202	OSR1	-0.3425109362179062		OSR1
100506385	-0.4443627	0.202	LINC01426	1.0539704061008557		LINC01426
338596	0.3025306	0.202	ST8SIA6	-0.409812024496631		ST8SIA6
221395	0.2348674	0.202	ADGRF5	-0.2659309966526892		ADGRF5
4245	-0.0892152	0.202	MGAT1	0.0350950356790944		MGAT1
100130855	-0.1520123	0.203	USP3-AS1	0.2635353901494042		USP3-AS1
6204	0.1707903	0.203	RPS10	-0.4592024127606393		RPS10
326624	-0.2827656	0.203	RAB37	0.4567209983706066		RAB37
1147	0.1296383	0.203	CHUK	-0.100871810254143		CHUK
10351	0.2155005	0.203	ABCA8	-0.486737274915451		ABCA8
80263	-0.2206789	0.203	TRIM45	0.4987958492306421		TRIM45
653316	0.5831189	0.203	FAM153CP	-0.5844557902961349		FAM153CP
5087	0.1524475	0.203	PBX1	-8.118388349309669e-05		PBX1
5087	0.1524475	0.203	PBX1	4.45069053365667		PBX1
353497	0.2197771	0.203	POLN	0.1528458811962801		POLN
400451	-0.1620818	0.203	FAM174B	0.299820323870553		FAM174B
3234	0.5373192	0.204	HOXD8	-0.4288698769536672		HOXD8
3071	0.3075906	0.204	NCKAP1L	-0.0956574822950495		NCKAP1L
196500	-0.2931675	0.204	PIANP	0.3022229889677427		PIANP
79178	0.0807398	0.204	THTPA	0.1619638774135259		THTPA
23552	0.1940999	0.204	CDK20	-0.3218307094137991		CDK20
5997	-0.3837604	0.204	RGS2	0.6667320103613648		RGS2
11022	-0.1128667	0.204	TDRKH	0.0877288205140502		TDRKH
55118	-0.4895009	0.204	CRTAC1	0.3505025273829174		CRTAC1
3312	0.182846	0.204	HSPA8	-1.817116338369939		HSPA8
84671	-0.1382575	0.204	ZNF347	-0.0389238043972515		ZNF347
55974	0.136678	0.204	SLC50A1	0.1040450486389814		SLC50A1
1306	-0.3581538	0.204	COL15A1	0.6758192773345426		COL15A1
25850	-0.1293259	0.204	ZNF345	0.2754457632482203		ZNF345
6874	0.1015403	0.204	TAF4	-0.307497704017404		TAF4
4615	0.1508596	0.204	MYD88	0.0814318931363611		MYD88
56889	0.1019277	0.204	TM9SF3	-0.1685117510760916		TM9SF3
29071	0.1233909	0.204	C1GALT1C1	-0.0709783805712254		C1GALT1C1
54934	-0.0872759	0.204	KANSL2	-0.0392735457247441		KANSL2
91948	-0.4468001	0.204	LINC00923	0.5313634885811738		LINC00923
105377105	-0.1912722	0.204	FLNB-AS1	-1.2528968587900935		FLNB-AS1
90231	-0.0885073	0.204	KIAA2013	0.1062092505501732		KIAA2013
79813	0.0612684	0.204	EHMT1	-0.1146494846175922		EHMT1
253827	-0.1341308	0.204	MSRB3	0.197687672149379		MSRB3
1310	-0.2759456	0.205	COL19A1	0.8304753308334405		COL19A1
340485	-0.2211135	0.205	ACER2	0.2018522765867451		ACER2
124540	0.1037498	0.205	MSI2	-0.2260449309235603		MSI2
220136	0.4636956	0.205	CFAP53	-0.2878385169763462		CFAP53
9070	0.0693237	0.205	ASH2L	0.1180091054597349		ASH2L
653073	-0.1543789	0.205	GOLGA8J	0.0161128059589845		GOLGA8J
4633	-0.2337071	0.205	MYL2	0.274009082633162		MYL2
9145	-0.0905333	0.205	SYNGR1	0.1513638694959924		SYNGR1
1665	0.1300333	0.205	DHX15	0.0162884089574255		DHX15
136	-0.3293612	0.205	ADORA2B	0.5939770716466787		ADORA2B
10127	-0.0982345	0.206	ZNF263	0.3475132323622758		ZNF263
54937	-0.5816916	0.206	SOHLH2	0.826410003397745		SOHLH2
57644	0.2055785	0.206	MYH7B	0.1798034738427665		MYH7B
80097	-0.2003771	0.206	MZT2B	0.4911073987052088		MZT2B
51444	-0.2106345	0.206	RNF138	0.1661521109837749		RNF138
3652	-0.1320065	0.206	IPP	0.4406941840591964		IPP
158787	-0.3112097	0.206	RIBC1	0.8351241799078732		RIBC1
101929704	-0.3284166	0.206	TTC23L-AS1	0.4328486397158924		TTC23L-AS1
113230	0.1835718	0.206	MISP3	0.0978504211075637		MISP3
57552	0.2021475	0.206	NCEH1	-0.4244142464455054		NCEH1
23682	0.5483959	0.206	RAB38	-0.5563360514718184		RAB38
6642	0.0657162	0.206	SNX1	0.2581511904808202		SNX1
744	0.2095302	0.206	MPPED2	-0.0385754257683257		MPPED2
64801	0.1209605	0.206	ARV1	0.1566392921391193		ARV1
285671	0.2031386	0.207	RNF180	-0.4287090330927736		RNF180
83744	0.1390848	0.207	ZNF484	-0.1020312541465624		ZNF484
1509	-0.1748559	0.207	CTSD	0.033634667063664		CTSD
56910	0.2166281	0.207	STARD7	-0.3090683596902366		STARD7
729993	0.4707307	0.207	SHISA9	-0.1263088676267774		SHISA9
90589	-0.2036836	0.207	ZNF625	0.4678152175933903		ZNF625
56892	-0.3016061	0.207	TCIM	0.4629826107820509		TCIM
55357	0.17303	0.207	TBC1D2	-0.0580616300671166		TBC1D2
4677	0.1004435	0.207	NARS1	-0.3032623981838513		NARS1
11329	-0.1532969	0.207	STK38	0.1622318109088549		STK38
5704	-0.0907504	0.207	PSMC4	0.3617823253593002		PSMC4
23275	-0.1067067	0.207	POFUT2	-0.0798497739194603		POFUT2
6737	0.2084577	0.207	TRIM21	-0.2479412797352354		TRIM21
5681	0.1074772	0.207	PSKH1	0.1708711543481311		PSKH1
65124	-0.2120843	0.208	SOWAHC	0.5065210732363155		SOWAHC
10288	0.3225887	0.208	LILRB2	-0.1183856450178075		LILRB2
152756	0.2320121	0.208	FAM218A	0.0482674495452901		FAM218A
10300	-0.1128884	0.208	KATNB1	0.3058366241089487		KATNB1
64393	-0.1665918	0.208	ZMAT3	0.1918911378009298		ZMAT3
6228	0.1329598	0.208	RPS23	-0.0462330977506368		RPS23
7490	-0.3536655	0.208	WT1	0.2090427151201721		WT1
3856	0.2212615	0.208	KRT8	-0.376373869379969		KRT8
10244	-0.1198958	0.209	RABEPK	0.3483103631994875		RABEPK
1329	0.1488382	0.209	COX5B	0.1910577198530276		COX5B
27037	-0.085979	0.209	TRMT2A	0.1505912602933081		TRMT2A
11112	0.1330292	0.209	HIBADH	-0.0786460110304894		HIBADH
2057	0.1453452	0.209	EPOR	-0.1031806089696401		EPOR
373863	0.1246296	0.209	DND1	0.640928966438374		DND1
51263	0.0872608	0.209	MRPL30	-0.1632623524865826		MRPL30
401428	-0.2113915	0.209	OR2A20P	0.5803409545176013		OR2A20P
11130	0.317154	0.209	ZWINT	-0.4645251115814899		ZWINT
28973	0.1229443	0.209	MRPS18B	0.0768511181119651		MRPS18B
51070	-0.1101257	0.209	NOSIP	-0.1264453355033712		NOSIP
129530	0.2142087	0.209	LYG1	-0.3128835048468107		LYG1
22843	0.4381063	0.209	PPM1E	-0.8048701651497743		PPM1E
171546	0.1926503	0.209	SPTSSA	-0.1288490533464457		SPTSSA
51363	-0.2610283	0.21	CHST15	0.420302024724726		CHST15
1265	0.1861117	0.21	CNN2	-0.0227088520017417		CNN2
54994	-0.077421	0.21	GID8	0.1493553115334149		GID8
100861514	-0.2850954	0.21	ELMO1-AS1	0.0		ELMO1-AS1
2321	-0.2399385	0.21	FLT1	0.0437954294988713		FLT1
5740	-0.3365346	0.21	PTGIS	0.4117533359615559		PTGIS
392636	-0.2682644	0.21	AGMO	0.1097648825881033		AGMO
5137	0.2010757	0.21	PDE1C	-0.2001339157862833		PDE1C
3434	0.3171233	0.21	IFIT1	-0.0527427314189781		IFIT1
84513	-0.1141645	0.21	PLPP5	0.2425806800501169		PLPP5
118424	0.099922	0.21	UBE2J2	-0.2985013675689965		UBE2J2
728378	-0.4359809	0.21	POTEF	0.8693363371346747		POTEF
5825	0.1413005	0.21	ABCD3	-0.0462731104681024		ABCD3
6059	0.0987286	0.21	ABCE1	-0.107402904566582		ABCE1
338069	0.2685952	0.21	ST7-OT4	0.2024031850182125		ST7-OT4
2065	0.3890822	0.21	ERBB3	-0.1280846322770721		ERBB3
100131347	-0.2572991	0.21	RDM1P5	2.0588458543841632		RDM1P5
554251	0.1667347	0.21	FBXO48	-0.1401519580679873		FBXO48
84938	0.1369777	0.211	ATG4C	-0.1416971819603416		ATG4C
54888	0.0814466	0.211	NSUN2	0.1092801010512909		NSUN2
730268	0.1369794	0.211	ANAPC1P4	-0.1444661564982752		ANAPC1P4
64078	0.4870601	0.211	SLC28A3	-0.8632926789109807		SLC28A3
55203	0.2879245	0.211	LGI2	-0.5749191761732593		LGI2
102724105	-0.1403448	0.211	ZNF528-AS1	0.362541112713596		ZNF528-AS1
9693	0.1132497	0.211	RAPGEF2	-0.2380286371487701		RAPGEF2
339883	-0.2871065	0.211	APRG1	0.6401076174767806		APRG1
728577	0.363561	0.211	CNTNAP3B	-0.4765613287646395		CNTNAP3B
162989	0.1487925	0.211	DEDD2	-0.1797668539379424		DEDD2
149371	-0.1482858	0.212	EXOC8	0.1541704177555765		EXOC8
9662	0.19935	0.212	CEP135	0.0654779431050373		CEP135
84928	-0.1350207	0.212	TMEM209	-0.0456030508260023		TMEM209
100268168	0.4464077	0.212	RPL26L1-AS1	-0.436846162592434		RPL26L1-AS1
55245	0.1183136	0.212	UQCC1	-1.4020917916516211		UQCC1
51241	0.1109045	0.212	COX16	-0.0314989513271468		COX16
126133	-0.1555594	0.212	ALDH16A1	0.2420290420953859		ALDH16A1
6573	-0.1897472	0.212	SLC19A1	-0.452101257809528		SLC19A1
6573	-0.1897472	0.212	SLC19A1	-0.101590926173797		SLC19A1
6899	0.4671108	0.212	TBX1	-0.1093727610115253		TBX1
286527	-0.2839344	0.212	TMSB15B	0.8404906102203291		TMSB15B
27242	-0.237404	0.212	TNFRSF21	0.2713615727297433		TNFRSF21
3672	0.1948831	0.212	ITGA1	-0.0851271027839644		ITGA1
100533184	0.2025934	0.212	ARHGAP19-SLIT1	0.1413882612621373		ARHGAP19-SLIT1
7140	-0.3316415	0.212	TNNT3	0.7110073330451119		TNNT3
101927111	-0.1985796	0.212	SUCLG2-DT	0.5054200602516605		SUCLG2-DT
55316	0.1295414	0.213	RSAD1	0.1663809395480147		RSAD1
56114	-0.1198331	0.213	PCDHGA1	-0.068624869638848		PCDHGA1
91734	-0.1579382	0.213	IDI2	0.7645029010906115		IDI2
10745	-0.108513	0.213	PHTF1	0.1956623707429843		PHTF1
55502	0.2794593	0.213	HES6	-0.3388584145173982		HES6
90324	-0.0839401	0.213	CCDC97	0.4359032329409404		CCDC97
8572	-0.2877069	0.213	PDLIM4	0.4989043125038783		PDLIM4
11269	0.079016	0.213	DDX19B	0.3591382831646847		DDX19B
29929	0.1215844	0.213	ALG6	0.1711141864451113		ALG6
3002	-0.5252375	0.213	GZMB	0.4882410233243039		GZMB
79165	0.1534451	0.213	LENG1	-0.1465821684228032		LENG1
4881	-0.1823065	0.214	NPR1	0.3561771208882609		NPR1
440073	-0.2597926	0.214	IQSEC3	0.7073017612047772		IQSEC3
57569	0.4275923	0.214	ARHGAP20	-0.5230545326726279		ARHGAP20
3131	-0.2535606	0.214	HLF	0.3932829296598377		HLF
23023	-0.0958351	0.214	TMCC1	-0.3629902351640659		TMCC1
100506679	-0.2067941	0.214	TTLL1-AS1	1.2719181290605557		TTLL1-AS1
285203	-0.2099392	0.214	EOGT	0.1492865246672163		EOGT
80307	0.2431275	0.215	FER1L4	-0.0395682896872452		FER1L4
7045	-0.2361262	0.215	TGFBI	0.4378836875618184		TGFBI
22834	-0.0953119	0.215	ZNF652	0.3424396113615242		ZNF652
9924	0.0868937	0.215	PAN2	-0.0567127979685366		PAN2
54440	0.3192136	0.215	SASH3	-0.0718198456586585		SASH3
112616	0.2132262	0.215	CMTM7	0.0278345794030414		CMTM7
387856	0.2123599	0.215	CCDC184	0.0119303911200083		CCDC184
9467	-0.1712231	0.215	SH3BP5	0.144586269456743		SH3BP5
9076	-0.4543598	0.215	CLDN1	-1.7481700897515486		CLDN1
4902	0.2586751	0.215	NRTN	-0.043575729321128		NRTN
6901	-0.0922297	0.215	TAFAZZIN	0.3471351018467601		TAFAZZIN
1277	-0.566711	0.216	COL1A1	0.4458788079478966		COL1A1
154043	-0.1765918	0.216	CNKSR3	0.2353009176074447		CNKSR3
3111	-0.3721468	0.216	HLA-DOA	0.1882438446813956		HLA-DOA
25834	0.4221812	0.216	MGAT4C	-0.5589016314938364		MGAT4C
23461	0.1417126	0.216	ABCA5	-0.0976924829926435		ABCA5
8935	0.2002392	0.216	SKAP2	-0.4086199141614124		SKAP2
9640	0.0767443	0.216	ZNF592	-0.046572130937907		ZNF592
27097	-0.156263	0.216	TAF5L	0.2179983325437313		TAF5L
84992	-0.093447	0.216	PIGY	0.1833340015077933		PIGY
100996939	-0.093447	0.216	PYURF	0.1397910527349646		PYURF
10146	0.0907336	0.216	G3BP1	-0.0337812741169889		G3BP1
25929	0.0774341	0.216	GEMIN5	0.13104722190563		GEMIN5
55784	0.3841123	0.216	MCTP2	-0.1682308497492943		MCTP2
2193	0.090772	0.216	FARSA	-0.1444233744184089		FARSA
103352539	0.318111	0.217	LINC01410	0.2648470787544399		LINC01410
14	-0.0868098	0.217	AAMP	0.0812492603337835		AAMP
5591	0.0871326	0.217	PRKDC	0.2695641065873877		PRKDC
2729	0.113824	0.217	GCLC	-0.3561075830085345		GCLC
80142	0.1070953	0.217	PTGES2	-0.0196893267729096		PTGES2
51013	0.1082029	0.217	EXOSC1	-0.182879053740554		EXOSC1
2054	0.1692355	0.217	STX2	-0.5044171109906235		STX2
9601	0.1682924	0.217	PDIA4	-0.0550777148619685		PDIA4
2150	-0.4188774	0.217	F2RL1	0.7918793990913514		F2RL1
100506314	0.2854165	0.217	GPRC5D-AS1	-0.0451327376933758		GPRC5D-AS1
119437	0.2176389	0.218	CTAGE7P	-0.4584988827148057		CTAGE7P
1024	-0.1164476	0.218	CDK8	0.2036612528231649		CDK8
56919	-0.0853758	0.218	DHX33	0.0399664305909972		DHX33
284757	-0.5001379	0.218	MIR646HG	0.821324237044535		MIR646HG
5919	-0.3728391	0.218	RARRES2	0.491058778043639		RARRES2
3507	-0.767533	0.218	IGHM	0.7800427423330851		IGHM
80208	0.0880909	0.218	SPG11	0.1908073294047705		SPG11
84324	0.1284853	0.218	SARNP	-0.0054540639902347		SARNP
57213	-0.1093783	0.218	SPRYD7	-0.053726111253991		SPRYD7
100128682	0.6944181	0.218	LINC01531	-0.6854830101398182		LINC01531
23452	-0.198276	0.218	ANGPTL2	0.2451242634838824		ANGPTL2
642924	0.2645003	0.218	CIBAR1-DT	0.3382645775743355		CIBAR1-DT
2188	-0.1468829	0.218	FANCF	0.136502942525325		FANCF
26027	0.2278785	0.219	ACOT11	0.0023744565055805		ACOT11
112487	0.1254957	0.219	DTD2	-0.0583763292525774		DTD2
1949	0.4831385	0.219	EFNB3	-0.1100201965170049		EFNB3
10699	0.5828461	0.219	CORIN	-0.6945909427484311		CORIN
135932	0.2605245	0.219	TMEM139	-0.1880929863103775		TMEM139
1621	-0.5852353	0.219	DBH	-0.0274865209966952		DBH
22846	-0.233155	0.219	VASH1	0.3914253689380689		VASH1
285613	-0.1694685	0.219	RELL2	-0.0374494570926993		RELL2
10817	-0.127634	0.219	FRS3	0.2941307472769017		FRS3
9590	-0.2576784	0.219	AKAP12	0.4960392495885832		AKAP12
83548	-0.0795782	0.219	COG3	0.219744480804628		COG3
51547	-0.1357609	0.219	SIRT7	0.1463227763556935		SIRT7
11131	0.4485366	0.219	CAPN11	0.0003102915624144		CAPN11
1131	-0.5683029	0.219	CHRM3	0.9472315395584628		CHRM3
101928100	-0.4569206	0.219	KLRK1-AS1	0.6930440174536212		KLRK1-AS1
84747	0.0990699	0.219	UNC119B	0.111807519590243		UNC119B
85365	0.0809011	0.219	ALG2	-0.1261270002745877		ALG2
400043	-0.2434535	0.219	LINC02381	0.5643559041754853		LINC02381
7726	-0.0689918	0.219	TRIM26	-0.0062218084114569		TRIM26
285498	-0.4519671	0.219	RNF212	0.0575316729944169		RNF212
101927155	0.1659926	0.219	LMO7-AS1	1.1043896499125962		LMO7-AS1
10668	-0.0902294	0.219	CGRRF1	0.2445390485886465		CGRRF1
163	-0.0595215	0.219	AP2B1	0.3003609551723736		AP2B1
166929	0.2026749	0.219	SGMS2	-0.1349315090124192		SGMS2
166929	0.2026749	0.219	SGMS2	-0.6358779813468551		SGMS2
4076	0.0728475	0.219	CAPRIN1	-0.0667491550969447		CAPRIN1
339453	-0.1988296	0.22	TMEM240	0.2013032488496566		TMEM240
23456	-0.1301389	0.22	ABCB10	0.2272058189376107		ABCB10
5031	-0.2901684	0.22	P2RY6	0.5549690120511064		P2RY6
7564	-0.1274526	0.22	ZNF16	0.1625588767171142		ZNF16
653781	-0.4015383	0.22	POTEJ	-0.7062190114057714		POTEJ
11020	-0.101128	0.22	IFT27	0.1611044902623293		IFT27
6446	-0.2965812	0.22	SGK1	0.1004704005616767		SGK1
2950	0.1239203	0.22	GSTP1	0.1103107757390322		GSTP1
10773	-0.1646444	0.22	ZBTB6	0.2192962108090297		ZBTB6
493829	-0.4070764	0.22	TRIM72	0.8582082256138426		TRIM72
50855	0.2204087	0.22	PARD6A	-0.0514207783507475		PARD6A
154467	0.179194	0.22	CCDC167	-0.1205521698304936		CCDC167
100506540	0.1436966	0.22	MISFA	-0.0563928273870306		MISFA
56977	-0.2622365	0.22	STOX2	0.1487454889664012		STOX2
123355	0.0652417	0.221	LRRC28	0.1480938659749724		LRRC28
55763	0.0711388	0.221	EXOC1	0.245392889313055		EXOC1
9908	0.10661	0.221	G3BP2	-0.4951600264955003		G3BP2
55033	0.160807	0.221	FKBP14	-0.6040717611259465		FKBP14
54904	0.0941784	0.221	NSD3	-0.330115954293471		NSD3
5174	-0.2269131	0.221	PDZK1	0.7650337793360789		PDZK1
114987	0.1928455	0.221	WDR31	-0.1734073690522972		WDR31
57658	0.1130892	0.221	CALCOCO1	0.0327048739139108		CALCOCO1
101929147	-0.1279311	0.221	WARS2-AS1	0.438810109587745		WARS2-AS1
9154	-0.2988282	0.221	SLC28A1	0.7866507461752259		SLC28A1
79902	-0.1109008	0.222	NUP85	0.3702443454979551		NUP85
6556	0.4660112	0.222	SLC11A1	0.1415095975279388		SLC11A1
6526	0.3370672	0.222	SLC5A3	-0.1617008556332972		SLC5A3
171017	-0.0683513	0.222	ZNF384	0.0468639760156897		ZNF384
9668	-0.0979873	0.222	ZNF432	-0.0302461817447374		ZNF432
84922	0.1002822	0.222	FIZ1	-0.205031021886425		FIZ1
26121	0.1023908	0.222	PRPF31	-0.0180192516249322		PRPF31
8379	0.1035411	0.222	MAD1L1	0.0567699759398188		MAD1L1
121457	0.2266355	0.222	IKBIP	-0.1978182760616254		IKBIP
79644	0.1422188	0.222	SRD5A3	0.156219470996008		SRD5A3
23338	-0.1210267	0.222	JADE2	0.1511971056189991		JADE2
2619	-0.3418841	0.222	GAS1	0.3205207836332677		GAS1
3502	-0.7567056	0.222	IGHG3	0.8679109571701484		IGHG3
285313	-0.2839786	0.222	IGSF10	9.432232295258912e-05		IGSF10
10906	-0.1502847	0.222	TRAFD1	0.3348405564287389		TRAFD1
3195	0.7453925	0.222	TLX1	-0.4096935260323917		TLX1
290	0.4299414	0.222	ANPEP	-0.4967394834265253		ANPEP
2358	-0.5889857	0.222	FPR2	0.992379628416495		FPR2
100505716	-0.3114156	0.223	LOC100505716	0.1502844395859153		LOC100505716
102723775	0.3723274	0.223	LINC01315	-0.3706957000151984		LINC01315
219743	-0.1305333	0.223	TYSND1	0.1059386756002518		TYSND1
114609	0.0941432	0.223	TIRAP	0.1992177715767584		TIRAP
1846	0.3348327	0.223	DUSP4	-0.2303125906696389		DUSP4
4593	-0.3966763	0.223	MUSK	0.2790707971534426		MUSK
81876	0.0667505	0.223	RAB1B	0.0892128290481135		RAB1B
147339	-0.1293204	0.223	C18orf25	-0.011960040586342		C18orf25
102724826	-0.119455	0.223	ZNF337-AS1	0.4609866731400248		ZNF337-AS1
57691	0.1453448	0.223	KIAA1586	0.024813780612082		KIAA1586
93164	-0.1838594	0.223	HTR7P1	0.5853243989540826		HTR7P1
10040	-0.1011401	0.223	TOM1L1	0.2408998275707263		TOM1L1
161779	-0.1168041	0.223	PGBD4	0.3165228517787956		PGBD4
22871	0.2256702	0.224	NLGN1	0.0351570650557782		NLGN1
5690	0.0759475	0.224	PSMB2	-0.0303692093229095		PSMB2
8569	-0.0809915	0.224	MKNK1	-0.1299551743791278		MKNK1
84206	0.2137792	0.224	MEX3B	-0.1961158215055534		MEX3B
4350	0.1148227	0.224	MPG	0.1731300915246327		MPG
441374	0.7289258	0.224	FLJ42969	0.1427617227026719		FLJ42969
653269	-0.3980959	0.224	POTEI	-0.1538005805284701		POTEI
445582	-0.3976706	0.224	POTEE	0.0007008370921699		POTEE
2332	-0.1366235	0.224	FMR1	-0.1696293188256179		FMR1
22836	0.1384685	0.224	RHOBTB3	-0.2499299083074468		RHOBTB3
158	0.1015375	0.224	ADSL	0.0886815088328321		ADSL
7102	-0.1785647	0.224	TSPAN7	0.3100779067045858		TSPAN7
388182	0.306737	0.224	SPATA41	-0.3303006033816468		SPATA41
79576	0.0776925	0.224	NKAP	-0.1192047570573051		NKAP
10753	-0.3207197	0.224	CAPN9	1.1912102177638109		CAPN9
3785	-0.959621	0.225	KCNQ2	1.1553793462504558		KCNQ2
54869	0.3178562	0.225	EPS8L1	-0.1563921654885102		EPS8L1
548593	-0.1338974	0.225	SLX1A	1.590153016220451		SLX1A
1462	-0.3998246	0.225	VCAN	0.6414634763405722		VCAN
84135	0.0937686	0.225	UTP15	0.0318533733138259		UTP15
7753	0.1114752	0.225	ZNF202	-0.0290462243829967		ZNF202
338872	0.339777	0.225	C1QTNF9	-0.0543809285832918		C1QTNF9
100128055	-0.1593818	0.225	SMARCA5-AS1	1.0792872058635885		SMARCA5-AS1
25988	-0.0849433	0.225	HINFP	0.2330017031613804		HINFP
317	-0.1764147	0.225	APAF1	0.3705657483109261		APAF1
55508	-0.1317801	0.225	SLC35E3	0.6501069337170273		SLC35E3
134510	0.0853189	0.225	UBLCP1	0.229951451932822		UBLCP1
55507	0.3008089	0.225	GPRC5D	-0.8658116111353511		GPRC5D
51104	-0.1406438	0.225	ABHD17B	0.160590351138691		ABHD17B
54896	-0.1271026	0.226	SLC66A1	0.2898873324237061		SLC66A1
6632	0.1039211	0.226	SNRPD1	0.0599148408271732		SNRPD1
5321	0.2950287	0.226	PLA2G4A	-0.0976536007504159		PLA2G4A
101929977	0.2823622	0.226	MARCHF6-DT	-0.0214216885562572		MARCHF6-DT
101927233	0.1874798	0.226	SEMA6A-AS1	0.205873482957795		SEMA6A-AS1
63917	-0.0856533	0.226	GALNT11	0.2784519667511578		GALNT11
116842	-0.2411653	0.226	LEAP2	0.4075698798516298		LEAP2
64207	-0.1776087	0.226	IRF2BPL	0.1495382266790197		IRF2BPL
29035	-0.1073084	0.226	HAPSTR1	0.1352633093317994		HAPSTR1
23037	0.1890814	0.226	PDZD2	0.0768454769801456		PDZD2
3514	-0.7600385	0.227	IGKC	0.7510711659997948		IGKC
3643	-0.1891098	0.227	INSR	0.2230648274761293		INSR
476	0.1676109	0.227	ATP1A1	0.06686406167693		ATP1A1
84296	-0.2213912	0.227	GINS4	0.6732117024166361		GINS4
8808	-0.3258257	0.227	IL1RL2	0.288777587388727		IL1RL2
11328	-0.0844042	0.227	FKBP9	0.2227641094307522		FKBP9
26253	-0.682543	0.227	CLEC4E	0.7898237590267412		CLEC4E
53373	-0.1136219	0.227	TPCN1	0.3396424678517453		TPCN1
78992	-0.0932177	0.227	YIPF2	0.3489509389315053		YIPF2
23582	-0.0683653	0.227	CCNDBP1	0.3061485539714788		CCNDBP1
8925	0.1073058	0.227	HERC1	0.3614303660483591		HERC1
9913	0.0547973	0.227	SUPT7L	-0.005930737748879		SUPT7L
283	0.2144106	0.227	ANG	0.1278637357047829		ANG
54809	0.2595662	0.227	SAMD9	-0.1947176875826317		SAMD9
5080	0.1944247	0.228	PAX6	2.454332023172781		PAX6
101927895	-0.1490838	0.228	EMC1-AS1	0.0694820177346093		EMC1-AS1
100507308	-0.3008682	0.228	TARID	1.31099244252587		TARID
4809	0.1132572	0.228	SNU13	-0.2801470240788095		SNU13
3321	0.233339	0.228	IGSF3	-0.1705588389001047		IGSF3
150771	0.2684939	0.228	ITPRIPL1	-0.0799802602249027		ITPRIPL1
9140	0.073432	0.228	ATG12	-0.0511456797236293		ATG12
4580	-0.0977282	0.228	MTX1	0.0510132213467797		MTX1
64855	0.1588886	0.228	NIBAN2	-0.1304082191866129		NIBAN2
338699	-0.1362643	0.228	ANKRD42	0.4230828014904868		ANKRD42
106707243	-0.1777664	0.228	PRH1-TAS2R14	0.2757855086890253		PRH1-TAS2R14
8631	-0.4293108	0.228	SKAP1	0.4261716634703706		SKAP1
9353	-0.2656511	0.229	SLIT2	0.8321827870625558		SLIT2
9742	-0.1254185	0.229	IFT140	-0.1413082607415678		IFT140
51367	-0.141883	0.229	POP5	0.2290453266680705		POP5
56937	-0.2090957	0.229	PMEPA1	0.2387799828987002		PMEPA1
10152	-0.0850209	0.229	ABI2	-0.0029918624464899		ABI2
4436	-0.1457855	0.229	MSH2	0.4340561703390917		MSH2
139818	0.2290922	0.229	DOCK11	-0.0094450124086168		DOCK11
56970	0.0875323	0.229	ATXN7L3	-0.3863978822301872		ATXN7L3
9811	0.1175138	0.229	CTIF	-0.1831623089324505		CTIF
26051	-0.2916339	0.229	PPP1R16B	0.3869057282235169		PPP1R16B
3592	-0.3556272	0.229	IL12A	0.6104232202927904		IL12A
10560	-0.4228341	0.229	SLC19A2	0.4671442879201359		SLC19A2
28971	0.1721402	0.229	AAMDC	0.0864890304061791		AAMDC
23207	0.0917778	0.229	PLEKHM2	0.1073982698598516		PLEKHM2
1487	-0.0627678	0.229	CTBP1	-0.0072886240582787		CTBP1
284058	-0.082079	0.229	KANSL1	-0.190162786208921		KANSL1
6181	-0.1212068	0.229	RPLP2	0.3566390088006343		RPLP2
84966	-0.3764261	0.23	IGSF21	0.6833930765108335		IGSF21
5593	-0.6850533	0.23	PRKG2	0.4087632797807878		PRKG2
1021	0.2418369	0.23	CDK6	-0.2487034146348727		CDK6
692072	-0.2724316	0.23	SNORD5	0.3703913693005911		SNORD5
10793	-0.2548029	0.23	ZNF273	0.8082696328545174		ZNF273
7678	-0.1907634	0.23	ZNF124	0.1502254250768651		ZNF124
79736	0.1065128	0.23	TEFM	-0.311267023593873		TEFM
339926	-0.2034482	0.23	EHHADH-AS1	-1.657653070079986		EHHADH-AS1
80853	0.1449736	0.231	KDM7A	-0.302864456702586		KDM7A
100126336	-0.3158066	0.231	MIR208B	0.182864085255769		MIR208B
1859	-0.0995489	0.231	DYRK1A	0.1831716040082165		DYRK1A
55170	-0.1934817	0.231	PRMT6	0.4143708567616033		PRMT6
26060	0.144357	0.231	APPL1	-0.3403996038929282		APPL1
100302652	0.0853577	0.231	GPR75-ASB3	-0.0504274540723654		GPR75-ASB3
80071	0.3028831	0.232	CCDC15	0.1445353459278169		CCDC15
25911	0.1494207	0.232	DPCD	0.1669320494177393		DPCD
11262	0.2848315	0.232	SP140	-0.0692728884345698		SP140
4733	0.1147887	0.232	DRG1	0.0288546764776027		DRG1
644	0.1104267	0.232	BLVRA	0.5152066667535955		BLVRA
1738	0.1040852	0.232	DLD	0.1396517548499263		DLD
80012	-0.1484619	0.232	PHC3	-0.0965802080559736		PHC3
84657	-0.3355462	0.232	LINC00852	0.59946812481774		LINC00852
285521	0.1168479	0.232	COX18	-0.0105060932476317		COX18
728833	0.299394	0.232	FAM72D	-0.1841283315820683		FAM72D
157570	0.5325159	0.232	ESCO2	-0.6059734217878385		ESCO2
199699	-0.2159992	0.232	DAND5	0.5316588785751664		DAND5
8214	0.2636459	0.232	DGCR6	-0.017089321791615		DGCR6
326340	-0.1101629	0.233	ZAR1	2.491738715972557		ZAR1
4703	-0.6604858	0.233	NEB	0.5840203782379416		NEB
7095	0.0970924	0.233	SEC62	-0.1160492491161093		SEC62
440689	0.1579395	0.233	H2BC18	-0.4308770094409907		H2BC18
126328	-0.1251706	0.233	NDUFA11	0.1642928177843092		NDUFA11
1017	0.1242355	0.234	CDK2	-0.0833243005328072		CDK2
84189	0.5969128	0.234	SLITRK6	-0.6285430679101269		SLITRK6
11057	-0.2226413	0.234	ABHD2	0.0371727356607447		ABHD2
84964	-0.1147058	0.234	ALKBH6	0.1235089814470766		ALKBH6
6792	-0.1874183	0.234	CDKL5	-0.1981353420032917		CDKL5
533	-0.1298886	0.234	ATP6V0B	0.4077039745567061		ATP6V0B
153572	-0.5719209	0.234	IRX2	0.5043390471804864		IRX2
11335	0.0764104	0.234	CBX3	0.2399623953608038		CBX3
56342	0.0873711	0.234	PPAN	0.0245345565911492		PPAN
26039	-0.0919237	0.234	SS18L1	0.3280272219197582		SS18L1
285419	-0.3444342	0.234	LINC01091	0.6117998828845483		LINC01091
375757	0.1270463	0.234	SWI5	0.0924728348612378		SWI5
101928085	-0.2339593	0.234	ERICH6-AS1	0.4107918574990667		ERICH6-AS1
79173	-0.2624458	0.234	BRME1	0.1222203036776746		BRME1
4905	-0.0978715	0.234	NSF	0.0802848532767455		NSF
93663	0.2289165	0.234	ARHGAP18	-0.298033566414984		ARHGAP18
51236	0.1389413	0.235	HGH1	-0.516362773469164		HGH1
160140	-0.2148873	0.235	C11orf65	0.280535447405979		C11orf65
3494	-0.6755426	0.235	IGHA2	0.8965491443673517		IGHA2
59342	0.1253891	0.235	SCPEP1	0.1395020111095242		SCPEP1
4987	-0.3249447	0.235	OPRL1	0.5525565775323396		OPRL1
10228	-0.1004321	0.236	STX6	-0.1120140212378038		STX6
29100	-0.119011	0.236	TMEM208	0.3438627495122386		TMEM208
101928118	0.2206078	0.236	RWDD3-DT	-0.527585793599713		RWDD3-DT
951	0.2520829	0.236	CD37	0.1025784274606365		CD37
27010	0.1031502	0.236	TPK1	-0.1038959953611287		TPK1
51081	0.1101459	0.236	MRPS7	0.1001931805428304		MRPS7
27039	-0.1498939	0.236	PKD2L2	0.3852012823830404		PKD2L2
84239	-0.3176825	0.236	ATP13A4	0.8385357640395731		ATP13A4
84153	-0.1064319	0.236	RNASEH2C	0.0839780464937876		RNASEH2C
9630	-0.4212155	0.236	GNA14	0.5810598741308284		GNA14
123264	0.2247367	0.236	SLC51B	1.1902998835078025		SLC51B
2104	0.195272	0.237	ESRRG	-0.3672860290923201		ESRRG
125988	0.1109081	0.237	MICOS13	-0.0872879512606497		MICOS13
8807	-0.498182	0.237	IL18RAP	0.4705485394302046		IL18RAP
222171	-0.5731997	0.237	PRR15	1.0666277415028274		PRR15
57689	-0.3585277	0.237	LRRC4C	0.3344670236765554		LRRC4C
283856	0.3541125	0.237	GNAO1-DT	-0.6355061494275761		GNAO1-DT
441631	-0.4069641	0.237	TSPAN11	0.6755762310222297		TSPAN11
84504	0.0951488	0.237	NKX6-2	3.3329285153075983		NKX6-2
474344	0.2004797	0.237	GIMAP6	-0.2524996747943326		GIMAP6
57211	-0.2779016	0.237	ADGRG6	0.202462082879002		ADGRG6
126433	0.1841841	0.237	FBXO27	-0.0893940908156896		FBXO27
51149	-0.1353542	0.237	MRNIP	0.2105832527473516		MRNIP
6882	0.0843277	0.237	TAF11	-0.0669453019527317		TAF11
9139	-0.0926993	0.237	CBFA2T2	0.1610156234533346		CBFA2T2
100506742	-0.3845335	0.238	CASP12	0.3017142310931435		CASP12
84316	0.1305149	0.238	NAA38	0.0693807668684733		NAA38
55729	0.1159557	0.238	ATF7IP	-0.0906010727716921		ATF7IP
158257	0.2167274	0.238	LINC02603	0.0005027160150525		LINC02603
10326	-0.1732274	0.238	SIRPB1	0.3723036518366469		SIRPB1
84163	-0.1108696	0.238	GTF2IRD2	0.1455167503484515		GTF2IRD2
9797	0.0625869	0.239	TATDN2	0.2224290041304839		TATDN2
101927481	-0.2827347	0.239	LINC01909	0.1216136903908721		LINC01909
100505761	-0.1971182	0.239	C10orf95-AS1	0.3906827931559733		C10orf95-AS1
125150	0.1489262	0.239	ZSWIM7	-0.1984600540468015		ZSWIM7
387911	0.279323	0.239	C1QTNF9B	-0.3798743446151724		C1QTNF9B
5252	-0.1187957	0.239	PHF1	0.2783258917438012		PHF1
54815	-0.0769053	0.239	GATAD2A	0.0392871547786892		GATAD2A
8817	-0.4087608	0.239	FGF18	0.6208380349987643		FGF18
5021	-0.2134362	0.239	OXTR	0.1666402020494199		OXTR
53358	0.2824943	0.239	SHC3	-0.3316816215709459		SHC3
1768	-0.4388198	0.24	DNAH6	0.7521037761989211		DNAH6
112942	0.108941	0.24	CFAP36	0.0387678666751369		CFAP36
1317	0.1429153	0.24	SLC31A1	-0.1453213918517875		SLC31A1
1482	0.1866761	0.24	NKX2-5	-0.2033342943035787		NKX2-5
7976	-0.1625979	0.24	FZD3	0.2540644885975793		FZD3
84502	0.3330493	0.24	JPH4	-0.1885148342995664		JPH4
5526	-0.0853945	0.24	PPP2R5B	0.0899998882698218		PPP2R5B
653319	-0.1297045	0.24	MATCAP1	0.1033610903597139		MATCAP1
65065	0.0819368	0.24	NBEAL1	0.1005820728187525		NBEAL1
55915	-0.1256504	0.24	LANCL2	0.393521270503141		LANCL2
284370	0.0965388	0.24	ZNF615	-0.2437049690810457		ZNF615
347689	0.356491	0.241	SOX2-OT	0.1011504872842836		SOX2-OT
89846	-0.2393083	0.241	FGD3	0.0638119454181862		FGD3
55275	-0.074097	0.241	VPS53	0.0254891173202258		VPS53
83879	0.2993768	0.241	CDCA7	-0.233492504899989		CDCA7
3965	-0.2622036	0.241	LGALS9	0.4634627177041217		LGALS9
348327	-0.0946768	0.241	ZNF530	0.5012315188183283		ZNF530
4790	0.0682832	0.241	NFKB1	0.0718054440771789		NFKB1
57496	-0.1415904	0.241	MRTFB	-0.0191893508913065		MRTFB
341640	0.7720197	0.241	FREM2	-0.8358254454869378		FREM2
154860	0.4825047	0.241	FEZF1-AS1	0.2741917933840079		FEZF1-AS1
22856	-0.1575892	0.241	CHSY1	-0.148724462561534		CHSY1
55798	0.0881687	0.242	METTL2B	0.2397877136305077		METTL2B
7757	0.2407991	0.242	ZNF208	0.2777891831780761		ZNF208
28969	0.1654978	0.242	BZW2	-0.1544731709789939		BZW2
91694	-0.1993704	0.242	LONRF1	0.1039366291642531		LONRF1
55129	0.1141675	0.242	ANO10	-0.2680698128757273		ANO10
101927377	0.2106755	0.242	LOC101927377	0.0649482022954665		LOC101927377
10346	-0.2750943	0.242	TRIM22	0.383119919126452		TRIM22
401588	-0.1431892	0.242	ZNF674-AS1	0.375119658725334		ZNF674-AS1
64418	0.1285724	0.242	TMEM168	-0.3891713842212834		TMEM168
54901	0.0792518	0.242	CDKAL1	0.1498095605383171		CDKAL1
4487	-0.2471585	0.242	MSX1	0.5590422726899		MSX1
55556	-0.1829398	0.242	ENOSF1	0.2051522891525321		ENOSF1
286006	-0.2068974	0.243	LSMEM1	0.4406862857645888		LSMEM1
9889	0.0916153	0.243	ZBED4	0.077904617148912		ZBED4
5450	0.5127046	0.243	POU2AF1	-0.0652329016344073		POU2AF1
7248	0.1149241	0.243	TSC1	-0.0570650075471323		TSC1
64714	-0.4359986	0.243	PDIA2	0.7017425659061294		PDIA2
84939	-0.098984	0.243	PWWP3A	0.1620846831745437		PWWP3A
23590	0.117906	0.243	PDSS1	0.0182321059525931		PDSS1
27153	-0.0861413	0.243	ZNF777	0.126842463437919		ZNF777
3930	-0.1789009	0.243	LBR	0.1093912165473147		LBR
340351	-0.1719774	0.243	AGBL3	0.6308332068025044		AGBL3
203238	-0.2504048	0.243	CCDC171	0.699714341723216		CCDC171
64131	-0.3109646	0.243	XYLT1	0.2710715547150492		XYLT1
54941	0.2486918	0.243	RNF125	-0.5427397122535977		RNF125
7323	0.083009	0.243	UBE2D3	-0.360518257025447		UBE2D3
135293	-0.2176114	0.243	PM20D2	0.4164740179962791		PM20D2
284408	-0.1682959	0.243	ZNF790-AS1	0.7030613991020864		ZNF790-AS1
3921	0.1354471	0.244	RPSA	0.7640483241668363		RPSA
55449	0.095453	0.244	DHRS4-AS1	-0.0419937898383686		DHRS4-AS1
116984	0.2467444	0.244	ARAP2	-0.3566542165664117		ARAP2
256329	0.3230779	0.244	LMNTD2	-0.3463779363448893		LMNTD2
100288842	-0.1425765	0.244	B3GALT9	0.0682126107958329		B3GALT9
51230	0.0933563	0.244	PHF20	-0.2655373595916952		PHF20
28974	0.1070775	0.244	C19orf53	0.1686778771610582		C19orf53
27314	0.1868117	0.244	RAB30	-0.5426362137990397		RAB30
91433	-0.119225	0.245	RCCD1	-0.2990700881719013		RCCD1
8792	0.2326122	0.245	TNFRSF11A	-0.0596225131984917		TNFRSF11A
1615	0.0891423	0.245	DARS1	-0.1896491005069895		DARS1
59271	-0.2202211	0.245	EVA1C	0.4021852095195584		EVA1C
196792	-0.2712497	0.245	FAM24B	0.2021890626889388		FAM24B
129831	0.1191493	0.245	RBM45	0.1118659973433455		RBM45
10960	0.0984185	0.245	LMAN2	0.0255492933407195		LMAN2
85409	-0.3178555	0.245	NKD2	0.6313491116159053		NKD2
84527	0.1096996	0.245	ZNF559	0.1678879311372738		ZNF559
55791	0.123712	0.245	LRIF1	-0.1759010587346958		LRIF1
79034	-0.098675	0.245	INTS15	0.3343613692077221		INTS15
3770	-0.3409519	0.245	KCNJ14	0.3035909807422281		KCNJ14
100505876	0.0959905	0.245	CEBPZOS	-0.0991594445202501		CEBPZOS
4691	0.0837471	0.245	NCL	-0.1593473810097485		NCL
10735	0.1195145	0.246	STAG2	-0.4486090953106112		STAG2
28957	0.1144765	0.246	MRPS28	-0.2851673064399422		MRPS28
57705	-0.3021667	0.246	WDFY4	0.3086275452874039		WDFY4
474170	0.233431	0.246	LRRC37A2	-0.4610107125477698		LRRC37A2
84865	-0.1036407	0.246	CCDC142	0.2778701933755656		CCDC142
27252	0.0969701	0.246	KLHL20	0.0477298365251184		KLHL20
148206	0.2348309	0.246	ZNF714	-0.01675367051321		ZNF714
152015	0.2939234	0.246	ROPN1B	-0.0299884693052626		ROPN1B
2959	0.1132895	0.246	GTF2B	-0.1056885736580266		GTF2B
2596	-0.5828906	0.246	GAP43	0.7830966444508751		GAP43
203522	0.1494398	0.246	INTS6L	0.0721349980154253		INTS6L
7082	-0.1015736	0.246	TJP1	0.2864804586090654		TJP1
9113	-0.1422661	0.246	LATS1	0.147781492921466		LATS1
55954	0.114516	0.246	ZMAT5	-0.0562012429558542		ZMAT5
340527	-0.1999811	0.246	NHSL2	0.2639832803543651		NHSL2
157657	0.1493834	0.247	CFAP418	-0.2154946908648951		CFAP418
147007	-0.088317	0.247	TMEM199	0.2671958890371662		TMEM199
203111	-0.3762433	0.247	ERICH5	0.5687804836596875		ERICH5
5727	0.1662891	0.247	PTCH1	-0.4882848582103802		PTCH1
3190	-0.0484465	0.247	HNRNPK	-0.0653487494880531		HNRNPK
109	0.142198	0.248	ADCY3	-0.1288785054829135		ADCY3
201798	-0.3020547	0.248	TIGD4	0.5232181175276833		TIGD4
6745	0.0802297	0.248	SSR1	-0.3300073532950183		SSR1
4673	0.094539	0.248	NAP1L1	-0.1178666569490847		NAP1L1
255631	-0.3929053	0.248	COL24A1	0.3455482840523224		COL24A1
100130742	-0.5086852	0.248	LRRC69	0.4120876547351101		LRRC69
7512	0.345524	0.248	XPNPEP2	-0.1501087636126317		XPNPEP2
84318	0.1514562	0.248	CCDC77	-0.0711738950471501		CCDC77
101928363	0.4661801	0.248	EHD4-AS1	-0.293565904540995		EHD4-AS1
65249	-0.2035433	0.248	ZSWIM4	0.381771163338046		ZSWIM4
5990	-0.3279828	0.248	RFX2	-0.1045228659441384		RFX2
387763	-0.3429137	0.248	C11orf96	0.608191615459214		C11orf96
134266	-0.1798797	0.248	GRPEL2	0.3603117177921766		GRPEL2
51555	0.311226	0.249	PEX5L	-1.315428068717147		PEX5L
51275	-0.1250879	0.249	MAPKAPK5-AS1	0.0405024508866818		MAPKAPK5-AS1
57614	-0.0854569	0.249	RELCH	0.241230098746628		RELCH
2597	0.1083683	0.249	GAPDH	0.084244417496448		GAPDH
109286553	0.1113686	0.249	ARHGAP27P1-BPTFP1-KPNA2P3	0.2204631330670312		ARHGAP27P1-BPTFP1-KPNA2P3
2827	-0.4480039	0.249	GPR3	0.6402648725286526		GPR3
23344	-0.0822738	0.249	ESYT1	0.4157573034029616		ESYT1
7482	-0.1387999	0.249	WNT2B	0.3482830511813182		WNT2B
9853	-0.1400046	0.249	RUSC2	0.3488758496135973		RUSC2
91862	-0.37598	0.249	MARVELD3	0.9618634952663604		MARVELD3
4644	0.1828138	0.249	MYO5A	-0.3021876220873671		MYO5A
5178	0.1678796	0.25	PEG3	-0.0165008932707393		PEG3
57704	-0.1104195	0.25	GBA2	0.0094787860652045		GBA2
57577	-0.2109856	0.25	CCDC191	0.0440810984788805		CCDC191
123720	0.1019053	0.25	WHAMM	-0.3016832273340459		WHAMM
51333	-0.2296811	0.25	ZNF771	0.1907877317107367		ZNF771
100506380	0.1906416	0.25	RNF32-DT	0.6464995897456406		RNF32-DT
5797	0.0965991	0.25	PTPRM	0.0920601361744282		PTPRM
4772	-0.1153122	0.25	NFATC1	0.2893534850461048		NFATC1
388585	-0.4636599	0.251	HES5	0.5458844514873118		HES5
25885	0.1053223	0.251	POLR1A	0.0138028547403123		POLR1A
11149	0.1674847	0.251	BVES	-0.4048693360744968		BVES
64342	0.0833671	0.251	HS1BP3	-0.1571371249450637		HS1BP3
4361	0.1007498	0.251	MRE11	-0.3092788856247135		MRE11
25849	0.1609146	0.251	PARM1	0.1099237823157723		PARM1
259232	0.1973242	0.251	NALCN	-0.3607276726137047		NALCN
6482	0.1594402	0.251	ST3GAL1	-0.3788366667212788		ST3GAL1
6206	0.1455713	0.251	RPS12	-0.0065686418800439		RPS12
26271	0.1747136	0.252	FBXO5	-0.1182171642238277		FBXO5
55080	-0.1550704	0.252	TAPBPL	0.3141065710329078		TAPBPL
1601	0.216642	0.252	DAB2	-0.2656136097717549		DAB2
58509	-0.0860596	0.252	CACTIN	0.0626963610261945		CACTIN
339398	-0.3314836	0.252	LINGO4	0.2225721030537333		LINGO4
2876	0.1397125	0.252	GPX1	-0.2432614882361363		GPX1
85453	-0.1117428	0.252	TSPYL5	0.1042437082690375		TSPYL5
79009	0.0707051	0.252	DDX50	0.1113402384058268		DDX50
54845	-0.6365828	0.252	ESRP1	1.1173526380293544		ESRP1
55328	0.1381523	0.252	RNLS	-0.2488038076260128		RNLS
100129543	-0.3910001	0.252	ZNF730	0.503437422612599		ZNF730
11156	0.1881182	0.252	PTP4A3	0.1306698353294884		PTP4A3
8566	0.1080387	0.252	PDXK	-0.2549164365203724		PDXK
3980	0.0879793	0.252	LIG3	-0.4280494358392417		LIG3
399726	0.2428039	0.252	MIR1915HG	-0.1241841066900621		MIR1915HG
23299	0.0969647	0.252	BICD2	-0.0760643780324645		BICD2
29948	0.3481209	0.252	OSGIN1	-0.3359646002707839		OSGIN1
55026	-0.3513824	0.253	TMEM255A	0.6511680640133295		TMEM255A
1974	-0.1186621	0.253	EIF4A2	0.2031912652586101		EIF4A2
2733	0.0763672	0.253	GLE1	0.1830383549922714		GLE1
3915	0.0977368	0.253	LAMC1	-0.3840851697419607		LAMC1
105377769	-0.2064359	0.253	TRIM7-AS2	0.4001683137692131		TRIM7-AS2
26517	0.1080171	0.253	TIMM13	-0.0452729306909072		TIMM13
84186	-0.0849855	0.253	ZCCHC7	0.1098311800486842		ZCCHC7
121506	-0.3084746	0.253	ERP27	0.3389872143427834		ERP27
25771	-0.0938134	0.253	TBC1D22A	0.2051396976994222		TBC1D22A
7402	0.1395992	0.253	UTRN	0.1577557214941869		UTRN
2588	0.0858007	0.253	GALNS	-0.2310915478511903		GALNS
79092	-0.2094851	0.253	CARD14	0.5131336387041365		CARD14
23334	-0.0642217	0.253	SZT2	0.1904331352838606		SZT2
2843	-0.2817432	0.254	GPR20	0.4861506547068498		GPR20
105369980	0.6102675	0.254	LINC01404	2.2985315075270867		LINC01404
90639	0.0935696	0.254	COX19	-0.1778886520945621		COX19
60492	0.1079405	0.254	CCDC90B	-0.1584351744905356		CCDC90B
10516	-0.1690356	0.254	FBLN5	0.3019398228441519		FBLN5
54914	0.0865245	0.254	FOCAD	0.0187033840400827		FOCAD
1455	0.0913663	0.254	CSNK1G2	-0.0781896763751985		CSNK1G2
84273	0.0873322	0.254	NOA1	-0.0419720942966401		NOA1
100192420	-0.631864	0.254	LINC01634	1.0121756371294914		LINC01634
26227	0.2892379	0.254	PHGDH	0.0083108031707703		PHGDH
9223	-0.1347464	0.254	MAGI1	0.1243151683869694		MAGI1
9475	0.1566078	0.254	ROCK2	-0.2046185545512404		ROCK2
25961	0.1521897	0.254	NUDT13	0.0393614388050229		NUDT13
100131094	0.0916889	0.255	DPP9-AS1	0.5307235381045361		DPP9-AS1
58515	0.1242793	0.255	SELENOK	-0.7430461087330364		SELENOK
338817	0.4819705	0.255	LINC01252	0.5625072378344336		LINC01252
102724190	0.3730113	0.255	LINC02289	-0.2909812602380572		LINC02289
84365	0.1031413	0.255	NIFK	-0.2803571598999603		NIFK
60561	0.0903775	0.255	RINT1	0.0943160301877528		RINT1
92105	0.0647994	0.255	INTS4	-0.2194891823572735		INTS4
55010	0.2826066	0.255	PARPBP	-0.1019612365969999		PARPBP
1009	-0.3480199	0.255	CDH11	0.1001062567987718		CDH11
23094	-0.1655918	0.255	SIPA1L3	0.0341807519462302		SIPA1L3
203069	0.0821567	0.255	R3HCC1	-0.1048237164245096		R3HCC1
7525	0.1460911	0.255	YES1	-0.1125340632421401		YES1
5118	-0.2390772	0.256	PCOLCE	0.3337182111630428		PCOLCE
105375355	-0.4270159	0.256	UPK3B	-0.5846061604033599		UPK3B
51701	0.092155	0.256	NLK	0.1528131955333633		NLK
1414	0.4288032	0.256	CRYBB1	-0.377145066472381		CRYBB1
9842	-0.1166398	0.256	PLEKHM1	0.0530630008739887		PLEKHM1
7555	0.1028162	0.256	CNBP	-0.0489230731424683		CNBP
6419	0.1047173	0.257	SETMAR	0.1592023398529458		SETMAR
3679	0.1669403	0.257	ITGA7	-0.088679142027308		ITGA7
5947	0.2091865	0.257	RBP1	-0.1371496908087808		RBP1
148103	-0.1277357	0.257	ZNF599	0.3673806245565021		ZNF599
26269	-0.0812353	0.257	FBXO8	0.0695340762601031		FBXO8
23787	0.1141635	0.257	MTCH1	-0.1608394371608534		MTCH1
54776	-0.1663685	0.257	PPP1R12C	0.1333563452112116		PPP1R12C
57542	-0.1336199	0.257	KLHL42	0.2773752027923797		KLHL42
90525	-0.1428635	0.257	SHF	0.0678950971416108		SHF
80194	-0.0940661	0.258	TMEM134	0.1622639985055736		TMEM134
57232	0.2263504	0.258	ZNF630	-0.1510590519567418		ZNF630
115265	0.3177197	0.258	DDIT4L	-0.214825156829867		DDIT4L
80705	0.204519	0.258	TSGA10	-0.176521173887552		TSGA10
114971	0.0944441	0.258	PTPMT1	0.0352108923766358		PTPMT1
2773	-0.1135084	0.258	GNAI3	0.365879724345342		GNAI3
3066	0.08441	0.258	HDAC2	0.1010341947854813		HDAC2
2820	0.1360956	0.259	GPD2	-0.3525744703259863		GPD2
54629	0.1727708	0.259	MINDY2	0.0525844287856802		MINDY2
10455	0.1142418	0.259	ECI2	-0.1670833438517549		ECI2
54555	-0.1001708	0.259	DDX49	0.478888440670806		DDX49
150726	-0.2365179	0.259	FBXO41	0.438964264872834		FBXO41
1716	-0.091189	0.259	DGUOK	0.2928899926467601		DGUOK
4712	0.1298172	0.259	NDUFB6	-0.1132631931181444		NDUFB6
6095	-0.2134781	0.259	RORA	0.2264935259240732		RORA
146956	0.1355172	0.259	EME1	-0.2750155499678109		EME1
51042	0.1771712	0.259	ZNF593	0.0410469439643383		ZNF593
286410	0.1480537	0.259	ATP11C	-0.1145551854130704		ATP11C
90580	-0.1114683	0.259	TIMM29	0.4591043369047312		TIMM29
43847	0.3502447	0.259	KLK14	-0.4458162341626005		KLK14
7769	-0.0621342	0.259	ZNF226	0.3089049682263214		ZNF226
57713	-0.127892	0.26	SFMBT2	0.2365503226814618		SFMBT2
26224	-0.136282	0.26	FBXL3	0.0633938733137675		FBXL3
201266	0.147906	0.26	SLC39A11	0.0145629699370939		SLC39A11
166379	0.2921687	0.26	BBS12	-0.0891667642220916		BBS12
123904	0.2586099	0.26	NRN1L	-0.2889678721013504		NRN1L
2224	0.0714166	0.26	FDPS	0.1138630362526198		FDPS
642778	0.1037044	0.26	NPIPA3	0.2549468543192104		NPIPA3
5803	-0.3856144	0.26	PTPRZ1	0.8001465760432741		PTPRZ1
3681	0.2917207	0.26	ITGAD	1.2664065530117616		ITGAD
92675	-0.1000846	0.26	DTD1	0.3719737919903876		DTD1
27445	0.2804834	0.26	PCLO	-0.188495472285797		PCLO
2307	-0.456126	0.26	FOXS1	0.5759298401774859		FOXS1
170679	-0.5089916	0.26	PSORS1C1	0.692606154439255		PSORS1C1
7743	-0.3648998	0.261	ZNF189	0.6168083692990831		ZNF189
342357	0.1064636	0.261	ZKSCAN2	-0.129677687386885		ZKSCAN2
100506392	-0.2106997	0.261	SLC16A1-AS1	0.559139596505791		SLC16A1-AS1
79628	0.2720796	0.261	SH3TC2	-0.3951078787674607		SH3TC2
253982	-0.2461618	0.261	ASPHD1	-0.28285790807106		ASPHD1
51728	0.1381277	0.261	POLR3K	-0.0887734734399465		POLR3K
1163	0.148057	0.261	CKS1B	0.1058884232486772		CKS1B
5116	0.3002003	0.261	PCNT	-0.0650493830441796		PCNT
51534	0.0742342	0.261	VTA1	0.0154604855970674		VTA1
11277	-0.1645627	0.261	TREX1	0.3881457163332924		TREX1
26005	-0.0749707	0.261	C2CD3	0.1722050632971856		C2CD3
83930	-0.0853931	0.261	STARD3NL	0.239185649540027		STARD3NL
89790	0.4517641	0.261	SIGLEC10	-0.3525391796890921		SIGLEC10
7260	0.1165304	0.261	EIPR1	-0.0745178848945822		EIPR1
282991	-0.0932243	0.261	BLOC1S2	0.054093465578215		BLOC1S2
7799	0.07514	0.261	PRDM2	0.0215058517524755		PRDM2
7994	0.1107794	0.261	KAT6A	-0.1052884673132239		KAT6A
387509	-0.3726887	0.261	GPR153	0.4226981030735055		GPR153
440465	-0.1582883	0.261	BAIAP2-DT	0.245760427717522		BAIAP2-DT
4753	-0.5831558	0.262	NELL2	0.4407496478408668		NELL2
93081	0.107057	0.262	TEX30	-0.0112620391612194		TEX30
3772	-0.4172758	0.262	KCNJ15	0.5309389457359587		KCNJ15
55599	0.1466228	0.262	RNPC3	0.4329149792683573		RNPC3
64077	-0.1573167	0.262	LHPP	0.7255206324656367		LHPP
7850	0.5998025	0.262	IL1R2	-0.2193969297049902		IL1R2
153579	0.2219917	0.262	BTNL9	-1.4020968666472875		BTNL9
50846	-0.3402015	0.262	DHH	0.3990935922073961		DHH
80018	0.0930912	0.262	NAA25	-0.2013159614855104		NAA25
59307	0.1336147	0.262	SIGIRR	-0.1777025850982152		SIGIRR
24148	-0.0828684	0.262	PRPF6	0.2814034241359842		PRPF6
79845	-0.28094	0.262	RNF122	0.2214299198436835		RNF122
4800	-0.1010222	0.262	NFYA	0.2377714962337425		NFYA
84861	-0.0952887	0.262	KLHL22	0.1025344761870137		KLHL22
170371	0.1663694	0.263	TMEM273	-0.2218164887878719		TMEM273
9938	0.2014417	0.263	ARHGAP25	-0.0393170335772494		ARHGAP25
2103	-0.2066791	0.263	ESRRB	0.3623488303006463		ESRRB
55266	0.1146012	0.263	TMEM19	-0.0978191724779447		TMEM19
672	0.1153999	0.263	BRCA1	-0.0503021444593314		BRCA1
2946	-0.1377076	0.263	GSTM2	0.3312370078125832		GSTM2
23148	0.193656	0.263	NACAD	0.1144411645591687		NACAD
23604	-0.2128164	0.263	DAPK2	0.2622025954806677		DAPK2
9056	0.276213	0.263	SLC7A7	-0.272738792508044		SLC7A7
25794	0.2147413	0.263	FSCN2	0.3226031859963472		FSCN2
54504	0.1977468	0.264	CPVL	-0.0013193310161074		CPVL
51388	0.0979696	0.264	NIP7	0.105100154216891		NIP7
1431	0.1013968	0.264	CS	0.0176057498490003		CS
51292	0.0665257	0.264	GMPR2	0.4271725502687662		GMPR2
80790	-0.1496063	0.264	CMIP	0.6024163918026875		CMIP
339803	-0.1344344	0.264	C2orf74-DT	0.3860879623771471		C2orf74-DT
5786	-0.0833411	0.264	PTPRA	0.2384583176278201		PTPRA
388228	-0.3247299	0.264	SBK1	0.6579470039560411		SBK1
100287944	0.2885402	0.264	LOC100287944	1.2206997000901358		LOC100287944
7083	0.2864429	0.264	TK1	-0.8016004305127642		TK1
9169	-0.0930553	0.265	SCAF11	0.1041419075229432		SCAF11
23644	-0.0744767	0.265	EDC4	0.0906486180533256		EDC4
147179	-0.0593102	0.265	WIPF2	0.0981466460503179		WIPF2
6760	-0.0760499	0.265	SS18	-0.2802379195355504		SS18
400604	0.1826401	0.265	TOB1-AS1	0.0827267103809017		TOB1-AS1
101929717	-0.3310208	0.265	LINC02044	0.7947019180581396		LINC02044
8555	-0.1246498	0.265	CDC14B	0.181588400448275		CDC14B
4707	0.1720347	0.265	NDUFB1	-0.1612197018228887		NDUFB1
6549	0.4943827	0.266	SLC9A2	0.2611234379453204		SLC9A2
55930	-0.251558	0.266	MYO5C	0.2837141439882169		MYO5C
100506036	-0.293558	0.266	CNNM3-DT	0.5941277896915944		CNNM3-DT
84925	0.1041184	0.266	SLC49A4	0.0166343572367795		SLC49A4
8822	-0.3602629	0.266	FGF17	0.8210640581170194		FGF17
79675	0.1351912	0.266	FASTKD1	-0.1236332287211272		FASTKD1
285268	0.0780042	0.266	ZNF621	-0.0983872454440804		ZNF621
6536	0.4031392	0.267	SLC6A9	-0.4087909075759235		SLC6A9
254128	-0.1116954	0.267	NIFK-AS1	0.5754113032877233		NIFK-AS1
90338	-0.1534526	0.267	ZNF160	0.2107683795808288		ZNF160
645	0.1303685	0.267	BLVRB	-0.1583823401978401		BLVRB
55070	0.0867887	0.267	DET1	-0.0302911802933816		DET1
55070	0.0867887	0.267	DET1	-3.017215001275697		DET1
527	-0.0949778	0.267	ATP6V0C	0.2528244658805763		ATP6V0C
9122	-0.259357	0.267	SLC16A4	0.2236627285489443		SLC16A4
100529239	0.1066045	0.268	RPS10-NUDT3	-0.1200494856869198		RPS10-NUDT3
55681	0.1367765	0.268	SCYL2	-0.2879719809811791		SCYL2
7289	0.121316	0.268	TULP3	0.0516134892658688		TULP3
91860	-0.1298481	0.268	CALML4	-0.2756557094819907		CALML4
80755	-0.1005268	0.268	AARSD1	0.1271675680737942		AARSD1
147837	0.1697383	0.268	ZNF563	-0.3535919741832543		ZNF563
80108	-0.1535889	0.268	ZFP2	0.2664308679642281		ZFP2
3683	-0.3802696	0.268	ITGAL	0.4896758449792592		ITGAL
163059	-0.1183572	0.268	ZNF433	0.0386354243101232		ZNF433
105370525	0.2312605	0.268	LOC105370525	-0.955508211230808		LOC105370525
925	-0.372795	0.268	CD8A	0.5424756346563262		CD8A
140612	0.0853589	0.269	ZFP28	0.2295030543005869		ZFP28
9205	0.1232834	0.269	ZMYM5	-0.2503487658489933		ZMYM5
51000	0.0853293	0.269	SLC35B3	-0.1587488804188992		SLC35B3
89781	-0.0877511	0.269	HPS4	-0.0944024889060677		HPS4
7802	-0.2165342	0.269	DNALI1	0.0762452453615623		DNALI1
101927021	-0.2410256	0.269	ZFAND2A-DT	0.4857379001685855		ZFAND2A-DT
9687	0.2386028	0.269	GREB1	-0.1569697288938918		GREB1
51809	-0.1420347	0.269	GALNT7	0.1281270270703292		GALNT7
93550	-0.1278844	0.269	ZFAND4	0.1487863948004375		ZFAND4
254013	0.0983763	0.269	ETFBKMT	0.1065810579668984		ETFBKMT
10956	0.0898681	0.269	OS9	0.0882860683210307		OS9
348995	-0.0725913	0.269	NUP43	-0.0468625625797738		NUP43
145748	-0.0745686	0.269	LYSMD4	-0.0615258714432842		LYSMD4
6374	-0.2777205	0.269	CXCL5	0.0375122789513622		CXCL5
79836	0.2730758	0.269	LONRF3	-0.7339225321356622		LONRF3
7456	-0.1507514	0.269	WIPF1	-0.1138012184346006		WIPF1
79143	-0.1529448	0.269	MBOAT7	0.0902673840549299		MBOAT7
578	0.1048978	0.27	BAK1	-0.0215795437754837		BAK1
57101	0.2051557	0.27	ANO2	-0.3521530971695328		ANO2
284402	0.241342	0.27	SCGB2B2	0.6589650919480675		SCGB2B2
4600	-0.3264754	0.27	MX2	0.4345172009133331		MX2
56674	-0.0821294	0.27	TMEM9B	0.0803080801899573		TMEM9B
3430	-0.1880845	0.27	IFI35	0.2963529240800984		IFI35
83983	-0.289372	0.27	TSSK6	0.2579186790801934		TSSK6
5096	-0.144142	0.27	PCCB	0.3638846271234639		PCCB
3429	-0.2218675	0.271	IFI27	0.4642425165744885		IFI27
2824	-0.2595247	0.271	GPM6B	0.2485608066339817		GPM6B
253650	0.4806375	0.271	ANKRD18A	-0.9794219988980136		ANKRD18A
389692	-0.3981784	0.271	MAFA	0.3302411424898954		MAFA
2027	0.1947704	0.271	ENO3	-0.1151921932624748		ENO3
6366	-0.4309272	0.271	CCL21	0.5652195877219577		CCL21
10991	-0.1893011	0.272	SLC38A3	0.5982117460906826		SLC38A3
105369373	0.1736569	0.272	LOC105369373	0.0		LOC105369373
81618	-0.1164846	0.272	ITM2C	0.2651278751209167		ITM2C
79755	-0.2754316	0.272	ZNF750	1.5510019061643292		ZNF750
84328	0.0766358	0.273	LZIC	-0.235888349174381		LZIC
79070	0.1271614	0.273	POGLUT2	-0.1419771568810584		POGLUT2
647135	-0.1331175	0.273	SRGAP2B	0.2428321103997972		SRGAP2B
9037	-0.1929415	0.273	SEMA5A	0.2816779031063543		SEMA5A
50649	-0.0686676	0.273	ARHGEF4	0.7246690095135546		ARHGEF4
220441	-0.247574	0.273	RNF152	0.3259581281883303		RNF152
958	0.112702	0.273	CD40	-0.0002000042376431		CD40
79446	-0.1033598	0.274	WDR25	0.3484842489112321		WDR25
112267877	-0.2367406	0.274	PPP1CB-DT	0.2726517572575244		PPP1CB-DT
23189	0.1447914	0.274	KANK1	0.2185473904643293		KANK1
374920	-0.1171078	0.274	ZSWIM9	0.2440221857348494		ZSWIM9
4828	0.2661565	0.274	NMB	-0.2514905704244139		NMB
163126	-0.101549	0.274	EID2	0.1168198056678537		EID2
7704	-0.3982531	0.274	ZBTB16	0.4555102779528148		ZBTB16
1725	0.0877175	0.274	DHPS	0.2191014055150812		DHPS
140680	0.1445831	0.274	C20orf96	-0.0302284087468169		C20orf96
38	0.1490458	0.274	ACAT1	0.0332158277560008		ACAT1
200728	-0.1493823	0.274	TMEM17	0.3031954399198318		TMEM17
203260	0.1481531	0.274	CCDC107	0.0610757397911445		CCDC107
11051	-0.0849067	0.274	NUDT21	-0.0956028830369559		NUDT21
23193	-0.0512539	0.275	GANAB	0.0431638140781123		GANAB
9976	0.1807437	0.275	CLEC2B	-0.3460626253881731		CLEC2B
4719	0.1157616	0.275	NDUFS1	2.767819326703496		NDUFS1
8879	-0.0883331	0.275	SGPL1	0.264716485850351		SGPL1
27434	0.1038856	0.275	POLM	-0.1715812819420703		POLM
55125	0.1536688	0.275	CEP192	0.2228554039674217		CEP192
56731	-0.1058714	0.275	SLC2A4RG	0.3811923086043638		SLC2A4RG
593	-0.1204717	0.275	BCKDHA	0.52964784502612		BCKDHA
6672	0.1388315	0.275	SP100	0.1066642977322001		SP100
200933	0.1057275	0.275	FBXO45	0.0912108036201788		FBXO45
5881	-0.2743024	0.275	RAC3	0.734342239159421		RAC3
128434	0.4373423	0.275	VSTM2L	-0.1399503598945539		VSTM2L
23053	-0.0771191	0.275	ZSWIM8	0.0687098015798604		ZSWIM8
105274304	0.2294051	0.276	LOC105274304	0.7248642419857412		LOC105274304
100506411	0.2758733	0.276	MAP3K9-DT	0.1934675259860101		MAP3K9-DT
10218	-0.3792426	0.276	ANGPTL7	0.2765801985999082		ANGPTL7
80314	-0.0885909	0.276	EPC1	0.1178776916524482		EPC1
284131	-0.1794319	0.276	ENDOV	0.4331525436624392		ENDOV
6664	0.3906969	0.277	SOX11	-0.1043540407013092		SOX11
93621	-0.0709565	0.277	MRFAP1	0.2780998622386015		MRFAP1
728734	-0.1148724	0.277	NPIPB8	0.5459611621979206		NPIPB8
9898	0.0683352	0.277	UBAP2L	-0.0505491917003624		UBAP2L
26355	0.1132925	0.277	FAM162A	0.0243701554842408		FAM162A
81562	-0.1391253	0.277	LMAN2L	0.1827172943442043		LMAN2L
23143	-0.0973616	0.277	LRCH1	0.3252293043137686		LRCH1
55088	0.1726426	0.277	CCDC186	-0.4048321150915992		CCDC186
2995	0.1342894	0.277	GYPC	0.1298595677750622		GYPC
255057	0.1737075	0.277	CBARP	-0.2009671363440173		CBARP
9960	0.0630808	0.278	USP3	0.0741465333458331		USP3
51602	0.1028206	0.278	NOP58	0.0451512540403529		NOP58
7468	0.0707938	0.278	NSD2	-0.0871914606604615		NSD2
3214	0.4922616	0.278	HOXB4	-0.3931050649790167		HOXB4
169436	-0.2177324	0.278	STKLD1	0.3495523078773936		STKLD1
84910	0.1592198	0.278	TMEM87B	-0.3355971780441587		TMEM87B
26009	0.0726463	0.279	ZZZ3	0.0840976640531927		ZZZ3
27020	0.0754373	0.279	NPTN	-0.3416466319856521		NPTN
340533	0.3664089	0.279	NEXMIF	-0.1811899765957294		NEXMIF
79004	0.090662	0.279	CUEDC2	-0.0185038128782135		CUEDC2
25830	0.706086	0.279	SULT4A1	-0.8311801485984547		SULT4A1
182	-0.1336301	0.279	JAG1	0.1180209705988213		JAG1
100526761	-0.4975943	0.279	CCDC169-SOHLH2	-1.2616873360129066		CCDC169-SOHLH2
222487	-0.1729217	0.279	ADGRG3	0.8936250515201172		ADGRG3
84315	0.1022197	0.279	MON1A	-0.1527568998543436		MON1A
64114	0.1007783	0.279	TMBIM1	-0.0949772700317304		TMBIM1
25956	-0.0915951	0.279	SEC31B	0.1342197209833946		SEC31B
105370550	0.1521636	0.279	GALNT16-AS1	-0.4296649400319725		GALNT16-AS1
219854	-0.1003818	0.279	TMEM218	0.0937628423642502		TMEM218
84247	0.0758662	0.279	RTL6	-0.0669230719999882		RTL6
139411	-0.3991567	0.279	PTCHD1	0.6057577093194757		PTCHD1
375616	-0.3063764	0.28	KCP	0.1684972838302314		KCP
7410	-0.1672086	0.28	VAV2	0.2112831348911823		VAV2
1983	0.0999713	0.28	EIF5	-0.031053653810364		EIF5
147808	0.1083894	0.28	ZNF784	-0.0653271227547893		ZNF784
6297	0.1580613	0.28	SALL2	-0.142568903326028		SALL2
55322	-0.0949789	0.28	C5orf22	0.259583668403974		C5orf22
254170	-0.1099787	0.28	FBXO33	-0.0665800713630289		FBXO33
253512	-0.2288863	0.28	SLC25A30	-0.0772240649293918		SLC25A30
255426	-0.4588538	0.28	RASGEF1C	0.2713267541525664		RASGEF1C
1415	-0.3245289	0.281	CRYBB2	1.5154156819103335		CRYBB2
3689	0.2946215	0.281	ITGB2	-0.2002496495849128		ITGB2
388849	-0.2147981	0.281	CCDC188	-0.2321861250255213		CCDC188
10723	0.1177752	0.281	SLC12A7	-0.2960091821562089		SLC12A7
256309	0.233524	0.281	CCDC110	-0.1864967392481895		CCDC110
64121	0.1029915	0.281	RRAGC	-0.2535072525962709		RRAGC
7187	-0.1615685	0.282	TRAF3	0.2473301102533065		TRAF3
4838	-0.3099039	0.282	NODAL	-0.3650235772435048		NODAL
6455	-0.0949063	0.282	SH3GL1	0.0393923600456291		SH3GL1
163933	-0.3526014	0.282	FAM43B	0.5275626508135896		FAM43B
5330	0.2400879	0.282	PLCB2	-0.3385849004288261		PLCB2
9380	0.099175	0.282	GRHPR	0.0842000224529737		GRHPR
105370578	0.9921613	0.282	LINC01629	-0.24735837506536		LINC01629
55255	-0.0825098	0.282	WDR41	0.0997380283695799		WDR41
83440	-0.0830297	0.282	ADPGK	0.0720950141479273		ADPGK
84617	0.1574247	0.283	TUBB6	0.0324606597302556		TUBB6
64926	-0.2495037	0.283	RASAL3	0.0860534463409236		RASAL3
54834	-0.0976781	0.283	GDAP2	-0.0885130133384826		GDAP2
11221	-0.2457413	0.283	DUSP10	0.2466198940754851		DUSP10
63899	-0.1051605	0.283	NSUN3	0.3411400708548424		NSUN3
23753	-0.2049084	0.283	SDF2L1	0.3854588162044838		SDF2L1
100505933	-0.1976423	0.283	ADD3-AS1	0.4871401053360853		ADD3-AS1
23149	-0.296871	0.283	FCHO1	0.3891748845927925		FCHO1
79809	0.0958758	0.283	TTC21B	-0.0560213544341112		TTC21B
54543	-0.116243	0.283	TOMM7	0.1611335983506308		TOMM7
729533	0.2555955	0.283	FAM72A	-0.2829747978772507		FAM72A
84918	-0.1319257	0.283	LRP11	-0.0717112102326398		LRP11
27296	-0.2059429	0.283	TP53TG5	0.4228267967496224		TP53TG5
128061	0.0904201	0.284	C1orf131	-0.040809883289774		C1orf131
167691	0.143292	0.284	LCA5	-0.0943169319722849		LCA5
91768	-0.2671571	0.284	CABLES1	0.5701152491488379		CABLES1
642799	0.1011424	0.284	NPIPA2	2.6656975924297277		NPIPA2
64084	-0.2426764	0.284	CLSTN2	0.5098217464227264		CLSTN2
84321	0.1279094	0.284	THOC3	-0.1518151491785753		THOC3
1535	-0.1612398	0.284	CYBA	0.1322767907089757		CYBA
10938	0.1193996	0.285	EHD1	-0.1891261971609648		EHD1
112849	0.1996283	0.285	L3HYPDH	-0.4932971004824087		L3HYPDH
22906	-0.1116688	0.285	TRAK1	0.3205818017713291		TRAK1
10866	-0.1958304	0.285	HCP5	0.4006499007051367		HCP5
2957	-0.1479719	0.285	GTF2A1	-0.2062500069070982		GTF2A1
55813	0.07731	0.285	UTP6	0.0152093200395428		UTP6
7644	0.1180668	0.285	ZNF91	-0.0342554479086265		ZNF91
151613	-0.1152663	0.285	TTC14	0.5681535612402486		TTC14
2120	0.1371005	0.285	ETV6	0.554234525653587		ETV6
9875	-0.1483374	0.285	URB1	0.1803980348156377		URB1
55174	0.0626745	0.285	INTS10	0.0655843567785812		INTS10
7936	0.1132611	0.285	NELFE	-0.088214044408212		NELFE
144110	0.202	0.285	TMEM86A	0.3390964770881877		TMEM86A
5317	-0.6831002	0.285	PKP1	-0.1321220902875288		PKP1
375190	-0.138523	0.285	FAM228B	0.5999024019243575		FAM228B
64225	0.1024231	0.285	ATL2	-0.3879148897428148		ATL2
22797	0.3599057	0.285	TFEC	-0.8503579934199518		TFEC
2954	-0.1595971	0.285	GSTZ1	0.3276041948353487		GSTZ1
50484	0.1272912	0.286	RRM2B	-0.5898245579008368		RRM2B
4034	0.0787543	0.286	LRCH4	0.0580453256500259		LRCH4
169714	-0.0918004	0.286	QSOX2	0.029868694347146		QSOX2
56131	-0.1648782	0.286	PCDHB4	0.4625539773094282		PCDHB4
11232	-0.0868859	0.286	POLG2	0.3089905759768125		POLG2
28813	-0.6891606	0.286	IGLV2-23	0.7506335121925096		IGLV2-23
10203	0.2279032	0.286	CALCRL	-0.4627802509000505		CALCRL
9364	-0.0930066	0.286	RAB28	0.0872628211596548		RAB28
94241	-0.1615302	0.286	TP53INP1	0.1547271412296247		TP53INP1
2159	-0.1616066	0.286	F10	0.4230018125363042		F10
6867	-0.2402944	0.286	TACC1	0.2870600385194981		TACC1
9709	0.1139053	0.286	HERPUD1	-0.0527513560082599		HERPUD1
55906	0.1840916	0.286	ZC4H2	-0.3904879330448487		ZC4H2
23135	-0.1271534	0.287	KDM6B	0.3995422711437615		KDM6B
842	-0.0998834	0.287	CASP9	0.1601307628099206		CASP9
3745	-0.3976126	0.287	KCNB1	0.4077694172956632		KCNB1
6923	-0.1231978	0.287	ELOB	0.2232746808493022		ELOB
80304	0.1179967	0.287	WDCP	-0.0115038580427464		WDCP
51142	-0.0981894	0.287	CHCHD2	0.2486019727817652		CHCHD2
224	0.1205841	0.287	ALDH3A2	0.1047491561980429		ALDH3A2
27315	-0.1603218	0.287	PGAP2	0.510368066517854		PGAP2
58492	-0.1712532	0.287	ZNF77	0.1984098487957535		ZNF77
6227	-0.1116807	0.287	RPS21	0.2687906837543483		RPS21
10922	-0.1157955	0.287	FASTK	0.0850838792950474		FASTK
55450	-0.1353342	0.287	CAMK2N1	0.0480168291328215		CAMK2N1
100505875	0.4520839	0.287	LINC01088	-0.1124482944334852		LINC01088
65108	0.2398417	0.287	MARCKSL1	-0.2087996007676817		MARCKSL1
55728	0.1998099	0.287	N4BP2	0.0668175058550583		N4BP2
57600	-0.3157014	0.287	FNIP2	0.412098876260047		FNIP2
284194	-0.2669317	0.287	LGALS9B	0.1293307646888609		LGALS9B
2768	0.0726227	0.288	GNA12	-0.1521302191983791		GNA12
388722	-0.2179211	0.288	C1orf53	0.3731783955174137		C1orf53
23411	-0.1188817	0.288	SIRT1	0.5246377205351691		SIRT1
64718	-0.115386	0.288	UNKL	-0.0623071963527497		UNKL
100289187	-0.0842819	0.288	TMEM225B	0.522880570028956		TMEM225B
132001	0.091963	0.288	TAMM41	-0.0302634448866938		TAMM41
55661	0.1043237	0.288	DDX27	0.1584289386185799		DDX27
54558	-0.1458671	0.288	SPATA6	-0.462368268157372		SPATA6
58484	-0.1320637	0.288	NLRC4	-0.4172994588828018		NLRC4
80306	-0.0765181	0.288	MED28	0.0779293347894114		MED28
8609	-0.1294414	0.288	KLF7	-0.2070016499320179		KLF7
285638	0.3151126	0.288	LOC285638	-0.1174441843965174		LOC285638
53635	-0.0827921	0.288	PTOV1	0.2464581567750121		PTOV1
100129129	-0.3964971	0.288	TDH-AS1	0.5864961691428003		TDH-AS1
23336	0.1048561	0.289	SYNM	-1.080169381827055		SYNM
196883	-0.1354141	0.289	ADCY4	0.1418325658746253		ADCY4
23167	-0.1170894	0.289	EFR3A	0.1635691218857573		EFR3A
8382	-0.1951847	0.289	NME5	0.1456740279041173		NME5
7326	0.0821295	0.289	UBE2G1	-0.2696219260883854		UBE2G1
65055	-0.1303191	0.289	REEP1	-0.176942167999492		REEP1
439990	-0.3983568	0.289	LINC00857	0.2342645648342651		LINC00857
101928153	-0.1580354	0.289	ITGA9-AS1	0.3309067531860594		ITGA9-AS1
8013	-0.5486332	0.289	NR4A3	0.9120362027604152		NR4A3
7417	0.1040779	0.289	VDAC2	0.3055662942631514		VDAC2
27237	0.2972072	0.29	ARHGEF16	-0.0457928934108673		ARHGEF16
463	-0.1273368	0.29	ZFHX3	0.1835607144886635		ZFHX3
7173	-0.3614623	0.29	TPO	0.3675116259682927		TPO
374786	0.2397769	0.29	EFCAB5	0.0873059724290237		EFCAB5
255275	-0.2781475	0.29	MYADML2	0.3922010153351296		MYADML2
140465	0.1061037	0.29	MYL6B	0.2090363147012937		MYL6B
2145	-0.0926597	0.29	EZH1	0.0356902402530652		EZH1
64518	-0.2934806	0.29	TEKT3	0.6433679969621199		TEKT3
283551	0.3591099	0.291	LINC01588	-0.5631900085910108		LINC01588
145567	0.0779911	0.291	TTC7B	0.1351550477866103		TTC7B
8076	-0.3033222	0.291	MFAP5	0.3931825693775801		MFAP5
5922	-0.1396001	0.291	RASA2	0.152962131947004		RASA2
8800	0.1673001	0.291	PEX11A	-0.2548024329154272		PEX11A
340562	0.1011271	0.291	SATL1	0.8668174529446242		SATL1
10821	-0.2850066	0.291	OR7E12P	1.404020825864242		OR7E12P
10519	0.106281	0.291	CIB1	-0.0579407683959543		CIB1
7301	0.2545994	0.292	TYRO3	0.0888294537049756		TYRO3
256435	0.2785188	0.292	ST6GALNAC3	-0.2816836364994679		ST6GALNAC3
6050	-0.1062212	0.292	RNH1	0.0712329633668122		RNH1
388121	0.2610084	0.292	TNFAIP8L3	-0.1677355055686764		TNFAIP8L3
3790	-0.3095251	0.292	KCNS3	0.6364092826393593		KCNS3
55272	0.1111713	0.292	IMP3	-0.0804856708114103		IMP3
4869	0.1337994	0.292	NPM1	0.0565482254002134		NPM1
2068	-0.1010703	0.292	ERCC2	0.2782788328391929		ERCC2
360	0.4037186	0.293	AQP3	-0.726737576873643		AQP3
65080	0.083918	0.293	MRPL44	0.1618601867887594		MRPL44
100132891	-0.1676086	0.293	MSC-AS1	0.1386803839400556		MSC-AS1
92335	-0.0618989	0.293	STRADA	0.1311277671568973		STRADA
79789	-0.244986	0.293	CLMN	0.0669694245794145		CLMN
9698	-0.0835604	0.293	PUM1	-0.0174508087101052		PUM1
23200	0.1126017	0.293	ATP11B	-0.1105614336551772		ATP11B
54455	-0.1632157	0.294	FBXO42	0.2787425646063184		FBXO42
101928649	0.0975247	0.294	CTC-338M12.4	0.0473502892003503		CTC-338M12.4
2318	-0.2356609	0.294	FLNC	0.4718654783373104		FLNC
56478	0.061144	0.294	EIF4ENIF1	-0.4521698272788779		EIF4ENIF1
284001	-0.1114169	0.294	CCDC57	0.4240723683771779		CCDC57
8545	0.0960425	0.294	CGGBP1	-0.4429263020835448		CGGBP1
8812	0.0661331	0.294	CCNK	0.103944595438107		CCNK
23415	-0.3727847	0.294	KCNH4	0.2976726263032914		KCNH4
79003	-0.0658302	0.294	MIS12	0.3323724269080537		MIS12
10549	0.1272237	0.294	PRDX4	-0.0713338593175283		PRDX4
6234	0.1336355	0.294	RPS28	-0.2604081370940303		RPS28
54986	-0.2829415	0.294	ULK4	0.4361923270315194		ULK4
5028	0.2619972	0.294	P2RY1	-0.2598059131358499		P2RY1
2823	-0.5669721	0.294	GPM6A	-0.2768518496233082		GPM6A
353174	-0.0909835	0.294	ZACN	-0.4005796131960402		ZACN
64219	-0.1089892	0.294	PJA1	0.0541376322142141		PJA1
728752	-0.2320785	0.295	ZNF566-AS1	0.4925809619526959		ZNF566-AS1
140766	-0.4686923	0.295	ADAMTS14	0.7376039392820799		ADAMTS14
11248	-0.1915915	0.295	NXPH3	0.3141526196974217		NXPH3
6159	0.1215198	0.295	RPL29	-0.1305360122084895		RPL29
51477	-0.1456789	0.295	ISYNA1	0.1357921046890702		ISYNA1
85352	0.3342031	0.295	SHISAL1	-0.4472409645218689		SHISAL1
7462	0.1852638	0.295	LAT2	-0.1204928335032107		LAT2
149281	0.191235	0.295	NTMT2	-0.0512418778588714		NTMT2
105369850	-0.2926531	0.295	LOC105369850	1.0043429502668229		LOC105369850
80351	-0.1226853	0.295	TNKS2	0.3642672726945131		TNKS2
6667	0.0713794	0.295	SP1	0.1156744491683845		SP1
51079	0.1370753	0.295	NDUFA13	0.0437938957953658		NDUFA13
100128006	-0.2869306	0.296	ARHGAP44-AS1	0.657908509451282		ARHGAP44-AS1
100526783	0.0678365	0.296	ARPIN-AP3S2	-0.1286921249929022		ARPIN-AP3S2
54984	0.1157902	0.296	PINX1	-0.1354432822976039		PINX1
141	0.1516166	0.296	ADPRH	0.0522979746638445		ADPRH
9332	0.4871556	0.296	CD163	-0.9751588685002311		CD163
23252	-0.0951639	0.296	OTUD3	0.1204998895013504		OTUD3
103344928	-0.1337647	0.296	KIAA1614-AS1	0.0528453461528564		KIAA1614-AS1
7728	0.0864689	0.296	ZNF175	0.03275182362845		ZNF175
730102	0.1522794	0.296	CRYZL2P	-0.1507021335204332		CRYZL2P
389813	-0.2437399	0.296	AJM1	0.5105896066339295		AJM1
2037	-0.1650372	0.297	EPB41L2	0.0078749990892834		EPB41L2
22879	-0.0721779	0.297	MON1B	0.2677485234522083		MON1B
79664	0.0834513	0.297	ICE2	-0.0531120463212033		ICE2
79864	0.116786	0.297	JHY	-0.3325806622292082		JHY
22827	-0.0579794	0.297	PUF60	0.1409415715406012		PUF60
54935	0.1487849	0.297	DUSP23	0.044537763289759		DUSP23
55561	0.2826429	0.297	CDC42BPG	0.2473558475529029		CDC42BPG
131096	-0.3931083	0.297	KCNH8	0.2634623907190101		KCNH8
10940	-0.1202169	0.297	POP1	0.4085886958487391		POP1
100506311	0.4678777	0.297	HOTAIRM1	-0.1356002959105251		HOTAIRM1
3615	0.0880819	0.297	IMPDH2	-0.1585644641221648		IMPDH2
9649	0.0906608	0.297	RALGPS1	0.1006815245630985		RALGPS1
84100	-0.1367583	0.298	ARL6	0.1024923408059008		ARL6
5341	0.2690185	0.298	PLEK	0.0104383368591742		PLEK
219527	-0.7071402	0.298	LRRC55	1.0662309825540155		LRRC55
9521	0.0901599	0.298	EEF1E1	-0.2139546574262834		EEF1E1
400410	-0.1343233	0.298	ST20	0.1311993309465569		ST20
100874095	0.9635933	0.298	ADIPOQ-AS1	-2.034382887544539		ADIPOQ-AS1
80325	-0.1403887	0.299	ABTB1	0.3841149770794523		ABTB1
101929302	0.2420304	0.299	RFX3-DT	0.0607036337306603		RFX3-DT
4685	0.226322	0.299	NCAM2	-0.4325686927141505		NCAM2
653308	0.1521716	0.299	ASAH2B	0.4036212438185311		ASAH2B
90529	0.1196213	0.299	STPG1	-0.1687406917142433		STPG1
1577	-0.1991474	0.299	CYP3A5	3.286193420141525		CYP3A5
93974	0.1339496	0.299	ATP5IF1	0.1495944855395041		ATP5IF1
23242	-0.1014456	0.299	COBL	0.05782902769268		COBL
100506161	-0.2275905	0.299	TAF1A-AS1	0.5515956493879408		TAF1A-AS1
26160	0.0888258	0.3	IFT172	-0.0653715300469439		IFT172
50650	0.1465079	0.3	ARHGEF3	-0.2117055348402461		ARHGEF3
101927793	-0.171343	0.3	LOC101927793	-0.945594451863676		LOC101927793
126069	-0.1110619	0.3	ZNF491	0.3247672157371473		ZNF491
4277	-0.1616674	0.3	MICB	0.5695040282872534		MICB
128637	0.0537195	0.3	TBC1D20	-0.0295635168929306		TBC1D20
5618	-0.3084291	0.3	PRLR	0.254478146349423		PRLR
6239	0.1219018	0.3	RREB1	-0.3120589472307307		RREB1
78988	-0.0948629	0.301	MRPL57	0.3361585512341496		MRPL57
50805	0.1684813	0.301	IRX4	-0.4769755539908749		IRX4
7419	0.1083397	0.301	VDAC3	-0.2500553799895222		VDAC3
338692	-0.0992785	0.301	ANKRD13D	0.3445560927346744		ANKRD13D
9204	0.0614667	0.301	ZMYM6	0.111927510582829		ZMYM6
388939	0.3721649	0.301	PCARE	-0.2876906530166235		PCARE
23450	-0.0545786	0.301	SF3B3	0.2381800863933296		SF3B3
79726	0.0831931	0.301	WDR59	-0.194192046942768		WDR59
338811	-0.324593	0.302	TAFA2	0.5935510099366832		TAFA2
27079	0.0993818	0.302	RPUSD2	0.1451653732917144		RPUSD2
9943	0.0646174	0.302	OXSR1	0.0993281996683919		OXSR1
376267	-0.2791027	0.303	RAB15	0.165654397805266		RAB15
221143	0.1231616	0.303	EEF1AKMT1	-0.0915108175663581		EEF1AKMT1
11214	-0.1278756	0.303	AKAP13	0.4053036656298339		AKAP13
8576	0.0805032	0.303	STK16	0.1518508315063558		STK16
286205	-0.1547602	0.303	SCAI	-0.2177326655522327		SCAI
1874	0.0499776	0.303	E2F4	0.1174994151170247		E2F4
220064	-0.0668791	0.303	LTO1	-0.0621344414099898		LTO1
84766	0.244429	0.303	CRACR2A	-0.0561948552784412		CRACR2A
79072	0.0905882	0.303	FASTKD3	-0.0695862881688453		FASTKD3
136051	-0.1005201	0.303	ZNF786	0.0935278578482564		ZNF786
4176	-0.1093065	0.303	MCM7	-0.0744565262810565		MCM7
112574	0.128852	0.303	SNX18	0.1176734689941554		SNX18
10426	0.0827113	0.303	TUBGCP3	-0.0414202834675654		TUBGCP3
535	0.0851775	0.304	ATP6V0A1	0.1092095041250162		ATP6V0A1
64789	-0.1352106	0.304	EXO5	0.3210489949585919		EXO5
339488	-0.1908555	0.304	TFAP2E	0.6738209607325545		TFAP2E
9061	-0.1021477	0.304	PAPSS1	0.0339371860126584		PAPSS1
100130283	0.1388876	0.304	LOC100130283	-0.0126241374560551		LOC100130283
284836	-0.3885386	0.304	LINC00319	0.2155886293994378		LINC00319
9832	0.4043959	0.305	JAKMIP2	-0.8001265991634623		JAKMIP2
9957	-0.2008879	0.305	HS3ST1	0.7544615426605723		HS3ST1
57120	-0.0891182	0.305	GOPC	0.1646381105384664		GOPC
55149	0.082188	0.305	MTPAP	-0.2830666238736183		MTPAP
25837	-0.3384906	0.305	RAB26	0.7890409985652552		RAB26
51451	-0.0818859	0.305	LCMT1	0.1059498711553912		LCMT1
8153	0.2805985	0.305	RND2	-0.0742285753854224		RND2
6590	0.4382497	0.305	SLPI	-2.5123970421558464		SLPI
51762	-0.2017522	0.305	RAB8B	-0.0566953433116541		RAB8B
101926967	-0.1664887	0.305	ATXN7L3-AS1	0.5451529129494481		ATXN7L3-AS1
9934	-0.1728282	0.305	P2RY14	0.1567739306971862		P2RY14
833	0.0977815	0.305	CARS1	0.0172561893551117		CARS1
27185	0.1666556	0.305	DISC1	0.0711768781206043		DISC1
84331	0.1636503	0.305	MCRIP2	-0.0626130676335456		MCRIP2
106144529	-0.285525	0.305	GRPEL2-AS1	-0.1376767745439		GRPEL2-AS1
100288695	-0.1107612	0.305	LIMS4	0.0		LIMS4
1944	-0.1872202	0.306	EFNA3	0.5226620380620346		EFNA3
7385	0.1094613	0.306	UQCRC2	0.3788954249014971		UQCRC2
8548	-0.0784818	0.306	BLZF1	0.2889890361843363		BLZF1
6563	0.2737576	0.306	SLC14A1	-0.1777459561385659		SLC14A1
57633	-0.4050113	0.306	LRRN1	0.514736194050029		LRRN1
54971	0.1187647	0.306	BANP	0.0070619397066726		BANP
4000	0.1115517	0.306	LMNA	0.0768586513057281		LMNA
11158	-0.0871344	0.306	RABL2B	0.0517997325065544		RABL2B
4599	-0.3359091	0.307	MX1	0.5988515625725896		MX1
8862	0.3124254	0.307	APLN	-0.2135403985054722		APLN
9365	-0.2012559	0.307	KL	0.3122663182483025		KL
5019	-0.1269566	0.307	OXCT1	0.1571582177170825		OXCT1
253260	-0.1864851	0.307	RICTOR	0.2872439671127327		RICTOR
417	0.4871239	0.307	ART1	0.2261422829118018		ART1
283464	-0.1206666	0.307	GXYLT1	0.1809272388778893		GXYLT1
94233	0.4413026	0.307	OPN4	-0.1961212493731992		OPN4
29953	0.553301	0.307	TRHDE	-0.9476712941865562		TRHDE
94107	-0.0866444	0.307	TMEM203	0.132301285921252		TMEM203
1429	-0.1442577	0.307	CRYZ	-0.1059399293171763		CRYZ
104326058	-0.1449872	0.307	SMAD1-AS1	4.242680775691608		SMAD1-AS1
10221	-0.2827647	0.307	TRIB1	0.4163149409330016		TRIB1
55066	0.2051037	0.307	PDPR	-0.0667305809069991		PDPR
57511	-0.0985873	0.307	COG6	-0.0235186394731017		COG6
396	-0.0838504	0.307	ARHGDIA	0.2943843897440761		ARHGDIA
6726	-0.1049431	0.307	SRP9	0.1213823306370507		SRP9
51256	-0.1643439	0.308	TBC1D7	0.2468496911408149		TBC1D7
5395	-0.0657408	0.308	PMS2	0.0606207556886184		PMS2
6324	0.1544844	0.308	SCN1B	-0.1652734939590683		SCN1B
23732	-0.3869511	0.308	FRRS1L	0.3903150647122317		FRRS1L
51751	0.1614841	0.308	HIGD1B	0.0528363096050936		HIGD1B
347344	-0.1298589	0.308	ZNF81	0.1140418120348347		ZNF81
63827	0.2146984	0.308	BCAN	0.2330583583595589		BCAN
102546294	-0.188662	0.308	FBXO38-DT	0.2683750937349451		FBXO38-DT
84675	0.112885	0.308	TRIM55	0.0198220873733721		TRIM55
6567	-0.1755633	0.308	SLC16A2	0.3963791654634589		SLC16A2
84668	0.1308565	0.308	HYCC1	-0.5776206410883278		HYCC1
2739	0.0641264	0.308	GLO1	-0.0223452784091682		GLO1
130574	0.3961067	0.309	LYPD6	-0.2608984089519732		LYPD6
9392	0.0663033	0.309	TGFBRAP1	-0.0959949559133108		TGFBRAP1
80255	0.1077385	0.309	SLC35F5	-0.2347778626903629		SLC35F5
26018	0.1233211	0.309	LRIG1	-0.0550285347795691		LRIG1
2066	0.2161396	0.309	ERBB4	0.0403673822386319		ERBB4
55192	0.0824413	0.309	DNAJC17	0.033661120172642		DNAJC17
1390	-0.1448561	0.309	CREM	0.2398204901545932		CREM
6839	-0.1581009	0.31	SUV39H1	0.3266410490988478		SUV39H1
56938	-0.2625169	0.31	BMAL2	0.1681382049422388		BMAL2
4756	0.1020961	0.31	NEO1	0.1125384984846489		NEO1
183	-0.1138212	0.31	AGT	0.1990936647806913		AGT
348110	-0.1028279	0.31	ARPIN	0.2145148777497847		ARPIN
7454	0.2499584	0.31	WAS	0.1182562331877661		WAS
54812	0.0756678	0.31	AFTPH	0.077056287228066		AFTPH
23245	0.2331813	0.31	ASTN2	-0.3223502934339932		ASTN2
63894	-0.0839868	0.31	VIPAS39	0.065904669296434		VIPAS39
440829	0.0996996	0.31	SHISA8	-2.4089351160946366		SHISA8
23339	-0.0643121	0.31	VPS39	-0.0360074415295921		VPS39
25927	-0.1006611	0.31	CNRIP1	0.0746686781806786		CNRIP1
81545	0.0588278	0.311	FBXO38	-0.1061357098168302		FBXO38
10430	0.0953283	0.311	TMEM147	0.1033600199776278		TMEM147
15	0.4171997	0.311	AANAT	1.57836033353441		AANAT
22849	-0.1640053	0.311	CPEB3	0.1111807371655717		CPEB3
9136	-0.0981196	0.311	RRP9	0.157026504121748		RRP9
323	-0.1143531	0.311	APBB2	-0.0960770268439654		APBB2
9783	0.1543006	0.311	RIMS3	-0.0529215423887228		RIMS3
197257	0.1472935	0.311	LDHD	-0.0343589791483935		LDHD
9618	-0.242272	0.311	TRAF4	0.4263830707780651		TRAF4
1767	-0.3860309	0.311	DNAH5	0.4897970090122996		DNAH5
1417	-0.1437742	0.311	CRYBB3	1.4052564597696937		CRYBB3
641700	0.1456069	0.311	ECSCR	-0.3618607056047089		ECSCR
641700	0.1456069	0.311	ECSCR	-0.0897350608075875		ECSCR
84630	0.2466599	0.312	TTBK1	0.2014978354487966		TTBK1
23639	-0.2368614	0.312	DNAAF11	-0.098480577059925		DNAAF11
100499483	-0.1174144	0.312	CCDC180	0.2257160210578428		CCDC180
100170229	-0.0935493	0.312	SRRM5	0.1409855161880668		SRRM5
25778	-0.0724916	0.312	DSTYK	0.1032625831616655		DSTYK
6850	0.2446769	0.312	SYK	-0.0080967579535875		SYK
9370	0.8958503	0.312	ADIPOQ	-0.5680442567236648		ADIPOQ
284325	-0.1102527	0.312	ACTMAP	0.3126454740256155		ACTMAP
2044	-0.4935257	0.312	EPHA5	0.5240769195187078		EPHA5
55020	0.1155061	0.312	TTC38	-0.0688226096240054		TTC38
8325	-0.2113969	0.312	FZD8	0.1475401031467151		FZD8
84667	-0.2582131	0.312	HES7	0.6660175801053548		HES7
64332	-0.2333732	0.313	NFKBIZ	0.2739157457565064		NFKBIZ
51530	-0.0648043	0.313	ZC3HC1	0.1359371349877642		ZC3HC1
3682	-0.1428095	0.313	ITGAE	0.1901228313138299		ITGAE
960	-0.2313821	0.313	CD44	0.2463461807315736		CD44
11340	-0.0778101	0.313	EXOSC8	0.352156371735874		EXOSC8
79078	0.0736315	0.313	C1orf50	0.2400628741874739		C1orf50
27327	0.0843608	0.313	TNRC6A	0.0104309490808045		TNRC6A
1122	0.1620708	0.313	CHML	-0.0680917631164987		CHML
9884	0.2117488	0.314	LRRC37A	0.8163687847179295		LRRC37A
4130	-0.2654741	0.314	MAP1A	0.5891559916482927		MAP1A
284800	-0.3087108	0.314	FAM182A	0.5290087367372456		FAM182A
85025	0.0774677	0.314	TMEM60	0.0010944431338471		TMEM60
6817	-0.1886335	0.314	SULT1A1	0.3558735173179261		SULT1A1
84190	-0.1051561	0.314	METTL25	0.5611064829168981		METTL25
8848	0.1746129	0.314	TSC22D1	-0.1174424042945672		TSC22D1
10329	0.0927483	0.314	RXYLT1	0.0759570914660261		RXYLT1
132949	0.0669337	0.314	AASDH	-0.2541454947212669		AASDH
84791	0.1601974	0.314	LINC00467	0.0417215091465497		LINC00467
9129	-0.0691568	0.315	PRPF3	0.4579389137019305		PRPF3
90321	0.0821118	0.315	ZNF766	-0.0642720895202368		ZNF766
83756	-0.2299229	0.315	TAS1R3	0.1469504129951808		TAS1R3
55668	-0.0781538	0.315	GPATCH2L	0.3439581309904618		GPATCH2L
3486	-0.2431249	0.315	IGFBP3	0.2653746351235506		IGFBP3
8125	-0.0800598	0.315	ANP32A	-0.0239384131402928		ANP32A
2647	0.1097116	0.315	BLOC1S1	0.0244223565013657		BLOC1S1
9329	-0.0749568	0.315	GTF3C4	0.2899769568483676		GTF3C4
5194	0.0787163	0.316	PEX13	0.1106395970141447		PEX13
5581	0.1339447	0.316	PRKCE	0.1015796715436416		PRKCE
25903	0.3284303	0.316	OLFML2B	-0.5678762670003628		OLFML2B
56301	0.366889	0.316	SLC7A10	-0.7178636351638077		SLC7A10
54540	-0.0935197	0.316	FAM193B	-0.0459960860928205		FAM193B
64601	-0.0766125	0.316	VPS16	0.2957060311928501		VPS16
1802	0.09261	0.317	DPH2	0.2113582276738119		DPH2
101928402	-0.2931587	0.317	STAG2-AS1	0.2704309555393134		STAG2-AS1
100861402	0.1200811	0.317	CERS6-AS1	0.7791377113194571		CERS6-AS1
23348	-0.2136797	0.317	DOCK9	0.0377466712023606		DOCK9
801	-0.0825156	0.317	CALM1	-0.0310183790654843		CALM1
29980	-0.0900604	0.318	DONSON	0.279923566793161		DONSON
192286	-0.1086011	0.318	HIGD2A	0.2811719280086207		HIGD2A
4439	-0.1616258	0.318	MSH5	0.2965626565881891		MSH5
100874249	0.1323821	0.318	DENND5B-AS1	-0.4323648881487063		DENND5B-AS1
51138	0.0837106	0.319	COPS4	0.0198342875968577		COPS4
27249	0.0689363	0.319	MMADHC	-0.0307850740359336		MMADHC
28965	0.3044255	0.319	SLC27A6	0.0570939451042944		SLC27A6
83988	0.1382512	0.319	NCALD	-0.1517320740053618		NCALD
171523	-0.2176347	0.319	CYP2T1P	0.4524159266241802		CYP2T1P
55558	0.1837371	0.319	PLXNA3	-0.1410612930201846		PLXNA3
1845	0.0999354	0.319	DUSP3	-0.1890964823833751		DUSP3
80267	0.133722	0.319	EDEM3	-0.1867581351546356		EDEM3
8997	-0.1117989	0.319	KALRN	0.4702897661584817		KALRN
57688	0.1107925	0.319	ZSWIM6	0.109556475389384		ZSWIM6
7871	-0.1643011	0.319	SLMAP	0.2587294356830893		SLMAP
51091	-0.099036	0.319	SEPSECS	0.1523389216738593		SEPSECS
23033	-0.1066038	0.319	DOP1A	0.4274256738112556		DOP1A
6124	0.0878833	0.32	RPL4	0.1212687239259704		RPL4
92659	0.3195512	0.32	MILIP	0.1180380764690591		MILIP
81553	-0.2014228	0.32	CYRIA	0.1603419128915766		CYRIA
57706	0.0523009	0.32	DENND1A	-0.0620842923068227		DENND1A
283120	0.2345703	0.32	H19	-0.2816457384286721		H19
7262	-0.3059659	0.32	PHLDA2	0.4287425967629262		PHLDA2
9087	-0.5552996	0.32	TMSB4Y	0.8009345275888295		TMSB4Y
1945	0.1664318	0.32	EFNA4	-0.0182159489742335		EFNA4
8570	-0.0612826	0.32	KHSRP	0.0661532684462669		KHSRP
23174	-0.097182	0.32	ZCCHC14	0.1935878915155697		ZCCHC14
91947	0.252307	0.32	ARRDC4	-0.2843938942814996		ARRDC4
57819	-0.0907425	0.321	LSM2	-0.0279335346333375		LSM2
9878	0.0535038	0.321	TOX4	-0.0280764840174976		TOX4
84930	0.1129832	0.321	MASTL	0.0637768551298327		MASTL
158830	-0.1752915	0.321	CXorf65	0.5710858068183039		CXorf65
1795	0.1076554	0.321	DOCK3	0.1216593557576088		DOCK3
55914	-0.1077516	0.321	ERBIN	0.0732359110773765		ERBIN
10286	0.0822647	0.321	BCAS2	-0.1210343071030131		BCAS2
8365	0.186666	0.321	H4C8	0.0065530886443094		H4C8
23325	0.1380873	0.321	WASHC4	-0.2276103654896895		WASHC4
7064	0.1047888	0.321	THOP1	-0.0798055889206184		THOP1
122786	-0.1989196	0.321	FRMD6	0.1848785649223572		FRMD6
7098	0.2191991	0.321	TLR3	-0.039560188844413		TLR3
5739	-0.1024426	0.321	PTGIR	0.3427541167031926		PTGIR
4090	-0.1299726	0.322	SMAD5	0.0288561201857033		SMAD5
80778	-0.1066844	0.322	ZNF34	0.1702233725588473		ZNF34
5563	-0.1476646	0.322	PRKAA2	0.3966492927014577		PRKAA2
245802	0.3700924	0.322	MS4A6E	-1.4283332636699997		MS4A6E
4152	-0.0600603	0.322	MBD1	0.0608539779108356		MBD1
22992	0.05833	0.322	KDM2A	0.1492302124677254		KDM2A
2212	0.2324031	0.322	FCGR2A	-0.1290179966901523		FCGR2A
23288	-0.1143376	0.322	IQCE	0.3140233388760625		IQCE
27120	0.2588389	0.322	DKKL1	0.3676734446003644		DKKL1
4356	0.2993979	0.322	MPP3	-0.1276954131472072		MPP3
6510	-0.2287885	0.322	SLC1A5	0.10379757244801		SLC1A5
30001	0.126769	0.322	ERO1A	-0.3739577171008728		ERO1A
51066	-0.2705471	0.323	SSUH2	0.1798219667883638		SSUH2
10910	-0.0581122	0.323	SUGT1	0.0065830370468056		SUGT1
401563	0.2496163	0.323	LINC02908	-0.1997785584370026		LINC02908
147949	0.0841086	0.323	ZNF583	0.0384566799459231		ZNF583
10771	0.0780809	0.323	ZMYND11	-0.2178938184571182		ZMYND11
473	-0.1566143	0.323	RERE	0.1508476312314179		RERE
100507266	-0.1751574	0.324	STX18-AS1	0.3502074668373703		STX18-AS1
400541	0.2303601	0.324	LOC400541	-1.67680774174202		LOC400541
84295	0.1235328	0.325	PHF6	-0.3383011966173708		PHF6
79913	-0.0787446	0.325	ACTR5	0.2914102879442682		ACTR5
6640	0.1081229	0.325	SNTA1	-0.0782986320436895		SNTA1
346157	0.1928921	0.325	ZNF391	0.0504779485685162		ZNF391
55179	0.1114536	0.325	FAIM	0.0862408344244958		FAIM
64129	0.151879	0.326	TINAGL1	-0.0350190304389821		TINAGL1
5552	-0.2373708	0.326	SRGN	0.4285270855889189		SRGN
100130776	-0.1617807	0.326	AGAP2-AS1	0.3610989416034346		AGAP2-AS1
8683	-0.0580679	0.326	SRSF9	-0.0622315951631131		SRSF9
23347	0.0938008	0.326	SMCHD1	-0.0068891419639052		SMCHD1
56907	0.1086364	0.326	SPIRE1	-0.2091247189751461		SPIRE1
10188	-0.1682083	0.326	TNK2	0.3172184728325096		TNK2
2931	0.0658265	0.326	GSK3A	-0.0737204115442562		GSK3A
84879	0.4018042	0.327	MFSD2A	-0.2601930112027575		MFSD2A
64975	0.1455886	0.327	MRPL41	0.1050443868244412		MRPL41
28908	-0.6710673	0.327	IGKV4-1	0.7104465348230056		IGKV4-1
1288	-0.1546547	0.327	COL4A6	0.148449376941639		COL4A6
101928317	-0.1613366	0.327	LOC101928317	-3.4593754086445934		LOC101928317
284184	-0.1164179	0.327	NDUFAF8	0.3550440911457775		NDUFAF8
84708	-0.1547994	0.327	LNX1	0.1807551385982169		LNX1
8347	0.2157971	0.327	H2BC4	-0.2885476332063819		H2BC4
435	-0.0961531	0.327	ASL	-0.2686465382653882		ASL
146206	-0.3026661	0.327	CARMIL2	0.3367819097937854		CARMIL2
10765	-0.0865545	0.327	KDM5B	-0.0150130305748348		KDM5B
91607	-0.1326288	0.327	SLFN11	-0.0328954404045331		SLFN11
23491	0.2812516	0.328	CES3	0.1133411067502933		CES3
124454	0.1049082	0.328	EARS2	0.0272143828075739		EARS2
339524	-0.2395782	0.328	LINC01140	0.9391649002060888		LINC01140
740	-0.0704229	0.328	MRPL49	0.2487231062357198		MRPL49
65999	-0.1781461	0.328	LRRC61	0.582409575599358		LRRC61
6207	0.0874483	0.328	RPS13	-0.2604897419323766		RPS13
9810	-0.0762543	0.328	RNF40	0.2987065595863463		RNF40
79680	-0.0970883	0.328	RTL10	0.2107962321903891		RTL10
126393	-0.2679939	0.329	HSPB6	0.3439868922965434		HSPB6
654790	-0.2285657	0.329	PCP4L1	0.6117594821401455		PCP4L1
84109	0.3842941	0.329	QRFPR	-0.4673893242807692		QRFPR
2230	0.0971431	0.329	FDX1	0.1587583607339739		FDX1
22809	-0.101823	0.329	ATF5	0.389463628773151		ATF5
100134229	-0.1148614	0.329	KDM7A-DT	0.4135975324348093		KDM7A-DT
5378	0.085355	0.329	PMS1	-0.1149016608973014		PMS1
79075	-0.1872828	0.329	DSCC1	0.2601646173249606		DSCC1
5971	-0.2345075	0.329	RELB	0.6721064006499722		RELB
57452	0.1410294	0.329	GALNT16	-0.141379954755151		GALNT16
23234	0.0644805	0.33	DNAJC9	-0.1598754341967136		DNAJC9
55722	0.1487766	0.33	CEP72	0.361354183191774		CEP72
899	0.1633631	0.33	CCNF	-0.0252378378705877		CCNF
100505715	0.1338858	0.33	LOC100505715	-0.1928434462388475		LOC100505715
84101	-0.2597346	0.33	USP44	0.0123694590602594		USP44
100505746	-0.3454906	0.33	ITGB2-AS1	0.2929273045858749		ITGB2-AS1
266747	-0.0832811	0.33	RGL4	1.099472691552893		RGL4
140609	-0.1800607	0.331	NEK7	-0.0967108017919216		NEK7
6688	0.19657	0.331	SPI1	-0.2923525516422316		SPI1
51744	-0.4430031	0.331	CD244	0.5474073805588626		CD244
132789	0.0890541	0.331	GNPDA2	-0.2343844060776678		GNPDA2
10287	0.1270041	0.331	RGS19	-0.1315445511698825		RGS19
81832	-0.6915862	0.331	NETO1	-0.0955485417251791		NETO1
9046	0.2656152	0.331	DOK2	-0.1549110067368395		DOK2
7421	0.4125896	0.331	VDR	-0.1446995526673393		VDR
55061	0.4474913	0.331	SUSD4	-0.5349089001361489		SUSD4
6535	0.1227415	0.331	SLC6A8	0.1588578430845491		SLC6A8
51123	-0.0674922	0.331	ZNF706	-0.0967256596325345		ZNF706
84717	0.0868473	0.331	HDGFL2	0.0336263921144643		HDGFL2
54778	0.0872113	0.331	RNF111	-0.1025455155424275		RNF111
56139	-0.3172372	0.332	PCDHA10	0.5412584155561908		PCDHA10
11080	-0.1758405	0.332	DNAJB4	0.0337165557836609		DNAJB4
11336	0.0673222	0.332	EXOC3	0.2691975462541167		EXOC3
10137	-0.0756418	0.332	RBM12	-0.288225362906549		RBM12
127943	-0.2837668	0.332	FCRLB	0.5442255459564482		FCRLB
4359	0.2700097	0.332	MPZ	-0.1745337361390921		MPZ
54107	0.0768009	0.332	POLE3	-0.0751833246504025		POLE3
53938	0.1212215	0.332	PPIL3	-0.2120226879305331		PPIL3
59286	0.1268872	0.332	UBL5	0.1548495919011223		UBL5
8863	-0.2455228	0.333	PER3	0.6209561791115861		PER3
10014	-0.1219054	0.333	HDAC5	0.10003025686437		HDAC5
3990	0.2943742	0.333	LIPC	-0.1045323313710342		LIPC
140823	-0.1439887	0.333	ROMO1	0.3522854020642345		ROMO1
55529	-0.1395102	0.333	PIP4P2	-0.0814621874327192		PIP4P2
23293	-0.0680081	0.333	SMG6	0.461619495478855		SMG6
163049	0.0749162	0.333	ZNF791	-0.1724212732008996		ZNF791
23025	-0.4020041	0.334	UNC13A	1.15011913674163		UNC13A
4798	-0.0789118	0.334	NFRKB	0.0595615828989446		NFRKB
51611	0.0631941	0.334	DPH5	-0.0177773952404693		DPH5
9626	-0.4969272	0.334	GUCA1C	0.6442749519737472		GUCA1C
3738	-0.3492108	0.334	KCNA3	-0.1261227422073516		KCNA3
23248	-0.0644729	0.334	RPRD2	0.2166231414788808		RPRD2
2907	-0.0822344	0.334	GRINA	0.2873281825408504		GRINA
79086	-0.0708576	0.334	SMIM7	0.0279239162653341		SMIM7
6602	-0.0540981	0.334	SMARCD1	0.2456997499250226		SMARCD1
51102	-0.0941078	0.334	MECR	0.2389757089628466		MECR
90668	0.2871013	0.335	CARMIL3	0.2558007908641424		CARMIL3
54682	0.0837611	0.335	MANSC1	-0.1121810917838224		MANSC1
729978	0.1006666	0.335	NPIPB2	-0.8394582572465294		NPIPB2
79842	-0.1098059	0.335	ZBTB3	0.2737241707423663		ZBTB3
55183	0.1138178	0.336	RIF1	0.0579666713457838		RIF1
1102	0.0933774	0.336	RCBTB2	-0.0049578370132157		RCBTB2
79709	0.1200229	0.336	COLGALT1	-0.2542491003155671		COLGALT1
79411	-0.123489	0.336	GLB1L	0.3063276139164319		GLB1L
389114	-0.0976163	0.336	ZNF662	0.4117348370639657		ZNF662
64147	-0.129164	0.336	KIF9	0.1016709914023863		KIF9
9179	-0.0608989	0.336	AP4M1	0.4262023987496564		AP4M1
389524	-0.0883918	0.337	GTF2IRD2B	-0.0185038772990675		GTF2IRD2B
143630	-0.2604066	0.337	UBQLNL	0.354612748663057		UBQLNL
127687	-0.1382702	0.337	C1orf122	0.4559949410949189		C1orf122
79581	-0.1250613	0.337	SLC52A2	0.2114018156361585		SLC52A2
26586	0.1679605	0.337	CKAP2	-0.1560968666403563		CKAP2
51552	-0.0627946	0.337	RAB14	-0.3104049550981953		RAB14
9361	0.0774224	0.337	LONP1	0.0620515852797192		LONP1
25825	-0.1128338	0.337	BACE2	0.2327711530841547		BACE2
7403	0.1322148	0.337	KDM6A	0.2217845474229549		KDM6A
54531	-0.1200057	0.337	MIER2	0.0964767930500944		MIER2
55244	-0.173996	0.337	SLC47A1	0.6398417526028708		SLC47A1
4701	0.1437812	0.337	NDUFA7	-0.0457684046965409		NDUFA7
10148	-0.3350782	0.337	EBI3	0.618890379369756		EBI3
11006	0.2601726	0.337	LILRB4	-0.4294547539736104		LILRB4
11006	0.2601726	0.337	LILRB4	0.133825400172572		LILRB4
51010	0.0761447	0.337	EXOSC3	-0.1231326406234654		EXOSC3
9354	0.0757242	0.337	UBE4A	0.1172497515321087		UBE4A
57823	-0.4189309	0.338	SLAMF7	0.7918910978356113		SLAMF7
9196	-0.2232288	0.338	KCNAB3	-0.0087291744238172		KCNAB3
440823	-0.283817	0.338	MIAT	0.5140927051951751		MIAT
60485	-0.074734	0.338	SAV1	0.1328414154859469		SAV1
60485	-0.074734	0.338	SAV1	0.6597943726888987		SAV1
100616262	-0.2194223	0.338	MIR4701	1.3726905413113188		MIR4701
63925	-0.0634129	0.338	ZNF335	0.1263257131321085		ZNF335
11282	-0.0890609	0.338	MGAT4B	0.0991792069066601		MGAT4B
80313	0.1233568	0.338	LRRC27	-0.0167437693200054		LRRC27
5589	-0.0704377	0.338	PRKCSH	0.4126951776633918		PRKCSH
58516	-0.1718655	0.338	SINHCAF	-0.0189802911819465		SINHCAF
28815	-0.6236457	0.338	IGLV2-14	0.7198242850592084		IGLV2-14
55706	-0.0894245	0.338	NDC1	-0.1356219293664753		NDC1
101059953	-0.1145897	0.338	NPIPA8	-0.5025635566721371		NPIPA8
390916	0.1129555	0.338	NUDT19	0.1416464120373097		NUDT19
2550	-0.1141113	0.339	GABBR1	0.0361192658974465		GABBR1
55841	-0.0881602	0.339	WWC3	0.2617494572667058		WWC3
23549	-0.0694616	0.339	DNPEP	0.0704278717624786		DNPEP
440686	0.1296701	0.339	H3-7	4.6765157256784455		H3-7
22979	-0.1933553	0.339	EFR3B	0.3174805271546026		EFR3B
10391	-0.1335596	0.339	CORO2B	0.3688457114513372		CORO2B
23474	-0.1045254	0.339	ETHE1	0.1107505945030791		ETHE1
6156	0.0799125	0.339	RPL30	0.1733533209734954		RPL30
9159	-0.1625824	0.34	PCSK7	0.0061709210160767		PCSK7
10349	-0.2414191	0.34	ABCA10	0.2440727212246463		ABCA10
55609	-0.121834	0.34	ZNF280C	0.0858188925909378		ZNF280C
148753	0.4639646	0.34	FAM163A	-0.3097836917794239		FAM163A
2870	0.0835672	0.34	GRK6	0.044651390919256		GRK6
93183	-0.0848935	0.34	PIGM	0.1600768605004396		PIGM
9786	0.0746177	0.34	KIAA0586	0.1691460338680164		KIAA0586
9961	0.0897117	0.34	MVP	-0.2670178591488241		MVP
63895	-0.4854332	0.34	PIEZO2	0.5152467903920177		PIEZO2
100128191	-0.1469827	0.34	TMPO-AS1	0.0399428899743528		TMPO-AS1
8372	0.1824575	0.34	HYAL3	-0.000328373022159		HYAL3
64577	0.346033	0.34	ALDH8A1	-0.8913664566221298		ALDH8A1
80270	-0.1605331	0.34	HSD3B7	0.465140989016479		HSD3B7
55568	-0.1242182	0.341	GALNT10	0.2366021842056347		GALNT10
4668	0.087664	0.341	NAGA	0.0036590827939941		NAGA
10454	0.0621646	0.341	TAB1	0.0090750804297714		TAB1
55374	0.1096185	0.341	TMCO6	0.3730314800569643		TMCO6
54788	0.0694074	0.341	DNAJB12	0.0363399616459911		DNAJB12
129285	-0.0642012	0.342	PPP1R21	0.4370796298915862		PPP1R21
84631	0.3107839	0.342	SLITRK2	-0.0003897791888127		SLITRK2
284618	-0.0639909	0.342	RUSC1-AS1	0.3560787191859715		RUSC1-AS1
134430	-0.113174	0.342	WDR36	0.2309720090806051		WDR36
10677	-0.1532204	0.342	AVIL	0.073098433468647		AVIL
8204	0.1146242	0.342	NRIP1	-0.0925185265626309		NRIP1
55339	0.0561936	0.342	WDR33	-0.3843322825154098		WDR33
9476	-0.2389704	0.342	NAPSA	0.1085016418544473		NAPSA
645212	-0.0945665	0.342	EIF3J-DT	0.0995332645557902		EIF3J-DT
64785	0.1193357	0.343	GINS3	0.0223985457017068		GINS3
10622	0.1671365	0.343	POLR3G	-0.2402436095798386		POLR3G
91662	0.325201	0.343	NLRP12	-0.2740965502782111		NLRP12
6659	-0.306617	0.343	SOX4	0.5378327690115382		SOX4
7504	-0.212941	0.343	XK	0.3713205887167445		XK
55351	-0.2514481	0.343	STK32B	0.7205908660583931		STK32B
59	-0.2504515	0.343	ACTA2	0.4111015753975477		ACTA2
60684	0.0657899	0.343	TRAPPC11	0.0725249012702109		TRAPPC11
2196	0.2429139	0.343	FAT2	0.9447448750137166		FAT2
1030	0.2072793	0.343	CDKN2B	-0.0665391865460089		CDKN2B
388730	0.1517586	0.343	TMEM81	-0.1456117411036721		TMEM81
8938	0.0925686	0.344	BAIAP3	0.3898416389973405		BAIAP3
100506826	-0.1907397	0.344	MYLK-AS1	0.5683200286242429		MYLK-AS1
64754	0.1082155	0.344	SMYD3	0.0128356311788984		SMYD3
64924	-0.0794953	0.344	SLC30A5	0.2670866923000936		SLC30A5
5573	-0.111161	0.345	PRKAR1A	0.045326322556491		PRKAR1A
51634	0.0939978	0.345	RBMX2	0.1469865489835458		RBMX2
79365	0.2129069	0.345	BHLHE41	-0.6385555152169333		BHLHE41
441951	-0.1375606	0.345	ZFAS1	0.4001255989756922		ZFAS1
51255	-0.0900636	0.345	RNF181	0.2898094226980561		RNF181
58493	-0.0748337	0.345	INIP	0.0006662483789616		INIP
54963	0.1041323	0.345	UCKL1	-0.0057395869391712		UCKL1
200403	-0.3998484	0.345	VWA3B	0.9288966676934096		VWA3B
2828	0.2239527	0.346	GPR4	-0.4638567132903728		GPR4
101927084	-0.2548202	0.346	LINC01359	0.5460873726906277		LINC01359
1432	0.0629646	0.346	MAPK14	-0.0522823451710721		MAPK14
55166	0.125198	0.346	CENPQ	0.1102922668237429		CENPQ
84816	0.1285425	0.346	RTN4IP1	0.1662199414455702		RTN4IP1
64224	-0.0693615	0.347	HERPUD2	-0.1649774549670866		HERPUD2
84333	0.133749	0.347	PCGF5	-0.4211216511125268		PCGF5
2219	0.4413327	0.347	FCN1	-0.216249824629644		FCN1
6764	0.1040662	0.347	DENND2B	-0.1206545019537115		DENND2B
100507551	0.107872	0.347	PGLS-DT	0.0670521554148988		PGLS-DT
81490	0.0622172	0.347	PTDSS2	0.2759763559666464		PTDSS2
149473	-0.1962238	0.347	CCDC24	0.4587078238534621		CCDC24
80832	-0.3997073	0.347	APOL4	0.5551180240661764		APOL4
54856	0.0616692	0.347	GON4L	0.1477961045463423		GON4L
55809	-0.1878916	0.347	TRERF1	0.1997182876177347		TRERF1
115677	0.1706057	0.348	NOSTRIN	0.0311990880401742		NOSTRIN
60314	-0.0972126	0.348	MYG1	0.5042250194462303		MYG1
114786	-0.4133159	0.348	XKR4	0.2604492950389079		XKR4
126129	-0.196993	0.348	CPT1C	0.5511103979695111		CPT1C
57477	0.1429037	0.348	SHROOM4	-0.0566051566653391		SHROOM4
1026	-0.282552	0.348	CDKN1A	0.4434942521698275		CDKN1A
83714	-0.1717871	0.348	NRIP2	0.4334618854764667		NRIP2
91754	-0.0461168	0.348	NEK9	0.0216434279141708		NEK9
729786	0.2304914	0.348	GOLGA8CP	0.499875873803024		GOLGA8CP
7292	0.1229619	0.348	TNFSF4	-0.2113162646451462		TNFSF4
80851	0.1094259	0.348	SH3BP5L	-0.1651166512905293		SH3BP5L
10908	0.0898562	0.348	PNPLA6	-0.0270820959599209		PNPLA6
11005	-0.4582084	0.348	SPINK5	0.5797856432523226		SPINK5
81544	-0.1796135	0.348	GDPD5	0.042300885584984		GDPD5
27231	-0.2057466	0.348	NMRK2	0.4003825033482684		NMRK2
2651	0.1672355	0.348	GCNT2	-0.5818500608734389		GCNT2
4222	-0.3156252	0.349	MEOX1	0.3622285921504793		MEOX1
151525	0.0945376	0.349	WDSUB1	0.038367404409366		WDSUB1
84144	0.1277116	0.349	SYDE2	-0.4574162819360237		SYDE2
3299	-0.1247051	0.349	HSF4	0.2222466517259951		HSF4
2114	0.1295762	0.349	ETS2	0.0101859383854208		ETS2
6007	-0.2663243	0.349	RHD	0.0727492570863459		RHD
558	-0.1503166	0.349	AXL	0.3091021310288888		AXL
27319	-0.3272451	0.349	BHLHE22	0.6077179360925173		BHLHE22
196513	0.1596385	0.349	DCP1B	-0.1470505851347281		DCP1B
10541	-0.0824961	0.349	ANP32B	0.3074146153091419		ANP32B
56998	0.1419724	0.349	CTNNBIP1	-0.5427552935842952		CTNNBIP1
728723	-0.2201485	0.349	ZBED3-AS1	0.5011870200207433		ZBED3-AS1
23642	-0.0923962	0.349	SNHG1	-0.0288608605989599		SNHG1
2316	-0.1272829	0.349	FLNA	17.962407607885275		FLNA
388325	0.1652595	0.349	SCIMP	-0.1476730522650521		SCIMP
9892	-0.5922911	0.35	SNAP91	0.2116915712739204		SNAP91
222950	0.2687618	0.35	NYAP1	-0.2448421114076784		NYAP1
51497	-0.0758223	0.35	NELFCD	0.1982659906529633		NELFCD
154386	0.3023755	0.35	LINC01600	-0.179490858034502		LINC01600
55146	0.0722823	0.35	ZDHHC4	0.1152500124211712		ZDHHC4
116844	-0.3910513	0.35	LRG1	0.6694203216850954		LRG1
54756	-0.192123	0.35	IL17RD	0.2204678568145122		IL17RD
185	0.3362743	0.35	AGTR1	-0.2127022089624879		AGTR1
1902	0.1867313	0.35	LPAR1	-0.1044480977437514		LPAR1
246777	0.331766	0.35	SPESP1	-0.4246156366911524		SPESP1
55697	-0.0671641	0.351	VAC14	0.0887159661604695		VAC14
339768	-0.5811753	0.351	ESPNL	0.6503312134974581		ESPNL
441150	-0.1292049	0.351	C6orf226	0.2181111684013039		C6orf226
4714	0.092176	0.351	NDUFB8	0.0862090182961559		NDUFB8
27306	0.3433536	0.351	HPGDS	-0.0357114501105788		HPGDS
3500	-0.6486234	0.351	IGHG1	0.6493299376135031		IGHG1
1207	0.0651102	0.352	CLNS1A	0.0111473011539784		CLNS1A
440854	-0.2893609	0.352	CAPN14	0.4648538691553765		CAPN14
10483	0.07561	0.352	SEC23B	0.1137990575290337		SEC23B
23116	0.1078505	0.352	TOGARAM1	-0.1267188254853182		TOGARAM1
7307	-0.0757524	0.352	U2AF1	0.0313154090693021		U2AF1
6576	-0.1118757	0.352	SLC25A1	0.2164540092165419		SLC25A1
8436	-0.141293	0.352	CAVIN2	0.1560338434793715		CAVIN2
493913	-0.2156923	0.352	PAPPA-AS1	0.2165985845139966		PAPPA-AS1
9415	-0.2480052	0.352	FADS2	0.4764047681681274		FADS2
54583	0.1646905	0.352	EGLN1	-0.543812366686959		EGLN1
8525	0.0714235	0.352	DGKZ	0.1241295213696274		DGKZ
84725	0.1061975	0.353	PLEKHA8	0.1719323075260272		PLEKHA8
4820	0.1145688	0.353	NKTR	0.0397696474339799		NKTR
390940	-0.2179841	0.353	PINLYP	0.5118132939847566		PINLYP
54961	-0.0747527	0.353	SSH3	0.4953229536510344		SSH3
28972	0.0691805	0.353	SPCS1	0.176571525622232		SPCS1
257396	-0.1437305	0.353	MOCS2-DT	0.4817381697434154		MOCS2-DT
56927	0.0816014	0.353	GPR108	-0.0006324296102651		GPR108
4695	-0.1426331	0.353	NDUFA2	0.2253931397165889		NDUFA2
256691	-0.2044589	0.353	MAMDC2	0.3331077028452283		MAMDC2
107985353	0.1205899	0.353	ACBD3-AS1	0.6703338483511381		ACBD3-AS1
147727	-0.1101583	0.353	ILF3-DT	0.2148398445609087		ILF3-DT
51283	0.0909433	0.353	BFAR	-0.022989770242253		BFAR
5167	0.1668574	0.353	ENPP1	-0.1216228347653479		ENPP1
9184	-0.0599604	0.353	BUB3	0.0167609809605906		BUB3
775	0.0921485	0.353	CACNA1C	-0.0801492319378898		CACNA1C
23269	0.0885556	0.353	MGA	22.358206344355573		MGA
56204	-0.1486699	0.353	ATOSA	0.338875282914536		ATOSA
161424	-0.0485186	0.353	NOP9	0.3084600977845544		NOP9
10409	0.2568567	0.353	BASP1	-0.0031719792262957		BASP1
65061	-0.3082559	0.353	CDK15	0.6023817769206474		CDK15
5228	-0.2116271	0.354	PGF	0.2913003723096561		PGF
84519	0.2433455	0.354	ACRBP	-0.2350980689685976		ACRBP
29785	0.3309232	0.354	CYP2S1	-0.2075704493605383		CYP2S1
374819	0.1445665	0.354	LRRC37A3	-0.2047064687503034		LRRC37A3
5163	-0.161759	0.354	PDK1	0.0013819650729622		PDK1
79940	0.1536482	0.354	LINC00472	-0.451210239194602		LINC00472
4008	0.0970608	0.354	LMO7	-0.0235225932991962		LMO7
27301	0.0662247	0.354	APEX2	0.1776665343236452		APEX2
785	-0.2632922	0.354	CACNB4	0.7468597897852653		CACNB4
6355	-0.5327634	0.355	CCL8	0.7500479949478251		CCL8
6868	0.0805094	0.355	ADAM17	-0.0254599054932436		ADAM17
159091	-0.1555636	0.355	PABIR3	0.2738129343552399		PABIR3
1259	0.4934104	0.355	CNGA1	-0.4167349634574633		CNGA1
51374	0.0906344	0.355	ATRAID	0.2172618288742374		ATRAID
146923	0.0840116	0.355	RUNDC1	0.0982269842988285		RUNDC1
23258	-0.0832291	0.355	DENND5A	0.0300127161910364		DENND5A
55644	-0.0963171	0.355	OSGEP	0.2048298949716924		OSGEP
8645	0.3427023	0.355	KCNK5	-0.2895098308704833		KCNK5
116254	-0.0569967	0.355	GINM1	0.3493025844795427		GINM1
830	-0.0899328	0.355	CAPZA2	-0.2778676132758466		CAPZA2
84077	-0.2404895	0.355	C3orf20	0.5361561854155843		C3orf20
79837	-0.0654377	0.355	PIP4K2C	-0.191183627068006		PIP4K2C
64145	-0.0522404	0.355	RBSN	0.1138656272440288		RBSN
7311	0.0936716	0.356	UBA52	0.1472685034494834		UBA52
107080638	-0.1374146	0.356	TBC1D7-LOC100130357	0.2468496911408149		TBC1D7-LOC100130357
81034	-0.0933215	0.356	SLC25A32	0.112526803534664		SLC25A32
79741	0.1081103	0.356	CCDC7	0.1198172602317888		CCDC7
1743	-0.0748318	0.356	DLST	0.129684954811645		DLST
25843	0.07734	0.356	MOB4	0.3397732385702223		MOB4
130340	-0.2164129	0.356	AP1S3	0.3512893390039104		AP1S3
10575	-0.0757694	0.356	CCT4	0.1660242230573247		CCT4
64839	0.1336041	0.356	FBXL17	-0.5867922660399367		FBXL17
1155	0.0804534	0.356	TBCB	0.0942500127552152		TBCB
387264	-0.2738076	0.356	KRTAP5-1	-0.6396000487797595		KRTAP5-1
26119	-0.1255387	0.356	LDLRAP1	0.2552544977304207		LDLRAP1
727800	-0.1041395	0.356	RNF208	0.121630248046455		RNF208
3065	0.0604504	0.357	HDAC1	0.278834804747432		HDAC1
8467	0.0659816	0.357	SMARCA5	0.355937089174839		SMARCA5
5037	0.0960725	0.357	PEBP1	0.1560972075275337		PEBP1
9334	0.0828795	0.357	B4GALT5	-0.0799489655430747		B4GALT5
10390	0.0747687	0.357	CEPT1	0.2781696750666547		CEPT1
100128782	0.1461504	0.357	ERCC6L2-AS1	-0.2209543356227952		ERCC6L2-AS1
201516	-0.2609464	0.357	ZSCAN4	0.7155550688184715		ZSCAN4
79188	-0.1599428	0.357	TMEM43	0.3963627070028144		TMEM43
4332	0.2906169	0.357	MNDA	0.0465746922367564		MNDA
10592	0.1860274	0.357	SMC2	-0.1129902187443989		SMC2
6936	0.1033222	0.357	GCFC2	0.1850130035932791		GCFC2
64376	-0.1226808	0.357	IKZF5	-0.1341358676186859		IKZF5
9848	0.2561739	0.357	MFAP3L	-0.3721429790926225		MFAP3L
54584	-0.148061	0.357	GNB1L	0.1961673467803063		GNB1L
85004	0.1646956	0.357	RERG	-0.1335347890386442		RERG
760	0.1446666	0.357	CA2	-0.116480011130938		CA2
53615	0.1036939	0.358	MBD3	0.1197743302886999		MBD3
106821730	0.1739113	0.358	BUB1B-PAK6	-0.1053311542678263		BUB1B-PAK6
81831	0.1614146	0.358	NETO2	-0.1573283302640842		NETO2
10343	0.2294846	0.358	PKDREJ	0.3969540459565328		PKDREJ
6714	0.1325163	0.358	SRC	-0.0644863305604332		SRC
7100	0.2106507	0.358	TLR5	0.0988085189153051		TLR5
286133	0.286942	0.358	SCARA5	-0.3277785360164564		SCARA5
105374952	-0.1347056	0.358	NUP153-AS1	0.3425765986844756		NUP153-AS1
51175	0.1368937	0.358	TUBE1	-0.2291154274351257		TUBE1
4817	0.0717034	0.358	NIT1	-0.0638633221377213		NIT1
577	0.2026947	0.358	ADGRB3	-0.0330573114169457		ADGRB3
2997	-0.1002104	0.358	GYS1	0.0397568955301652		GYS1
90355	0.1472998	0.358	MACIR	0.0267378990700342		MACIR
4607	-0.1047443	0.358	MYBPC3	0.0		MYBPC3
204851	-0.1009134	0.358	HIPK1	0.3313036355201602		HIPK1
66036	0.0899576	0.358	MTMR9	0.1444441593019405		MTMR9
22889	-0.0828748	0.358	KHDC4	-0.2769871199589326		KHDC4
9403	-0.0683099	0.359	SELENOF	-0.1529897133938647		SELENOF
6671	-0.1701442	0.359	SP4	0.4471506680865288		SP4
101927275	-0.1707428	0.359	NDUFV2-AS1	0.4437112523988473		NDUFV2-AS1
196441	0.0944229	0.359	ZFC3H1	0.0435126856425691		ZFC3H1
91409	-0.2419744	0.359	CCDC74B	0.2161545758659608		CCDC74B
161725	-0.1844027	0.359	OTUD7A	-0.2941500483923746		OTUD7A
2492	0.4168372	0.359	FSHR	0.1530186596240246		FSHR
11313	-0.0591535	0.359	LYPLA2	0.2075176181021767		LYPLA2
2524	-0.2191926	0.359	FUT2	1.853623328388168		FUT2
144811	0.2112629	0.359	LACC1	0.070620839080095		LACC1
10239	0.0644616	0.359	AP3S2	-0.3852965704955071		AP3S2
100506686	0.0817724	0.359	IQCH-AS1	-0.1813796006640184		IQCH-AS1
100506686	0.0817724	0.359	IQCH-AS1	0.2810727179930676		IQCH-AS1
2342	-0.0812398	0.36	FNTB	0.3361805891307456		FNTB
6415	0.1040523	0.36	SELENOW	-0.0300104246133088		SELENOW
25888	0.0956156	0.36	ZNF473	0.0384726049764774		ZNF473
5538	-0.0719473	0.36	PPT1	0.1165181524522651		PPT1
26815	0.1649395	0.36	SNORD36A	-0.4742312461923923		SNORD36A
221895	-0.0890635	0.36	JAZF1	0.0100446750234137		JAZF1
134637	-0.1322114	0.36	ADAT2	0.1417097826943185		ADAT2
9909	0.0680417	0.361	DENND4B	-0.0402393749698921		DENND4B
6997	0.6953677	0.361	TDGF1	-0.1188389681359666		TDGF1
4815	-0.1293627	0.361	NINJ2	0.2323978053438442		NINJ2
229	-0.2808683	0.361	ALDOB	-0.2458269485239753		ALDOB
51003	0.0964034	0.361	MED31	-0.140715788827193		MED31
3304	-0.1766571	0.361	HSPA1B	0.5218528448148847		HSPA1B
56924	0.172948	0.361	PAK6	-0.1053311542678263		PAK6
493	-0.1708657	0.361	ATP2B4	0.3665191787074109		ATP2B4
9781	0.1020457	0.361	RNF144A	0.1395685265001969		RNF144A
9047	0.2761495	0.361	SH2D2A	-0.1616762939243066		SH2D2A
283638	-0.0911561	0.361	CEP170B	0.2453738196454375		CEP170B
4324	-0.1705657	0.361	MMP15	0.3905222270353823		MMP15
256126	0.1341555	0.361	SYCE2	1.4697009456327714		SYCE2
2322	-0.4187326	0.361	FLT3	-0.1470178167602305		FLT3
79958	0.2175583	0.362	DENND1C	-0.0881145718089742		DENND1C
80764	-0.0832009	0.362	THAP7	0.2023903817979402		THAP7
57556	-0.1496852	0.362	SEMA6A	-0.2493929628187423		SEMA6A
9043	0.0725217	0.362	SPAG9	-0.5671141087596361		SPAG9
5261	0.0874193	0.362	PHKG2	0.1133646570583293		PHKG2
6830	0.0629944	0.362	SUPT6H	0.1555950480581422		SUPT6H
55164	0.0941814	0.362	SHQ1	-0.0995363187110962		SHQ1
253430	-0.196777	0.362	IPMK	0.3115802608081247		IPMK
344787	0.2409284	0.362	ZNF860	-0.0687235702926174		ZNF860
79001	-0.1044484	0.362	VKORC1	0.1396336445876977		VKORC1
2771	-0.0702398	0.362	GNAI2	0.2963011863244382		GNAI2
54619	-0.0855183	0.363	CCNJ	0.2785933947836355		CCNJ
51122	-0.0685807	0.363	COMMD2	-0.0339654379574496		COMMD2
140885	-0.1525607	0.363	SIRPA	0.3949884400325962		SIRPA
6717	-0.0590757	0.363	SRI	-0.0262131230250375		SRI
140564	-0.1523037	0.363	APOBEC3D	0.3838439956178986		APOBEC3D
51608	-0.0829495	0.363	GET4	0.3083095572311789		GET4
84660	-0.2103141	0.363	CCDC62	0.2167195890561155		CCDC62
2138	0.1761429	0.364	EYA1	-0.4186112694756021		EYA1
91526	-0.1717485	0.364	ANKRD44	-0.1822943855766161		ANKRD44
3020	-0.062966	0.364	H3-3A	0.4766759674571441		H3-3A
152007	-0.1917232	0.364	GLIPR2	0.4647487100444856		GLIPR2
23592	-0.1040838	0.364	LEMD3	0.0104900388215645		LEMD3
26064	-0.2089198	0.364	RAI14	0.3002472558294462		RAI14
123103	-0.1796882	0.364	KLHL33	0.3959923061074406		KLHL33
863	-0.1316647	0.364	CBFA2T3	0.10775625675207		CBFA2T3
440556	0.212818	0.364	PRDM16-DT	-0.203562919156667		PRDM16-DT
153129	0.0955338	0.364	SLC38A9	-0.1921139959162858		SLC38A9
656	-0.1603405	0.364	BMP8B	0.2095859434702576		BMP8B
4118	-0.2522061	0.364	MAL	0.4312751646861996		MAL
92799	0.1055389	0.364	SHKBP1	0.1458768406572126		SHKBP1
57168	0.1903471	0.364	ASPHD2	0.423442402431101		ASPHD2
54839	-0.1712408	0.364	LRRC49	0.4779842659186037		LRRC49
91612	0.0934254	0.364	CHURC1	0.2629234772163569		CHURC1
111	0.13149	0.364	ADCY5	-0.0833468350094905		ADCY5
105369758	-0.1293494	0.364	DDN-AS1	0.1600059769307676		DDN-AS1
55051	0.0454929	0.365	NRDE2	-0.1176361798737626		NRDE2
153090	0.0911153	0.365	DAB2IP	0.1225998975821562		DAB2IP
10871	0.2724773	0.365	CD300C	-0.378171232509123		CD300C
8224	0.2654031	0.365	SYN3	-0.4556150452415796		SYN3
93589	0.1840568	0.365	CACNA2D4	-0.3139761946322469		CACNA2D4
148022	-0.0950802	0.365	TICAM1	0.0935133456327284		TICAM1
23270	0.1010848	0.366	TSPYL4	-0.1086066611662026		TSPYL4
140890	0.0888453	0.366	SREK1	-0.1659155807777859		SREK1
101410538	-0.1077947	0.366	MMP24OS	0.1630935674101303		MMP24OS
170691	-0.2698571	0.366	ADAMTS17	-0.0688068159455157		ADAMTS17
54936	0.0837273	0.366	ADPRS	0.1331233169054408		ADPRS
646588	-0.3442333	0.366	LINC03007	0.7335833157055314		LINC03007
6236	0.2182629	0.366	RRAD	-0.1602648485590618		RRAD
10890	0.0840276	0.366	RAB10	-0.3914376196364353		RAB10
100885848	0.089056	0.367	PTGES3L	-0.0388948642522484		PTGES3L
54857	-0.1993316	0.367	GDPD2	1.094819670356551		GDPD2
22930	0.045848	0.367	RAB3GAP1	0.3213534841031		RAB3GAP1
2086	0.2268099	0.367	ERV3-1	0.0727920994405737		ERV3-1
9325	0.072778	0.367	TRIP4	0.2396727236534048		TRIP4
283284	0.2275147	0.367	IGSF22	-0.6039245455209888		IGSF22
4857	-0.2294203	0.367	NOVA1	0.3631769012606356		NOVA1
102723167	-0.2366159	0.367	MIR133A1HG	-0.066033350985724		MIR133A1HG
285346	-0.1562196	0.368	ZNF852	-0.0187240973738253		ZNF852
126308	-0.0824467	0.368	MOB3A	0.1421105352435305		MOB3A
3108	-0.1898107	0.368	HLA-DMA	0.3358490680212078		HLA-DMA
9201	0.1738401	0.368	DCLK1	-0.2283230436702958		DCLK1
171568	-0.0838668	0.368	POLR3H	-0.2118876100510744		POLR3H
54813	-0.1865299	0.368	KLHL28	0.0381922351592542		KLHL28
64168	-0.1914013	0.368	NECAB1	1.1532236447095443		NECAB1
11096	0.320468	0.368	ADAMTS5	-0.3075764872406603		ADAMTS5
7553	0.0646099	0.368	ZNF7	0.1743232093822757		ZNF7
122830	0.105674	0.368	NAA30	-0.175516268519599		NAA30
51474	-0.1310583	0.368	LIMA1	-0.0246018869753159		LIMA1
8693	-0.1639302	0.368	GALNT4	0.0557890205840908		GALNT4
3842	0.1136777	0.368	TNPO1	-0.3117190329687203		TNPO1
57136	-0.071055	0.368	APMAP	0.1323168414026136		APMAP
21	-0.1009516	0.369	ABCA3	0.1212666855284587		ABCA3
942	0.241554	0.369	CD86	0.1896336825635808		CD86
55754	-0.0830695	0.369	TMEM30A	-0.2006060609138975		TMEM30A
56262	-0.190731	0.369	LRRC8A	0.3555702977397716		LRRC8A
10992	0.0678832	0.369	SF3B2	0.1724633141791702		SF3B2
138199	0.132729	0.369	CARNMT1	-0.4039725358388362		CARNMT1
57214	0.3308777	0.369	CEMIP	-0.2690751975909748		CEMIP
130951	-0.369229	0.37	M1AP	1.0665412799910434		M1AP
222484	-0.12156	0.37	LNX2	0.1333229412489687		LNX2
55701	-0.1140665	0.37	ARHGEF40	0.2320815493286376		ARHGEF40
4648	0.2476651	0.37	MYO7B	0.7004804134499653		MYO7B
221527	-0.18971	0.37	ZBTB12	0.3890891199302704		ZBTB12
54858	0.1036233	0.37	PGPEP1	0.0857882118612458		PGPEP1
79929	0.1270036	0.371	MAP6D1	0.020528073071494		MAP6D1
10945	-0.0634254	0.371	KDELR1	0.1045490773888806		KDELR1
100289341	0.1690903	0.371	MAN1B1-DT	1.110776585834175		MAN1B1-DT
3656	-0.2065176	0.371	IRAK2	0.4223377911286669		IRAK2
101926963	0.2719115	0.371	PRKAR1B-AS1	-0.0938795735586858		PRKAR1B-AS1
729082	0.0847112	0.371	OIP5-AS1	0.1463800488427695		OIP5-AS1
148145	0.4044618	0.371	LINC00906	-0.1486780456409941		LINC00906
25823	0.2697395	0.372	TPSG1	0.1969302959495662		TPSG1
135892	-0.2852461	0.372	TRIM50	0.0667065735519469		TRIM50
84542	0.1009545	0.372	SANBR	-0.3666350925663773		SANBR
375449	-0.1401998	0.372	MAST4	0.1074157617720166		MAST4
150737	-0.1279314	0.372	TTC30B	0.1420489671053914		TTC30B
8795	-0.1012556	0.372	TNFRSF10B	0.0951109988464127		TNFRSF10B
11079	0.0485579	0.372	RER1	0.0943795401195002		RER1
8751	-0.1191189	0.373	ADAM15	0.5232004575795539		ADAM15
2241	0.1045429	0.373	FER	-0.0340067659221059		FER
55181	-0.0707261	0.373	SMG8	0.1178168203171834		SMG8
56271	-0.0955784	0.373	BEX4	0.3007354038303047		BEX4
92342	0.0916568	0.373	METTL18	-0.0623276270926456		METTL18
100507633	0.3831862	0.373	TNKS2-DT	-0.4685530775967086		TNKS2-DT
767	-0.2495838	0.373	CA8	0.1535059984942024		CA8
57228	0.1337077	0.373	SMAGP	-0.1490717347420651		SMAGP
5524	-0.0724851	0.373	PTPA	0.0956758610642651		PTPA
146857	-0.1502329	0.373	SLFN13	0.4368538677252338		SLFN13
834	-0.1572178	0.374	CASP1	0.2171076122450665		CASP1
1964	-0.120598	0.374	EIF1AX	0.297121238121798		EIF1AX
7166	-0.2712862	0.374	TPH1	0.1620599634245849		TPH1
116224	0.0546002	0.374	PABIR1	0.171249800695699		PABIR1
1050	0.3331512	0.374	CEBPA	0.5660104456646391		CEBPA
143384	-0.067989	0.374	CACUL1	-0.2646420704447005		CACUL1
22861	-0.1082368	0.374	NLRP1	0.2874852745113969		NLRP1
808	0.0941841	0.374	CALM3	-0.016331831232625		CALM3
387849	0.1502553	0.374	REP15	0.0205639251328018		REP15
100093630	-0.1487644	0.375	SNHG8	0.2358281617692084		SNHG8
29092	-0.2602805	0.375	LINC00339	0.2742499000538072		LINC00339
100506035	-0.2914736	0.375	LINC00989	0.3971782211972656		LINC00989
4291	0.1573519	0.375	MLF1	-0.2386794111000441		MLF1
84709	0.2137973	0.375	MGARP	-0.0314423745733712		MGARP
9825	0.0939091	0.375	SPATA2	-0.1651232823832464		SPATA2
9242	0.2219359	0.375	MSC	-0.3921894861923083		MSC
133619	-0.1150487	0.375	PRRC1	0.1498638545601611		PRRC1
80380	-0.1996169	0.376	PDCD1LG2	0.456175653363476		PDCD1LG2
988	0.0745459	0.376	CDC5L	0.1550595098090008		CDC5L
285362	0.1009717	0.376	SUMF1	0.0016356423994419		SUMF1
127833	-0.2172116	0.376	SYT2	-0.1365720569326809		SYT2
285025	0.1689689	0.376	CCDC141	-0.0875654154884246		CCDC141
64403	0.2268412	0.376	CDH24	-0.1098145283723934		CDH24
85463	0.1195766	0.376	ZC3H12C	-0.0188555146189923		ZC3H12C
712	0.225947	0.376	C1QA	0.0023806545329438		C1QA
399671	-0.18626	0.376	HEATR4	0.9622519258038432		HEATR4
100505767	0.1640617	0.376	SPDYE18	1.1034522007094636		SPDYE18
5775	0.0996425	0.376	PTPN4	-0.3666900879634758		PTPN4
55084	-0.0938476	0.377	SOBP	0.3391585125370784		SOBP
54765	0.0714737	0.378	TRIM44	0.0696494253522121		TRIM44
1299	-0.2594656	0.378	COL9A3	0.2322532627741966		COL9A3
5099	-0.2498046	0.378	PCDH7	0.4236625111751078		PCDH7
404550	0.2270118	0.378	C16orf74	-0.1024176840720146		C16orf74
64857	-0.1363901	0.378	PLEKHG2	0.5879701268623814		PLEKHG2
6223	0.1194308	0.378	RPS19	0.1575374684494654		RPS19
9284	0.1059869	0.378	NPIPA1	0.2911408265030579		NPIPA1
58155	0.0899176	0.378	PTBP2	0.1060519055454123		PTBP2
26122	0.0786366	0.378	EPC2	0.1973060106739232		EPC2
343099	-0.0780625	0.378	CCDC18	0.2736958959483304		CCDC18
1069	0.0942901	0.378	CETN2	-0.0205696757221787		CETN2
55013	-0.1706673	0.378	MCUB	0.6360317120523853		MCUB
3303	-0.1735298	0.378	HSPA1A	0.4081477671417524		HSPA1A
9757	-0.0567095	0.378	KMT2B	0.251699769162685		KMT2B
221981	-0.1979249	0.378	THSD7A	-0.1913139717244709		THSD7A
266722	0.4428457	0.378	HS6ST3	-0.9391882286361314		HS6ST3
8493	0.109951	0.379	PPM1D	0.0415384892779009		PPM1D
7159	0.0689103	0.379	TP53BP2	-0.3762103934691527		TP53BP2
5756	0.1319656	0.379	TWF1	-0.2953936789456288		TWF1
100528030	-0.1542906	0.379	POC1B-GALNT4	-0.4752893986645714		POC1B-GALNT4
160857	0.1885969	0.379	CCDC122	-0.4797313032624326		CCDC122
91614	0.2256384	0.38	DEPDC7	0.0631172754829154		DEPDC7
284069	-0.2348499	0.38	FAM171A2	0.0164343267442437		FAM171A2
2678	-0.1683023	0.38	GGT1	0.2342916959863991		GGT1
84447	-0.068868	0.38	SYVN1	0.0564877278438071		SYVN1
27309	0.1181618	0.38	ZNF330	-0.0103674529868795		ZNF330
101928290	0.1142987	0.381	PLBD1-AS1	0.2720732007635713		PLBD1-AS1
140467	0.095212	0.381	ZNF358	-0.293508879852169		ZNF358
96459	0.0990369	0.381	FNIP1	-0.1332182678478211		FNIP1
5777	0.1620334	0.381	PTPN6	-0.0656333582771178		PTPN6
84060	0.1082912	0.381	RBM48	-0.0928060133446098		RBM48
23548	-0.0809882	0.381	TTC33	-0.4046600814368855		TTC33
342346	-0.2518517	0.381	C16orf96	0.7326615064744901		C16orf96
54550	-0.4646121	0.381	NECAB2	0.3824726577314564		NECAB2
8029	-0.1734168	0.381	CUBN	0.2862531058401603		CUBN
217	-0.1020401	0.381	ALDH2	0.1770549210651291		ALDH2
28986	0.0895122	0.381	MAGEH1	0.114862565742337		MAGEH1
284406	-0.0887226	0.381	ZFP82	0.1686914655209705		ZFP82
1000	-0.0809586	0.381	CDH2	-0.0778312485651344		CDH2
100288181	-0.2644679	0.382	LNCOC1	1.3949611083762212		LNCOC1
55654	-0.0686008	0.382	TMEM127	0.0676417388140961		TMEM127
89874	0.2131923	0.382	SLC25A21	-0.7232378155807497		SLC25A21
56097	-0.1107031	0.382	PCDHGC5	0.2580713920066042		PCDHGC5
441531	-0.0796889	0.382	PGAM4	-0.1054256081262501		PGAM4
57215	0.0890712	0.382	THAP11	0.096431780807582		THAP11
642946	0.2977593	0.382	FLVCR1-DT	-0.180868900830958		FLVCR1-DT
22987	-0.5467843	0.382	SV2C	0.0587716894118441		SV2C
1161	0.0909865	0.382	ERCC8	-0.1237032902005248		ERCC8
201191	-0.0913467	0.382	SAMD14	0.2502107100764261		SAMD14
5982	0.0870932	0.382	RFC2	-0.0853145857640962		RFC2
10413	0.1122875	0.383	YAP1	-0.0403111621169323		YAP1
3553	-0.6118956	0.383	IL1B	0.8757253366463996		IL1B
2805	0.1162298	0.383	GOT1	-0.1930305333849009		GOT1
10675	-0.3412019	0.383	CSPG5	0.3987135538478106		CSPG5
146050	0.0586018	0.383	ZSCAN29	-0.2061575814796752		ZSCAN29
11118	-0.2116117	0.383	BTN3A2	0.4802011238069656		BTN3A2
58498	0.3605332	0.384	MYL7	-0.2951348040404351		MYL7
9941	-0.1089988	0.384	EXOG	0.320135505982857		EXOG
157313	0.3727966	0.384	CDCA2	-0.1405063610341692		CDCA2
7433	0.236687	0.384	VIPR1	0.1035001986963954		VIPR1
56987	0.0894977	0.384	BBX	-0.5511188987567297		BBX
10658	-0.0715324	0.384	CELF1	-0.3495236737020706		CELF1
9019	0.0942469	0.384	MPZL1	0.1555121556247716		MPZL1
22874	-0.1884071	0.384	PLEKHA6	0.3390718307218874		PLEKHA6
26032	-0.2694137	0.385	SUSD5	0.3918641112996976		SUSD5
50999	0.1581298	0.385	TMED5	-0.4261121116569963		TMED5
139596	0.0788895	0.385	UPRT	-0.0808103947023708		UPRT
105376162	0.2120474	0.385	HSD17B3-AS1	-1.0147859114403817		HSD17B3-AS1
1660	0.0473358	0.385	DHX9	0.3642988441194434		DHX9
54899	-0.0905131	0.385	PXK	0.2213649749464155		PXK
2979	-0.2088285	0.385	GUCA1B	0.2293407475344344		GUCA1B
6094	0.1622576	0.385	ROM1	0.1483613910302064		ROM1
64344	0.2445547	0.386	HIF3A	-0.2173374819958313		HIF3A
23704	-0.2282805	0.386	KCNE4	0.4682265475898427		KCNE4
403313	-0.0890076	0.386	PLPP6	0.3987042484615899		PLPP6
2350	-0.2156445	0.386	FOLR2	0.4878900537006085		FOLR2
60681	-0.2098844	0.386	FKBP10	0.3969143872510559		FKBP10
256987	-0.1470832	0.386	SERINC5	0.1202452040179213		SERINC5
5744	-0.3547162	0.386	PTHLH	0.2258813879675163		PTHLH
5532	0.060691	0.386	PPP3CB	-0.2391895551677398		PPP3CB
11338	-0.0502967	0.386	U2AF2	0.4675079418860282		U2AF2
5331	0.0849883	0.386	PLCB3	0.1208729721973465		PLCB3
10535	-0.1075385	0.386	RNASEH2A	0.3387684932433146		RNASEH2A
975	-0.0824245	0.387	CD81	0.2598126031704293		CD81
10097	0.0950424	0.387	ACTR2	0.0546611596996182		ACTR2
5908	0.0752635	0.387	RAP1B	0.1048216189182		RAP1B
9508	-0.2814811	0.387	ADAMTS3	0.3517984616782492		ADAMTS3
93166	0.1712906	0.387	PRDM6	0.1457728150088906		PRDM6
10078	-0.0889366	0.387	TSSC4	0.3477477841289857		TSSC4
23768	-0.2714125	0.387	FLRT2	0.7865816610969109		FLRT2
483	0.1134125	0.387	ATP1B3	0.1569519217215811		ATP1B3
148266	0.0832978	0.387	ZNF569	-0.3403422042889437		ZNF569
1175	0.0805217	0.387	AP2S1	-0.3498987679780843		AP2S1
1439	-0.2446933	0.387	CSF2RB	0.5489791822469474		CSF2RB
10273	0.0636301	0.388	STUB1	0.1913834410809745		STUB1
23279	0.0695876	0.388	NUP160	0.0047558334777537		NUP160
285704	-0.1180841	0.388	RGMB	0.3211701326848226		RGMB
1289	-0.2581086	0.388	COL5A1	2.0183961630402267		COL5A1
10766	-0.1824198	0.388	TOB2	0.1663859205339282		TOB2
163131	-0.1020357	0.388	ZNF780B	-0.3245591934351828		ZNF780B
4188	-0.494032	0.388	MDFI	0.6491683569244497		MDFI
10634	-0.1728631	0.388	GAS2L1	0.3033751834156688		GAS2L1
57337	0.11922	0.388	SENP7	-0.1354567941547619		SENP7
285605	-0.1257544	0.388	DTWD2	0.0768186861271829		DTWD2
90864	-0.0960976	0.388	SPSB3	0.0758193652527214		SPSB3
101927989	-0.2088784	0.388	ZNF516-AS1	0.5299246589108025		ZNF516-AS1
22921	-0.0844259	0.389	MSRB2	0.4199115379839906		MSRB2
7738	0.0751574	0.389	ZNF184	-0.0930503749814717		ZNF184
57060	-0.0966654	0.389	PCBP4	0.1823849231727914		PCBP4
9024	-0.1678482	0.389	BRSK2	-0.2871998214818747		BRSK2
146722	-0.2765447	0.389	CD300LF	0.4417189040834943		CD300LF
147991	-0.1290421	0.389	DPY19L3	0.1003309134365029		DPY19L3
101927931	-0.2672249	0.389	LINC01480	0.5918771749650257		LINC01480
105375798	-0.2680014	0.389	LOC105375798	0.195113023239795		LOC105375798
391	-0.0811307	0.389	RHOG	0.1394157602225156		RHOG
5876	-0.0833783	0.389	RABGGTB	0.3277671679580658		RABGGTB
57666	0.098987	0.389	FBRSL1	-0.210646608170447		FBRSL1
22916	0.0377305	0.389	NCBP2	-0.167600503362431		NCBP2
2793	0.1781297	0.389	GNGT2	-0.1006039971377357		GNGT2
215	0.0829652	0.389	ABCD1	0.1846413731649279		ABCD1
340348	-0.1282441	0.39	TSPAN33	0.4492183954633151		TSPAN33
10302	0.0702655	0.39	SNAPC5	-0.2239918547775428		SNAPC5
55222	0.1203218	0.39	LRRC20	-0.1207805188328068		LRRC20
127731	0.6223449	0.39	VWA5B1	-0.3407605878156263		VWA5B1
54454	0.0932451	0.39	ATAD2B	-0.0431933758124993		ATAD2B
11113	-0.2327874	0.39	CIT	0.2897230601443041		CIT
1378	0.3740085	0.39	CR1	-0.2363677265341657		CR1
6916	-0.2350826	0.39	TBXAS1	0.2897675070339045		TBXAS1
51529	-0.0862521	0.39	ANAPC11	0.3573033204846094		ANAPC11
100507599	0.1315667	0.39	TFIP11-DT	0.1069338633584493		TFIP11-DT
84282	-0.0948244	0.39	RNF135	0.372635637661153		RNF135
2444	0.1487514	0.39	FRK	-0.4962115082394123		FRK
23219	-0.0818319	0.391	FBXO28	0.0449435933602777		FBXO28
23178	-0.1186141	0.391	PASK	0.2162265453544973		PASK
5152	-0.1648633	0.391	PDE9A	0.4118667106059648		PDE9A
11223	-0.1885879	0.391	MST1L	0.449077139310426		MST1L
388403	-0.1321336	0.391	YPEL2	0.176961478762557		YPEL2
79692	0.0666538	0.391	ZNF322	-0.1009120710408049		ZNF322
6603	0.1078459	0.391	SMARCD2	-0.0392034690916549		SMARCD2
1632	-0.1075923	0.391	ECI1	0.0924469249222212		ECI1
170506	-0.057137	0.392	DHX36	0.3520153612873296		DHX36
140707	-0.0854136	0.392	BRI3BP	0.3268980604030303		BRI3BP
30061	-0.136198	0.392	SLC40A1	0.2396376760358869		SLC40A1
55937	0.0859618	0.392	APOM	0.2652349003532255		APOM
23593	0.0682614	0.392	HEBP2	0.1333596047197538		HEBP2
158067	-0.2592505	0.392	AK8	1.498765964078628		AK8
79183	0.0974996	0.392	TTPAL	0.0084723655968075		TTPAL
90273	0.2192805	0.392	CEACAM21	0.0860160550394242		CEACAM21
23438	-0.0734717	0.392	HARS2	0.2522013250672161		HARS2
4300	0.0968475	0.393	MLLT3	-0.0687966307971419		MLLT3
26035	-0.0845513	0.393	GLCE	0.3501509913905289		GLCE
338707	0.3284115	0.393	B4GALNT4	-0.538462783363667		B4GALNT4
283104	0.106986	0.393	SBF2-AS1	-0.1287341137332192		SBF2-AS1
57536	-0.0940447	0.393	KIAA1328	0.3050446719017259		KIAA1328
256710	0.140964	0.393	GLIPR1L1	-1.7427687173091837		GLIPR1L1
55743	-0.0571727	0.393	CHFR	-0.1279798825257909		CHFR
56133	-0.1698793	0.393	PCDHB2	0.283451281843572		PCDHB2
8704	-0.0858673	0.393	B4GALT2	0.3045176627463357		B4GALT2
105378909	-0.3325061	0.393	LINC02884	0.7486425560495071		LINC02884
2250	0.5264563	0.393	FGF5	0.2329949831190338		FGF5
100506356	-0.1381639	0.393	ARSD-AS1	-2.1285476116408093		ARSD-AS1
10296	0.0562467	0.394	MAEA	0.0303849735276848		MAEA
23062	0.0449877	0.394	GGA2	-0.0133383568859635		GGA2
285600	-0.1236888	0.394	KIAA0825	0.0225777684192874		KIAA0825
9080	-0.2335946	0.394	CLDN9	0.246423318341959		CLDN9
100128822	-0.1813537	0.394	LINC01003	0.4306074234321895		LINC01003
100129917	0.1408018	0.394	PCGF3-AS1	0.0247552696466857		PCGF3-AS1
5008	-0.5672427	0.394	OSM	1.0903609015744735		OSM
841	-0.1187603	0.395	CASP8	0.2792355025246031		CASP8
4236	0.0587842	0.395	MFAP1	0.0118528710768304		MFAP1
10741	-0.0997944	0.395	RBBP9	0.0589109805950451		RBBP9
100287569	-0.2733742	0.395	LINC00173	0.2991191568007326		LINC00173
10067	0.0638246	0.395	SCAMP3	0.0784525516836236		SCAMP3
5813	-0.091082	0.395	PURA	0.5067135184847573		PURA
100130958	-0.1998991	0.395	SYCE1L	0.819753684498761		SYCE1L
162494	0.5109617	0.396	RHBDL3	-0.5529758956992175		RHBDL3
647310	-0.2375343	0.396	TEX22	0.1915610526664319		TEX22
23015	0.1227879	0.396	GOLGA8A	-0.3324014253659477		GOLGA8A
285596	0.4989992	0.396	FAM153A	-0.4860574070321453		FAM153A
5050	0.1895148	0.396	PAFAH1B3	0.0483930266453986		PAFAH1B3
10474	0.0692648	0.396	TADA3	-0.1727238502491275		TADA3
121274	-0.0597885	0.397	ZNF641	-0.2323413997151293		ZNF641
84696	-0.1194332	0.397	ABHD1	0.6756882924125371		ABHD1
4882	-0.068041	0.397	NPR2	0.1692169999465944		NPR2
5201	-0.1067283	0.397	PFDN1	-0.0964753614314926		PFDN1
54429	-0.2241524	0.397	TAS2R5	0.5447654527749446		TAS2R5
196074	-0.0798364	0.397	METTL15	0.1973220691471844		METTL15
6872	-0.0621761	0.397	TAF1	0.1723019180576313		TAF1
8877	-0.2134397	0.397	SPHK1	0.3696558275449332		SPHK1
138162	0.1800255	0.397	PIERCE1	-0.2778686187017312		PIERCE1
29098	0.0759139	0.397	RANGRF	0.1825380857208935		RANGRF
145957	0.107229	0.397	NRG4	0.027884893048879		NRG4
100533107	0.0698535	0.397	RTEL1-TNFRSF6B	0.5700553538871731		RTEL1-TNFRSF6B
646324	-0.3698389	0.397	LINC00607	0.1963876354043336		LINC00607
6283	0.5079159	0.398	S100A12	-0.3894356201816076		S100A12
79839	-0.2411881	0.398	CCDC102B	0.3896087013063938		CCDC102B
2177	0.1432854	0.398	FANCD2	0.1489820342817091		FANCD2
55486	-0.079687	0.398	PARL	0.15113883685106		PARL
2791	0.1303955	0.399	GNG11	0.1179033761994974		GNG11
112970	-0.0921025	0.399	KTI12	0.1288098232538108		KTI12
693232	0.1761932	0.399	MIR647	0.0854409672394203		MIR647
148362	-0.1111672	0.399	BROX	0.0228912997512455		BROX
9920	0.132979	0.399	KBTBD11	0.1557136270515589		KBTBD11
151473	-0.1830074	0.399	SLC16A14	0.2841129666583979		SLC16A14
55512	-0.2218826	0.399	SMPD3	-0.7859145153693814		SMPD3
100527964	-0.109068	0.399	LHX4-AS1	0.1166491219987697		LHX4-AS1
79094	-0.3948536	0.399	CHAC1	0.4550853532070995		CHAC1
79778	-0.1638982	0.399	MICALL2	0.3575012171683331		MICALL2
101927631	-0.1080244	0.399	ADNP-AS1	0.1347448822879749		ADNP-AS1
284427	-0.1307184	0.4	SLC25A41	0.7368218986228824		SLC25A41
9064	-0.1850827	0.4	MAP3K6	0.130594535320661		MAP3K6
57472	0.0773349	0.4	CNOT6	-0.2857619335251016		CNOT6
30815	-0.0823899	0.4	ST6GALNAC6	-0.0905147892809763		ST6GALNAC6
6837	0.0805712	0.4	MED22	-0.2952848018987546		MED22
101929664	-0.1408215	0.4	HORMAD2-AS1	1.3206823698972583		HORMAD2-AS1
387	-0.052976	0.4	RHOA	-0.0584992839440552		RHOA
57415	-0.1544724	0.4	C3orf14	0.355413000489996		C3orf14
100506637	0.1785543	0.4	PRKAR2A-AS1	-0.0726224398796887		PRKAR2A-AS1
7020	0.2694087	0.4	TFAP2A	-0.2823400973647079		TFAP2A
2328	-0.2183928	0.4	FMO3	0.4814039880140077		FMO3
100506388	-0.1927504	0.4	RPH3AL-AS1	0.0806108149514068		RPH3AL-AS1
55853	0.1467528	0.4	IDI2-AS1	0.2343678979101717		IDI2-AS1
64064	0.2567841	0.4	OXCT2	-0.640553745422259		OXCT2
51201	0.1285765	0.401	ZDHHC2	0.2033946393430259		ZDHHC2
22795	-0.1034504	0.401	NID2	-0.0775209888821484		NID2
54510	0.1963529	0.401	PCDH18	-0.2870665538183132		PCDH18
140691	0.1685059	0.401	TRIM69	-0.2804132621304944		TRIM69
4940	-0.2742367	0.401	OAS3	0.6966010254160053		OAS3
9132	-0.209506	0.402	KCNQ4	0.506284992463421		KCNQ4
153241	0.0726535	0.402	CEP120	-0.144128632124656		CEP120
2534	-0.0784644	0.402	FYN	0.0696850353075433		FYN
283314	0.1505727	0.402	C1RL-AS1	-0.1007121957426752		C1RL-AS1
3274	0.1822999	0.402	HRH2	0.0209185679934162		HRH2
84250	0.1071055	0.402	SLF1	-0.2141597437156526		SLF1
57693	0.052547	0.402	ZNF317	0.4374509643303361		ZNF317
79156	-0.2288408	0.403	PLEKHF1	0.4389217803385818		PLEKHF1
677777	-0.1606478	0.403	SCARNA12	-0.0406528121484264		SCARNA12
54708	-0.1036224	0.403	MARCHF5	0.2306907787966032		MARCHF5
221060	-0.2192267	0.403	RPP38-DT	0.2376767940250534		RPP38-DT
51655	-0.5944906	0.403	RASD1	0.619344790545659		RASD1
27128	0.2278926	0.403	CYTH4	0.2186744343149682		CYTH4
101059938	-0.1052693	0.404	NPIPA7	-1.0743013817550624		NPIPA7
64110	0.0692515	0.404	MAGEF1	-0.0231658915436776		MAGEF1
7226	-0.1990317	0.404	TRPM2	0.4138903661591438		TRPM2
10206	0.0705871	0.404	TRIM13	0.0972157252306971		TRIM13
1373	0.1367805	0.404	CPS1	0.0396690447153464		CPS1
113802	-0.2096413	0.404	HENMT1	0.3109540887931387		HENMT1
54165	-0.0870504	0.404	DCUN1D1	-0.2289246557824285		DCUN1D1
22828	-0.0586516	0.404	SCAF8	0.2884780768716037		SCAF8
79085	0.1023151	0.404	SLC25A23	0.0161280233023184		SLC25A23
285955	0.137662	0.404	SPDYE1	-1.1865301715925547		SPDYE1
30	0.0850019	0.404	ACAA1	-0.1249427742282858		ACAA1
284306	-0.1031523	0.405	ZNF547	0.3967043578093709		ZNF547
54627	0.1205638	0.405	MAP10	0.1012256254988167		MAP10
79612	-0.0932567	0.405	NAA16	0.1917697767524329		NAA16
284459	0.0804439	0.405	ZNF875	0.2018912000571164		ZNF875
11245	-0.1893138	0.405	GPR176	0.2958086865786129		GPR176
221914	0.223775	0.405	GPC2	0.0344171103343388		GPC2
79844	0.2433305	0.405	ZDHHC11	-0.2173112194247033		ZDHHC11
115548	-0.128438	0.406	FCHO2	-0.0811427389365979		FCHO2
114897	0.1729571	0.406	C1QTNF1	-0.1078885031977492		C1QTNF1
25949	0.0772638	0.406	SYF2	0.0006114975137556		SYF2
64946	0.1206685	0.406	CENPH	-0.1333639874174648		CENPH
7126	-0.0863922	0.406	TNFAIP1	0.1926412264272743		TNFAIP1
84627	-0.1962816	0.406	ZNF469	0.5007812272738539		ZNF469
55959	-0.0942982	0.406	SULF2	0.3075549046795105		SULF2
25786	-0.1539808	0.406	DGCR11	0.2545297772211062		DGCR11
55343	-0.0996471	0.406	SLC35C1	0.3468651349480571		SLC35C1
92597	0.1396547	0.406	MOB1B	0.1327871232149173		MOB1B
6773	-0.0942366	0.406	STAT2	0.0999929711601437		STAT2
123041	0.2360285	0.406	SLC24A4	-0.105515555593306		SLC24A4
84832	-0.2567777	0.406	ANKRD36BP1	2.681186054538032		ANKRD36BP1
5579	0.2227205	0.406	PRKCB	0.1041029531168923		PRKCB
221662	0.1715796	0.406	RBM24	-0.0991631923398221		RBM24
4763	0.0863979	0.406	NF1	-0.1161135197613552		NF1
64781	0.0939916	0.406	CERK	-0.2771221429368014		CERK
3305	-0.1385207	0.406	HSPA1L	0.0358887499248541		HSPA1L
388588	0.1973834	0.407	SMIM1	0.0818715309139177		SMIM1
55253	0.1030762	0.407	TYW1	0.1130771349754105		TYW1
57683	0.1295691	0.407	ZDBF2	0.1701837848709602		ZDBF2
10873	-0.0993576	0.407	ME3	0.1310805222281663		ME3
10172	0.086478	0.407	ZNF256	-0.0573527633977706		ZNF256
8766	0.0453084	0.407	RAB11A	-0.1111251181200021		RAB11A
4131	0.1757443	0.407	MAP1B	0.1177432162817635		MAP1B
7571	0.0566016	0.407	ZNF23	-0.0585091428721349		ZNF23
3090	-0.1439196	0.407	HIC1	0.4631509443421957		HIC1
10640	0.0879485	0.407	EXOC5	-0.2434164942423189		EXOC5
22899	-0.1395131	0.408	ARHGEF15	0.1128430507704649		ARHGEF15
9267	0.0889886	0.408	CYTH1	-0.3582219961940751		CYTH1
10762	0.0711938	0.408	NUP50	0.0903515449174228		NUP50
100134259	0.22995	0.408	LINC01119	0.2102092257162005		LINC01119
23507	-0.1355669	0.408	LRRC8B	0.3005042068572057		LRRC8B
5361	0.1079257	0.408	PLXNA1	0.0224171184710746		PLXNA1
23589	0.1037319	0.408	CARHSP1	-0.3496527678436054		CARHSP1
9310	0.0739847	0.408	ZNF235	-0.1355886561469304		ZNF235
64764	-0.1082499	0.408	CREB3L2	0.1973360289733672		CREB3L2
9507	0.469299	0.409	ADAMTS4	-0.4327723112728976		ADAMTS4
120526	0.0754357	0.409	DNAJC24	-0.2664480189387426		DNAJC24
56006	-0.083263	0.409	SMG9	0.2852229657407248		SMG9
5778	-0.2843433	0.409	PTPN7	0.2666456853828867		PTPN7
22858	-0.1548745	0.409	CILK1	0.2243671865906877		CILK1
388759	0.2100844	0.409	LINC02897	-0.2043420986171054		LINC02897
23186	0.0591516	0.409	RCOR1	-0.2960236633434565		RCOR1
400673	-0.0980651	0.409	VMAC	0.3746354951017223		VMAC
51614	-0.0687078	0.41	ERGIC3	0.456514111734438		ERGIC3
5900	0.0720903	0.41	RALGDS	-0.0285328606988368		RALGDS
55620	0.2203232	0.41	STAP2	-0.1430531883300605		STAP2
3685	0.1240573	0.41	ITGAV	-20.219501435491235		ITGAV
407975	0.176424	0.41	MIR17HG	0.1193201414974959		MIR17HG
100506713	0.1707723	0.41	ALOX12-AS1	-0.0239832685146654		ALOX12-AS1
5360	0.1780616	0.41	PLTP	-0.2765036731471282		PLTP
92255	0.1407328	0.41	LMBRD2	-0.6999604949584386		LMBRD2
221336	-0.3334198	0.41	BEND6	0.1614183576841		BEND6
81671	0.125276	0.41	VMP1	-0.1640835579085964		VMP1
6016	-0.0755228	0.411	RIT1	0.013585109088213		RIT1
7006	-0.1458353	0.411	TEC	0.3748415044730677		TEC
4610	-0.2081384	0.411	MYCL	0.2703702912504295		MYCL
8763	-0.1127234	0.412	CD164	-0.1094679027801408		CD164
115948	0.1616216	0.412	ODAD3	-0.0983976643503733		ODAD3
64863	0.09279	0.412	METTL4	-0.1993617366218938		METTL4
6614	0.2745129	0.412	SIGLEC1	-0.2184352867803709		SIGLEC1
283848	-0.225258	0.412	CES4A	0.4506618096337487		CES4A
54976	0.0990025	0.412	C20orf27	-0.0882269701744453		C20orf27
9577	-0.0748058	0.412	BABAM2	0.3089970605218264		BABAM2
65243	0.1803049	0.412	ZFP69B	-0.0646721295035177		ZFP69B
115362	-0.3108636	0.412	GBP5	0.7031756853807813		GBP5
163786	0.1253437	0.412	SASS6	-0.6242203638211808		SASS6
92170	0.0906867	0.412	MTG1	0.0226508223503962		MTG1
11176	-0.058894	0.412	BAZ2A	-0.4612548354426726		BAZ2A
347404	-0.3312178	0.412	LANCL3	0.2848486636099356		LANCL3
719	0.222467	0.412	C3AR1	-0.069705632330669		C3AR1
1003	-0.1096198	0.412	CDH5	0.356132129745677		CDH5
101928371	-0.2025358	0.412	LOC101928371	-0.0095708794198596		LOC101928371
10513	-0.063725	0.412	APPBP2	-0.1498778409317647		APPBP2
10447	0.0754801	0.413	FAM3C	-0.5246068587911639		FAM3C
100506504	-0.1245111	0.413	PRKCZ-AS1	0.0887728610176663		PRKCZ-AS1
55627	0.0663441	0.413	SMPD4	0.1351134340877449		SMPD4
284086	-0.1391135	0.413	NEK8	0.053751285895604		NEK8
3783	0.2335821	0.413	KCNN4	-0.1017931072680563		KCNN4
137872	-0.1398693	0.413	ADHFE1	0.2252940612288814		ADHFE1
57544	-0.1149625	0.413	TXNDC16	0.2105385917352		TXNDC16
83987	0.0861832	0.413	CCDC8	0.0011129602653099		CCDC8
7334	-0.0505184	0.413	UBE2N	-0.0805636040677963		UBE2N
11316	-0.0650525	0.413	COPE	0.0700335106046976		COPE
6191	0.0926786	0.413	RPS4X	-0.013746172488382		RPS4X
4286	0.0951457	0.414	MITF	-0.1077554677262844		MITF
122809	-0.1088381	0.414	SOCS4	0.131934702497471		SOCS4
84148	-0.0787294	0.414	KAT8	0.2872130410217393		KAT8
10491	-0.0855475	0.414	CRTAP	0.3705738772574332		CRTAP
79039	-0.0594312	0.414	DDX54	-0.0095596905195964		DDX54
109729141	-0.1899529	0.414	TDRKH-AS1	0.423046651589782		TDRKH-AS1
7424	-0.2668997	0.414	VEGFC	0.3364048450839703		VEGFC
9831	0.0720711	0.415	ZNF623	0.1562737392370543		ZNF623
1340	0.0869464	0.415	COX6B1	0.2094028625706006		COX6B1
4232	-0.2719509	0.416	MEST	0.3482099712926005		MEST
147138	-0.168802	0.416	TMC8	0.7833774630687624		TMC8
84807	-0.1549664	0.416	NFKBID	0.2937504509896838		NFKBID
84612	-0.1951359	0.416	PARD6B	0.4017018232910821		PARD6B
138474	0.1160611	0.416	TAF1L	-0.0148446098800756		TAF1L
23197	-0.0441148	0.416	FAF2	0.2437555609438355		FAF2
7057	-0.2429773	0.417	THBS1	0.1279808163841176		THBS1
3363	-0.2841155	0.417	HTR7	0.4046484384612854		HTR7
9823	-0.0971132	0.417	ARMCX2	0.3515434567081863		ARMCX2
100130331	0.143277	0.417	LOC100130331	0.573868114136479		LOC100130331
23005	0.0715126	0.417	MAPKBP1	0.0013928999696997		MAPKBP1
7798	0.0909454	0.418	LUZP1	-0.2987728369100764		LUZP1
133308	0.110095	0.418	SLC9B2	-0.4526859212773297		SLC9B2
10385	0.1016452	0.418	BTN2A2	0.2162033453872278		BTN2A2
134147	0.0958202	0.418	CMBL	-0.0356284859183659		CMBL
200316	-0.0713797	0.418	APOBEC3F	0.5323829510735548		APOBEC3F
6334	-0.1901715	0.418	SCN8A	0.1661135004041778		SCN8A
28958	0.0839759	0.418	COA3	-0.0354577447383821		COA3
10933	-0.0429997	0.419	MORF4L1	0.1351861738639348		MORF4L1
8202	0.1297192	0.419	NCOA3	-0.4905755156221749		NCOA3
164633	0.0838548	0.419	CABP7	0.8845476676305726		CABP7
631	-0.2031259	0.419	BFSP1	0.3801587292469751		BFSP1
10424	0.0717056	0.419	PGRMC2	-0.2687826606211079		PGRMC2
23102	-0.0965965	0.419	TBC1D2B	-0.0764199749222616		TBC1D2B
5973	-0.1066672	0.42	RENBP	0.2214693562278169		RENBP
10724	-0.0776957	0.42	OGA	0.1255177708342563		OGA
387338	-0.0631963	0.42	NSUN4	0.3471605842065939		NSUN4
1185	-0.0593176	0.42	CLCN6	0.2604937210911755		CLCN6
3501	0.4812384	0.42	IGHG2	0.1609012216195871		IGHG2
1871	-0.069832	0.42	E2F3	0.3377214469382636		E2F3
10201	0.0545927	0.42	NME6	-0.1184299864823672		NME6
6668	-0.0690452	0.42	SP2	0.2847694127497173		SP2
146894	-0.2584456	0.42	CD300LG	0.38690080586092		CD300LG
2817	0.1289046	0.42	GPC1	-0.0817747627246037		GPC1
23300	-0.0452065	0.42	ATMIN	0.1635453500617969		ATMIN
23232	-0.0906969	0.42	TBC1D12	0.9114421627833544		TBC1D12
6004	-0.2451461	0.421	RGS16	0.3336730792330328		RGS16
56981	-0.0890298	0.421	PRDM11	0.1595517122724037		PRDM11
25925	0.14892	0.421	ZNF521	-0.3032967576086074		ZNF521
149420	0.107307	0.421	PDIK1L	0.0142138905090269		PDIK1L
344901	-0.4190682	0.421	OSTN	0.8758304060729318		OSTN
26999	0.0966948	0.421	CYFIP2	0.3005169955315061		CYFIP2
134829	-0.8151724	0.421	CLVS2	0.6352704428521356		CLVS2
51259	-0.0932894	0.421	TMEM216	0.5079712614486105		TMEM216
155066	-0.1563095	0.422	ATP6V0E2	0.3648274577123471		ATP6V0E2
644596	0.1675621	0.422	SMIM10L2B	-0.0090168485047428		SMIM10L2B
664	0.1114038	0.422	BNIP3	-0.2055517585895616		BNIP3
4582	0.2229158	0.422	MUC1	0.1101625626054931		MUC1
219654	0.1028257	0.422	ZCCHC24	-0.06064304667259		ZCCHC24
245812	0.0919999	0.422	CNPY4	0.0947333372036673		CNPY4
5788	-0.2275293	0.422	PTPRC	0.2522533502266004		PTPRC
3297	-0.0754196	0.423	HSF1	0.2533140616958214		HSF1
11104	0.0670667	0.423	KATNA1	-0.3115037730551737		KATNA1
57532	0.0902879	0.423	NUFIP2	-0.7723940404191145		NUFIP2
83592	-0.1268847	0.423	AKR1E2	0.3628296872488299		AKR1E2
10966	-0.1054222	0.423	RAB40B	0.1671992556936956		RAB40B
994	0.1166739	0.424	CDC25B	-0.2615295092337799		CDC25B
389136	-0.2393471	0.424	VGLL3	0.2566577308957607		VGLL3
64478	-0.6526337	0.424	CSMD1	1.588702649246828		CSMD1
7398	0.0658476	0.424	USP1	0.1715689012074075		USP1
254065	0.1342115	0.424	BRWD3	-0.279330345223149		BRWD3
23066	-0.0954081	0.424	CAND2	0.3675180381119824		CAND2
7414	0.1341124	0.425	VCL	-0.0717620030700114		VCL
27085	0.1116181	0.425	MTBP	0.2234696616357749		MTBP
7434	0.0992264	0.425	VIPR2	-0.0671497118475041		VIPR2
92999	-0.1407119	0.425	ZBTB47	0.3976649201182836		ZBTB47
8437	0.2341004	0.425	RASAL1	4.456768328860317		RASAL1
167359	0.228354	0.426	NIM1K	0.0205708067515173		NIM1K
55260	-0.1045627	0.426	TMEM143	0.1755187689058086		TMEM143
80198	0.0525759	0.426	MUS81	0.0661649199587195		MUS81
80095	0.0695228	0.426	ZNF606	-0.06351210578255		ZNF606
148327	-0.1192793	0.426	CREB3L4	0.3516277763968571		CREB3L4
84313	0.0762452	0.426	VPS25	0.0871298129393531		VPS25
10758	-0.108673	0.426	TRAF3IP2	-0.1119183311137645		TRAF3IP2
5359	-0.1284095	0.426	PLSCR1	0.1023387633582464		PLSCR1
3495	-0.6391711	0.426	IGHD	0.972985808707486		IGHD
64410	-0.116508	0.426	KLHL25	0.1201691951641716		KLHL25
439931	0.1987792	0.426	THAP7-AS1	0.1315356036116043		THAP7-AS1
9020	-0.1146491	0.426	MAP3K14	0.2219678930143453		MAP3K14
285429	-0.1738836	0.426	DCAF4L1	0.3624115480147274		DCAF4L1
339977	0.159432	0.426	LRRC66	-0.269638231056253		LRRC66
192217	0.2400846	0.426	OXCT2P1	0.8724151972523915		OXCT2P1
84572	-0.0586145	0.427	GNPTG	0.2952953729857022		GNPTG
826	-0.0556031	0.427	CAPNS1	0.3019405700587452		CAPNS1
687	-0.185993	0.427	KLF9	0.2308667258046428		KLF9
3112	-0.3975938	0.427	HLA-DOB	0.4958946578539071		HLA-DOB
51059	-0.3590567	0.427	FAM135B	0.3693414727465272		FAM135B
339834	-0.19499	0.427	IHO1	0.3733174834371393		IHO1
23769	0.1797421	0.428	FLRT1	-0.0948892235356893		FLRT1
129080	-0.2290663	0.428	EMID1	0.4013471376824351		EMID1
9246	-0.1634959	0.429	UBE2L6	0.1442711939477821		UBE2L6
91687	0.1115314	0.429	CENPL	-0.1739297771870984		CENPL
89857	-0.2016665	0.429	KLHL6	0.2969791048060931		KLHL6
673	0.0655463	0.429	BRAF	0.01012637719541		BRAF
774	0.3826765	0.429	CACNA1B	-0.442481075362251		CACNA1B
57096	0.2553407	0.429	RPGRIP1	-0.0114136966351483		RPGRIP1
25904	0.0479265	0.429	CNOT10	0.3525618904556165		CNOT10
5151	-0.0856812	0.429	PDE8A	0.2870506532314181		PDE8A
89866	0.1217546	0.43	SEC16B	0.2573325631160053		SEC16B
1441	-0.259294	0.43	CSF3R	0.4333777746039389		CSF3R
23443	-0.1028232	0.43	SLC35A3	0.2844354071827129		SLC35A3
9589	0.0655103	0.43	WTAP	0.1287146123412546		WTAP
4920	-0.2489318	0.43	ROR2	-0.1331978898658921		ROR2
7186	0.117938	0.43	TRAF2	0.2726941570592593		TRAF2
5774	0.1721248	0.43	PTPN3	-0.0271526607789471		PTPN3
1723	0.0976355	0.43	DHODH	-0.0038127524516475		DHODH
80329	-0.2587119	0.43	ULBP1	0.4577885597002376		ULBP1
55672	-0.116969	0.43	NBPF1	0.1882010105589082		NBPF1
441239	-0.2938949	0.431	LOC441239	0.1886252458909955		LOC441239
29956	0.0565278	0.431	CERS2	0.1724035186182977		CERS2
100506282	0.0850957	0.431	ANKRD42-DT	-0.0898696631284674		ANKRD42-DT
112950	0.0641037	0.431	MED8	-0.0446400306881749		MED8
6584	-0.167267	0.431	SLC22A5	0.0684179760162795		SLC22A5
100631383	0.1283861	0.431	FAM47E-STBD1	-0.013749515704041		FAM47E-STBD1
79725	-0.0903284	0.432	THAP9	0.2928381233811514		THAP9
153478	0.2348577	0.432	PLEKHG4B	2.2821862917751545		PLEKHG4B
1740	-0.1457052	0.432	DLG2	-0.0269998964790896		DLG2
10537	0.536159	0.432	UBD	-0.0008483592662398		UBD
55520	-0.0981764	0.433	ELAC1	0.2764593921301927		ELAC1
1794	0.1941232	0.433	DOCK2	0.0621410910451942		DOCK2
6277	0.1514957	0.433	S100A6	-0.063858247137233		S100A6
5728	-0.100723	0.433	PTEN	0.0090177272325884		PTEN
65012	-0.2002434	0.433	SLC26A10P	0.3712381470157688		SLC26A10P
9774	0.0743471	0.433	BCLAF1	-0.4226925812766691		BCLAF1
54221	-0.2569601	0.433	SNTG2	0.39399377491343		SNTG2
151126	0.5392901	0.433	ZNF385B	-0.1483306249262277		ZNF385B
83985	-0.0821648	0.433	SPNS1	0.4644290414842218		SPNS1
2670	-0.1847635	0.433	GFAP	-0.3826726596191783		GFAP
284723	0.2733517	0.433	SLC25A34	0.1101695807258775		SLC25A34
605	-0.0805354	0.433	BCL7A	0.2953587705609197		BCL7A
9479	-0.1006554	0.433	MAPK8IP1	0.2167121430594034		MAPK8IP1
3669	-0.2319904	0.433	ISG20	0.3128086311990556		ISG20
1119	-0.081614	0.433	CHKA	0.0331044191735996		CHKA
50626	-0.0697017	0.434	ZFTRAF1	0.1097708747629893		ZFTRAF1
348180	-0.074817	0.434	CTU2	0.2684654999398339		CTU2
100506083	-0.0987418	0.434	DDX19A-DT	-0.3132483736508317		DDX19A-DT
6341	0.0601146	0.434	SCO1	0.1138237955226655		SCO1
117584	-0.0643556	0.434	RFFL	-0.1648877043816168		RFFL
5480	-0.0921104	0.434	PPIC	0.1096186207584315		PPIC
5190	-0.1269635	0.434	PEX6	0.2915351816653833		PEX6
23424	0.0773433	0.434	TDRD7	0.2222729526140492		TDRD7
387712	0.1327218	0.434	ENO4	1.112597071783456		ENO4
23621	0.0523869	0.434	BACE1	0.0422303992060593		BACE1
80319	-0.1993595	0.434	CXXC4	-0.4000419282099463		CXXC4
105373378	-0.1651657	0.434	LOC105373378	0.2066152344953697		LOC105373378
5018	-0.080062	0.434	OXA1L	0.3065287780945738		OXA1L
646	-0.2102397	0.434	BNC1	-0.877093332454647		BNC1
1861	0.0425503	0.435	TOR1A	-0.0017208616196411		TOR1A
54538	-0.1193874	0.435	ROBO4	0.0686030361070022		ROBO4
3460	-0.0544166	0.435	IFNGR2	0.0911445021846146		IFNGR2
57132	0.076479	0.435	CHMP1B	0.1530141225195969		CHMP1B
9836	-0.0788138	0.435	LCMT2	0.021370849335847		LCMT2
11052	-0.0795964	0.435	CPSF6	-0.4325987988705657		CPSF6
4168	0.3943101	0.435	MCF2	-0.1691531950478463		MCF2
7389	-0.0653679	0.435	UROD	0.2999020835652501		UROD
6885	-0.0520216	0.435	MAP3K7	0.1220691865483738		MAP3K7
23225	-0.1199017	0.435	NUP210	0.1453139607342053		NUP210
3903	0.182507	0.435	LAIR1	0.0046791621702229		LAIR1
283489	-0.0623129	0.435	CHAMP1	0.1886891965798041		CHAMP1
4117	0.1482895	0.435	MAK	0.1211532230748142		MAK
54930	0.0702323	0.435	HAUS4	-0.0072770053608106		HAUS4
187	-0.3985714	0.435	APLNR	0.5138032845139722		APLNR
205327	0.1241165	0.435	C2orf69	0.1598442654714162		C2orf69
408	0.1381333	0.435	ARRB1	-0.3201193900417181		ARRB1
57449	-0.104264	0.435	PLEKHG5	0.1682231812689982		PLEKHG5
26260	0.0528832	0.435	FBXO25	0.0680110125376991		FBXO25
83549	0.0792396	0.436	UCK1	-0.2803125231575079		UCK1
7779	-0.1620534	0.436	SLC30A1	0.2428436923736674		SLC30A1
283450	0.0642174	0.436	HECTD4	0.2806727596451841		HECTD4
440416	-0.2869842	0.436	CCDC144NL-AS1	1.078809478926745		CCDC144NL-AS1
400242	-0.1030714	0.436	DICER1-AS1	0.4050627385206358		DICER1-AS1
57154	-0.0654544	0.436	SMURF1	0.1193184961951243		SMURF1
203245	-0.0781755	0.436	NAIF1	0.1776095345364932		NAIF1
1399	-0.042806	0.436	CRKL	0.2142274882766894		CRKL
147906	-0.1998398	0.437	DACT3	0.3037740296736237		DACT3
6751	-0.2385959	0.437	SSTR1	0.52103654078		SSTR1
5920	0.236008	0.437	PLAAT4	-0.0423039797109479		PLAAT4
1346	-0.1227948	0.437	COX7A1	0.2260110619468349		COX7A1
9729	-0.2337097	0.437	KIAA0408	0.1312407086043665		KIAA0408
57690	-0.0761655	0.438	TNRC6C	-0.0995583859258943		TNRC6C
7040	-0.1395953	0.438	TGFB1	0.0233601618313148		TGFB1
200576	0.0980345	0.438	PIKFYVE	0.1395368642892362		PIKFYVE
140825	0.1020465	0.438	NEURL2	0.1122653368889756		NEURL2
100128675	0.2620721	0.438	HPN-AS1	-0.4880415361993355		HPN-AS1
93343	-0.0745798	0.438	MVB12A	0.2019677766341492		MVB12A
56650	-0.0724712	0.438	CLDND1	0.0732846742471409		CLDND1
29097	0.0802122	0.438	CNIH4	0.2057133584374026		CNIH4
221079	-0.1138216	0.438	ARL5B	0.3579257648938854		ARL5B
348	-0.2520666	0.438	APOE	0.3252880053513083		APOE
6838	-0.0557063	0.438	SURF6	0.0134849047788732		SURF6
100874238	-0.2394615	0.438	ARHGEF7-AS2	0.8796922068876487		ARHGEF7-AS2
105371795	0.1235245	0.438	LOC105371795	1.074180038066758		LOC105371795
23221	0.0890136	0.438	RHOBTB2	0.0758964693566559		RHOBTB2
10898	0.0603453	0.439	CPSF4	-0.0104789464654526		CPSF4
10528	-0.0648141	0.439	NOP56	0.3069597651389122		NOP56
10584	0.2397927	0.439	COLEC10	0.0586400824330025		COLEC10
133584	0.1221884	0.439	EGFLAM	0.2263905076450822		EGFLAM
10935	-0.0770478	0.439	PRDX3	0.0948721922164654		PRDX3
170082	-0.085762	0.439	TCEANC	0.1716330452360863		TCEANC
6801	-0.1078294	0.439	STRN	-0.1420154131264039		STRN
107985359	-0.3128693	0.439	LOC107985359	0.5544662167324245		LOC107985359
57587	0.0924463	0.439	CFAP97	-0.4212821202202148		CFAP97
53838	-0.1416218	0.44	C11orf24	0.1045228584056729		C11orf24
143503	-0.2017823	0.44	OR51E1	0.1982808909189566		OR51E1
8531	-0.1393302	0.44	YBX3	-0.3545508374280377		YBX3
2357	0.2832771	0.44	FPR1	-0.0922996045523185		FPR1
8323	-0.1040728	0.44	FZD6	0.1469499966923702		FZD6
7007	-0.1045229	0.44	TECTA	0.5377404214140451		TECTA
63027	-0.1065316	0.44	SLC22A23	0.0038619925534737		SLC22A23
10612	-0.0612236	0.44	TRIM3	0.2405644883947513		TRIM3
171391	0.1259749	0.44	GATD1-DT	0.3204088902930975		GATD1-DT
10921	-0.0509636	0.44	RNPS1	0.0510279278276133		RNPS1
100526835	-0.130984	0.44	FPGT-TNNI3K	0.1579931515927199		FPGT-TNNI3K
23659	0.1227742	0.44	PLA2G15	0.0043583244921627		PLA2G15
9929	-0.0885863	0.44	JOSD1	0.0869781794595958		JOSD1
54539	0.1061369	0.44	NDUFB11	-0.0994191591489341		NDUFB11
89910	0.0627675	0.44	UBE3B	-0.1413490108296597		UBE3B
695	0.2138105	0.44	BTK	0.065514754724647		BTK
56128	0.2080439	0.441	PCDHB8	-0.0260871992417948		PCDHB8
57465	0.0889675	0.441	TBC1D24	-0.3343677420932578		TBC1D24
79734	-0.1812798	0.441	KCTD17	0.3423411948985135		KCTD17
280636	-0.0830325	0.441	SELENOH	0.1844549320153952		SELENOH
1130	0.0808052	0.442	LYST	0.1235311484105943		LYST
60685	0.0465386	0.442	ZFAND3	-0.0581010757764781		ZFAND3
64756	-0.0703636	0.442	ATPAF1	0.0564966409134264		ATPAF1
100507257	-0.2102009	0.442	MEG9	0.7916468065457127		MEG9
1268	-0.2842399	0.443	CNR1	-0.0672441376076651		CNR1
58480	-0.1814042	0.443	RHOU	0.4630087768494082		RHOU
79363	-0.1311165	0.443	CPLANE2	0.1406581422376041		CPLANE2
51348	-0.3156865	0.443	KLRF1	0.5440368227967477		KLRF1
151254	0.2389891	0.443	C2CD6	0.1047607050218626		C2CD6
3241	0.0897014	0.443	HPCAL1	-0.0498010880795938		HPCAL1
9450	0.1913664	0.443	LY86	0.1127000317560411		LY86
84441	0.1156539	0.443	MAML2	-0.029805326843483		MAML2
84905	-0.1025888	0.443	ZNF341	0.3548298061283916		ZNF341
282890	0.1402752	0.443	ZNF311	-0.1276116342010782		ZNF311
4524	0.0954246	0.444	MTHFR	-0.0399022601650234		MTHFR
162239	-0.0834349	0.444	ZFP1	0.2367871294712082		ZFP1
101926906	-0.2001972	0.444	SLC16A12-AS1	0.611637245964649		SLC16A12-AS1
2806	-0.0924935	0.444	GOT2	0.1287684925795922		GOT2
653160	-0.1199139	0.445	GPR199P	0.1376192258381924		GPR199P
150	0.3157712	0.445	ADRA2A	-0.0604903056711125		ADRA2A
8406	0.1136223	0.445	SRPX	-0.0020822485468263		SRPX
93134	0.0535165	0.445	ZNF561	-0.0414935129694686		ZNF561
57599	-0.0496544	0.445	WDR48	0.0634082197770462		WDR48
1468	-0.096785	0.445	SLC25A10	0.2271373862261172		SLC25A10
79867	-0.0991392	0.446	TCTN2	0.3348139653036848		TCTN2
2175	-0.0593306	0.446	FANCA	-0.1743194678402175		FANCA
572558	0.1485925	0.446	PGM5-AS1	-0.1489456119656949		PGM5-AS1
81555	-0.0859906	0.446	YIPF5	-0.1576373489790041		YIPF5
4141	0.0618441	0.446	MARS1	-0.0588248912820956		MARS1
9584	0.0664002	0.446	RBM39	-0.2270647396442822		RBM39
60412	0.0517137	0.446	EXOC4	-0.1664812268647653		EXOC4
60412	0.0517137	0.446	EXOC4	0.7848574687208023		EXOC4
100507398	-0.1151715	0.446	INTS6-AS1	0.4864384475709882		INTS6-AS1
54928	-0.0705404	0.447	BPNT2	0.0429950455750756		BPNT2
205251	0.119116	0.447	MTLN	-0.0617835898938743		MTLN
51106	-0.0701552	0.447	TFB1M	0.0348838705624636		TFB1M
9214	0.1803895	0.447	FCMR	-0.3674020511492606		FCMR
55904	0.0724141	0.447	KMT2E	0.3496085356728295		KMT2E
2029	0.0480576	0.447	ENSA	-0.3042174465543104		ENSA
9537	0.0877316	0.447	TP53I11	-0.1183504706645885		TP53I11
79640	0.097768	0.447	C22orf46P	0.2684290689879263		C22orf46P
79071	0.1915795	0.447	ELOVL6	0.0935835903534523		ELOVL6
1196	0.0626196	0.447	CLK2	-0.0252980131577498		CLK2
94101	0.0526368	0.447	ORMDL1	-0.0139543663635901		ORMDL1
6462	-0.2169123	0.447	SHBG	-0.0485981527063787		SHBG
643641	-0.0563924	0.447	ZNF862	-0.2788632239120985		ZNF862
100507291	-0.1193643	0.448	COPB2-DT	0.4477729106543036		COPB2-DT
27254	0.161202	0.448	CSDC2	-0.0199957583205323		CSDC2
23378	0.0533498	0.448	RRP8	-0.0094136102214807		RRP8
83667	-0.1419416	0.448	SESN2	0.2925182913994386		SESN2
5516	-0.0847575	0.448	PPP2CB	0.1842588317387417		PPP2CB
84267	-0.0515959	0.448	C9orf64	0.1329712429444511		C9orf64
3164	-0.3693636	0.448	NR4A1	0.584206628698885		NR4A1
65258	-0.0602591	0.448	MPPE1	0.1243203882976544		MPPE1
23635	-0.0759359	0.448	SSBP2	0.1892039568822792		SSBP2
80854	0.0618022	0.448	SETD7	-0.0671599622568077		SETD7
5446	-0.1749439	0.448	PON3	0.3618950804950315		PON3
342908	-0.107364	0.448	ZNF404	0.1666962475561137		ZNF404
51523	0.1663025	0.448	CXXC5	-0.0331714183967237		CXXC5
372	-0.0445841	0.449	ARCN1	0.2262038452563839		ARCN1
374907	0.152025	0.449	B3GNT8	-0.5877431326077343		B3GNT8
4921	0.1105144	0.449	DDR2	0.0733201194837618		DDR2
10555	0.0949604	0.449	AGPAT2	-0.1539603652503212		AGPAT2
100287049	0.1205438	0.449	DCAF8-DT	0.3785104416784045		DCAF8-DT
101928069	0.1640537	0.449	DPP3-DT	0.0614047579044072		DPP3-DT
23177	-0.0751092	0.449	CEP68	0.3020471075514055		CEP68
23138	0.1570101	0.449	N4BP3	0.0480086801536121		N4BP3
25864	0.0928892	0.449	ABHD14A	0.1681791423551812		ABHD14A
7566	-0.0619918	0.45	ZNF18	0.0701346854112676		ZNF18
1060	-0.0860834	0.45	CENPC	0.1187183975977514		CENPC
253461	0.0966501	0.451	ZBTB38	0.08296228115152		ZBTB38
25854	0.1301514	0.451	FAM149A	0.0938816542318163		FAM149A
4627	-0.1046567	0.451	MYH9	-0.0067837032423456		MYH9
131583	-0.1501728	0.451	FAM43A	0.3802928875173545		FAM43A
9949	-0.120584	0.451	AMMECR1	0.1441656750922907		AMMECR1
11054	-0.0726388	0.451	OGFR	0.0507712595036431		OGFR
400941	-0.3299472	0.451	LINC00487	0.2241774327803243		LINC00487
338094	0.1441648	0.451	FAM151A	0.8950517674639109		FAM151A
161	-0.061763	0.452	AP2A2	-0.1116381137388922		AP2A2
9675	-0.0477679	0.452	TTI1	0.375236890647515		TTI1
9759	-0.1106946	0.452	HDAC4	-0.3451824192430095		HDAC4
2115	-0.1635427	0.452	ETV1	-0.0060823202130109		ETV1
84811	0.0810754	0.452	BUD13	0.0337531058951765		BUD13
6948	0.1302129	0.452	TCN2	0.0346331170464364		TCN2
373509	-0.1223476	0.453	USP50	0.7558745556741964		USP50
64860	0.071103	0.453	ARMCX5	0.1293471659457339		ARMCX5
8874	-0.0798065	0.453	ARHGEF7	-0.00850048237087		ARHGEF7
1181	-0.0869905	0.453	CLCN2	0.0348756494485924		CLCN2
283487	-0.168984	0.453	PRECSIT	-0.1543562162804012		PRECSIT
54476	-0.0726432	0.453	RNF216	-0.2634709954503904		RNF216
5199	0.2313816	0.453	CFP	-0.4616200610667589		CFP
84695	-0.0935893	0.454	LOXL3	0.3274306891301783		LOXL3
55643	-0.0612556	0.454	BTBD2	0.4765643855947026		BTBD2
57794	0.0613518	0.454	SUGP1	-0.1592610669341461		SUGP1
149837	-0.1222801	0.454	LINC00654	0.1684242988757294		LINC00654
93109	-0.094965	0.454	TMEM44	0.1202133220951204		TMEM44
84962	-0.1959837	0.454	AJUBA	0.0259862624984363		AJUBA
128497	0.0837328	0.454	SPATA25	0.1129597204127097		SPATA25
100288332	0.0841665	0.454	NPIPA5	-0.0412202103427185		NPIPA5
23683	-0.0798815	0.454	PRKD3	-0.0098109717556797		PRKD3
8464	-0.1102625	0.454	SUPT3H	0.1790483229679713		SUPT3H
9435	-0.1537947	0.455	CHST2	0.3663552712613784		CHST2
57124	0.2054065	0.455	CD248	-0.1312752345941206		CD248
84987	0.0839601	0.455	COX14	0.1503359524522052		COX14
6388	0.0746508	0.455	SDF2	0.0214535150174253		SDF2
1107	-0.0871488	0.455	CHD3	-0.319927840181573		CHD3
2697	0.1949477	0.455	GJA1	0.0827752518488278		GJA1
285962	0.1866783	0.455	WEE2-AS1	-0.178999060780051		WEE2-AS1
793	-0.2568286	0.455	CALB1	0.3766960090318338		CALB1
339123	0.0503335	0.455	JMJD8	-0.144707702866242		JMJD8
6845	0.0720968	0.455	VAMP7	-0.0308141848759093		VAMP7
89894	0.0990631	0.455	TMEM116	-0.164421649625396		TMEM116
5064	-0.102913	0.455	PALM	0.1673183273518312		PALM
643723	0.1558726	0.455	LYPLAL1-DT	-0.1591813936462314		LYPLAL1-DT
255167	0.209035	0.455	LINC01018	-0.166300845926393		LINC01018
100133205	-0.2662308	0.455	LINC00240	0.7541742543987229		LINC00240
4043	0.0877765	0.455	LRPAP1	-0.1026310101060339		LRPAP1
57053	0.1812547	0.455	CHRNA10	-0.4923190802879854		CHRNA10
144097	-0.0759466	0.456	SPINDOC	0.2036450167895949		SPINDOC
50619	-0.1610345	0.456	DEF6	0.6198465844128012		DEF6
136371	0.1253781	0.456	ASB10	-0.10412981139019		ASB10
29909	-0.3111328	0.456	GPR171	-0.3049148488229309		GPR171
55157	0.0753787	0.456	DARS2	0.2037492401322516		DARS2
28962	-0.0925599	0.456	OSTM1	-0.1831662038839558		OSTM1
51063	0.0965641	0.456	CALHM2	-0.0511870819136981		CALHM2
23327	0.0769273	0.456	NEDD4L	-0.0701119077841854		NEDD4L
5447	0.148713	0.456	POR	-0.0085733976476971		POR
144402	-0.149765	0.456	CPNE8	0.1754845671303853		CPNE8
654817	-0.2355831	0.456	NCF1C	0.7717745720942022		NCF1C
1962	0.1091459	0.457	EHHADH	-0.2865359023846503		EHHADH
23673	-0.0609795	0.457	STX12	0.052662851135576		STX12
7096	0.1757279	0.457	TLR1	-0.0375728945407782		TLR1
1975	0.0675788	0.457	EIF4B	0.2259566867242011		EIF4B
79903	-0.0943564	0.457	NAA60	-0.3359575550666562		NAA60
57038	0.0615213	0.457	RARS2	0.0514445799779084		RARS2
7023	0.1410234	0.458	TFAP4	-0.3757809442084889		TFAP4
85457	0.0866325	0.458	CIPC	0.1319187203322291		CIPC
1756	0.1046964	0.458	DMD	-0.3006456412518981		DMD
9670	0.0659263	0.458	IPO13	0.1568220884866047		IPO13
102723166	-0.15846	0.458	STAM-DT	0.1777690560782706		STAM-DT
1327	0.0950313	0.459	COX4I1	0.0896670991374879		COX4I1
22882	0.0694384	0.459	ZHX2	0.0306420403207798		ZHX2
10998	-0.1054524	0.459	SLC27A5	0.1020629750072767		SLC27A5
392617	0.1624339	0.459	ELFN1	0.0823962495236678		ELFN1
117583	-0.0773613	0.459	PARD3B	0.1994015708487198		PARD3B
105372321	-0.1819466	0.459	LOC105372321	-0.0011206808442794		LOC105372321
55110	0.0796694	0.459	MAGOHB	-0.0261931348468715		MAGOHB
285237	0.0616407	0.459	C3orf38	0.0585166712986624		C3orf38
27076	-0.2535063	0.459	LYPD3	0.435780036433155		LYPD3
79000	0.0925245	0.459	AUNIP	-0.1198341889284555		AUNIP
57673	-0.1844783	0.459	BEND3	0.2447479514413789		BEND3
51522	-0.0491654	0.459	TMEM14C	0.2919030452695184		TMEM14C
747	0.1217598	0.46	DAGLA	0.143439099014798		DAGLA
4784	-0.0789596	0.46	NFIX	0.3516489857581373		NFIX
162417	-0.2061876	0.46	NAGS	0.3402406515644118		NAGS
56245	0.3429069	0.46	C21orf62	-0.4726426161232213		C21orf62
8930	0.0763542	0.46	MBD4	-0.3626631024422115		MBD4
117247	0.1903184	0.46	SLC16A10	0.234735048210581		SLC16A10
400793	-0.1346721	0.46	C1orf226	0.3658498252961351		C1orf226
4240	-0.0999303	0.46	MFGE8	0.2430946968834746		MFGE8
4240	-0.0999303	0.46	MFGE8	0.1029527615554499		MFGE8
7732	-0.1727208	0.46	RNF112	0.4608851782396435		RNF112
51061	0.0545015	0.46	TXNDC11	-0.1372083106840502		TXNDC11
29979	-0.0494344	0.461	UBQLN1	-0.0823689870111685		UBQLN1
440295	-0.0943203	0.461	GOLGA6L9	-1.0468722861153008		GOLGA6L9
6468	-0.0646145	0.461	FBXW4	-0.0333559398995833		FBXW4
92558	-0.2906483	0.462	BICDL1	-0.8251203334998939		BICDL1
4254	0.2015241	0.462	KITLG	-0.276181597339276		KITLG
6558	-0.1279389	0.462	SLC12A2	-0.0931414219098853		SLC12A2
1389	-0.0656071	0.462	CREBL2	0.3379205253349959		CREBL2
11337	-0.0571797	0.463	GABARAP	0.0204155452689178		GABARAP
79621	0.0898799	0.463	RNASEH2B	0.0711305518224802		RNASEH2B
23506	-0.0643154	0.463	BICRAL	0.3222386469549945		BICRAL
8508	0.1066389	0.464	NIPSNAP1	0.0157495944953547		NIPSNAP1
7182	0.0793258	0.464	NR2C2	-0.3623020694165864		NR2C2
6913	-0.2317367	0.464	TBX15	0.3320241466681022		TBX15
345895	0.117636	0.464	RSPH4A	0.2708209600449693		RSPH4A
23363	-0.0852065	0.464	OBSL1	0.0647519102639098		OBSL1
56061	0.0818982	0.464	UBFD1	-0.0611734583301055		UBFD1
51411	0.1958704	0.464	BIN2	0.0042874721470809		BIN2
1071	0.283514	0.464	CETP	-0.0591234778842064		CETP
64429	0.0421276	0.464	ZDHHC6	-0.1555127422940323		ZDHHC6
112268276	0.2764325	0.465	LOC112268276	0.1036446836450565		LOC112268276
56052	0.0577763	0.465	ALG1	0.0924289578622241		ALG1
60484	-0.233776	0.465	HAPLN2	0.3539403607667766		HAPLN2
9587	0.0587598	0.465	MAD2L1BP	0.180531757384343		MAD2L1BP
9375	0.0457868	0.465	TM9SF2	-0.0116651930838544		TM9SF2
6314	-0.0674788	0.465	ATXN7	-0.408987711603376		ATXN7
5136	-0.2484919	0.465	PDE1A	0.3620391804741625		PDE1A
5025	0.1040117	0.465	P2RX4	0.1097590115698494		P2RX4
7511	0.0468474	0.466	XPNPEP1	0.0988762211134224		XPNPEP1
105751187	0.2198174	0.466	LRP1-AS	-0.9510182469275296		LRP1-AS
8487	-0.0663606	0.466	GEMIN2	0.3757198694796702		GEMIN2
5998	-0.1217142	0.466	RGS3	0.3800845682327418		RGS3
2280	0.0664167	0.466	FKBP1A	-0.0380034560359598		FKBP1A
22989	0.2213872	0.466	MYH15	0.1473910664523354		MYH15
2013	0.0773185	0.466	EMP2	-0.2428427953076104		EMP2
105370792	0.0980541	0.467	LOC105370792	0.2455185314952874		LOC105370792
23382	-0.0666727	0.467	AHCYL2	0.2939904057779059		AHCYL2
147184	0.1046157	0.467	KRT10-AS1	-0.0218157684089055		KRT10-AS1
10857	-0.059372	0.467	PGRMC1	0.3019710337392922		PGRMC1
788	-0.1203902	0.467	SLC25A20	0.1296466210575806		SLC25A20
4292	-0.0570209	0.467	MLH1	-0.2857567515159607		MLH1
10149	-0.2376063	0.467	ADGRG2	0.1217413736812458		ADGRG2
58490	0.0730629	0.467	RPRD1B	-0.097817896351561		RPRD1B
203102	-0.1853635	0.467	ADAM32	0.4782399665979092		ADAM32
23677	0.0788862	0.468	SH3BP4	0.0685782139100261		SH3BP4
6091	-0.163709	0.468	ROBO1	-0.1506999904170274		ROBO1
101928174	0.1992003	0.468	GJD2-DT	0.1164052556923204		GJD2-DT
571	-0.1162656	0.468	BACH1	0.1562644363868046		BACH1
83475	-0.0908134	0.468	DOHH	0.1614129832119664		DOHH
525	-0.3288578	0.468	ATP6V1B1	0.9303973631983652		ATP6V1B1
286204	0.0869126	0.468	CRB2	-1.4384661563489196		CRB2
26127	-0.0723944	0.468	FGFR1OP2	-0.0362508427556633		FGFR1OP2
339390	0.4317716	0.468	CLEC4G	-0.3447237939447941		CLEC4G
23527	-0.1194314	0.468	ACAP2	-0.0826186431695346		ACAP2
24142	0.0966	0.468	NAA80	0.1235786580220041		NAA80
8501	0.1439779	0.468	SLC43A1	-0.1288976804116721		SLC43A1
23085	0.0593879	0.468	ERC1	-0.5151754633990007		ERC1
83982	-0.1230944	0.468	IFI27L2	0.2278666306200056		IFI27L2
7862	-0.0565318	0.468	BRPF1	0.261201499196086		BRPF1
30846	-0.0859586	0.468	EHD2	0.2486314387159804		EHD2
11237	0.0911865	0.468	RNF24	-0.052538186651613		RNF24
29767	0.1111809	0.468	TMOD2	0.1286747952434801		TMOD2
50810	-0.0574418	0.468	HDGFL3	-0.3159059711069476		HDGFL3
102724238	-0.1000473	0.469	FAM88C	2.8555124540515573		FAM88C
200373	-0.2405137	0.469	CFAP221	0.6578555202246037		CFAP221
57333	-0.1736675	0.469	RCN3	0.5044093452487783		RCN3
5966	0.1180095	0.469	REL	0.0155061700126039		REL
6423	-0.4706843	0.469	SFRP2	0.6152305132458947		SFRP2
1628	-0.2025826	0.469	DBP	0.1566515252753451		DBP
147699	0.2123247	0.469	PPM1N	-0.1661254398622291		PPM1N
222553	0.19925	0.47	SLC35F1	0.113844326767617		SLC35F1
643853	-0.1454358	0.47	TMPPE	0.5177355199709719		TMPPE
51714	-0.0644766	0.471	SELENOT	0.3762866407244507		SELENOT
199720	-0.3054239	0.471	GGN	0.7156769919518755		GGN
283149	0.0994065	0.471	BCL9L	-0.7039033268285655		BCL9L
9946	0.0631265	0.471	CRYZL1	-0.1038140455156693		CRYZL1
57647	0.0705906	0.471	DHX37	-0.152530836303359		DHX37
100506325	0.1344975	0.471	SP2-AS1	0.0427559248879787		SP2-AS1
10205	0.133553	0.471	MPZL2	-0.0592441243357271		MPZL2
353274	-0.0592717	0.471	ZNF445	0.1593261239389138		ZNF445
10144	-0.0865374	0.471	FAM13A	0.4773433756296077		FAM13A
2005	0.085488	0.471	ELK4	-0.1346245367165588		ELK4
9628	0.1065701	0.471	RGS6	0.1225208149225305		RGS6
9628	0.1065701	0.471	RGS6	-1.2894757062800375		RGS6
387104	-0.1983837	0.471	SOGA3	-0.6062675102760005		SOGA3
388591	-0.1148382	0.471	RNF207	0.1525100886232921		RNF207
65110	0.0636688	0.471	UPF3A	0.2397249696160237		UPF3A
10270	0.0713642	0.471	AKAP8	-0.1232161172196812		AKAP8
80831	0.3086993	0.471	APOL5	-0.2862466212437264		APOL5
51164	-0.0459095	0.471	DCTN4	-0.1867031954941653		DCTN4
6504	0.2639883	0.471	SLAMF1	-0.4628435193681028		SLAMF1
51601	-0.0714123	0.472	LIPT1	0.1293199186422033		LIPT1
26090	-0.0753867	0.472	ABHD12	0.0362922217689583		ABHD12
101928879	-0.140112	0.472	COMMD5P1	1.7571858952634507		COMMD5P1
54069	-0.0902274	0.472	MIS18A	0.1671154317688998		MIS18A
375704	-0.235045	0.472	ENHO	0.351385188855542		ENHO
79414	-0.0846023	0.473	LRFN3	0.0842373936738907		LRFN3
84727	-0.1532457	0.473	SPSB2	0.008249538384107		SPSB2
5265	0.241174	0.473	SERPINA1	-0.2043934449624069		SERPINA1
9534	0.0810776	0.473	ZNF254	0.2123433904740568		ZNF254
26013	-0.094675	0.473	L3MBTL1	0.2522230167316888		L3MBTL1
4485	-0.0949331	0.473	MST1	-0.0153272264392394		MST1
135	0.1137386	0.473	ADORA2A	-0.0664036696374346		ADORA2A
2551	0.1045165	0.473	GABPA	0.2379653307694444		GABPA
55156	0.0807624	0.473	ARMC1	-0.2110845206530571		ARMC1
146433	-0.247607	0.473	IL34	0.3477780883029725		IL34
84971	0.0791682	0.474	ATG4D	-0.0500642866998584		ATG4D
5154	-0.1012983	0.474	PDGFA	0.2126359351057227		PDGFA
51318	0.0693972	0.474	MRPL35	0.0009053788075146		MRPL35
85465	0.0743584	0.474	SELENOI	-0.2084346467806588		SELENOI
57515	-0.0560928	0.475	SERINC1	0.093346063911718		SERINC1
84532	0.1643331	0.475	ACSS1	-0.0912710129248939		ACSS1
54920	-0.0898451	0.475	DUS2	0.1807731762420377		DUS2
51086	-0.1246402	0.475	TNNI3K	0.488117548746275		TNNI3K
11201	0.0707838	0.475	POLI	0.1529927015847474		POLI
1652	-0.081245	0.475	DDT	-0.0972409755004157		DDT
9306	0.1105799	0.475	SOCS6	-0.2842540721150612		SOCS6
7415	-0.067674	0.476	VCP	0.1811401367947684		VCP
11227	-0.3703507	0.476	GALNT5	0.1552197031415687		GALNT5
284498	-0.0995903	0.476	C1orf167	0.8528746258424664		C1orf167
162	0.054339	0.476	AP1B1	-0.0922910718571516		AP1B1
80176	-0.1503586	0.476	SPSB1	0.2523810360859695		SPSB1
10295	-0.0618789	0.476	BCKDK	0.4195984272779771		BCKDK
375567	0.1225573	0.476	VWC2	0.1723433909247964		VWC2
112703	-0.1140152	0.476	GARIN5A	0.1433373770938986		GARIN5A
23141	0.0414646	0.476	ANKLE2	-0.0120549382245291		ANKLE2
5409	-0.2382454	0.476	PNMT	0.3767008802499152		PNMT
100507392	0.1773957	0.477	SENCR	-0.1990462475735081		SENCR
55236	0.0792904	0.477	UBA6	-0.1427107806032479		UBA6
10175	-0.0460942	0.477	CNIH1	-0.1778935999648458		CNIH1
55030	0.0779655	0.477	FBXO34	-0.0580960661036678		FBXO34
27248	0.0514009	0.477	ERLEC1	0.1737859353415611		ERLEC1
3627	-0.481615	0.477	CXCL10	0.6583673528294333		CXCL10
56062	0.2098811	0.477	KLHL4	-0.0390518966789714		KLHL4
9092	0.0730172	0.477	SART1	0.0863658661044199		SART1
374354	0.1275241	0.477	NHLRC2	-0.21154222895905		NHLRC2
2583	-0.1188378	0.477	B4GALNT1	0.1586594508899743		B4GALNT1
441818	0.0819738	0.477	WBP11P1	-0.1892408280340006		WBP11P1
10904	-0.0469068	0.477	BLCAP	0.1003161487545849		BLCAP
81844	-0.0734614	0.478	TRIM56	0.1512439529392844		TRIM56
400720	-0.0961818	0.478	ZNF772	-0.3541707379952306		ZNF772
261729	0.165075	0.478	STEAP2	0.0438458581784055		STEAP2
51596	0.0581639	0.478	CUTA	0.0298392022103293		CUTA
94	0.1192218	0.478	ACVRL1	0.0457308456629332		ACVRL1
64221	-0.1406668	0.478	ROBO3	0.3275419833894744		ROBO3
26073	0.055188	0.478	POLDIP2	-0.0336886175317214		POLDIP2
2300	-0.1160165	0.478	FOXL1	0.5060266411348835		FOXL1
100170765	-0.204094	0.478	ERICH4	0.8287659942263392		ERICH4
3077	0.1510967	0.479	HFE	-0.1167485541813095		HFE
102	0.0707624	0.479	ADAM10	-0.6038229991542359		ADAM10
55705	0.0403928	0.479	IPO9	0.2113044623241897		IPO9
54545	-0.0580892	0.479	MTMR12	-0.2327377916084159		MTMR12
55552	0.0731939	0.479	ZNF823	-0.1524063564708595		ZNF823
79982	-0.117586	0.479	DNAJB14	-0.2739209693770883		DNAJB14
84068	0.0845701	0.479	SLC10A7	-0.2403774872724084		SLC10A7
83989	-0.0632581	0.479	FAM172A	-0.3379036304498259		FAM172A
6856	-0.0874118	0.479	SYPL1	-0.1764260007154634		SYPL1
79711	0.0765381	0.479	IPO4	0.0220104652257004		IPO4
57326	-0.0808447	0.479	PBXIP1	0.0869235140480597		PBXIP1
10899	0.0810468	0.48	JTB	-0.1163807377020242		JTB
23039	-0.0338428	0.48	XPO7	-0.0186173377868881		XPO7
9371	-0.0551481	0.48	KIF3B	0.2693367307995911		KIF3B
7841	0.0539833	0.48	MOGS	-0.0976924500767681		MOGS
2788	-0.1121565	0.48	GNG7	0.1792970527093942		GNG7
6812	0.0612339	0.48	STXBP1	0.2064032539001448		STXBP1
493900	-0.1934444	0.48	TMEM9B-AS1	0.1385331686379947		TMEM9B-AS1
498	-0.087491	0.48	ATP5F1A	-0.049655611846255		ATP5F1A
9826	0.0529794	0.48	ARHGEF11	-0.1344934973154821		ARHGEF11
148423	-0.0579368	0.48	C1orf52	-0.1582362482091976		C1orf52
54902	0.0635187	0.48	TTC19	0.1209775140454443		TTC19
158431	-0.0996951	0.48	ZNF782	-0.162843952491297		ZNF782
90139	-0.0908248	0.48	TSPAN18	0.3517520118673598		TSPAN18
105373159	-0.1288367	0.481	RAB4A-AS1	0.0421290373620981		RAB4A-AS1
100507290	0.0820009	0.481	ZNF865	0.0881929845468771		ZNF865
100652865	-0.1886378	0.481	LINC00539	0.943673459538461		LINC00539
57715	-0.0967517	0.481	SEMA4G	-0.2753555371617475		SEMA4G
64768	-0.0700042	0.481	IPPK	0.0277119216392391		IPPK
51668	0.0886732	0.481	HSPB11	0.0180866539534516		HSPB11
685	0.215974	0.481	BTC	-0.2797847244047533		BTC
10000	-0.1088585	0.482	AKT3	-0.2185921024728419		AKT3
30811	-0.306075	0.482	HUNK	0.173672104415838		HUNK
23761	-0.0567515	0.482	PISD	0.1668099059341283		PISD
283677	-0.3090697	0.482	REC114	0.5020082278515718		REC114
100271715	0.1569008	0.482	ARHGEF33	0.4743834403253473		ARHGEF33
345274	-0.2157968	0.482	SLC10A6	0.1908828945804132		SLC10A6
23404	-0.0530765	0.482	EXOSC2	0.1125172310274451		EXOSC2
23160	0.0460752	0.483	WDR43	-0.3830307205546308		WDR43
8562	0.049389	0.483	DENR	0.0779003100540887		DENR
115286	0.0801564	0.483	SLC25A26	0.0549558462170649		SLC25A26
321	0.2254958	0.483	APBA2	-0.2843222933035085		APBA2
154822	0.1989743	0.483	LINC00689	0.1070626671226804		LINC00689
4771	0.0752368	0.483	NF2	-0.1291427531071907		NF2
10659	-0.0715572	0.483	CELF2	0.2410549752895425		CELF2
3394	0.1883464	0.483	IRF8	0.1992008919927748		IRF8
26091	-0.0486756	0.483	HERC4	0.0090900454303417		HERC4
9363	-0.2317279	0.483	RAB33A	0.4913958790695573		RAB33A
51560	0.0841277	0.484	RAB6B	-0.3949195886388654		RAB6B
7114	-0.0959974	0.484	TMSB4X	0.6818766759282404		TMSB4X
8736	-0.1182493	0.484	MYOM1	0.3159297179103859		MYOM1
22911	-0.0535868	0.485	WDR47	0.0931686535455567		WDR47
7568	-0.0975189	0.485	ZNF20	0.2492245594514861		ZNF20
79874	-0.074413	0.485	RABEP2	-0.2097847410119477		RABEP2
85442	-0.3818732	0.485	KNDC1	0.9030264944145948		KNDC1
27436	-0.1211462	0.485	EML4	0.3895537545601013		EML4
65010	-0.0632988	0.485	SLC26A6	-0.0864482998714599		SLC26A6
728741	-0.0757997	0.485	NPIPB6	-0.101692253887794		NPIPB6
200186	-0.08256	0.485	CRTC2	-0.0210729671765879		CRTC2
10458	-0.219839	0.486	BAIAP2	0.1832130805843412		BAIAP2
51633	0.1008301	0.486	OTUD6B	-0.0484210963351259		OTUD6B
55131	0.0708977	0.486	RBM28	-0.3538206863892998		RBM28
106614088	-0.162031	0.486	MIR34AHG	-0.5342640093922624		MIR34AHG
57107	0.0634523	0.487	PDSS2	-0.0371969802965042		PDSS2
79613	0.0509024	0.487	TANGO6	0.1148246217184891		TANGO6
22884	-0.0696178	0.487	WDR37	0.0019277494881126		WDR37
207107	-0.4238463	0.487	SFTA1P	0.672294926704367		SFTA1P
11138	0.1002503	0.487	TBC1D8	-0.0749715720445793		TBC1D8
6843	-0.0817907	0.487	VAMP1	0.0787948367320798		VAMP1
2213	-0.2415982	0.487	FCGR2B	0.4339912268958896		FCGR2B
283152	0.1945004	0.487	CCDC153	0.0910661613374956		CCDC153
126119	0.1200181	0.487	JOSD2	-0.0335450247903432		JOSD2
63934	0.0779436	0.487	ZNF667	-0.1157052423460642		ZNF667
154661	0.1855291	0.488	RUNDC3B	-0.3507112730654829		RUNDC3B
643707	-0.0841096	0.488	GOLGA6L4	0.872055000927478		GOLGA6L4
100131378	0.1147478	0.488	C11orf91	0.6031736029590153		C11orf91
8065	0.0791227	0.488	CUL5	-0.2558385713037845		CUL5
6487	-0.0668762	0.488	ST3GAL3	0.1981899572974095		ST3GAL3
51440	-0.3944995	0.488	HPCAL4	-0.0148170713606617		HPCAL4
286046	0.1340128	0.488	XKR6	0.0862743444929611		XKR6
9311	0.1006324	0.488	ASIC3	-0.0852751427668803		ASIC3
84304	-0.0672537	0.488	NUDT22	0.220727286230586		NUDT22
116071	0.2033423	0.488	BATF2	-0.073200987681339		BATF2
54737	-0.060497	0.488	MPHOSPH8	0.2922323714824983		MPHOSPH8
7881	0.0837909	0.489	KCNAB1	0.4570278449461031		KCNAB1
284443	-0.1063293	0.489	ZNF493	0.256819161190629		ZNF493
541565	-0.1002912	0.489	C8orf58	0.2874859471450568		C8orf58
79400	-0.2463246	0.489	NOX5	0.6281223500560507		NOX5
4033	-0.134721	0.489	IRAG2	0.5597573131546583		IRAG2
597	-0.2500783	0.489	BCL2A1	0.2911218523500259		BCL2A1
2620	-0.1056185	0.489	GAS2	0.4250263053044192		GAS2
8556	-0.0925006	0.489	CDC14A	0.1893063705874235		CDC14A
1371	0.0758893	0.489	CPOX	-0.1706233782951596		CPOX
166815	0.0994973	0.489	TIGD2	0.1647531306543553		TIGD2
100506127	0.1256	0.49	GVQW3	0.0947380397575644		GVQW3
100506054	0.143232	0.49	RNASEH1-DT	0.1872231501785146		RNASEH1-DT
81790	0.0481171	0.49	RNF170	0.1247509789959373		RNF170
54331	-0.1503504	0.49	GNG2	0.0881492182869871		GNG2
150368	-0.1151384	0.491	PHETA2	0.2688500710107366		PHETA2
23587	0.0720977	0.491	ELP5	0.084886560543417		ELP5
3699	-0.3115708	0.492	ITIH3	0.3855284948776972		ITIH3
10134	0.0592035	0.492	BCAP31	0.0844476536029352		BCAP31
83637	-0.0535386	0.492	ZMIZ2	0.2402585844099931		ZMIZ2
440519	0.1732792	0.492	ZNF724	-0.2931928919926478		ZNF724
406913	0.2746462	0.492	MIR126	0.989172821629836		MIR126
5787	-0.1078585	0.492	PTPRB	0.0727642552748593		PTPRB
10486	-0.0861115	0.493	CAP2	0.1302760385592218		CAP2
146456	-0.1854339	0.493	TMED6	0.2477489524816709		TMED6
10322	-0.0721195	0.493	SMYD5	-0.0367638962458327		SMYD5
158747	-0.0947717	0.493	MOSPD2	-0.0845895902572182		MOSPD2
3574	0.2027795	0.493	IL7	-0.823420363153096		IL7
129446	0.187839	0.493	XIRP2	0.4054351814253776		XIRP2
4837	-0.1945209	0.494	NNMT	0.4316929438408348		NNMT
59352	0.2473582	0.494	LGR6	-0.2209020005800118		LGR6
101928988	-0.1688297	0.494	LOC101928988	0.0		LOC101928988
79896	0.1058009	0.494	THNSL1	0.1648657753315339		THNSL1
2335	0.2621171	0.494	FN1	-0.3626959471346147		FN1
57654	0.0833648	0.494	UVSSA	0.2144536761333826		UVSSA
55851	0.0613266	0.494	PSENEN	0.1706736805985391		PSENEN
5166	-0.384731	0.494	PDK4	0.3918853521600898		PDK4
102724307	0.1759132	0.494	CYP17A1-AS1	0.2476566632153254		CYP17A1-AS1
78996	0.0736299	0.495	CYREN	-0.0059361491634524		CYREN
1312	-0.0826656	0.495	COMT	0.2674522804825958		COMT
51703	-0.0856649	0.495	ACSL5	0.3138045526253297		ACSL5
83719	0.1312147	0.495	YPEL3	-0.054536892702913		YPEL3
9057	0.0859802	0.495	SLC7A6	-20.479019499113637		SLC7A6
54439	-0.0674971	0.495	RBM27	-0.0333708076499035		RBM27
124944	0.0573382	0.495	C17orf49	0.4490063071933132		C17orf49
728621	-0.0661064	0.495	CCDC30	-0.1366041039364923		CCDC30
5433	0.0547609	0.495	POLR2D	-0.1156793775851783		POLR2D
122622	0.093619	0.495	ADSS1	0.0935566685414555		ADSS1
5255	0.1084899	0.495	PHKA1	-0.0567831096714011		PHKA1
9202	0.053501	0.495	ZMYM4	-0.1030265523602005		ZMYM4
375298	-0.218914	0.496	CERKL	-1.371262237601214		CERKL
10184	0.1133354	0.496	LHFPL2	-0.0467790638143323		LHFPL2
129787	-0.0558361	0.496	TMEM18	-0.055484375029323		TMEM18
150483	0.2593305	0.496	TEKT4	0.3242907886878798		TEKT4
10068	0.0930311	0.496	IL18BP	0.0378093201872347		IL18BP
5696	-0.1028285	0.496	PSMB8	0.1919282125770562		PSMB8
6299	-0.6769313	0.496	SALL1	1.5681197112804313		SALL1
3768	-0.1103298	0.497	KCNJ12	0.2502726837132536		KCNJ12
26049	0.1404639	0.497	FAM169A	-0.1934564100672273		FAM169A
378805	-0.1375673	0.497	LINC-PINT	0.2555342989514741		LINC-PINT
8987	0.1118923	0.497	STBD1	0.14430547444781		STBD1
7130	0.2492242	0.497	TNFAIP6	-0.0238661414801972		TNFAIP6
202333	0.1016786	0.497	CMYA5	0.4713911862741557		CMYA5
100288142	-0.0676164	0.497	NBPF20	0.3213492016764956		NBPF20
5411	0.0666738	0.497	PNN	-0.1776436140601465		PNN
862	0.11891	0.497	RUNX1T1	-0.4762952300519227		RUNX1T1
4643	0.0932682	0.498	MYO1E	0.0479714717136561		MYO1E
80852	-0.1557888	0.498	GRIP2	-0.2080715565827935		GRIP2
283237	0.0589102	0.498	TTC9C	0.2716174701350509		TTC9C
79665	-0.0377595	0.498	DHX40	0.1488949888787836		DHX40
219972	0.1737516	0.498	MPEG1	-0.086615950182038		MPEG1
6611	0.0787274	0.498	SMS	0.0803988675914642		SMS
57589	0.0757899	0.498	RIC1	0.0630785394237847		RIC1
3455	0.0758369	0.498	IFNAR2	0.0546772569462068		IFNAR2
4722	0.0859336	0.499	NDUFS3	0.2344522478698607		NDUFS3
4058	-0.3320076	0.499	LTK	0.1532805885305197		LTK
5142	0.2495014	0.499	PDE4B	-0.2793382775871968		PDE4B
2744	-0.0902385	0.499	GLS	0.1485474348027233		GLS
170384	0.0966999	0.499	FUT11	0.2337913698950626		FUT11
7190	0.1125791	0.499	HSP90B2P	-0.185595332851026		HSP90B2P
23306	-0.0734167	0.499	NEMP1	0.0733032306917278		NEMP1
54800	0.1166075	0.499	KLHL24	-0.2201767532143579		KLHL24
2203	0.2441598	0.499	FBP1	-0.2177219351023451		FBP1
89944	0.1863171	0.499	GLB1L2	0.0626390551948459		GLB1L2
55676	-0.0511188	0.499	SLC30A6	0.2477249752758288		SLC30A6
160298	-0.1377583	0.499	C11orf42	0.0		C11orf42
5936	0.044709	0.5	RBM4	0.023874526594775		RBM4
6836	0.0423847	0.5	SURF4	-0.3717834976954464		SURF4
64319	-0.0464011	0.5	FBRS	0.2608794066942153		FBRS
101929595	0.1485667	0.5	CYP2U1-AS1	-0.6721012918315314		CYP2U1-AS1
58189	0.193205	0.5	WFDC1	0.029197899954259		WFDC1
9972	0.0518489	0.5	NUP153	-0.0627672841856976		NUP153
100134713	0.1256596	0.501	NDUFB2-AS1	0.6517484864381966		NDUFB2-AS1
60626	0.052683	0.501	RIC8A	0.1459510701257835		RIC8A
10257	-0.1254679	0.501	ABCC4	0.1342842744146835		ABCC4
55970	-0.107311	0.501	GNG12	0.1995861915105869		GNG12
51324	-0.0637051	0.501	SPG21	0.111872677761327		SPG21
2650	0.1446609	0.501	GCNT1	-0.2684220038121117		GCNT1
5603	0.1242553	0.501	MAPK13	-0.0801305693491285		MAPK13
197259	0.1336048	0.501	MLKL	0.0322351254362334		MLKL
286207	-0.090502	0.502	CFAP157	-0.1821178848478131		CFAP157
84984	0.1195872	0.502	CEP19	-0.1512297906539809		CEP19
5324	0.1201431	0.502	PLAG1	-0.0868718834392956		PLAG1
2277	0.2696894	0.502	VEGFD	-0.3579082137524989		VEGFD
23097	-0.0773405	0.502	CDK19	0.052717120540719		CDK19
100996447	0.0949947	0.502	MLF1-DT	-0.1642209593500627		MLF1-DT
1002	0.2632577	0.502	CDH4	-0.2422409156808234		CDH4
6827	0.0476896	0.503	SUPT4H1	-0.124693377646996		SUPT4H1
6046	0.0475995	0.503	BRD2	0.1093926505258622		BRD2
1188	-0.1458494	0.503	CLCNKB	0.6402320083312675		CLCNKB
57685	0.1153891	0.503	CACHD1	0.1362908681481313		CACHD1
9891	-0.0809799	0.503	NUAK1	-0.0005821204350127		NUAK1
124583	-0.051253	0.503	CANT1	0.3077215670304953		CANT1
339745	-0.1039886	0.503	SPOPL	0.0937884259991659		SPOPL
22798	-0.3309079	0.503	LAMB4	0.473878363519205		LAMB4
26100	0.0487558	0.503	WIPI2	0.1640922767180415		WIPI2
91689	0.0914609	0.503	SMDT1	0.1001921149879336		SMDT1
89853	0.059394	0.504	MVB12B	-0.0489375240904954		MVB12B
5929	0.0461895	0.504	RBBP5	0.0148931851352718		RBBP5
126003	-0.0696136	0.504	TRAPPC5	0.1198213770144738		TRAPPC5
8394	0.0486614	0.504	PIP5K1A	0.0157722471216823		PIP5K1A
100188953	0.1896045	0.504	LINC00092	-0.082092100076238		LINC00092
169611	-0.1115592	0.504	OLFML2A	0.4162709210578788		OLFML2A
79866	0.0711582	0.504	BORA	0.1024071366298078		BORA
55795	0.047114	0.504	PCID2	-0.1305234171655573		PCID2
286144	-0.1218424	0.504	TRIQK	-0.2594410762656949		TRIQK
10013	0.0473139	0.504	HDAC6	-0.0346974123135028		HDAC6
79784	0.0865169	0.505	MYH14	0.1552194468157504		MYH14
9015	0.0891178	0.505	TAF1A	-0.1032185863208395		TAF1A
55128	-0.0541092	0.505	TRIM68	0.035156505355582		TRIM68
23765	0.0939063	0.505	IL17RA	0.0887870226984106		IL17RA
222901	-0.0854121	0.505	RPL23P8	-0.0366022880344614		RPL23P8
9444	0.0808555	0.505	QKI	-0.4266445288468716		QKI
1788	-0.0694419	0.505	DNMT3A	0.0564054946450753		DNMT3A
23523	-0.0547229	0.505	CABIN1	0.2827196099598463		CABIN1
10009	0.0793377	0.505	ZBTB33	0.0674329660417063		ZBTB33
79568	-0.0706904	0.505	MAIP1	0.1386429592984601		MAIP1
503542	-0.114747	0.505	SPRN	1.5157122418473303		SPRN
6818	-0.0729524	0.505	SULT1A3	0.5474569170070804		SULT1A3
29126	-0.1153989	0.505	CD274	0.0541364785083593		CD274
729799	-0.1074381	0.506	SEC14L1P1	-0.0158406525850925		SEC14L1P1
9044	0.0845102	0.506	BTAF1	0.1547152065091324		BTAF1
115727	0.1485557	0.506	RASGRP4	-0.2661695653180185		RASGRP4
57393	0.0990562	0.506	CLTRN	0.0431222850264508		CLTRN
4893	-0.0766087	0.506	NRAS	0.1612487807653178		NRAS
54836	0.3001955	0.506	BSPRY	-0.0523882078794156		BSPRY
105378753	-0.1175998	0.507	LINC02777	0.3801820377087566		LINC02777
619499	-0.1928398	0.507	SNORA27	0.7068252546116618		SNORA27
1052	-0.2226532	0.507	CEBPD	0.2312599614401378		CEBPD
2530	-0.0708802	0.507	FUT8	0.3402483405623511		FUT8
10320	-0.1822542	0.507	IKZF1	-0.0206544027126739		IKZF1
140460	-0.0468001	0.507	ASB7	0.3025312186737545		ASB7
124995	0.0514869	0.508	MRPL10	-0.0789723470833889		MRPL10
55116	-0.0631654	0.508	TMEM39B	0.2185079825825906		TMEM39B
11218	0.0465108	0.508	DDX20	0.3094408458704709		DDX20
23180	0.0750362	0.508	RFTN1	-0.4265035841155056		RFTN1
1906	0.2114178	0.508	EDN1	0.0208444698721324		EDN1
2645	0.2474875	0.508	GCK	-0.2959512610505991		GCK
293	-0.0648977	0.508	SLC25A6	0.1701222726800662		SLC25A6
63035	0.0773239	0.508	BCORL1	-0.0222608038050056		BCORL1
8841	-0.0430023	0.509	HDAC3	0.1300921896193383		HDAC3
7711	0.0785175	0.509	ZNF155	0.0831537555753176		ZNF155
4734	-0.0756622	0.509	NEDD4	-0.0613726671323866		NEDD4
101927653	0.4065786	0.509	LINC02388	-0.649277876540094		LINC02388
126248	-0.1246644	0.509	WDR88	1.694629713377485		WDR88
4259	-0.0858386	0.509	MGST3	0.3515550792788104		MGST3
4259	-0.0858386	0.509	MGST3	0.445292451242635		MGST3
4323	0.0972167	0.509	MMP14	0.1417898146521263		MMP14
91977	-0.1673478	0.509	MYOZ3	0.2686495654187832		MYOZ3
11142	-0.0767719	0.51	PKIG	0.1787000584613052		PKIG
9341	-0.0324329	0.51	VAMP3	-0.086264716254278		VAMP3
54987	-0.0458549	0.51	CZIB	0.1269801073457168		CZIB
100499177	-0.0857169	0.51	THAP9-AS1	-0.0094644574721103		THAP9-AS1
94104	0.0473075	0.51	PAXBP1	-0.0948509191196551		PAXBP1
23583	0.0534315	0.511	SMUG1	-0.0865337061859161		SMUG1
728769	-0.0964171	0.511	SCAMP1-AS1	0.1429113160468702		SCAMP1-AS1
51193	0.0556552	0.511	ZNF639	0.0951861696454585		ZNF639
2811	-0.1729276	0.511	GP1BA	0.7046619651587687		GP1BA
79691	-0.0541257	0.511	QTRT2	-0.0699905218925438		QTRT2
26985	0.0532181	0.511	AP3M1	-0.2633183169390598		AP3M1
100506119	-0.209823	0.511	LINC01503	0.4086772231152157		LINC01503
55779	0.0866503	0.511	CFAP44	-0.2890835456012688		CFAP44
843	0.1150991	0.512	CASP10	0.0685757188057738		CASP10
57559	-0.1469601	0.512	STAMBPL1	0.4852156368980964		STAMBPL1
344558	0.1332379	0.512	SH3RF3	0.1486192762558924		SH3RF3
9472	-0.0893288	0.512	AKAP6	0.3123207298131776		AKAP6
53833	-0.1643611	0.512	IL20RB	0.4176270081524413		IL20RB
51131	0.0761397	0.512	PHF11	0.1743253350312086		PHF11
55135	-0.0684731	0.512	WRAP53	0.555933733869318		WRAP53
84899	0.0935438	0.512	TMTC4	-0.1753863063445944		TMTC4
101055625	-0.2645	0.513	OVCH1-AS1	0.6058636077951545		OVCH1-AS1
3956	0.0984231	0.513	LGALS1	0.1132365770976697		LGALS1
441204	-0.1707561	0.513	LINC02981	0.2274814352859673		LINC02981
100271927	-0.1818774	0.513	RASA4B	-0.647434571132689		RASA4B
2039	0.0780904	0.513	DMTN	-0.1068891211725118		DMTN
6778	0.0674808	0.513	STAT6	-0.0163411888719053		STAT6
353322	0.1003381	0.513	ANKRD37	-0.0751058729948632		ANKRD37
3383	-0.1467715	0.513	ICAM1	0.3316762887164532		ICAM1
28977	-0.0659924	0.513	MRPL42	-0.0287698687028319		MRPL42
57019	0.0681696	0.514	CIAPIN1	-0.2434076924474899		CIAPIN1
9747	-0.057679	0.514	TCAF1	0.0538857715309193		TCAF1
100506495	-0.1097726	0.514	LIFR-AS1	0.4178737479164032		LIFR-AS1
5814	-0.0609981	0.514	PURB	0.0850848655106868		PURB
23331	-0.0851817	0.514	TTC28	0.302579460802324		TTC28
6451	-0.1033961	0.514	SH3BGRL	0.1783026120459414		SH3BGRL
1880	-0.2624041	0.515	GPR183	0.3901795872313897		GPR183
26207	0.1220582	0.515	PITPNC1	-0.0185021565800114		PITPNC1
9488	-0.0628035	0.515	PIGB	0.592380798475747		PIGB
100874278	0.1106192	0.515	ERI3-IT1	-0.0210666182294643		ERI3-IT1
9378	0.1944898	0.515	NRXN1	-0.2853348342441253		NRXN1
379025	-0.0617002	0.515	PSMA3-AS1	0.1227780019446163		PSMA3-AS1
445329	-0.071835	0.515	SULT1A4	0.2153502835368943		SULT1A4
8318	0.3097446	0.515	CDC45	-0.6298223670879628		CDC45
27349	0.0663171	0.515	MCAT	-0.047531847730422		MCAT
3799	0.0766279	0.515	KIF5B	-0.3527818781618697		KIF5B
84187	-0.0960532	0.515	TMEM164	-0.1797060084028956		TMEM164
7844	0.0727852	0.516	RNF103	-0.2238857209071518		RNF103
64761	-0.1008841	0.516	PARP12	0.0105507779018552		PARP12
254394	-0.0562954	0.517	MCM9	0.0134881174924599		MCM9
23353	-0.0502461	0.517	SUN1	0.1071133999245779		SUN1
800	-0.0817501	0.517	CALD1	0.2752376890155323		CALD1
120425	-0.1758625	0.517	JAML	0.22012457872232		JAML
8309	0.0684847	0.518	ACOX2	-0.1048890701493219		ACOX2
283481	-0.130485	0.518	FGF14-AS2	0.4390407981194184		FGF14-AS2
10243	-0.0793649	0.518	GPHN	0.2489345562410125		GPHN
100533496	0.0552092	0.518	TVP23C-CDRT4	-0.4513869947709872		TVP23C-CDRT4
26297	0.0695613	0.518	SERGEF	-0.0483058681608232		SERGEF
283459	0.0529048	0.518	GATC	0.0251865609637871		GATC
8971	-0.1030262	0.518	H1-10	0.1545112748334416		H1-10
101929475	0.1424085	0.518	ITGB1-DT	-0.2617583674518615		ITGB1-DT
51727	0.0723126	0.518	CMPK1	-0.0990014574803179		CMPK1
284349	-0.0692837	0.519	ZNF283	0.3072776480196628		ZNF283
8536	-0.0739752	0.519	CAMK1	0.1127392029215879		CAMK1
347736	0.0785405	0.519	NME9	0.2742846177100086		NME9
60598	0.1784317	0.519	KCNK15	-0.0466276279430122		KCNK15
4282	-0.1001608	0.519	MIF	0.4037588925958273		MIF
1503	0.0771427	0.519	CTPS1	0.0756362963824663		CTPS1
101928470	-0.0950669	0.519	TMEM246-AS1	0.1969246221032365		TMEM246-AS1
121642	0.0757837	0.519	ALKBH2	-0.1113374579001571		ALKBH2
79822	-0.1943832	0.519	ARHGAP28	0.0088072363972885		ARHGAP28
79768	0.0705347	0.519	KATNBL1	-0.1447958571504974		KATNBL1
55715	-0.0888332	0.519	DOK4	0.0644683656407005		DOK4
100505538	0.1651802	0.519	RBM26-AS1	0.2437296099632335		RBM26-AS1
64395	-0.0792838	0.519	GMCL1	0.1611427962608123		GMCL1
5709	-0.0448651	0.519	PSMD3	0.3276448799880853		PSMD3
399823	-0.3625468	0.519	FOXI2	0.4213041479609525		FOXI2
9636	-0.2244785	0.519	ISG15	0.5064568942654946		ISG15
100505881	0.069283	0.519	MAGI2-AS3	0.1007212439696925		MAGI2-AS3
138639	-0.0776586	0.519	PTPDC1	0.2664502853333501		PTPDC1
3213	0.2046599	0.519	HOXB3	-0.2546330660096212		HOXB3
10207	-0.0920256	0.519	PATJ	0.2459457219221938		PATJ
10335	-0.0938625	0.52	IRAG1	0.2272411276497412		IRAG1
100820829	0.0862958	0.52	MYZAP	0.174143620558997		MYZAP
7363	0.4330047	0.52	UGT2B4	-0.5086761234768389		UGT2B4
4520	0.0514823	0.521	MTF1	-0.2482089130699138		MTF1
56913	-0.0885863	0.521	C1GALT1	0.0704620873413106		C1GALT1
9760	0.292559	0.521	TOX	-0.4772628285441271		TOX
113146	0.1905794	0.521	AHNAK2	-0.1413429523997886		AHNAK2
10438	-0.0773459	0.521	C1D	0.1245629809205315		C1D
90957	0.0354419	0.521	DHX57	0.2498617457128156		DHX57
64777	-0.0462167	0.521	RMND5B	0.3059048488091114		RMND5B
51661	0.078015	0.521	FKBP7	-0.3440120932427923		FKBP7
57175	-0.0610716	0.521	CORO1B	0.2601920822165331		CORO1B
79993	0.1987076	0.522	ELOVL7	-0.1064677625686454		ELOVL7
3561	-0.2009563	0.522	IL2RG	0.2559457490804653		IL2RG
83706	0.0871346	0.522	FERMT3	0.1535117208063665		FERMT3
256586	-0.1062681	0.522	LYSMD2	0.058375661090094		LYSMD2
8540	0.0667158	0.522	AGPS	0.0973572922452081		AGPS
29982	0.0734561	0.522	NRBF2	0.2082479085506383		NRBF2
7167	0.0605924	0.522	TPI1	0.3489434174846018		TPI1
5336	0.1169134	0.523	PLCG2	0.1598593363775533		PLCG2
677885	0.1651801	0.523	SNORA59A	0.0		SNORA59A
26469	-0.0848455	0.523	PTPN18	0.4030525698833238		PTPN18
100506658	-0.2220542	0.523	OCLN	0.6361499184937851		OCLN
9289	-0.0927189	0.524	ADGRG1	0.1156033623756425		ADGRG1
9112	0.0474063	0.524	MTA1	0.1436176192209322		MTA1
92241	0.0805265	0.524	RCSD1	0.0800040931524677		RCSD1
79695	-0.1796068	0.525	GALNT12	0.5493414030635168		GALNT12
55147	-0.0565037	0.525	RBM23	-0.3374645744618894		RBM23
147372	-0.3342366	0.525	CCBE1	0.5400656214497076		CCBE1
112268124	-0.1018782	0.525	BAZ1A-AS1	0.3862526766375961		BAZ1A-AS1
282566	-0.1552873	0.525	LINC00515	0.3027927575902343		LINC00515
80149	-0.1736438	0.525	ZC3H12A	0.4486941587750583		ZC3H12A
29887	-0.1803465	0.525	SNX10	0.5883005281334481		SNX10
4017	-0.210096	0.525	LOXL2	0.1991920808542802		LOXL2
3316	0.0867968	0.525	HSPB2	0.3644138320870134		HSPB2
129138	-0.0609801	0.525	ANKRD54	0.0544744910204375		ANKRD54
79870	-0.1783917	0.525	BAALC	-0.0487382760750254		BAALC
2135	0.0702903	0.526	EXTL2	-0.0831535808144154		EXTL2
9955	0.2987279	0.526	HS3ST3A1	-0.3918470970641141		HS3ST3A1
55209	0.0498036	0.526	SETD5	0.1469357314730306		SETD5
5238	-0.0573015	0.526	PGM3	0.0773112244579783		PGM3
10434	-0.1229835	0.526	LYPLA1	-0.4098713381068108		LYPLA1
27	0.0582444	0.526	ABL2	-0.0361696166587959		ABL2
4237	0.2445944	0.526	MFAP2	-0.2923152296341089		MFAP2
57582	0.1511202	0.526	KCNT1	0.12773978343806		KCNT1
101928158	-0.1526233	0.527	LAMA5-AS1	0.2782163619500428		LAMA5-AS1
81567	0.076515	0.527	TXNDC5	0.0621016856180691		TXNDC5
1797	0.0499463	0.527	DXO	-0.0414565142053815		DXO
266743	0.3428313	0.527	NPAS4	0.8130475679906457		NPAS4
506	-0.0718766	0.527	ATP5F1B	0.0862113855854396		ATP5F1B
163223	-0.1490617	0.527	ZNF676	0.2134692826620385		ZNF676
10235	0.0910405	0.527	RASGRP2	-0.2895876150647654		RASGRP2
1616	0.0535833	0.527	DAXX	-0.2555370121700253		DAXX
441273	0.1493198	0.527	SPDYE2	0.0		SPDYE2
8612	-0.229102	0.527	PLPP2	0.2597042478987848		PLPP2
646643	0.3073143	0.527	SBK2	-0.3187753836650996		SBK2
2245	-0.0691127	0.527	FGD1	0.0411135459852562		FGD1
1736	-0.0433436	0.527	DKC1	-0.2158020105371081		DKC1
1948	-0.0921933	0.527	EFNB2	0.1522311601595536		EFNB2
57026	-0.0725127	0.527	PDXP	0.2031529739759148		PDXP
440	0.1395686	0.527	ASNS	0.0752919776505445		ASNS
54970	-0.1059873	0.528	TTC12	0.1535625043542339		TTC12
256281	-0.1006873	0.528	NUDT14	0.0786410694464549		NUDT14
347273	0.145251	0.528	CAVIN4	0.0008215421800539		CAVIN4
143684	-0.0912078	0.528	FAM76B	-0.5138004844981712		FAM76B
6546	0.0778393	0.528	SLC8A1	-0.1439327066371829		SLC8A1
23263	-0.1440314	0.528	MCF2L	0.3126274717342712		MCF2L
3762	-0.1742773	0.528	KCNJ5	0.3030319433871904		KCNJ5
7320	-0.0596133	0.529	UBE2B	0.1761168657569971		UBE2B
26277	0.0424694	0.529	TINF2	-0.0294861739614571		TINF2
6328	0.1801171	0.53	SCN3A	-0.4022909575108234		SCN3A
406962	0.2311705	0.53	MIR186	9.926243897966682		MIR186
4718	0.0636258	0.53	NDUFC2	-0.0592222142336744		NDUFC2
7461	-0.0930975	0.53	CLIP2	0.2652675111567641		CLIP2
8448	-0.0690843	0.53	DOC2A	0.1822382939036127		DOC2A
55657	0.061694	0.53	ZNF692	-0.1169427206664588		ZNF692
9866	-0.1226815	0.53	TRIM66	0.066385491295942		TRIM66
51735	-0.0896168	0.53	RAPGEF6	1.337465840674675		RAPGEF6
80007	0.045749	0.53	C10orf88	-0.1401865454920643		C10orf88
93129	-0.0756686	0.531	ORAI3	0.3360742469665658		ORAI3
84451	-0.263393	0.531	MAP3K21	0.4474939814868777		MAP3K21
283629	-0.1000877	0.531	TSSK4	0.8101509645137615		TSSK4
112268105	-0.1918946	0.532	SBNO1-AS1	0.5327424088366666		SBNO1-AS1
997	0.0586333	0.532	CDC34	0.099982938231224		CDC34
9880	-0.0494438	0.532	ZBTB39	0.0690764678706035		ZBTB39
51129	0.2964331	0.532	ANGPTL4	-0.1540284820674951		ANGPTL4
5994	-0.0827359	0.532	RFXAP	0.5622018462938145		RFXAP
9244	0.2487556	0.532	CRLF1	-0.2441943652283216		CRLF1
51016	-0.0634003	0.532	EMC9	0.1962110511403998		EMC9
596	-0.1708812	0.532	BCL2	0.0284284447596037		BCL2
9858	0.0579502	0.532	PPP1R26	0.4932503189958206		PPP1R26
5277	0.0844452	0.532	PIGA	-0.4365492400355406		PIGA
79139	-0.0654542	0.532	DERL1	0.0184067890633752		DERL1
79861	0.3423084	0.532	TUBAL3	-0.5561092350387123		TUBAL3
100526664	0.0897316	0.533	LY75-CD302	-1.418395224489145		LY75-CD302
55248	0.0830086	0.533	PACC1	0.0302537301194285		PACC1
54463	0.0955065	0.533	RETREG1	-0.3186273240668908		RETREG1
1393	-0.27856	0.533	CRHBP	0.4593128486609874		CRHBP
171023	0.0472531	0.533	ASXL1	0.0941894726988055		ASXL1
253769	-0.0931987	0.533	WDR27	0.2311174362767545		WDR27
6240	0.0479498	0.534	RRM1	0.261578326090345		RRM1
57699	-0.2866819	0.534	CPNE5	0.4379580142421169		CPNE5
3737	-0.1939849	0.535	KCNA2	0.2372766952508177		KCNA2
100507639	0.2516347	0.535	LINC02432	-0.4161801295882239		LINC02432
3949	-0.1772747	0.535	LDLR	0.4156570912516164		LDLR
101928509	-0.2943588	0.536	LINC02268	0.3888760611541309		LINC02268
79022	0.0667837	0.536	TMEM106C	-0.1023620530479725		TMEM106C
57216	0.1263071	0.536	VANGL2	-0.223099141661043		VANGL2
10632	-0.0703013	0.536	ATP5MG	0.3041379216815691		ATP5MG
6489	0.2199378	0.536	ST8SIA1	-0.2397346881379294		ST8SIA1
133022	-0.1736175	0.536	TRAM1L1	0.35487490166258		TRAM1L1
171484	-0.7280583	0.536	FAM9C	1.194214598281404		FAM9C
201292	-0.0618314	0.537	TRIM65	0.0807579758207612		TRIM65
23152	-0.0556577	0.537	CIC	0.1830908614382451		CIC
78997	-0.1663257	0.537	GDAP1L1	0.3690654108974078		GDAP1L1
23175	0.1218513	0.537	LPIN1	-0.1339308829043286		LPIN1
56171	-0.1952201	0.537	DNAH7	0.616973801667508		DNAH7
9274	0.0469004	0.537	BCL7C	-0.0403779527594165		BCL7C
11064	0.0820465	0.537	CNTRL	0.1977250928974572		CNTRL
64841	0.0673048	0.537	GNPNAT1	-0.2314063757442173		GNPNAT1
9936	0.0889083	0.537	CD302	-0.0122489642318841		CD302
10975	0.0823429	0.537	UQCR11	-0.0467060456508328		UQCR11
389677	-0.0806493	0.537	RBM12B	-0.3017992732342542		RBM12B
23600	0.1290584	0.538	AMACR	-0.2417156278787908		AMACR
116843	-0.1042862	0.538	SLC18B1	0.1271357328290348		SLC18B1
56241	0.1794611	0.538	SUSD2	0.0559031975343023		SUSD2
124460	0.1704871	0.538	SNX20	-0.0649376950487505		SNX20
5732	0.2262216	0.538	PTGER2	-0.0087548905532186		PTGER2
406886	-0.1934041	0.538	MIRLET7D	0.4859927413908984		MIRLET7D
369	0.049014	0.539	ARAF	0.2558827800172496		ARAF
84733	0.1039013	0.539	CBX2	0.2231978366314293		CBX2
101927765	0.1165429	0.539	COA6-AS1	0.0777100839439106		COA6-AS1
22835	0.0685759	0.539	ZFP30	-0.1130401075867071		ZFP30
8837	0.069583	0.539	CFLAR	-0.1862175043935652		CFLAR
9655	0.0671215	0.539	SOCS5	0.1455516527864189		SOCS5
127262	-0.0500035	0.539	TPRG1L	0.2789974547957934		TPRG1L
100874044	0.1090969	0.539	HHATL-AS1	0.9793926382636028		HHATL-AS1
90141	0.0803774	0.539	EFCAB11	-0.1921075643158056		EFCAB11
117854	0.1328076	0.539	TRIM6	-0.0394815726738213		TRIM6
246329	-0.1104623	0.54	STAC3	0.2160897755830139		STAC3
728673	-0.1153738	0.54	FAM88B	0.5547717234403791		FAM88B
100526836	0.0742517	0.54	BLOC1S5-TXNDC5	-0.4647773138358859		BLOC1S5-TXNDC5
105370526	0.120306	0.54	HIF1A-AS3	-0.0519623228622188		HIF1A-AS3
90649	0.0940269	0.54	ZNF486	0.0924083327434102		ZNF486
643	-0.0839936	0.54	CXCR5	0.1743712957681351		CXCR5
64595	-0.4538713	0.541	TTTY15	0.5320297312893225		TTTY15
126282	0.1209519	0.541	TNFAIP8L1	0.130017420190581		TNFAIP8L1
8815	0.0742167	0.541	BANF1	0.3802371979835452		BANF1
79980	-0.0686112	0.541	DSN1	-0.0346556336782959		DSN1
100534599	0.0411508	0.541	ISY1-RAB43	0.5161403844767709		ISY1-RAB43
5986	-0.0631687	0.541	RFNG	-0.044556961174873		RFNG
7189	-0.053196	0.541	TRAF6	-0.1792249499387099		TRAF6
10399	0.0581455	0.542	RACK1	0.0298098208546893		RACK1
79663	0.0660305	0.542	HSPBAP1	0.1109451765073532		HSPBAP1
58497	0.057758	0.542	PRUNE1	-0.0206977631991138		PRUNE1
653677	-0.1602147	0.542	SEC1P	-0.2071294116688324		SEC1P
7692	-0.0490011	0.542	ZNF133	0.4046154215782485		ZNF133
5805	0.0664521	0.542	PTS	0.2286552606319141		PTS
9528	0.035417	0.542	TMEM59	0.0624148657318563		TMEM59
55093	-0.1082804	0.542	NTAQ1	0.2380305336349302		NTAQ1
7163	0.0727849	0.542	TPD52	-0.3278992644213536		TPD52
1973	0.0661316	0.542	EIF4A1	0.1162257683118062		EIF4A1
90488	-0.1064469	0.542	TMEM263	0.2883013308093298		TMEM263
50939	-0.1688354	0.543	IMPG2	0.1784591635454675		IMPG2
337873	0.0961139	0.543	H2BC20P	0.1720054421127129		H2BC20P
132660	0.0699313	0.544	LIN54	-0.266430684383752		LIN54
84640	0.0647585	0.544	USP38	0.012930639840551		USP38
115827	-0.3234701	0.544	RAB3C	0.2293091235012243		RAB3C
116496	-0.09144	0.544	NIBAN1	0.1533579051512905		NIBAN1
606495	-0.0717483	0.544	CYB5RL	0.1904045391747517		CYB5RL
79966	0.1081217	0.544	SCD5	-0.1277638543835431		SCD5
56521	0.1070745	0.545	DNAJC12	-0.2744420418558273		DNAJC12
6002	0.0568741	0.545	RGS12	0.5357363866052216		RGS12
55148	0.0396893	0.545	UBR7	-0.0345021629226121		UBR7
6357	0.3407851	0.545	CCL13	1.9082258071411056		CCL13
3600	-0.0991303	0.545	IL15	0.4487981398748695		IL15
93233	0.2258313	0.545	ODAD1	0.1133282130219499		ODAD1
285267	0.0554053	0.545	ZNF619	0.2281862121641783		ZNF619
92181	0.0595086	0.545	UBTD2	-0.0254908132099278		UBTD2
59348	0.0605608	0.546	ZNF350	-0.0711216414997957		ZNF350
54995	0.060708	0.546	OXSM	0.0773962474306046		OXSM
4889	-0.2258089	0.546	NPY5R	0.5367277055097572		NPY5R
6147	0.0739611	0.546	RPL23A	0.3000847126097365		RPL23A
9706	-0.0620334	0.546	ULK2	-0.3399819169419915		ULK2
56098	-0.0810805	0.547	PCDHGC4	0.1389263316662738		PCDHGC4
7718	0.1109762	0.547	ZNF165	-0.0425105478843457		ZNF165
57621	0.0587182	0.547	ZBTB2	-0.0183085188672706		ZBTB2
57488	-0.0675293	0.548	ESYT2	0.0813107118404161		ESYT2
101930071	-0.0975969	0.548	LOC101930071	0.4455705688445195		LOC101930071
523	-0.0648722	0.548	ATP6V1A	0.0646190916651754		ATP6V1A
9711	-0.0987017	0.548	RUBCN	0.0129061154252907		RUBCN
254048	-0.0635469	0.548	UBN2	0.3219058081767887		UBN2
84978	0.1250732	0.548	FRMD5	-0.1326321151202707		FRMD5
23608	0.044252	0.548	MKRN1	-0.2679948683493638		MKRN1
100129792	0.0832861	0.549	CCDC152	0.6571094938585909		CCDC152
90557	-0.1387095	0.549	CCDC74A	0.4480791527599558		CCDC74A
7052	0.1101799	0.549	TGM2	-0.0396894433607553		TGM2
84775	0.0598895	0.549	ZNF607	-0.0739156982271103		ZNF607
7257	-0.0615248	0.549	TSNAX	0.0011026384873389		TSNAX
54103	0.083857	0.549	GSAP	-0.1223629522309757		GSAP
84081	0.0692978	0.549	NSRP1	0.1001547939774081		NSRP1
64092	0.1946535	0.549	SAMSN1	-0.0939362808300293		SAMSN1
59349	-0.0376956	0.55	KLHL12	0.0749635818044716		KLHL12
64409	-0.1170058	0.55	GALNT17	0.2597573037464018		GALNT17
158801	0.1052882	0.55	NKAPP1	0.2720356680097977		NKAPP1
54881	0.0371371	0.55	TEX10	-0.013551425903739		TEX10
400581	-0.1143956	0.55	GRAPL	0.4771503131220349		GRAPL
54828	-0.0515297	0.55	BCAS3	0.0197993561489884		BCAS3
4209	-0.0498356	0.551	MEF2D	-0.0738555983414128		MEF2D
100852407	-0.1117172	0.551	CARS1-AS1	0.8761157568569544		CARS1-AS1
4676	0.0369372	0.551	NAP1L4	-0.4102210449673444		NAP1L4
120892	0.0951888	0.551	LRRK2	0.0066333993615077		LRRK2
5289	0.0310196	0.551	PIK3C3	0.2259596453033054		PIK3C3
285755	0.0911596	0.552	PPIL6	-0.2575437030340914		PPIL6
55279	0.0832074	0.552	ZNF654	0.2105189028860181		ZNF654
79600	-0.0630651	0.552	TCTN1	0.3099799573246935		TCTN1
56917	0.0965408	0.552	MEIS3	-0.1005838798126701		MEIS3
83473	0.1010746	0.552	KATNAL2	0.1057963736138736		KATNAL2
1500	-0.0409299	0.552	CTNND1	0.0647638429546546		CTNND1
109617013	-0.1618276	0.552	SNORD63B	0.5565199123596285		SNORD63B
57787	0.0639917	0.553	MARK4	0.0500501467120697		MARK4
59272	0.1664185	0.553	ACE2	-0.007946423694447		ACE2
64283	0.1325396	0.554	ARHGEF28	-0.0649187642200683		ARHGEF28
124359	-0.1205262	0.554	CDYL2	0.1562645785480767		CDYL2
55314	-0.0856054	0.555	TMEM144	0.3284724470197377		TMEM144
782	0.1074706	0.555	CACNB1	0.0565449912018451		CACNB1
79145	0.0629289	0.555	CHCHD7	0.1676504152037514		CHCHD7
80745	0.043228	0.555	THUMPD2	0.1543345426156719		THUMPD2
10105	-0.0723973	0.555	PPIF	0.0809425335527853		PPIF
2776	0.0793602	0.555	GNAQ	-0.1395762888583012		GNAQ
150684	-0.0701434	0.555	COMMD1	0.3346007874833532		COMMD1
6331	0.0732698	0.555	SCN5A	-1.402095796807174		SCN5A
29942	-0.2204782	0.555	PURG	0.3783536469739799		PURG
1272	0.2196336	0.555	CNTN1	0.0738967257006086		CNTN1
54676	-0.0519444	0.555	GTPBP2	0.0795345640330547		GTPBP2
79832	0.0863751	0.556	QSER1	0.0135012118586104		QSER1
105369362	-0.1922737	0.556	CHKA-DT	0.3125082069499123		CHKA-DT
9144	-0.0645644	0.556	SYNGR2	0.2345322760636046		SYNGR2
116835	-0.0935278	0.556	HSPA12B	0.2829913004138418		HSPA12B
81537	-0.1204934	0.556	SGPP1	0.2115382242349324		SGPP1
27239	-0.1086683	0.556	GPR162	0.2696067109447457		GPR162
84650	-0.0869879	0.557	EBPL	0.1959890392349503		EBPL
23460	0.1326947	0.557	ABCA6	-0.1965244157366905		ABCA6
79858	-0.1304737	0.557	NEK11	0.3001836929771074		NEK11
6575	-0.0901056	0.557	SLC20A2	-0.2485979353579548		SLC20A2
56853	-0.1718319	0.557	CELF4	0.0882267196960049		CELF4
5294	-0.1366494	0.557	PIK3CG	0.4188159435759335		PIK3CG
1655	0.0536383	0.557	DDX5	-0.5242629177555216		DDX5
5662	-0.1902597	0.557	PSD	0.4086587794480636		PSD
51761	0.2448498	0.557	ATP8A2	-0.5487763595982362		ATP8A2
717	-0.1914629	0.557	C2	0.4723045240290324		C2
23376	0.0674866	0.557	UFL1	0.2172190086477718		UFL1
1129	0.1389032	0.557	CHRM2	0.0088883391897462		CHRM2
7494	0.0603269	0.557	XBP1	-0.1138422451099252		XBP1
57089	-0.073982	0.557	ENTPD7	0.4043270945845508		ENTPD7
133	-0.2109685	0.558	ADM	0.4720359776653158		ADM
643155	0.0599341	0.558	SMIM15	-0.2308436182751814		SMIM15
9519	-0.0963193	0.558	TBPL1	0.4626477807815616		TBPL1
1193	0.107486	0.558	CLIC2	-0.06929694322737		CLIC2
2752	0.1625949	0.558	GLUL	-0.2882283832738253		GLUL
100128750	-0.0837616	0.558	RBPMS-AS1	0.0041106598136098		RBPMS-AS1
442590	0.1131127	0.558	SPDYE5	2.5918495268851327		SPDYE5
105376114	-0.0925631	0.558	UBQLN1-AS1	0.2944044431751353		UBQLN1-AS1
56616	0.050412	0.558	DIABLO	-0.1094489796280173		DIABLO
26270	0.0733743	0.558	FBXO6	0.1033469848981591		FBXO6
1264	0.2520728	0.559	CNN1	-0.0121396158379152		CNN1
57140	0.0608875	0.559	RNPEPL1	0.1339793761307621		RNPEPL1
8898	0.0475496	0.559	MTMR2	-0.0353113639803006		MTMR2
284390	-0.0982091	0.559	ZNF763	0.1902433991616892		ZNF763
51071	0.0603515	0.559	DERA	0.0723849796236795		DERA
11183	0.06243	0.559	MAP4K5	-0.184408021832541		MAP4K5
8906	0.068095	0.559	AP1G2	-0.1488773647609971		AP1G2
653	0.1434385	0.559	BMP5	-0.2634848778359002		BMP5
10808	0.1063111	0.559	HSPH1	-0.1987255703116419		HSPH1
23767	0.2552084	0.559	FLRT3	-0.2979061843612669		FLRT3
7782	0.0550568	0.559	SLC30A4	-0.3187830083744931		SLC30A4
83463	0.0826531	0.56	MXD3	0.0133464699002767		MXD3
4939	-0.1776813	0.56	OAS2	0.3722625678142832		OAS2
63977	0.0597551	0.56	PRDM15	-0.2777869536208384		PRDM15
93627	0.0664203	0.56	TBCK	-0.0329276419699797		TBCK
80139	0.1693564	0.56	ZNF703	-0.0338341214695492		ZNF703
23468	0.0400633	0.56	CBX5	-0.7881341405890074		CBX5
29941	-0.076786	0.56	PKN3	0.2392918384072579		PKN3
9173	0.440219	0.56	IL1RL1	-0.4964633900074631		IL1RL1
6793	-0.0599006	0.56	STK10	-0.1018214242104522		STK10
4901	-0.0751554	0.56	NRL	0.2254144949246442		NRL
197407	-0.063684	0.56	ZNF48	0.088009270107523		ZNF48
10007	-0.0589362	0.561	GNPDA1	-0.1185071979131029		GNPDA1
79883	-0.2431191	0.561	PODNL1	-0.2115339284270794		PODNL1
25907	0.2098321	0.561	TMEM158	-0.2943251247966945		TMEM158
375061	0.113035	0.561	FAM89A	-0.1073790787717339		FAM89A
118881	0.1312235	0.561	COMTD1	-0.2955612143547812		COMTD1
28638	0.1910757	0.561	TRBC2	0.1268854107571164		TRBC2
7745	0.0655739	0.562	ZKSCAN8	0.1507424602879536		ZKSCAN8
100131089	0.0707266	0.562	SRP14-DT	0.143406748243474		SRP14-DT
54466	0.065861	0.562	SPIN2A	-1.07671468894296		SPIN2A
245711	0.0807905	0.562	SPDYA	0.6273697227844663		SPDYA
79937	0.1902325	0.562	CNTNAP3	-0.0853282513603441		CNTNAP3
100507034	0.0436751	0.562	PITRM1-AS1	-0.2924270502274897		PITRM1-AS1
148268	0.0512841	0.562	ZNF570	-0.1334198626157143		ZNF570
83850	-0.1039204	0.562	ESYT3	0.5340730697883407		ESYT3
9531	-0.077292	0.562	BAG3	0.297101103568349		BAG3
402778	0.144973	0.562	IFITM10	0.474531534913734		IFITM10
196872	0.1851746	0.562	LINC00638	0.1082740291193333		LINC00638
7775	0.1206516	0.562	ZNF232	-0.191694456730723		ZNF232
23531	-0.096834	0.562	MMD	0.1257132245289418		MMD
54940	-0.0428488	0.563	OCIAD1	0.241607318783056		OCIAD1
57505	-0.0431528	0.563	AARS2	0.0879136417796067		AARS2
23475	-0.121124	0.563	QPRT	0.625819978808245		QPRT
23555	0.1193675	0.563	TSPAN15	-0.0545390386620328		TSPAN15
128869	0.0532063	0.563	PIGU	-0.1616130501428987		PIGU
54919	-0.0610547	0.563	DNAAF5	0.4319679991181591		DNAAF5
342926	0.0756899	0.563	ZNF677	0.0292727641413028		ZNF677
23185	-0.0573215	0.563	LARP4B	-0.0599658943775276		LARP4B
128346	0.0669052	0.564	C1orf162	-0.4940857237802833		C1orf162
22999	0.3220907	0.564	RIMS1	0.1269825575458822		RIMS1
54102	-0.2762283	0.564	CLIC6	0.5845395579929784		CLIC6
7013	0.0459363	0.564	TERF1	0.0816407267019285		TERF1
3189	-0.0595167	0.564	HNRNPH3	-0.0564687694089993		HNRNPH3
11274	-0.1389335	0.564	USP18	0.3282779786009463		USP18
84300	0.0949648	0.564	UQCC2	-0.0271796383435258		UQCC2
6881	0.0450322	0.564	TAF10	-0.0066544361742044		TAF10
30849	-0.0424528	0.564	PIK3R4	0.2916842600639322		PIK3R4
734	-0.0548825	0.564	OSGIN2	-0.1428688509062925		OSGIN2
10156	-0.1637387	0.565	RASA4	0.0582732246247741		RASA4
114884	-0.139124	0.565	OSBPL10	0.1483957667592488		OSBPL10
5793	0.1035689	0.565	PTPRG	0.0444996505551991		PTPRG
57484	-0.0806439	0.565	RNF150	0.0742711515040843		RNF150
7291	-0.1387391	0.565	TWIST1	0.1358991506213481		TWIST1
6387	-0.1666266	0.565	CXCL12	0.1236666163678954		CXCL12
716	0.1177165	0.565	C1S	0.1581790692733706		C1S
4301	0.0771447	0.565	AFDN	-0.0307410050515466		AFDN
3382	0.0694036	0.565	ICA1	-0.0269150416592403		ICA1
1675	-0.1885892	0.566	CFD	0.5370681676975533		CFD
283431	0.165769	0.566	GAS2L3	-0.1937707085702067		GAS2L3
4968	-0.040293	0.566	OGG1	0.224191842900383		OGG1
84456	0.0751876	0.566	L3MBTL3	-0.100879257520522		L3MBTL3
8110	-0.1160324	0.566	DPF3	0.0030098961753957		DPF3
375775	-0.1243855	0.566	PNPLA7	0.2828088675831646		PNPLA7
283254	0.0505918	0.566	HARBI1	-0.1481706062879249		HARBI1
247	0.5231368	0.566	ALOX15B	-0.3235346710710604		ALOX15B
9813	-0.0395491	0.566	EFCAB14	-0.1584944242885644		EFCAB14
3541	-0.3695238	0.566	IGLC5	3.6882438813866543		IGLC5
100505633	-0.2821265	0.567	LINC01133	0.6369679171901985		LINC01133
8295	0.0494665	0.567	TRRAP	0.1599369231075216		TRRAP
387707	0.1008226	0.567	CC2D2B	-0.1010525516917153		CC2D2B
84503	-0.0428145	0.567	ZNF527	0.2705229094018093		ZNF527
9060	-0.1464331	0.567	PAPSS2	0.2869706977595787		PAPSS2
8120	-0.2056749	0.567	AP3B2	0.1190953848246778		AP3B2
128153	0.1542566	0.567	SPATA17	0.2364459258755397		SPATA17
100131454	-0.1643295	0.567	DBIL5P	0.5036837002080892		DBIL5P
130355	0.0778778	0.568	C2orf76	0.0135377948622399		C2orf76
23194	-0.0650207	0.568	FBXL7	0.3122095500792765		FBXL7
399669	0.107811	0.568	ZNF321P	-0.3635175466353322		ZNF321P
84561	0.1482348	0.568	SLC12A8	-0.1053508340503091		SLC12A8
100129940	-0.2517424	0.568	HMGA2-AS1	0.5865183943468546		HMGA2-AS1
286016	-0.062163	0.568	TPI1P2	0.0086321252568091		TPI1P2
3308	-0.0802107	0.568	HSPA4	0.1067767292733741		HSPA4
27339	-0.0381446	0.568	PRPF19	0.3421886543324417		PRPF19
2017	-0.0534999	0.568	CTTN	0.2108944969659516		CTTN
55659	-0.0559808	0.568	ZNF416	0.0827418766917631		ZNF416
4148	0.2165647	0.568	MATN3	-0.1926524181939454		MATN3
64108	-0.1752425	0.568	RTP4	0.4646194634876986		RTP4
644873	0.0553041	0.568	SLC12A2-DT	-0.0849969813748741		SLC12A2-DT
22944	0.0448354	0.568	KIN	-0.071227306156052		KIN
284323	-0.0652634	0.569	ZNF780A	-0.4383680795237139		ZNF780A
51684	-0.0639117	0.569	SUFU	0.276106368466305		SUFU
10641	0.0426129	0.569	NPRL2	0.0631567228766165		NPRL2
101928595	-0.0918923	0.569	YPEL3-DT	0.2035989218770341		YPEL3-DT
3371	0.3355865	0.569	TNC	-0.1223375904894519		TNC
54491	0.1415883	0.569	OTULINL	0.1877439644316495		OTULINL
106144598	0.116869	0.569	FARSA-AS1	-1.1156365365001246		FARSA-AS1
2664	-0.0446343	0.569	GDI1	0.1589806245335587		GDI1
79177	0.0435433	0.57	ZNF576	0.173673673859259		ZNF576
55037	0.0536699	0.57	PTCD3	0.1013284467541275		PTCD3
81037	0.0379397	0.57	CLPTM1L	0.0433483757062562		CLPTM1L
254102	0.094334	0.57	EHBP1L1	0.1764604312582287		EHBP1L1
6655	0.0697434	0.57	SOS2	-0.1161996442509059		SOS2
158293	0.0356866	0.57	FAM120AOS	0.0277125951542016		FAM120AOS
10427	0.041302	0.57	SEC24B	0.1272062080274478		SEC24B
79102	0.066157	0.571	RNF26	0.1682394236516105		RNF26
5537	0.0369397	0.571	PPP6C	-0.4090953223448492		PPP6C
8314	0.0476539	0.571	BAP1	0.0447902712837837		BAP1
3988	0.0848484	0.571	LIPA	0.0849746179746464		LIPA
55757	0.0570864	0.571	UGGT2	-0.1405173518607676		UGGT2
92345	-0.0386647	0.571	NAF1	0.056158977038796		NAF1
1521	-0.2566256	0.571	CTSW	0.6488547948314989		CTSW
55746	0.0324543	0.571	NUP133	-0.1581021217732212		NUP133
54469	0.0416157	0.572	ZFAND6	-0.0880924971874241		ZFAND6
7701	-0.0425113	0.572	ZNF142	0.0115630875185068		ZNF142
1374	0.1011	0.572	CPT1A	-0.1615253417771791		CPT1A
83732	0.0442616	0.572	RIOK1	0.220210971696757		RIOK1
101929162	-0.0909226	0.572	PRDM4-AS1	-0.2654285572633315		PRDM4-AS1
23654	0.0581057	0.572	PLXNB2	-0.3120887966243533		PLXNB2
6285	-0.2577484	0.572	S100B	0.3430992089604583		S100B
84871	0.2460753	0.572	AGBL4	-0.0551991953645425		AGBL4
7051	0.1954504	0.572	TGM1	-1.4355269699103912		TGM1
552889	-0.0391122	0.573	ATXN7L3B	0.2394192664384116		ATXN7L3B
171425	-0.0947802	0.573	CLYBL	0.3221187818033		CLYBL
10878	-0.2434941	0.573	CFHR3	0.1030210844804105		CFHR3
5955	0.0527779	0.573	RCN2	0.1172999014793312		RCN2
81576	-0.0438899	0.573	YJU2B	0.2131563513574139		YJU2B
140862	0.2186316	0.573	ISM1	0.0357080291960754		ISM1
100885789	0.4533821	0.573	IFNG-AS1	0.0837920080535317		IFNG-AS1
84749	-0.0627577	0.573	USP30	0.0569863119153706		USP30
91544	-0.0627219	0.573	UBXN11	0.1058718119986084		UBXN11
51528	-0.0325267	0.573	JKAMP	0.2295349557074164		JKAMP
283038	0.1305489	0.573	LOC283038	0.4213859907820829		LOC283038
374569	0.2033615	0.573	ASPG	-0.319188522249398		ASPG
285456	-0.221966	0.573	RPL34-DT	0.172593842930829		RPL34-DT
102723555	0.1141084	0.574	SPDYE16	0.4078619980373412		SPDYE16
84448	0.1122222	0.574	ABLIM2	-0.1019178175329642		ABLIM2
23026	-0.2240884	0.574	MYO16	0.3809205346965252		MYO16
3265	-0.0463153	0.574	HRAS	-0.0685105088334685		HRAS
114882	0.1198559	0.574	OSBPL8	-0.6372860054137948		OSBPL8
79137	0.0524169	0.575	RETREG2	0.1309005100201448		RETREG2
4625	-0.0836964	0.575	MYH7	0.1828624035240942		MYH7
105	0.2828364	0.575	ADARB2	-0.9206315227011131		ADARB2
124961	0.0533283	0.575	ZFP3	0.1653245852383098		ZFP3
3542	-0.3769014	0.575	IGLC6	0.6036725691490314		IGLC6
84804	0.0537305	0.575	MFSD9	-0.1209324158443907		MFSD9
283887	-0.1255814	0.575	LINC02175	0.3193545758431609		LINC02175
10561	-0.1623537	0.575	IFI44	0.4934079303905649		IFI44
100505774	-0.1519589	0.575	LOC100505774	0.2726517572575244		LOC100505774
1027	0.0702442	0.576	CDKN1B	-0.0157201219331124		CDKN1B
51163	-0.0378355	0.576	DBR1	0.1100652270758923		DBR1
729178	-0.1128308	0.576	STXBP5-AS1	0.4114770016594909		STXBP5-AS1
124512	-0.0492885	0.576	METTL23	0.2872439665808528		METTL23
54470	0.0689875	0.576	ARMCX6	-0.0313175126942075		ARMCX6
93973	0.063266	0.576	ACTR8	-0.1678990708567891		ACTR8
84337	-0.0506245	0.576	ELOF1	-0.0179899225997841		ELOF1
79027	0.0438226	0.576	ZNF655	0.0868722691236554		ZNF655
148418	-0.1264581	0.577	SAMD13	0.2101058537550213		SAMD13
150776	-0.0888282	0.577	SMPD4BP	0.3131008475912038		SMPD4BP
84230	-0.0847728	0.577	LRRC8C	0.3285558969978253		LRRC8C
57158	-0.0914582	0.577	JPH2	0.1298045278160353		JPH2
374	0.410337	0.578	AREG	0.4437092365878183		AREG
1370	0.217444	0.578	CPN2	-0.0777587242536141		CPN2
79717	0.057278	0.578	PPCS	0.1630099101209987		PPCS
54438	0.08684	0.578	GFOD1	-0.0759353864029908		GFOD1
23122	0.0535605	0.578	CLASP2	-0.3632377013557839		CLASP2
64428	-0.0441116	0.578	CIAO3	-0.1016067470134416		CIAO3
126669	0.0761863	0.578	SHE	0.133790946998535		SHE
54780	0.0467439	0.579	NSMCE4A	-0.0083319380695394		NSMCE4A
5734	-0.1292965	0.579	PTGER4	0.3189714691075023		PTGER4
4728	-0.0642249	0.579	NDUFS8	0.3808415994021832		NDUFS8
25914	-0.0683544	0.579	RTTN	0.106822170269512		RTTN
3029	0.0519058	0.579	HAGH	-0.0741662761034493		HAGH
55700	0.0493232	0.579	MAP7D1	0.0353430543495036		MAP7D1
590	0.1522522	0.579	BCHE	-0.2605122965943185		BCHE
3776	0.2776624	0.579	KCNK2	-0.1607885941091693		KCNK2
441168	0.2073618	0.579	CALHM6	-0.030202015140655		CALHM6
2006	-0.1707286	0.579	ELN	0.4763782715244202		ELN
64231	0.1699454	0.579	MS4A6A	-0.1987599423551103		MS4A6A
6137	0.0768208	0.579	RPL13	-0.1706772861630092		RPL13
10973	-0.0665972	0.579	ASCC3	0.2886081470093877		ASCC3
101927352	-0.1593588	0.579	PLS3-AS1	0.1702415451954098		PLS3-AS1
80063	0.0738506	0.58	ATF7IP2	-0.3160639023036378		ATF7IP2
84106	-0.1750705	0.58	PRAM1	0.0394353677294897		PRAM1
92	-0.0634962	0.58	ACVR2A	0.0424071065064313		ACVR2A
55530	0.2244917	0.58	SVOP	0.137837036540424		SVOP
55530	0.2244917	0.58	SVOP	0.0		SVOP
8882	0.0727201	0.58	ZPR1	-0.2023077797253263		ZPR1
26258	-0.0458869	0.58	BLOC1S6	0.1108899136470693		BLOC1S6
3684	0.1513083	0.58	ITGAM	0.0466477202724275		ITGAM
91316	-0.0521014	0.58	GUSBP11	0.3626703028287501		GUSBP11
4867	0.0609994	0.58	NPHP1	0.1318338679280204		NPHP1
55526	0.0774457	0.58	DHTKD1	-0.0604702814999438		DHTKD1
26191	-0.1892689	0.58	PTPN22	0.249170069284894		PTPN22
6478	-0.0787127	0.58	SIAH2	0.0027652238562012		SIAH2
10126	-0.0672322	0.581	DNAL4	0.1038536051015595		DNAL4
8310	0.0714578	0.581	ACOX3	-0.0318544483872607		ACOX3
28984	-0.1689568	0.581	RGCC	0.3576223946600958		RGCC
116540	0.0596794	0.581	MRPL53	-0.0518260430807258		MRPL53
23390	-0.0737144	0.581	ZDHHC17	-23.391961675404		ZDHHC17
101927440	-0.1795385	0.581	SRGAP3-AS4	0.7363621171648169		SRGAP3-AS4
216	0.118645	0.581	ALDH1A1	-0.0963512070571743		ALDH1A1
9128	0.0399419	0.581	PRPF4	0.1957342800688892		PRPF4
54760	0.1380093	0.581	PCSK4	0.0411106519985124		PCSK4
11257	-0.0767186	0.582	TP53TG1	0.3448036173780977		TP53TG1
80124	-0.0702088	0.582	VCPIP1	0.1262466590655895		VCPIP1
151050	0.0666277	0.582	KANSL1L	0.0035938743142738		KANSL1L
51030	-0.0549456	0.582	TVP23B	0.1422442013231735		TVP23B
2899	0.246841	0.582	GRIK3	-0.1620669890643791		GRIK3
8446	-0.0429075	0.582	DUSP11	0.0697276202620478		DUSP11
308	0.0692771	0.582	ANXA5	0.0669848322877015		ANXA5
4521	-0.0672889	0.582	NUDT1	0.254162687102978		NUDT1
8140	0.1634696	0.583	SLC7A5	-0.1906055177118912		SLC7A5
387032	0.0514342	0.583	ZKSCAN4	-0.0088852258561968		ZKSCAN4
58475	-0.1686681	0.583	MS4A7	0.2990490769710776		MS4A7
53917	-0.0613066	0.583	RAB24	0.1359737614617451		RAB24
80311	-0.0892872	0.583	KLHL15	0.1427231152873551		KLHL15
246119	-0.3228566	0.583	TTTY10	0.3591781428155255		TTTY10
598	0.0961208	0.583	BCL2L1	-0.1235250062437876		BCL2L1
8481	0.0439601	0.584	OFD1	0.3060284807347866		OFD1
7225	-0.1618763	0.584	TRPC6	-0.1600133122713609		TRPC6
6884	0.0569837	0.584	TAF13	0.1136247293938828		TAF13
51454	-0.1388158	0.584	GULP1	-0.1239352740553136		GULP1
253724	-0.1082031	0.584	TTC41P	0.2974768958811637		TTC41P
5729	0.1462002	0.584	PTGDR	0.1424646156978807		PTGDR
5800	0.1779544	0.585	PTPRO	0.1275392166324038		PTPRO
23052	0.0736092	0.585	ENDOD1	0.1785596803610865		ENDOD1
11154	-0.0513526	0.585	AP4S1	0.1779840668766783		AP4S1
90025	0.0857003	0.585	UBE3D	-0.4893639705903916		UBE3D
845	-0.0635784	0.585	CASQ2	-0.2503646774091006		CASQ2
91746	0.0429111	0.585	YTHDC1	-0.1434158139624166		YTHDC1
3786	-0.17103	0.585	KCNQ3	0.1779441059975841		KCNQ3
10570	0.156085	0.585	DPYSL4	0.1494526089624228		DPYSL4
29066	-0.0304725	0.585	ZC3H7A	-0.123923342730376		ZC3H7A
5885	0.0616381	0.585	RAD21	-0.1819784963262183		RAD21
54434	-0.0630156	0.585	SSH1	0.1161409674765843		SSH1
26273	-0.0535483	0.586	FBXO3	-0.1024535545095544		FBXO3
100507477	-0.1593864	0.586	LINC02941	0.3989654339164632		LINC02941
284080	0.1856657	0.586	PICART1	-0.0123331244612439		PICART1
400258	-0.1205764	0.586	C14orf180	0.3850236715379456		C14orf180
54549	-0.1397444	0.586	SDK2	0.0836095576211986		SDK2
84975	0.0544669	0.586	MFSD5	0.0497798274439418		MFSD5
63915	-0.0472317	0.586	BLOC1S5	-0.2187499676596807		BLOC1S5
101928414	-0.2735196	0.586	SLC28A2-AS1	0.2491705501963441		SLC28A2-AS1
55466	-0.109815	0.586	DNAJA4	0.0070860825632346		DNAJA4
5901	-0.0402045	0.587	RAN	0.0622879106018183		RAN
4824	0.1292101	0.587	NKX3-1	-0.2337102121055614		NKX3-1
3109	-0.1470796	0.587	HLA-DMB	0.2610592471282076		HLA-DMB
3732	0.1036803	0.587	CD82	0.045034131518598		CD82
64407	-0.2047944	0.587	RGS18	0.2987602297230297		RGS18
100287639	0.2777853	0.587	MTHFD2P1	-0.0608569350124548		MTHFD2P1
6713	0.1334654	0.587	SQLE	0.0356407985289051		SQLE
100128927	0.0911555	0.587	ZBTB42	0.153471441993422		ZBTB42
2254	0.0885499	0.587	FGF9	-0.0520619919011604		FGF9
100506215	-0.0736721	0.587	PAXBP1-AS1	0.5573515387177571		PAXBP1-AS1
9454	-0.093598	0.588	HOMER3	0.0559233045283313		HOMER3
9399	-0.067184	0.588	STOML1	0.0851527654623778		STOML1
2844	-0.146836	0.588	GPR21	0.1885768527943945		GPR21
100506211	0.1386532	0.588	MIR210HG	-0.0810285603778497		MIR210HG
55177	0.0385971	0.588	RMDN3	-0.2269292986037641		RMDN3
9724	-0.0365827	0.588	UTP14C	0.3396176653499076		UTP14C
84131	0.0646938	0.588	CEP78	0.2210150296541194		CEP78
1677	-0.0750398	0.589	DFFB	0.0953460862738342		DFFB
389362	0.0500105	0.589	PSMG4	0.0706164352911824		PSMG4
79005	0.0629052	0.589	SCNM1	0.2156907244582626		SCNM1
116534	-0.2394387	0.589	MRGPRE	0.1030360600403033		MRGPRE
56954	-0.0495107	0.589	NIT2	0.4449195015487195		NIT2
376132	0.1917072	0.589	LRRC10	-0.1054204661842046		LRRC10
619568	-0.1214366	0.589	SNORA4	2.518701855901775		SNORA4
55259	0.1801341	0.59	DNAI7	0.1999929743200881		DNAI7
83849	-0.1284818	0.59	SYT15	-0.0622482735565173		SYT15
221786	0.0569644	0.59	FAM200A	-0.0812794061831261		FAM200A
22936	-0.1648744	0.59	ELL2	0.0565149044224835		ELL2
55582	0.0691222	0.59	KIF27	-0.0486225566065972		KIF27
127294	0.0855463	0.59	MYOM3	-0.0936981668801335		MYOM3
599	-0.0438263	0.59	BCL2L2	0.3065547107883333		BCL2L2
283726	-0.1428844	0.59	SAXO2	0.9454700758866786		SAXO2
51733	-0.1147481	0.59	UPB1	0.5774006822396048		UPB1
51329	0.0516879	0.59	ARL6IP4	0.0690934665953184		ARL6IP4
81788	0.1615804	0.59	NUAK2	-0.0375521237228611		NUAK2
25934	-0.0847584	0.59	NIPSNAP3A	0.3400262891981067		NIPSNAP3A
105370941	0.1048214	0.59	LOC105370941	0.1864823746516264		LOC105370941
113174	0.0607708	0.59	SAAL1	0.1482249054070616		SAAL1
100996379	0.118929	0.591	LOC100996379	0.0		LOC100996379
130074	0.0418488	0.591	FAM168B	-0.0168406837148813		FAM168B
260425	-0.0591999	0.591	MAGI3	0.3601412918221272		MAGI3
4597	-0.0552155	0.591	MVD	-0.004870029280819		MVD
339965	-0.116055	0.591	CCDC158	0.3933691229386307		CCDC158
10124	0.0985939	0.591	ARL4A	0.1505087424717159		ARL4A
57674	0.0728733	0.591	RNF213	0.149863094450585		RNF213
9517	0.0542671	0.591	SPTLC2	-0.0739032977132403		SPTLC2
23528	0.0666536	0.591	ZNF281	-0.1558163111294006		ZNF281
619567	0.157154	0.591	SNORD2	0.0		SNORD2
51320	-0.0507637	0.591	MEX3C	-0.2138527083567023		MEX3C
4850	0.0469616	0.591	CNOT4	-0.0268838707888088		CNOT4
5606	-0.1159042	0.591	MAP2K3	0.1674429347715733		MAP2K3
100288846	0.1401354	0.592	MIA2-AS1	0.3384740295169348		MIA2-AS1
729262	-0.1168097	0.592	NUTM2B	1.1056350520344909		NUTM2B
51274	0.0612564	0.592	KLF3	0.2003681527706491		KLF3
148189	-0.0676043	0.592	LINC00662	-0.1936712392055093		LINC00662
126326	-0.098501	0.592	GIPC3	0.2841490341196711		GIPC3
101929145	-0.0756001	0.592	PPP3CB-AS1	0.0255092479769103		PPP3CB-AS1
56265	0.2884578	0.592	CPXM1	-0.1535377120744013		CPXM1
651302	0.0842526	0.592	ZKSCAN8P1	0.2200426813656635		ZKSCAN8P1
100505678	-0.1693312	0.592	STARD4-AS1	1.7270529039289624		STARD4-AS1
135152	0.0414662	0.592	B3GAT2	2.1301172211028243		B3GAT2
84803	-0.1314528	0.592	GPAT3	0.432242426814625		GPAT3
89884	0.0903691	0.593	LHX4	0.6883568833627987		LHX4
27111	0.0896774	0.593	SDCBP2	0.2057383477217036		SDCBP2
132864	0.1166582	0.593	CPEB2	-0.3477084045056302		CPEB2
8450	-0.0596653	0.593	CUL4B	0.0187523827430098		CUL4B
84888	-0.0735533	0.594	SPPL2A	-0.2780248127251017		SPPL2A
100873965	-0.0395042	0.594	MED4-AS1	-3.133966701983403		MED4-AS1
51302	-0.0830477	0.594	CYP39A1	0.2929629222661933		CYP39A1
10379	-0.080271	0.594	IRF9	0.2851777809535454		IRF9
10217	-0.0663504	0.594	CTDSPL	0.5206307152976581		CTDSPL
64284	0.1222838	0.595	RAB17	-0.0008091311965987		RAB17
84085	0.0902579	0.595	FBXO30	-0.0337488415391318		FBXO30
9918	0.0415372	0.595	NCAPD2	0.0390015370203644		NCAPD2
9738	0.0589594	0.595	CCP110	-0.1627005979172464		CCP110
51303	0.1233049	0.595	FKBP11	-0.3229623421041498		FKBP11
54499	0.0340222	0.595	TMCO1	0.0464925030414509		TMCO1
2002	0.0653563	0.595	ELK1	-0.1006573933416294		ELK1
7514	-0.0689147	0.595	XPO1	0.0145801432422505		XPO1
51188	-0.067123	0.595	SS18L2	0.2694226179298913		SS18L2
89796	-0.140974	0.595	NAV1	0.1929921704972788		NAV1
51428	-0.0349352	0.595	DDX41	0.2568623811120609		DDX41
64795	0.0643722	0.595	RMND5A	-0.0998641603018644		RMND5A
147407	0.0982172	0.595	SLC25A52	-0.7178689799758202		SLC25A52
51646	0.0371372	0.596	YPEL5	-0.0735352149182446		YPEL5
8829	0.091288	0.596	NRP1	-2.139062267530619		NRP1
643680	-0.2002511	0.596	MS4A4E	0.173745670121731		MS4A4E
51172	-0.0621325	0.596	NAGPA	0.2950420385094165		NAGPA
1840	0.1522053	0.596	DTX1	-0.0363193385853726		DTX1
55239	-0.0479784	0.596	OGFOD1	0.2780308586530005		OGFOD1
10769	0.1710979	0.596	PLK2	-0.0196908877208681		PLK2
7386	0.0601035	0.596	UQCRFS1	0.0326950574604776		UQCRFS1
253264	-0.2656173	0.596	ZNF503-AS1	0.559293842920944		ZNF503-AS1
79862	-0.0926923	0.596	ZNF669	0.0674243938708434		ZNF669
222229	0.0489977	0.596	LRWD1	-0.0723478534109078		LRWD1
83666	0.0986631	0.597	PARP9	0.0003119636168391		PARP9
80333	-0.094077	0.597	KCNIP4	0.6101631470171207		KCNIP4
8760	0.0540031	0.597	CDS2	0.1230158223054465		CDS2
103910	-0.0972504	0.597	MYL12B	-0.0476516744027577		MYL12B
121227	-0.0736346	0.597	LRIG3	0.1300475811866071		LRIG3
3841	-0.087865	0.598	KPNA5	-0.0467324600315468		KPNA5
3433	-0.1292021	0.598	IFIT2	0.4513563135823393		IFIT2
339210	0.120554	0.598	C17orf67	-0.1066871330207776		C17orf67
64222	-0.0501745	0.598	TOR3A	0.3869789100296281		TOR3A
5250	-0.0674402	0.598	SLC25A3	0.4005634241135318		SLC25A3
116150	0.049454	0.599	NUS1	0.3840228434672735		NUS1
3300	-0.05512	0.599	DNAJB2	0.1910897367871529		DNAJB2
9315	-0.1661004	0.599	NREP	0.2576387942737996		NREP
55151	0.0787051	0.599	TMEM38B	-0.1465006125425478		TMEM38B
345757	-0.0508647	0.599	FAM174A	0.2626982559710074		FAM174A
54522	-0.0590079	0.599	ANKRD16	0.0002657140333002		ANKRD16
105375743	0.1391411	0.6	LOC105375743	0.0173826120932387		LOC105375743
100533183	0.0759226	0.6	ZNF664-RFLNA	1.0399701733757554		ZNF664-RFLNA
3617	-0.1710282	0.6	IMPG1	1.268836254111516		IMPG1
27350	0.0486012	0.6	APOBEC3C	0.1429472201589394		APOBEC3C
100534012	0.0613591	0.6	TNFAIP8L2-SCNM1	0.2156907244582626		TNFAIP8L2-SCNM1
55707	-0.053284	0.6	NECAP2	0.1892236647581717		NECAP2
79829	0.0474819	0.6	NAA40	-0.0029851950413712		NAA40
7025	0.241409	0.6	NR2F1	0.5904382379907375		NR2F1
1611	-0.0716923	0.6	DAP	0.0266912738367759		DAP
6386	0.1036223	0.6	SDCBP	-0.0997129788382986		SDCBP
6834	-0.0636918	0.6	SURF1	0.011603519710599		SURF1
57606	0.0476725	0.6	SLAIN2	-0.3660051328007778		SLAIN2
2049	-0.2115435	0.6	EPHB3	0.3332715105985772		EPHB3
140458	-0.1096507	0.601	ASB5	0.2564203847947826		ASB5
79758	-0.0696671	0.601	DHRS12	0.1275441552055252		DHRS12
252884	-0.1170217	0.601	ZNF396	0.0571158723089834		ZNF396
54852	-0.1827724	0.601	PAQR5	0.0709796203006234		PAQR5
10802	-0.073203	0.601	SEC24A	0.1687667445612752		SEC24A
56683	-0.0485859	0.601	CFAP298	0.2852103836995558		CFAP298
388695	0.0568603	0.601	LYSMD1	-0.1281541902460383		LYSMD1
25844	0.0312393	0.602	YIPF3	0.0870433394423857		YIPF3
143244	0.0537277	0.602	EIF5AL1	0.3013945728999589		EIF5AL1
105373979	0.4143617	0.602	LINC01880	-0.3184895416645914		LINC01880
147686	-0.0471064	0.602	ZNF418	0.247077123131155		ZNF418
128486	-0.0625984	0.602	FITM2	0.0448094266338561		FITM2
100506994	0.1064857	0.602	PTPRG-AS1	2.6877997716677564		PTPRG-AS1
1271	-0.2058016	0.602	CNTFR	0.3132682758523488		CNTFR
26287	0.2383252	0.602	ANKRD2	-0.0650324602334651		ANKRD2
4938	-0.2044855	0.603	OAS1	0.41827912499099		OAS1
109504726	-0.1217426	0.603	ERV3-1-ZNF117	0.1968820128934012		ERV3-1-ZNF117
51054	-0.112357	0.603	PLEKHA8P1	-0.0626087638979906		PLEKHA8P1
5596	-0.1349717	0.603	MAPK4	0.3778998602880414		MAPK4
5862	-0.0507402	0.603	RAB2A	-0.1230341570212969		RAB2A
64782	0.0943674	0.603	AEN	0.1277747793453583		AEN
23095	0.0651139	0.603	KIF1B	0.1294752352628414		KIF1B
55805	-0.0845788	0.604	LRP2BP	0.1302942055588214		LRP2BP
7447	-0.1091977	0.604	VSNL1	0.1514597850594325		VSNL1
122773	-0.0678354	0.604	KLHDC1	0.1690600754807567		KLHDC1
1727	0.0559632	0.604	CYB5R3	-0.0009244754489916		CYB5R3
72	-0.2415902	0.604	ACTG2	0.617982458191668		ACTG2
256369	0.234681	0.604	CCDC197	-0.0032235347484887		CCDC197
57539	-0.0548227	0.605	WDR35	-0.015759917409051		WDR35
989	-0.0433582	0.605	SEPTIN7	-0.0279857113269921		SEPTIN7
6879	-0.0422494	0.605	TAF7	0.0714636293182122		TAF7
102723701	0.121934	0.605	LOC102723701	0.0222918582756286		LOC102723701
399512	-0.0376339	0.605	SLC25A35	0.2653465703121733		SLC25A35
54996	0.0520402	0.606	MTARC2	-0.1578779385437911		MTARC2
4065	-0.1375912	0.606	LY75	0.1389936387452888		LY75
11152	-0.0543189	0.606	WDR45	-0.1131842524546842		WDR45
89792	-0.1799066	0.606	GAL3ST3	0.1265290454332223		GAL3ST3
23076	-0.0309259	0.606	RRP1B	0.2300533382815583		RRP1B
728558	-0.0819155	0.606	ENTPD1-AS1	-0.3583847070193275		ENTPD1-AS1
653784	0.1036689	0.606	MZT2A	-0.2536248137500898		MZT2A
54503	-0.0634434	0.606	ZDHHC13	0.0855610677315596		ZDHHC13
54955	-0.0385387	0.607	C1orf109	-0.0916148305142829		C1orf109
8445	-0.0705134	0.607	DYRK2	-0.0637923640573157		DYRK2
79057	0.1812579	0.607	PRRG3	-0.1558325807203555		PRRG3
134492	-0.0330423	0.607	NUDCD2	0.005475941263306		NUDCD2
28964	0.0549309	0.607	GIT1	-0.4185460885594967		GIT1
79932	0.0467933	0.608	KIAA0319L	-0.1393774279168109		KIAA0319L
126074	-0.0767195	0.608	SWSAP1	0.3164169284435854		SWSAP1
29940	0.0644461	0.608	DSE	0.1502033992558886		DSE
84859	-0.0375557	0.608	LRCH3	0.3872417066615172		LRCH3
3014	-0.0753578	0.608	H2AX	0.0304847266873169		H2AX
57102	0.0400716	0.608	C12orf4	-0.0652323075091443		C12orf4
102723313	0.1204825	0.608	LOC102723313	-0.8582366742214168		LOC102723313
105373335	0.1222886	0.608	LOC105373335	-0.6241505153042994		LOC105373335
257236	-0.1077907	0.609	CCDC96	0.0548860319074528		CCDC96
58986	0.0499856	0.609	PGAP6	-0.2147784883845807		PGAP6
8341	0.1167072	0.609	H2BC15	0.491038983773774		H2BC15
149428	-0.1440432	0.609	BNIPL	0.610435112334129		BNIPL
55074	0.0553498	0.609	OXR1	-0.165732275694058		OXR1
23513	-0.0518245	0.609	SCRIB	1.5373118567919697		SCRIB
100129794	-0.1037813	0.609	SLC25A21-AS1	0.4632937991517862		SLC25A21-AS1
5915	-0.0574418	0.61	RARB	0.2049676874435086		RARB
10282	-0.0603027	0.61	BET1	-0.0247719072364671		BET1
51202	0.0342037	0.61	DDX47	0.0632868663187657		DDX47
56155	0.1471057	0.61	TEX14	-0.4476717152335301		TEX14
51747	0.0490055	0.61	LUC7L3	0.0974655340018681		LUC7L3
115950	-0.0738295	0.611	ZNF653	-0.0698444469114814		ZNF653
57590	0.0577117	0.611	WDFY1	-0.1409635314705655		WDFY1
23329	-0.1139182	0.611	TBC1D30	0.2414923434950449		TBC1D30
57631	-0.0817457	0.611	LRCH2	0.0778802093420901		LRCH2
22890	0.0449423	0.611	ZBTB1	0.2149423499185125		ZBTB1
3680	0.0662426	0.611	ITGA9	0.132572973013378		ITGA9
57722	0.1837715	0.611	IGDCC4	-0.0687695639358589		IGDCC4
10475	0.049464	0.611	TRIM38	0.1870063779034427		TRIM38
4208	-0.0778123	0.611	MEF2C	-0.3181628851199063		MEF2C
2998	-0.0791275	0.611	GYS2	-0.4905587804013596		GYS2
3212	0.1140991	0.611	HOXB2	0.0319384606351471		HOXB2
10245	-0.0475816	0.611	TIMM17B	0.0630389690678709		TIMM17B
344838	-0.102768	0.611	PAQR9	0.1565786416746606		PAQR9
83444	0.0570464	0.611	INO80B	0.1162747564337145		INO80B
128178	-0.1176155	0.612	EDARADD	0.2088035834652735		EDARADD
133418	0.1256081	0.612	EMB	-0.1632040496005724		EMB
26515	0.0368536	0.612	TIMM10B	0.3670251379727394		TIMM10B
144108	-0.0501738	0.612	SPTY2D1	-0.5525477713212537		SPTY2D1
340543	-0.0705217	0.612	TCEAL5	0.0264082626485027		TCEAL5
152098	-0.067596	0.612	ZCWPW2	0.2695240811059862		ZCWPW2
27071	-0.1523527	0.612	DAPP1	0.3070694168405574		DAPP1
3977	-0.1312456	0.613	LIFR	-0.0040600564374204		LIFR
101927599	-0.0858686	0.613	ZNF529-AS1	0.3958988098305402		ZNF529-AS1
60481	0.071793	0.613	ELOVL5	-0.033245464441495		ELOVL5
64746	-0.060354	0.613	ACBD3	-0.043765489684012		ACBD3
55325	0.0581821	0.613	UFSP2	-0.1144858939058215		UFSP2
3619	0.0574926	0.613	INCENP	0.0506253255807638		INCENP
55226	-0.0357891	0.613	NAT10	-0.0422516778935238		NAT10
79800	0.0682371	0.613	CARF	-0.1627769107870489		CARF
26284	0.0454319	0.614	ERAL1	0.1383873635646368		ERAL1
26266	0.0936728	0.614	SLC13A4	-0.7514422104627019		SLC13A4
6876	-0.1377594	0.614	TAGLN	0.436379956609823		TAGLN
5578	0.1016677	0.614	PRKCA	0.1240545897599518		PRKCA
6141	-0.0558344	0.614	RPL18	0.0479367702189161		RPL18
115399	-0.151539	0.614	LRRC56	0.5552241404075509		LRRC56
3157	0.0620659	0.614	HMGCS1	-0.0828189994319519		HMGCS1
57613	-0.0962435	0.614	FAM234B	0.2172014799089662		FAM234B
5394	0.0372595	0.614	EXOSC10	0.1812238404641188		EXOSC10
5097	0.0771393	0.614	PCDH1	-0.2194839389879055		PCDH1
6591	0.1162836	0.614	SNAI2	-0.0817259610507865		SNAI2
4752	-0.0685209	0.614	NEK3	0.0999007553540423		NEK3
51562	-0.0454352	0.614	MBIP	0.0365441655605778		MBIP
2747	-0.0454189	0.614	GLUD2	-0.1101368890894347		GLUD2
10042	-0.0337964	0.615	HMGXB4	0.1445148811760841		HMGXB4
147687	-0.056563	0.615	ZNF417	0.4834670028816155		ZNF417
79947	0.0484807	0.615	DHDDS	0.1716286469066608		DHDDS
9657	-0.0425322	0.615	IQCB1	-0.047313240851937		IQCB1
27287	0.1086441	0.615	VENTX	0.1811505649517504		VENTX
662	0.0594153	0.615	BNIP1	0.1371549239265181		BNIP1
23351	0.0286836	0.616	KHNYN	0.1346495520581903		KHNYN
80331	0.0386754	0.616	DNAJC5	-0.0748464028338311		DNAJC5
8568	0.0427164	0.616	RRP1	0.2455194117664243		RRP1
79649	0.0541512	0.616	MAP7D3	-0.1771626151150096		MAP7D3
131377	-0.1705608	0.616	KLHL40	0.4538447235351441		KLHL40
9153	-0.2090513	0.616	SLC28A2	2.5034491337312863		SLC28A2
2661	0.1053337	0.616	GDF9	0.5685367653636286		GDF9
7710	-0.0743621	0.616	ZNF154	-0.050344701697941		ZNF154
57730	-0.0875069	0.616	ANKRD36B	-0.4564629168950047		ANKRD36B
27439	0.1083506	0.617	TMEM121B	-0.0055079562222166		TMEM121B
11037	-0.0746694	0.617	STON1	0.2049860346935741		STON1
6653	-0.1170129	0.617	SORL1	0.3645607903233739		SORL1
4926	0.0505965	0.617	NUMA1	-0.0148741188087218		NUMA1
29926	0.0451982	0.617	GMPPA	0.210144723119467		GMPPA
54790	0.0753117	0.617	TET2	0.1740858076666752		TET2
80206	-0.0723716	0.617	FHOD3	0.5445349369316643		FHOD3
100500905	-0.081894	0.617	MIR3661	-1.4486892532840416		MIR3661
5128	-0.0647128	0.618	CDK17	-0.3814202865623306		CDK17
92293	-0.2723634	0.618	TMEM132C	0.3890769420712157		TMEM132C
130502	-0.1089375	0.618	TTC32	0.2605397713947703		TTC32
80298	0.053369	0.619	MTERF2	-0.4449843251716077		MTERF2
11021	0.0309094	0.619	RAB35	-0.2868617760634997		RAB35
124402	-0.0628493	0.619	UBALD1	0.0853816987632134		UBALD1
51526	0.0603557	0.619	OSER1	-0.0474417135395883		OSER1
51663	0.0402621	0.619	ZFR	-0.1363861898937974		ZFR
3759	0.0992773	0.619	KCNJ2	0.0758442602793882		KCNJ2
9221	0.036929	0.619	NOLC1	0.2225695848785367		NOLC1
27148	0.0552526	0.62	STK36	0.2403133557251511		STK36
28992	0.0612907	0.62	MACROD1	0.0052152757673251		MACROD1
6991	-0.0831229	0.62	DYNLT2	-0.5240253685864895		DYNLT2
114904	0.1567878	0.62	C1QTNF6	-0.1120656898289624		C1QTNF6
144608	0.0578754	0.62	C12orf60	0.2081073543241502		C12orf60
57217	-0.0594963	0.62	TTC7A	0.3842422143592507		TTC7A
200132	0.1431795	0.62	DYNLT5	0.1133053988913943		DYNLT5
6122	-0.0647202	0.62	RPL3	0.1575569513096955		RPL3
4943	-0.0430926	0.621	TBC1D25	0.1423293387467521		TBC1D25
414157	-0.1726877	0.621	C10orf62	0.4271917590050208		C10orf62
4050	-0.2095794	0.621	LTB	0.3122918326490052		LTB
11123	-0.0668405	0.621	RCAN3	-0.1688842407735482		RCAN3
9828	-0.0456861	0.622	ARHGEF17	0.2773053633935216		ARHGEF17
58512	0.1390949	0.622	DLGAP3	-0.2083189852212363		DLGAP3
2553	0.0412466	0.622	GABPB1	-0.0879215546493696		GABPB1
27443	0.0888439	0.622	CECR2	-0.2566218401833287		CECR2
101928555	0.1382943	0.622	LINC01537	-1.92164380130956		LINC01537
6663	0.159796	0.622	SOX10	0.0826476855556623		SOX10
54981	0.0795352	0.622	NMRK1	0.0843989655424088		NMRK1
1520	-0.1371266	0.622	CTSS	0.2965545599999579		CTSS
79465	0.121647	0.622	ULBP3	-0.0353964505312455		ULBP3
161582	-0.1393175	0.622	DNAAF4	0.2602376369172886		DNAAF4
8790	-0.0559338	0.623	FPGT	0.3293724175958714		FPGT
6670	0.0448994	0.623	SP3	0.0012590559210616		SP3
221400	0.1046749	0.623	TDRD6	0.1914349541771816		TDRD6
23231	0.0871864	0.623	SEL1L3	-0.2552452471100386		SEL1L3
152926	-0.0973995	0.623	PPM1K	-0.2455308355566732		PPM1K
5393	0.0495143	0.623	EXOSC9	0.1541954592559946		EXOSC9
57664	-0.0913917	0.623	PLEKHA4	0.3802326613761426		PLEKHA4
55432	0.0809177	0.623	YOD1	-0.0189859156084657		YOD1
55845	0.0381411	0.623	BRK1	0.2046004027838694		BRK1
7652	-0.1501817	0.624	ZNF99	-0.1923869131536699		ZNF99
83693	0.0648828	0.624	HSDL1	-0.1344841632900761		HSDL1
2123	0.1775686	0.624	EVI2A	0.0061058605973909		EVI2A
90203	-0.0397407	0.624	SNX21	0.3394363922230412		SNX21
51338	-0.1807696	0.624	MS4A4A	0.4918593317377673		MS4A4A
54664	-0.079638	0.624	TMEM106B	-0.0485654593869488		TMEM106B
405	0.0295814	0.625	ARNT	-0.101619268532989		ARNT
81031	-0.1090548	0.625	SLC2A10	0.3366921756359775		SLC2A10
7903	0.1585409	0.625	ST8SIA4	-0.076301444452021		ST8SIA4
8050	0.0603755	0.625	PDHX	0.0290095482235006		PDHX
8729	-0.0513684	0.625	GBF1	0.2561080367548927		GBF1
101927229	0.1637477	0.625	LINC01929	-0.2078492460079217		LINC01929
412	-0.0661796	0.625	STS	0.2639359972807646		STS
643529	0.197338	0.625	LINC00865	0.0876797504379247		LINC00865
23276	-0.0416174	0.625	KLHL18	0.3786479786742092		KLHL18
401562	0.2213893	0.626	LCNL1	0.2217813006700497		LCNL1
23471	-0.075334	0.626	TRAM1	-0.3033985588163288		TRAM1
5218	0.0793254	0.626	CDK14	-0.486352025000949		CDK14
23240	-0.0733039	0.626	TMEM131L	0.3817457885591624		TMEM131L
1356	-0.1781393	0.627	CP	0.3238557432055122		CP
64799	-0.1033273	0.627	IQCH	0.6082013249381143		IQCH
8038	0.2763689	0.627	ADAM12	0.0470190231710949		ADAM12
3594	-0.1718864	0.627	IL12RB1	0.385253965410592		IL12RB1
192669	-0.0369114	0.627	AGO3	0.0921246425351738		AGO3
90826	0.0264326	0.627	PRMT9	0.3214773732242406		PRMT9
5599	-0.0437532	0.627	MAPK8	0.0343092938800806		MAPK8
151258	-0.2071823	0.627	SLC38A11	0.2111886421935087		SLC38A11
10671	0.0368167	0.627	DCTN6	0.2068089751703912		DCTN6
55298	-0.0310545	0.627	RNF121	0.158828983919586		RNF121
339761	-0.1612594	0.628	CYP27C1	0.1104605064117913		CYP27C1
56852	-0.0523366	0.628	RAD18	-0.0545223511950745		RAD18
55315	-0.0887125	0.628	SLC29A3	0.3543211955807293		SLC29A3
7991	0.0447449	0.628	TUSC3	0.0728838977222094		TUSC3
100506834	-0.1659078	0.628	GAS1RR	0.4143491960234962		GAS1RR
9765	0.0629135	0.629	ZFYVE16	-0.1061218189493518		ZFYVE16
10370	0.1034403	0.629	CITED2	-0.1794843770366032		CITED2
5373	0.0622355	0.629	PMM2	-0.0126241374560551		PMM2
23150	0.1292762	0.629	FRMD4B	-0.0228979951395102		FRMD4B
105377540	0.0803993	0.629	SAP30-DT	-0.0188853584906949		SAP30-DT
10621	-0.0418617	0.629	POLR3F	0.2816322957246506		POLR3F
55788	0.0336723	0.629	LMBRD1	-0.0150962592171213		LMBRD1
5802	0.0759953	0.629	PTPRS	-0.1316720054003424		PTPRS
1134	-0.2388505	0.629	CHRNA1	0.1421164428975079		CHRNA1
661	0.049655	0.629	POLR3D	-0.1337799297398461		POLR3D
84294	0.0416318	0.629	UTP23	-0.1845055087410796		UTP23
51257	-0.0432706	0.629	MARCHF2	0.3633218136079561		MARCHF2
118987	0.0451543	0.63	PDZD8	-0.0206942918155621		PDZD8
375248	0.0888255	0.63	ANKRD36	-0.0070015650305164		ANKRD36
27147	-0.0540423	0.63	DENND2A	0.2375829799489697		DENND2A
162963	-0.0860651	0.63	ZNF610	0.3194675862551142		ZNF610
80830	0.0976431	0.63	APOL6	0.1632343654945948		APOL6
2632	0.0832801	0.63	GBE1	-0.0752819037037806		GBE1
55106	0.0804308	0.63	SLFN12	-0.1388265554083179		SLFN12
1270	-0.1421246	0.63	CNTF	0.6004196194344166		CNTF
162962	-0.076954	0.63	ZNF836	0.3053437671165926		ZNF836
100302401	-0.1345633	0.63	RASAL2-AS1	0.2023374457935964		RASAL2-AS1
1638	0.1392548	0.63	DCT	-0.158042486709018		DCT
55670	-0.0263188	0.631	PEX26	0.3460833842154489		PEX26
100506755	-0.0531901	0.631	MIR497HG	1.0609101283115314		MIR497HG
284996	-0.0544896	0.631	RNF149	0.139541280794111		RNF149
25973	0.0530004	0.631	PARS2	-0.0242802622166191		PARS2
466	-0.0571899	0.631	ATF1	-0.0203114135872697		ATF1
29087	0.0468364	0.631	THYN1	0.0742237676578607		THYN1
26996	-0.1249284	0.632	GPR160	0.2184838970604145		GPR160
85379	-0.0816945	0.632	KIAA1671	0.3755664485763974		KIAA1671
78986	-0.0652488	0.632	DUSP26	0.0657808652162632		DUSP26
54823	0.0472812	0.632	SWT1	0.1412284111064317		SWT1
100873947	0.1002069	0.632	LMLN-AS1	4.102546916592004		LMLN-AS1
51665	-0.0397457	0.632	ASB1	-0.1495224230410423		ASB1
54494	-0.0563667	0.632	C11orf71	0.2859751814613269		C11orf71
30827	-0.0361953	0.632	CXXC1	-0.078625756490898		CXXC1
54952	0.0430437	0.632	TRNAU1AP	0.0671150939530682		TRNAU1AP
10602	0.0825615	0.632	CDC42EP3	-0.1905910231120415		CDC42EP3
1041	-0.2499182	0.633	CDSN	-2.4032539077391317		CDSN
106478956	-0.0592511	0.633	MDC1-AS1	0.3167770348292511		MDC1-AS1
5475	-0.3047396	0.633	PPEF1	0.2986325725946266		PPEF1
253143	-0.0428249	0.633	PRR14L	0.121541070321872		PRR14L
51097	0.0357853	0.633	SCCPDH	0.2355791326692804		SCCPDH
7384	0.059504	0.634	UQCRC1	0.097142441714018		UQCRC1
2139	-0.1725868	0.634	EYA2	0.4768177040575747		EYA2
219833	0.1005923	0.634	KCNJ5-AS1	-0.083548025873783		KCNJ5-AS1
165631	-0.1262951	0.634	PARP15	0.392089009616071		PARP15
7543	0.070595	0.634	ZFX	-0.3035006781185814		ZFX
5935	-0.0756397	0.634	RBM3	0.3156353745823397		RBM3
10618	-0.0281724	0.635	TGOLN2	0.0505498581956018		TGOLN2
102724814	-0.0647232	0.635	AP1G2-AS1	0.5877140414969269		AP1G2-AS1
26240	0.0541395	0.635	FAM50B	0.1723566168483215		FAM50B
84529	0.1146723	0.635	CDIN1	0.2350651999402533		CDIN1
9308	-0.1628369	0.636	CD83	0.4481741401823028		CD83
2274	-0.1314677	0.636	FHL2	-15.415513535008072		FHL2
10714	0.038213	0.637	POLD3	0.0596271355835935		POLD3
59084	-0.0953647	0.637	ENPP5	0.1493724975680339		ENPP5
2984	-0.0731398	0.637	GUCY2C	-0.5090880976425884		GUCY2C
80821	-0.0476829	0.637	DDHD1	0.1727962753061538		DDHD1
253039	-0.1262096	0.637	CUTALP	0.307749137782483		CUTALP
120863	0.1056872	0.637	DEPDC4	0.576865863217006		DEPDC4
83733	-0.0762645	0.637	SLC25A18	-0.2394050613456109		SLC25A18
84948	-0.0754669	0.637	TIGD5	0.2902065075902176		TIGD5
50848	-0.0646481	0.638	F11R	-0.1027852181064998		F11R
83636	0.0514336	0.638	C19orf12	-0.1331100630109807		C19orf12
27175	0.0316457	0.638	TUBG2	0.3115021114326817		TUBG2
120379	0.0826242	0.639	PIH1D2	-0.0240179132002724		PIH1D2
3512	-0.2757958	0.639	JCHAIN	-0.2636592472894521		JCHAIN
10420	0.0865141	0.639	TESK2	-0.1019310477996561		TESK2
90459	-0.0394266	0.639	ERI1	0.1846777926035934		ERI1
11024	0.164447	0.639	LILRA1	-0.0218850511451975		LILRA1
25814	-0.0285989	0.639	ATXN10	0.1043853838598138		ATXN10
79960	-0.0694466	0.639	JADE1	0.313274718448608		JADE1
202459	0.1062991	0.639	OSTCP1	-0.2502463876770426		OSTCP1
3676	-0.1564948	0.639	ITGA4	0.4886762432196724		ITGA4
4635	0.2661328	0.639	MYL4	-0.0665231466535294		MYL4
100505648	0.091803	0.639	RAD51-AS1	0.1240933274350171		RAD51-AS1
119	0.1234514	0.64	ADD2	-0.0429480358318444		ADD2
57167	-0.2115854	0.64	SALL4	0.0337119433923156		SALL4
6044	-0.1159244	0.64	SNORA62	-0.3477989625448254		SNORA62
79961	0.1424195	0.64	DENND2D	-0.0975775124593545		DENND2D
79690	-0.1091602	0.641	GAL3ST4	0.0709697524330412		GAL3ST4
51316	-0.1814001	0.641	PLAC8	0.1573943476278731		PLAC8
22900	0.0546311	0.641	CARD8	-0.2471328978450486		CARD8
54915	0.0253394	0.641	YTHDF1	-0.1442141218957964		YTHDF1
105378616	0.0984283	0.641	TAF12-DT	0.0207276963553053		TAF12-DT
219285	0.1248075	0.641	SAMD9L	-0.4163360149029342		SAMD9L
104169670	-0.0722078	0.641	RXYLT1-AS1	5.044355127073667		RXYLT1-AS1
4860	0.1107284	0.641	PNP	0.0848881601130591		PNP
51077	-0.0307241	0.641	FCF1	0.1029876726989309		FCF1
27113	-0.0849196	0.641	BBC3	0.1439925495322214		BBC3
10826	-0.063767	0.641	FAXDC2	0.1166461022580396		FAXDC2
9647	-0.0616428	0.641	PPM1F	-0.2105695511146255		PPM1F
79754	0.0470149	0.641	ASB13	0.2310409484897109		ASB13
6571	-0.0629854	0.642	SLC18A2	0.6488583089275073		SLC18A2
6811	-0.0428692	0.642	STX5	0.1197239667139138		STX5
121053	0.0439843	0.642	NOPCHAP1	0.2272689320470258		NOPCHAP1
55243	0.0834381	0.642	KIRREL1	0.1449612907254791		KIRREL1
57210	0.0543013	0.642	SLC45A4	-0.1752928910384361		SLC45A4
5636	0.0386324	0.642	PRPSAP2	0.0621177136300721		PRPSAP2
150275	0.0626508	0.642	CCDC117	-0.1604469477898806		CCDC117
2218	-0.0399631	0.642	FKTN	0.2082969623207471		FKTN
5717	0.0278372	0.642	PSMD11	0.0251612660920823		PSMD11
284071	0.1226105	0.642	MEIOC	-1.0531606956766004		MEIOC
80127	-0.0611735	0.643	BBOF1	-0.0070118047456557		BBOF1
83855	0.0891239	0.643	KLF16	0.1908423006854032		KLF16
84632	-0.0791406	0.643	AFAP1L2	0.0700506174890009		AFAP1L2
202018	0.0499405	0.643	TAPT1	-0.3848186543485301		TAPT1
5069	-0.1089714	0.643	PAPPA	0.2836813636600428		PAPPA
7503	0.6477674	0.643	XIST	0.0405638536755263		XIST
23265	0.0259222	0.643	EXOC7	-0.1520763321512417		EXOC7
84108	0.045878	0.644	PCGF6	-0.0731802125503606		PCGF6
53353	0.2088776	0.644	LRP1B	-0.3112126127494297		LRP1B
55208	-0.0735543	0.644	DCUN1D2	-0.1564252960104237		DCUN1D2
6929	0.0502864	0.644	TCF3	-0.1156510782235109		TCF3
79720	-0.061326	0.644	VPS37B	-0.3293280185666551		VPS37B
60489	-0.0912455	0.644	APOBEC3G	0.4360580872921289		APOBEC3G
51351	-0.1081749	0.644	ZNF117	0.1968820128934012		ZNF117
283742	0.0368063	0.644	FAM98B	0.2171688561576319		FAM98B
55905	0.0420262	0.644	RNF114	0.1773241624895201		RNF114
102723809	0.139012	0.645	HSPA2-AS1	2.189427108687984		HSPA2-AS1
2908	-0.0789449	0.645	NR3C1	0.046610608770826		NR3C1
200942	0.0823975	0.645	KLHDC8B	0.0847885349535753		KLHDC8B
11275	0.050291	0.645	KLHL2	-0.1412960120271051		KLHL2
9899	0.1743857	0.645	SV2B	0.1366817131065267		SV2B
56681	0.0242625	0.645	SAR1A	-0.1589588063400357		SAR1A
7709	0.037898	0.646	ZBTB17	-0.0072057323331469		ZBTB17
57864	-0.1316081	0.646	SLC46A2	-0.0970349603179943		SLC46A2
644943	-0.2107674	0.646	RASSF10	0.5185152972967484		RASSF10
110806303	0.1754622	0.646	SLC25A34-AS1	-0.1721634373500951		SLC25A34-AS1
2701	-0.0706545	0.646	GJA4	0.2757882164667684		GJA4
10848	0.0550999	0.646	PPP1R13L	-3.724016156174798		PPP1R13L
79077	-0.0506787	0.646	DCTPP1	0.1173744792324367		DCTPP1
219899	-0.0476456	0.646	TBCEL	0.1468132696691677		TBCEL
126295	0.1012744	0.646	ZNF57	0.1026500556279936		ZNF57
7072	-0.0584952	0.646	TIA1	-0.2796378216015567		TIA1
4190	-0.0543765	0.647	MDH1	0.0726724373021134		MDH1
4931	0.0340351	0.647	NVL	-0.2823218392794873		NVL
3690	-0.0970832	0.647	ITGB3	0.4001245652913731		ITGB3
414152	-0.1028611	0.647	C10orf105	0.445597929576083		C10orf105
55062	-0.0678045	0.647	WIPI1	0.1983973783084289		WIPI1
23312	0.0730125	0.647	DMXL2	0.1018103675669852		DMXL2
154791	-0.0786432	0.647	FMC1	0.5477036045036039		FMC1
23096	0.0550727	0.647	IQSEC2	0.141481578610239		IQSEC2
6990	-0.0794814	0.647	DYNLT3	0.1331951835894411		DYNLT3
57519	0.0679143	0.647	STARD9	0.222241561557591		STARD9
4126	0.0466294	0.647	MANBA	0.0708555267756922		MANBA
153770	-0.1308455	0.648	PLAC8L1	0.1315586553320626		PLAC8L1
7639	-0.0721298	0.648	ZNF85	0.4563384498660251		ZNF85
10179	-0.0445619	0.648	RBM7	0.0197283149079749		RBM7
9637	0.0511155	0.648	FEZ2	-0.0799900526238834		FEZ2
440087	0.1488831	0.648	SMCO3	-0.1234661631164433		SMCO3
51109	0.0344471	0.648	RDH11	-0.032675870998327		RDH11
653082	0.1414265	0.648	ZDHHC11B	-0.2909710565851391		ZDHHC11B
342945	-0.0657979	0.648	ZSCAN22	0.3133931542643443		ZSCAN22
100507071	-0.0980646	0.648	PIWIL2-DT	-4.102022178501972		PIWIL2-DT
140545	0.0947841	0.648	RNF32	-0.298522636744137		RNF32
1213	0.0427182	0.648	CLTC	0.1766957710398866		CLTC
95	0.0707513	0.648	ACY1	0.2777396859292462		ACY1
58985	0.1922316	0.648	IL22RA1	0.1816596792991378		IL22RA1
116986	-0.1003126	0.648	AGAP2	-0.1611180667465421		AGAP2
6683	-0.0783	0.648	SPAST	0.3211855517106269		SPAST
260293	-0.0964313	0.648	CYP4X1	0.3370170416999956		CYP4X1
100874362	-0.1008846	0.648	HOXB-AS1	0.5604652608615242		HOXB-AS1
55273	0.1774827	0.649	TMEM100	-0.1895117431923081		TMEM100
634	0.1125244	0.649	CEACAM1	-0.3734193571603357		CEACAM1
284309	0.0431364	0.649	ZNF776	0.2743487525559152		ZNF776
257169	-0.13582	0.649	C9orf43	0.2984940771728606		C9orf43
3925	0.0856526	0.649	STMN1	-0.1865789154876163		STMN1
847	-0.0697017	0.649	CAT	0.3271870372319929		CAT
23432	0.0793362	0.65	GPR161	-0.0641775752026702		GPR161
339874	0.0924141	0.65	NUDT16-DT	0.8076203293064981		NUDT16-DT
51352	0.090433	0.65	WT1-AS	0.0227913487538302		WT1-AS
54210	-0.1900062	0.65	TREM1	-0.0855984146644834		TREM1
56246	-0.0795119	0.65	MRAP	-1.523538743271045		MRAP
84164	-0.0520083	0.65	ASCC2	0.1292120694471341		ASCC2
80150	0.090368	0.65	ASRGL1	-0.0930554762460424		ASRGL1
117	0.1571789	0.65	ADCYAP1R1	-0.009686488585995		ADCYAP1R1
253832	-0.0740022	0.65	ZDHHC20	0.1460595519729528		ZDHHC20
3340	0.0441544	0.65	NDST1	0.3470948678214922		NDST1
79934	0.0612515	0.651	COQ8B	-0.1902725466774502		COQ8B
56121	-0.0870952	0.651	PCDHB15	0.2561454648164951		PCDHB15
124222	-0.0814961	0.651	PAQR4	0.2878147464296736		PAQR4
84457	-0.1310751	0.651	PHYHIPL	2.2040746675621525		PHYHIPL
3623	-0.1624191	0.651	INHA	0.3146136967536363		INHA
1491	0.1266076	0.651	CTH	0.0642171472514512		CTH
4645	-0.1324938	0.651	MYO5B	0.3578425646597869		MYO5B
54	0.1979958	0.651	ACP5	-0.2519901552637567		ACP5
2782	-0.0207251	0.652	GNB1	-0.3805035650313888		GNB1
54796	-0.0984254	0.652	BNC2	0.2742848723311916		BNC2
4702	0.0468231	0.652	NDUFA8	-0.0161461751876341		NDUFA8
22915	0.1980683	0.652	MMRN1	0.3588177128790923		MMRN1
8926	0.0482153	0.652	SNURF	0.0826938958049776		SNURF
8554	0.0553027	0.652	PIAS1	0.0565574403152124		PIAS1
6581	0.1060136	0.652	SLC22A3	0.1682360617281155		SLC22A3
138428	-0.0429356	0.652	PTRH1	0.3283027592960161		PTRH1
57491	0.1583098	0.652	AHRR	-0.2501384771853208		AHRR
3360	-0.166518	0.652	HTR4	1.6054801681683126		HTR4
54947	-0.074181	0.652	LPCAT2	0.0305794887803756		LPCAT2
79603	0.0702168	0.652	CERS4	0.3015364872268486		CERS4
80342	-0.1159964	0.653	TRAF3IP3	0.5763789651557445		TRAF3IP3
202500	0.1739539	0.653	TCTE1	0.9642023118225764		TCTE1
3201	0.2857426	0.653	HOXA4	-0.1847151496385708		HOXA4
4174	-0.055665	0.653	MCM5	0.3443221284677551		MCM5
6013	-0.1654955	0.653	RLN1	0.058976589621388		RLN1
5896	0.1026401	0.653	RAG1	0.4201901558907907		RAG1
5641	0.0488378	0.654	LGMN	-0.0803518567850387		LGMN
5600	-0.0626596	0.654	MAPK11	0.089722641439069		MAPK11
56850	0.033726	0.654	GRIPAP1	0.0128346350612105		GRIPAP1
27289	-0.1819014	0.654	RND1	0.2707172667448161		RND1
202020	0.103637	0.654	TAPT1-AS1	0.2351928590682575		TAPT1-AS1
55760	0.0539679	0.654	DHX32	0.0039865704270889		DHX32
283635	0.0578989	0.654	FAM177A1	0.0429598030783697		FAM177A1
376497	-0.0578906	0.654	SLC27A1	0.1369229403400051		SLC27A1
107984921	-0.0732352	0.654	LINC01772	0.2299665250110139		LINC01772
80054	-0.1283539	0.654	CEBPA-DT	0.5170360925319719		CEBPA-DT
64132	0.0448729	0.655	XYLT2	0.2273815777407311		XYLT2
8209	0.0567452	0.655	GATD3	0.1242513852522115		GATD3
6502	0.0636464	0.655	SKP2	-0.1794989543724969		SKP2
8085	-0.0495367	0.655	KMT2D	-0.1658839716397171		KMT2D
171586	-0.0913309	0.655	ABHD3	0.1231296125193224		ABHD3
85021	-0.0389819	0.655	REPS1	-0.0645729193977047		REPS1
2327	0.1051457	0.656	FMO2	-0.0137649725945676		FMO2
56165	0.1357409	0.656	TDRD1	0.1107474936306797		TDRD1
2289	0.23359	0.656	FKBP5	-0.2979532783598344		FKBP5
23328	-0.0587986	0.656	SASH1	0.2832198508189569		SASH1
3835	-0.0759563	0.656	KIF22	0.2409839669357518		KIF22
54799	-0.0529553	0.656	MBTD1	0.1120949351647313		MBTD1
3798	0.1369466	0.656	KIF5A	0.3994358263991566		KIF5A
2071	-0.0272263	0.656	ERCC3	-0.0479945904186864		ERCC3
25822	-0.1281192	0.656	DNAJB5	0.3639581659025444		DNAJB5
90271	0.1130657	0.656	OLMALINC	0.1007961717267599		OLMALINC
126014	0.141156	0.656	OSCAR	-0.1574678554670862		OSCAR
84645	-0.0457765	0.656	C22orf23	-0.3070451935500834		C22orf23
100507475	0.108079	0.656	IDH1-AS1	0.0764236009842851		IDH1-AS1
286319	0.0545804	0.657	TUSC1	-0.1541216751699634		TUSC1
35	-0.058386	0.657	ACADS	0.3135417287520257		ACADS
3149	0.1068269	0.657	HMGB3	-0.0069289303435295		HMGB3
9746	-0.0711264	0.657	CLSTN3	0.2954622412735164		CLSTN3
729515	0.04502	0.657	TMEM242	0.003954796645845		TMEM242
30845	-0.0670989	0.657	EHD3	0.402280716981958		EHD3
80224	-0.0520274	0.657	NUBPL	0.1694448156953019		NUBPL
728039	0.0902288	0.657	SSR4P1	0.3469004360939259		SSR4P1
4129	0.0562909	0.657	MAOB	-0.0070697825576493		MAOB
26061	0.0400718	0.657	HACL1	-0.0089678368601107		HACL1
4193	-0.0470692	0.657	MDM2	0.1529968509302319		MDM2
3588	0.0526026	0.657	IL10RB	0.0792306123670623		IL10RB
3753	0.0903245	0.657	KCNE1	0.0103757947245179		KCNE1
84327	-0.0473205	0.657	ZBED3	0.1294194211578783		ZBED3
349075	-0.068602	0.658	ZNF713	0.3599687481956722		ZNF713
26986	0.0446179	0.658	PABPC1	0.0175566513627618		PABPC1
4085	0.0652248	0.658	MAD2L1	-0.0339676541839277		MAD2L1
1512	-0.0853253	0.658	CTSH	0.0271246308095465		CTSH
6373	-0.3070079	0.658	CXCL11	0.4041658936139285		CXCL11
2195	-0.0622934	0.658	FAT1	0.2307763615965354		FAT1
100132247	0.0671282	0.658	NPIPB5	-0.0647990274247496		NPIPB5
81609	0.0351552	0.658	SNX27	0.0628172011746559		SNX27
170575	0.0811598	0.658	GIMAP1	0.1080355441798159		GIMAP1
9278	-0.0531633	0.658	ZBTB22	0.1024335628921755		ZBTB22
100507642	-0.09861	0.659	LINC03014	0.1377469938824094		LINC03014
84141	0.1890898	0.659	EVA1A	0.129250531658691		EVA1A
57700	0.0514588	0.659	FHIP2A	0.0140548669415823		FHIP2A
23457	0.0647096	0.659	ABCB9	-0.0788612922538418		ABCB9
9187	-0.0572484	0.659	SLC24A1	0.5345210114631014		SLC24A1
144983	-0.0391278	0.659	HNRNPA1L2	0.8024736934082428		HNRNPA1L2
1477	-0.0272468	0.659	CSTF1	0.1646845983907763		CSTF1
56256	-0.2048695	0.659	SERTAD4	-0.0205319956746985		SERTAD4
78999	-0.0688064	0.659	LRFN4	0.2541152144675891		LRFN4
2770	-0.0531536	0.66	GNAI1	0.0316608759488792		GNAI1
63826	-0.0300727	0.66	SRR	0.5468974944415153		SRR
10499	0.0597558	0.66	NCOA2	-0.3096823733965794		NCOA2
207	-0.0379309	0.66	AKT1	0.0848317519623345		AKT1
84614	-0.0553834	0.66	ZBTB37	0.3438337778407085		ZBTB37
730112	-0.1448385	0.66	FAM166B	-0.1141325676887356		FAM166B
124245	0.0332532	0.66	ZC3H18	0.3812073699308351		ZC3H18
4886	-0.1599193	0.66	NPY1R	0.1768948398762214		NPY1R
11215	0.0802571	0.66	AKAP11	0.2204528127694125		AKAP11
51312	0.0320099	0.66	SLC25A37	0.1499125048182588		SLC25A37
126567	-0.1327302	0.661	C2CD4C	0.2025959596946629		C2CD4C
221830	-0.0429856	0.661	POLR1F	-0.2988862433511303		POLR1F
51205	0.0746396	0.661	ACP6	-0.0790546084524832		ACP6
3485	0.1910578	0.661	IGFBP2	-0.0055743737434923		IGFBP2
55572	0.0478606	0.661	FOXRED1	0.2435018018045474		FOXRED1
23371	-0.0780261	0.662	TNS2	0.2851796729047766		TNS2
4598	-0.0531236	0.662	MVK	0.2727645190423744		MVK
618	-0.1761385	0.662	BCYRN1	-0.4385869040015162		BCYRN1
200424	-0.0688733	0.662	TET3	0.3187802312447071		TET3
29914	0.0301508	0.663	UBIAD1	0.1673559872952283		UBIAD1
79834	0.0554396	0.663	PEAK1	-0.15459384491401		PEAK1
23533	0.1310529	0.663	PIK3R5	-0.1009396268108331		PIK3R5
439921	-0.0637343	0.663	MXRA7	0.184763198178862		MXRA7
8813	-0.0486859	0.663	DPM1	0.1605984666615354		DPM1
79956	0.0513232	0.663	ERMP1	-0.0596109173941372		ERMP1
25840	-0.1208455	0.663	METTL7A	0.3461685775134056		METTL7A
1742	0.051806	0.663	DLG4	0.1214790703157842		DLG4
5287	-0.0712599	0.663	PIK3C2B	0.0888341093664424		PIK3C2B
387990	-0.1168394	0.663	TOMM20L	-0.2003492423522499		TOMM20L
729264	-0.1797708	0.663	TP53TG3D	0.4008134127210292		TP53TG3D
388969	-0.0231933	0.664	C2orf68	-0.0007365726768		C2orf68
8625	-0.042591	0.664	RFXANK	0.412967328518163		RFXANK
80741	-0.0682845	0.664	LY6G5C	0.1079906091940214		LY6G5C
10587	-0.0414272	0.664	TXNRD2	-0.5196489988119275		TXNRD2
5880	-0.1162597	0.664	RAC2	0.1294936813544009		RAC2
10505	-0.0572611	0.665	SEMA4F	0.1667189806563787		SEMA4F
57650	-0.0668819	0.665	CIP2A	0.1579641966674549		CIP2A
7268	-0.0486274	0.665	TTC4	-0.0483664788218578		TTC4
100505741	0.0801028	0.665	SPATA1	-0.1929019148456182		SPATA1
79084	-0.0357091	0.665	WDR77	0.159869233926198		WDR77
11044	0.0357635	0.665	TENT4A	0.1171384230485901		TENT4A
153684	0.0839297	0.665	ANXA2R-AS1	-0.09643288462853		ANXA2R-AS1
727	0.0858755	0.665	C5	-0.145031152578725		C5
6518	-0.1458136	0.665	SLC2A5	0.1131156338920811		SLC2A5
79602	-0.0490104	0.666	ADIPOR2	0.237916714182405		ADIPOR2
25805	-0.1131932	0.666	BAMBI	0.3547729648664846		BAMBI
9585	0.0737632	0.666	KIF20B	0.3062489618255888		KIF20B
27124	0.0787376	0.666	INPP5J	0.1918796751145395		INPP5J
101927039	0.1158789	0.666	UQCRB-AS1	-0.2585271880094986		UQCRB-AS1
51426	0.0446867	0.667	POLK	-0.032288565899571		POLK
23647	0.0372749	0.667	ARFIP2	-0.0256419223699468		ARFIP2
1456	-0.0525202	0.667	CSNK1G3	0.1121481677937707		CSNK1G3
3508	-0.0367683	0.667	IGHMBP2	0.1045387596753886		IGHMBP2
84960	0.0715063	0.667	CCDC183	-0.0311452326032601		CCDC183
9420	-0.1007274	0.667	CYP7B1	-0.5432594596941505		CYP7B1
4249	-0.053759	0.667	MGAT5	0.2399940461691097		MGAT5
221710	-0.0543754	0.667	SMIM13	0.1750542555956737		SMIM13
653361	-0.1459365	0.667	NCF1	0.5967160592375709		NCF1
5927	0.0407414	0.667	KDM5A	-0.1683188383631861		KDM5A
7411	0.0361768	0.667	VBP1	0.2748279527594928		VBP1
5434	-0.0353196	0.668	POLR2E	-0.0744267996858019		POLR2E
64175	0.0592581	0.668	P3H1	-0.0934145948697748		P3H1
56672	0.0384611	0.668	AKIP1	-0.024575724563685		AKIP1
6261	-0.0911512	0.668	RYR1	0.3445692752551776		RYR1
733	0.1508034	0.668	C8G	0.3176234475052329		C8G
147948	-0.0451285	0.668	ZNF582	0.0145201322736139		ZNF582
7533	0.0485399	0.668	YWHAH	-0.2037730209272963		YWHAH
3838	0.0805469	0.668	KPNA2	0.1323385795126688		KPNA2
11252	0.0418004	0.668	PACSIN2	-0.1190082018948386		PACSIN2
100506084	0.0646258	0.669	ARL17B	-0.1134741785601378		ARL17B
342132	-0.1523187	0.669	ZNF774	0.5495876702671723		ZNF774
284697	0.1463619	0.669	BTBD8	0.1721394511502298		BTBD8
219333	-0.041996	0.669	USP12	0.1139910107696846		USP12
617	0.0361973	0.669	BCS1L	0.0938278037413136		BCS1L
125704	-0.1454246	0.669	DIPK1C	0.213594715158504		DIPK1C
1282	0.0661392	0.669	COL4A1	0.0236939291570186		COL4A1
64927	-0.0403846	0.669	TTC23	0.1806292309215291		TTC23
7846	0.0671446	0.669	TUBA1A	-0.0264056169669144		TUBA1A
51533	0.0596407	0.67	PHF7	0.1289338685497858		PHF7
9631	-0.0266893	0.67	NUP155	0.0470220640621774		NUP155
51593	0.0363613	0.67	SRRT	0.3635346417900491		SRRT
23630	-0.1451279	0.67	KCNE5	0.2193020085086228		KCNE5
283710	-0.126633	0.671	LINC03034	-1.5583374382382296		LINC03034
134526	-0.1598171	0.671	ACOT12	0.6496524087979756		ACOT12
7851	-0.0940289	0.671	MALL	0.090603276613093		MALL
6865	-0.0816558	0.671	TACR2	0.7643446882287619		TACR2
84458	0.0538143	0.671	LCOR	0.094374071681005		LCOR
203427	0.0715661	0.671	SLC25A43	0.2308334694193758		SLC25A43
79651	0.0860504	0.671	RHBDF2	-0.1379081922674685		RHBDF2
100037417	0.0428663	0.672	DDTL	-1.6982969097527387		DDTL
353500	-0.1004914	0.673	BMP8A	-0.5672317149189423		BMP8A
127396	-0.040587	0.673	ZNF684	0.127561337893121		ZNF684
196541	-0.0564643	0.673	METTL21C	-0.2265518989141375		METTL21C
8735	-0.107837	0.673	MYH13	0.3180163072324755		MYH13
653857	-0.0623233	0.673	ACTR3C	-0.1241026817262755		ACTR3C
64787	-0.1583901	0.673	EPS8L2	0.6083176188831192		EPS8L2
284217	-0.1785214	0.673	LAMA1	0.1074504785603931		LAMA1
6628	-0.0451686	0.673	SNRPB	0.0149884209540624		SNRPB
284649	0.1161751	0.673	SMG7-AS1	-0.091488785208583		SMG7-AS1
1149	-0.2901215	0.673	CIDEA	0.6298345180657025		CIDEA
10462	0.1633281	0.674	CLEC10A	-0.1992380640471061		CLEC10A
152559	-0.0624947	0.674	PAQR3	0.1842383714300646		PAQR3
127700	0.05704	0.674	OSCP1	0.0793154589450151		OSCP1
9910	0.0864532	0.674	RABGAP1L	0.3487545229215323		RABGAP1L
84698	0.0752873	0.674	CAPS2	-0.3945340027349044		CAPS2
11279	-0.0705698	0.674	KLF8	0.1875820993272661		KLF8
54732	-0.0512511	0.674	TMED9	0.1825403995501391		TMED9
644246	0.174459	0.675	KANSL1-AS1	0.1248117668433868		KANSL1-AS1
6284	0.0503016	0.675	S100A13	-0.0118134194368071		S100A13
51291	-0.081912	0.675	GMIP	0.1589591641983987		GMIP
8242	-0.0482058	0.675	KDM5C	-0.2723031642695357		KDM5C
8490	-0.055629	0.675	RGS5	-0.0235872127123535		RGS5
149563	-0.2322908	0.676	SRARP	0.5633742957356578		SRARP
79698	-0.2030327	0.676	ZMAT4	0.5159817223286732		ZMAT4
51231	0.0463526	0.676	VRK3	-0.2658749009291767		VRK3
81577	-0.0337288	0.676	GFOD2	0.021615925830356		GFOD2
10219	0.0637437	0.676	KLRG1	0.2484792252712937		KLRG1
7915	0.0638893	0.676	ALDH5A1	-0.0767750546293895		ALDH5A1
80312	-0.1296427	0.676	TET1	0.3804438014283726		TET1
5333	-0.0460838	0.676	PLCD1	0.2466740047042765		PLCD1
54806	0.0595907	0.676	AHI1	-0.123122148285236		AHI1
138050	0.0366051	0.676	HGSNAT	0.3072637010749188		HGSNAT
80006	0.0391319	0.677	TRAPPC13	0.2104896333388595		TRAPPC13
1012	-0.0932473	0.677	CDH13	0.1549610986716132		CDH13
1173	-0.0327942	0.677	AP2M1	0.1601269889399237		AP2M1
3638	-0.0510346	0.677	INSIG1	0.2158766686082094		INSIG1
149076	-0.0316644	0.677	ZNF362	0.0384957576594686		ZNF362
51090	0.1026765	0.677	PLLP	-0.0796507362221077		PLLP
653140	0.2048107	0.678	FAM228A	0.2501529931912909		FAM228A
9263	-0.1003892	0.678	STK17A	0.2423776492496152		STK17A
6604	-0.0398671	0.678	SMARCD3	0.0311624019291425		SMARCD3
63940	0.069838	0.678	GPSM3	0.0778843497576309		GPSM3
318	0.0830703	0.679	NUDT2	0.1104357339415775		NUDT2
100049587	-0.1620278	0.679	SIGLEC14	0.5142256228736501		SIGLEC14
79699	0.0559296	0.679	ZYG11B	0.1633639648627403		ZYG11B
1982	0.0297022	0.679	EIF4G2	-0.1745534734885065		EIF4G2
79676	-0.051534	0.68	OGFOD2	0.0591726349662646		OGFOD2
89845	-0.0392337	0.68	ABCC10	0.2717228542034391		ABCC10
8208	0.0783988	0.68	CHAF1B	0.1534591322000735		CHAF1B
56829	0.0463718	0.68	ZC3HAV1	0.0627931478625178		ZC3HAV1
440288	-0.0757932	0.68	UBL7-DT	0.6246136233702232		UBL7-DT
6252	-0.1091831	0.68	RTN1	0.3144718406320247		RTN1
3551	-0.0350398	0.681	IKBKB	0.2245113800877582		IKBKB
150709	0.0430011	0.681	ANKAR	0.180512204145399		ANKAR
134	0.0967043	0.681	ADORA1	0.054597239943595		ADORA1
389170	-0.116319	0.681	LEKR1	0.1061560150748273		LEKR1
113540	-0.1454976	0.681	CMTM1	0.6729431096601336		CMTM1
92344	0.0741004	0.681	GORAB	0.1733879100518014		GORAB
10522	-0.0397632	0.682	DEAF1	0.0099010783869726		DEAF1
10238	0.0312862	0.682	DCAF7	0.1434960227408366		DCAF7
81929	0.0285609	0.682	SEH1L	-0.0065799747023955		SEH1L
144132	0.0474115	0.682	DNHD1	0.26103366983603		DNHD1
1774	-0.0515882	0.682	DNASE1L1	0.1134056244047956		DNASE1L1
59338	0.0551022	0.682	PLEKHA1	-0.0033445486402232		PLEKHA1
100113407	0.0608007	0.682	TMEM170B	0.2152001984966307		TMEM170B
83986	0.0455053	0.682	FAM234A	-0.18959376850803		FAM234A
51427	0.0848574	0.682	ZNF107	0.1188082789989678		ZNF107
339906	-0.1055654	0.682	PRSS42P	0.2864558208602541		PRSS42P
10316	0.1263606	0.683	NMUR1	0.1112043132463409		NMUR1
4329	0.0663434	0.683	ALDH6A1	-0.0653596218941858		ALDH6A1
92400	0.0330518	0.683	RBM18	-0.190667126608691		RBM18
55818	0.0414111	0.683	KDM3A	0.2428710363712847		KDM3A
1889	0.0525144	0.683	ECE1	-0.1945423295090753		ECE1
344595	-0.0573444	0.683	DUBR	0.2286236376889547		DUBR
56948	-0.0303405	0.683	SDR39U1	-0.0178409701315986		SDR39U1
474343	-0.0428308	0.683	SPIN2B	0.0742262464141512		SPIN2B
55727	-0.0442003	0.684	BTBD7	-0.3679682545303873		BTBD7
28999	0.1425786	0.684	KLF15	0.0036189407110205		KLF15
162681	-0.0823027	0.684	C18orf54	0.0060244229733406		C18orf54
2533	0.1359774	0.684	FYB1	-0.0568168600707238		FYB1
81608	0.0305276	0.684	FIP1L1	-0.0251265286527981		FIP1L1
677847	-0.1262382	0.685	SNORA81	8.654560558635579		SNORA81
6722	-0.052017	0.685	SRF	0.0953499717131034		SRF
83439	0.050858	0.685	TCF7L1	0.1695053062797815		TCF7L1
80185	-0.0289825	0.685	TTI2	-0.0401712765900295		TTI2
8315	0.0270427	0.685	BRAP	-0.0377639821566848		BRAP
10944	0.0291639	0.685	C11orf58	-0.1513113608397596		C11orf58
113278	-0.1200528	0.685	SLC52A3	0.0937343794854466		SLC52A3
79895	0.0881147	0.685	ATP8B4	0.0259507451924463		ATP8B4
81932	-0.0634433	0.686	HDHD3	-0.005610335186871		HDHD3
401024	0.1407713	0.686	FSIP2	0.3502224928141411		FSIP2
11094	-0.0601943	0.686	CACFD1	0.0299643620283114		CACFD1
84073	-0.1136272	0.686	MYCBPAP	0.5724818786376864		MYCBPAP
348645	0.0677534	0.686	MIR3667HG	-0.1087082125049728		MIR3667HG
79774	-0.0412982	0.686	GRTP1	-0.0350885640344317		GRTP1
201514	0.0374457	0.686	ZNF584	-0.0989058021884163		ZNF584
54985	-0.0554293	0.687	HCFC1R1	0.1512656484979997		HCFC1R1
6900	-0.1954537	0.687	CNTN2	-0.0588967522378984		CNTN2
29966	-0.0414072	0.687	STRN3	-0.1791900965727633		STRN3
344148	0.0786767	0.687	NCKAP5	0.0567482435215622		NCKAP5
9533	-0.0351019	0.687	POLR1C	0.0909979351096508		POLR1C
92014	0.0445936	0.687	SLC25A51	-0.1073358597732694		SLC25A51
57558	0.059925	0.687	USP35	0.0721636700837242		USP35
1879	-0.0597062	0.687	EBF1	-0.2445453714737318		EBF1
11319	0.0365502	0.687	ECD	-0.111217284846063		ECD
4542	0.1054487	0.687	MYO1F	0.1014206670112303		MYO1F
5913	-0.0956204	0.687	RAPSN	0.4898034249108591		RAPSN
475	0.0437972	0.687	ATOX1	0.0472092156852355		ATOX1
339479	0.2878807	0.687	BRINP3	-0.4422268737651489		BRINP3
100996437	-0.1330622	0.687	LOC100996437	0.2619630242205258		LOC100996437
92017	-0.0325062	0.687	SNX29	0.3756838558554689		SNX29
150967	0.0794787	0.688	LINC01963	0.2040000284542689		LINC01963
90	0.0484022	0.688	ACVR1	-0.0212270929274076		ACVR1
283337	0.0298675	0.688	ZNF740	0.2564247055488851		ZNF740
84895	-0.0344744	0.688	MIGA2	0.2469740696975213		MIGA2
7067	0.0370779	0.688	THRA	0.3155398998653247		THRA
55808	0.1050913	0.688	ST6GALNAC1	-0.0045179877311354		ST6GALNAC1
25776	-0.0452404	0.688	CBY1	0.2172116958580847		CBY1
58477	-0.0361782	0.689	SRPRB	0.1617567170490028		SRPRB
27075	0.0842549	0.689	TSPAN13	0.2094985236796032		TSPAN13
79776	0.1081866	0.689	ZFHX4	-0.2187428998867977		ZFHX4
5164	0.0432857	0.69	PDK2	0.084657641276471		PDK2
29842	0.1805499	0.69	TFCP2L1	-0.6730074389542926		TFCP2L1
83872	-0.1185336	0.69	HMCN1	0.4071330099045998		HMCN1
642273	0.0751734	0.69	FAM110C	0.0561848417099344		FAM110C
100131067	-0.0752396	0.691	CKMT2-AS1	0.3957673927942783		CKMT2-AS1
55971	-0.0731538	0.691	BAIAP2L1	0.0226819733775192		BAIAP2L1
100534612	0.0820324	0.691	C1QTNF3-AMACR	1.22718984965011		C1QTNF3-AMACR
135398	0.1590446	0.691	C6orf141	0.0419459629575778		C6orf141
5441	0.046913	0.691	POLR2L	-0.0250203609939259		POLR2L
400798	-0.0901529	0.691	C1orf220	0.5294757738145348		C1orf220
53339	0.0382958	0.692	BTBD1	-0.3106055211978864		BTBD1
8798	0.0381606	0.692	DYRK4	0.2945789492007895		DYRK4
55830	-0.0264887	0.692	GLT8D1	-0.0319560427484129		GLT8D1
160364	-0.2337813	0.692	CLEC12A	0.3480347335390805		CLEC12A
10955	0.0256316	0.693	SERINC3	0.0977426372151439		SERINC3
91319	-0.1209149	0.693	DERL3	-0.083868470716319		DERL3
5244	0.0660846	0.693	ABCB4	-0.0259061740223667		ABCB4
4097	0.0395681	0.693	MAFG	-0.195158652036282		MAFG
23405	0.0541682	0.693	DICER1	-0.0461509937616386		DICER1
9643	-0.0302611	0.693	MORF4L2	-0.0906793672641939		MORF4L2
100	-0.07793	0.693	ADA	0.1466353849799544		ADA
64149	-0.0322191	0.693	C17orf75	0.2169715391304922		C17orf75
57462	-0.0754687	0.693	MYORG	0.1279828247067096		MYORG
8999	0.137131	0.693	CDKL2	-0.2627269571397177		CDKL2
8417	0.0397761	0.694	STX7	-0.3837742782239317		STX7
51276	-0.0559734	0.694	ZNF571	0.293748138849544		ZNF571
55160	-0.0363619	0.694	ARHGEF10L	0.26074399098579		ARHGEF10L
23324	-0.0371589	0.694	MAN2B2	0.4217919664480236		MAN2B2
4588	0.1592516	0.694	MUC6	2.050072583545983		MUC6
4782	-0.0344498	0.694	NFIC	-0.0508989053186867		NFIC
84818	-0.0453884	0.695	IL17RC	0.1804630249314955		IL17RC
388561	0.0409627	0.695	ZNF761	0.2311704681595654		ZNF761
10057	0.0511917	0.695	ABCC5	-0.0899514075701972		ABCC5
1353	-0.0404366	0.695	COX11	0.121202254478848		COX11
25796	-0.0508551	0.695	PGLS	0.2843147363533398		PGLS
197187	-0.0838176	0.695	SNAI3-AS1	0.5530385723861777		SNAI3-AS1
728730	-0.0563209	0.695	MAP4K3-DT	0.2974877354585294		MAP4K3-DT
206412	0.0690619	0.695	C6orf163	0.1224674719738265		C6orf163
84881	0.0472302	0.695	RPUSD4	0.0096277661392134		RPUSD4
54890	0.0322654	0.695	ALKBH5	0.1262679122566385		ALKBH5
60487	0.0419815	0.695	TRMT11	0.1218731959498171		TRMT11
5781	-0.0468609	0.695	PTPN11	0.3148753955252195		PTPN11
101929107	-0.124995	0.695	LOC101929107	0.3556622732867982		LOC101929107
23089	-0.0719665	0.695	PEG10	0.1709279051062097		PEG10
9656	-0.0407388	0.696	MDC1	0.3871177369295431		MDC1
9071	-0.1201602	0.696	CLDN10	-0.429236982936632		CLDN10
112840	0.0364882	0.696	WDR89	-0.0418831595309163		WDR89
100130581	-0.0791309	0.696	LINC00910	-0.1842674330848888		LINC00910
84622	-0.0447978	0.697	ZNF594	-0.0535009411066287		ZNF594
8233	-0.0451998	0.697	ZRSR2	-0.2874509603453572		ZRSR2
221037	0.0432405	0.697	JMJD1C	0.3699886258085971		JMJD1C
9796	-0.1394244	0.697	PHYHIP	0.0887372573310487		PHYHIP
1912	0.0492351	0.698	PHC2	-0.2234016045684352		PHC2
64137	0.0781375	0.699	ABCG4	0.0124600526523213		ABCG4
389558	0.1696668	0.699	FAM180A	-0.401144996221225		FAM180A
55622	0.0382911	0.699	TTC27	-0.0367906639087931		TTC27
389668	0.2205285	0.699	XKR9	0.2301926514325227		XKR9
5146	0.0891636	0.7	PDE6C	-2.7620499646936105		PDE6C
9099	-0.0714331	0.7	USP2	-0.0495511657263465		USP2
29896	-0.0399517	0.7	TRA2A	0.0089123517490836		TRA2A
100129203	-0.1209527	0.7	LOC100129203	0.1523585366946352		LOC100129203
112858	0.0366033	0.7	TP53RK	-0.0447430769833956		TP53RK
131965	0.0261875	0.7	METTL6	0.0008297179997027		METTL6
23557	-0.0345649	0.701	SNAPIN	0.2879829450614926		SNAPIN
51143	-0.0271438	0.701	DYNC1LI1	0.0128256289609041		DYNC1LI1
10116	-0.0524624	0.701	FEM1B	-0.2005924526485563		FEM1B
100874058	-0.0614215	0.701	COX10-DT	0.1590003535027273		COX10-DT
4501	-0.2191681	0.701	MT1X	0.3573509408634825		MT1X
83937	-0.0493037	0.701	RASSF4	0.2185607677962426		RASSF4
858	0.0556039	0.701	CAV2	0.1032036417957762		CAV2
29760	0.1147586	0.701	BLNK	-0.140250877217186		BLNK
51004	-0.0382429	0.701	COQ6	0.2969319634680367		COQ6
27286	-0.1120212	0.701	SRPX2	0.015804724845942		SRPX2
5192	-0.0354773	0.701	PEX10	0.1138767042297566		PEX10
271	-0.0540373	0.701	AMPD2	0.2000046759704465		AMPD2
163071	0.1130918	0.701	ZNF114	0.6199222532452455		ZNF114
114825	0.0265875	0.701	PWWP2A	-0.2662245762062984		PWWP2A
2867	-0.1988338	0.701	FFAR2	0.1831616041422821		FFAR2
51116	-0.0384838	0.702	MRPS2	-0.0117178636784327		MRPS2
4666	-0.0366495	0.702	NACA	0.1110422429577475		NACA
4604	0.1321826	0.702	MYBPC1	-0.0367547689331508		MYBPC1
2916	-0.1121703	0.702	GRM6	2.6751826305925563		GRM6
10507	0.0560408	0.703	SEMA4D	-0.017447697137241		SEMA4D
5424	-0.0416988	0.703	POLD1	0.1521167052748997		POLD1
54838	-0.0456964	0.704	WBP1L	0.2476566632153254		WBP1L
27238	0.0266723	0.704	GPKOW	0.0301033754670658		GPKOW
55823	0.0291713	0.704	VPS11	-0.0158936325365131		VPS11
51742	0.0430818	0.704	ARID4B	-0.0426564733417036		ARID4B
79192	-0.1455228	0.704	IRX1	0.5363242883687029		IRX1
56659	0.2193858	0.704	KCNK13	-0.3232360653662056		KCNK13
3698	-0.1211519	0.704	ITIH2	2.206600095980717		ITIH2
7458	-0.0238106	0.704	EIF4H	0.2852346793130635		EIF4H
90485	0.0705598	0.704	ZNF835	-0.4377586666724335		ZNF835
57062	-0.0344427	0.704	DDX24	0.0193788783802819		DDX24
90381	-0.1172005	0.704	TICRR	-1.0840819224335672		TICRR
653567	0.1157383	0.704	TMEM236	-0.0513431412391467		TMEM236
6208	0.0434731	0.705	RPS14	-0.030728257101634		RPS14
23580	0.0877554	0.705	CDC42EP4	-0.1429407804360956		CDC42EP4
8416	0.048255	0.705	ANXA9	-0.5818349260750519		ANXA9
5688	-0.0350039	0.705	PSMA7	0.0668178525100522		PSMA7
83877	0.0285728	0.705	TM2D2	-0.1072378035164192		TM2D2
222256	-0.2955929	0.706	CDHR3	0.4647773633476566		CDHR3
92249	-0.0352166	0.706	LINC01278	0.0466751235582751		LINC01278
9942	0.0918641	0.706	XYLB	0.314869480676639		XYLB
128387	0.0354711	0.706	TATDN3	0.2218230114005877		TATDN3
83959	0.1164307	0.706	SLC4A11	-0.1024268786810038		SLC4A11
133746	0.0442931	0.706	JMY	0.2151314215974435		JMY
112806053	-0.1441293	0.707	TBILA	0.4553511161141008		TBILA
54851	0.0430965	0.707	ANKRD49	0.034528984807947		ANKRD49
57018	-0.0462415	0.707	CCNL1	-0.1547263216576926		CCNL1
83892	-0.0410082	0.707	KCTD10	-0.2556159411141641		KCTD10
9867	0.0441137	0.707	PJA2	0.0060437967970292		PJA2
100652999	-0.0559874	0.707	LOC100652999	0.5612888729218346		LOC100652999
5867	0.0403319	0.707	RAB4A	-0.02498972273656		RAB4A
267020	-0.0804255	0.707	ATP5MGL	0.3099428684619867		ATP5MGL
80271	0.0762009	0.707	ITPKC	0.1987750908056895		ITPKC
92162	-0.0694798	0.707	TMEM88	0.0832394207765325		TMEM88
118672	0.0565352	0.708	PSTK	0.2302052477511955		PSTK
6578	-0.1304307	0.708	SLCO2A1	0.2539965448372778		SLCO2A1
7559	-0.033469	0.708	ZNF12	0.011436912753203		ZNF12
100506736	0.0937437	0.708	SLFN12L	0.1535249332966109		SLFN12L
23048	0.028147	0.708	FNBP1	-0.351088565125528		FNBP1
374986	-0.0594412	0.708	MIGA1	0.0400543942776183		MIGA1
55178	0.0412504	0.708	MRM3	0.2699952850258476		MRM3
84418	0.059406	0.708	CYSTM1	0.2350556519433482		CYSTM1
7436	-0.0462667	0.708	VLDLR	0.269297899211149		VLDLR
1111	0.0665675	0.708	CHEK1	-0.4117800400121088		CHEK1
121536	-0.0477733	0.708	AEBP2	-0.0405227215662042		AEBP2
5236	0.0384627	0.709	PGM1	0.1613786247049615		PGM1
27161	-0.0463727	0.709	AGO2	-0.5046992350546926		AGO2
126321	-0.0398183	0.709	MFSD12	0.0328775209503078		MFSD12
101927809	-0.1086843	0.709	COSMOC	-0.5199373422037306		COSMOC
441263	-0.039978	0.709	DTX2P1-UPK3BP1-PMS2P11	0.3816239770148684		DTX2P1-UPK3BP1-PMS2P11
2615	-0.0811167	0.709	LRRC32	-0.0523224854712278		LRRC32
197342	-0.0609425	0.709	EME2	0.2689044119950685		EME2
55312	0.0584966	0.709	RFK	-0.3703353383825529		RFK
164832	-0.0448124	0.71	LONRF2	0.0796861329378049		LONRF2
66004	-0.0391858	0.71	LYNX1	-0.0462203905547342		LYNX1
57578	-0.0766385	0.71	UNC79	0.3614605614965347		UNC79
151649	0.0402346	0.71	PP2D1	0.726096360979879		PP2D1
64122	0.0501648	0.71	FN3K	0.090937337545581		FN3K
550631	-0.0603295	0.71	CCDC157	-0.0279426536720451		CCDC157
10985	-0.0204961	0.711	GCN1	-0.1100347096050562		GCN1
25806	-0.1742586	0.711	VAX2	0.7059571118916428		VAX2
55081	-0.0392882	0.711	IFT57	0.0185467369113228		IFT57
147011	0.0733995	0.711	PROCA1	-0.1138524340376758		PROCA1
55666	0.0268911	0.711	NPLOC4	-0.522762234129325		NPLOC4
22998	0.0426281	0.711	LIMCH1	0.1828638235325357		LIMCH1
255480	0.0629496	0.711	TBX5-AS1	0.0928312244125098		TBX5-AS1
2622	0.0508361	0.711	GAS8	0.2248257573840977		GAS8
9423	-0.1275788	0.711	NTN1	0.4477454240339518		NTN1
400685	-0.1255154	0.711	LINC01801	0.1233700611435587		LINC01801
105374085	-0.0696363	0.711	LOC105374085	-0.0057402825025217		LOC105374085
23345	0.0467684	0.711	SYNE1	0.0693721196783538		SYNE1
4708	0.0521529	0.712	NDUFB2	0.1208706760818056		NDUFB2
10902	-0.0427025	0.712	BRD8	0.1403092780318156		BRD8
54532	-0.0783335	0.712	USP53	-0.1510523575674947		USP53
64582	0.0679037	0.712	GPR135	0.0694351925242766		GPR135
84501	-0.1056553	0.712	SPIRE2	0.5088539580562137		SPIRE2
5720	0.0431733	0.712	PSME1	0.0406871518881919		PSME1
144809	-0.1710129	0.712	FAM216B	0.3076418016280478		FAM216B
58499	-0.0544354	0.712	ZNF462	0.4179459840639854		ZNF462
9231	0.0566311	0.712	DLG5	0.1211765084798419		DLG5
2591	-0.1298167	0.713	GALNT3	-0.1224957827787051		GALNT3
6397	-0.0630462	0.713	SEC14L1	-0.1461495840160136		SEC14L1
26256	-0.0895725	0.713	CABYR	0.9159972569179212		CABYR
2906	0.1257941	0.713	GRIN2D	-0.0711747039400938		GRIN2D
3033	0.048349	0.713	HADH	-0.0362156686950774		HADH
84285	-0.0318411	0.713	EIF1AD	-0.0495712174835798		EIF1AD
282996	0.0505675	0.713	RBM20	0.2400106912047217		RBM20
51068	-0.0308312	0.714	NMD3	0.124707900260641		NMD3
125058	0.0414636	0.714	TBC1D16	-0.0210965381564718		TBC1D16
9739	0.0325202	0.714	SETD1A	0.1167294116086998		SETD1A
84678	-0.0396294	0.714	KDM2B	0.115972588534869		KDM2B
641339	-0.0311478	0.714	ZNF674	-0.0165821212006136		ZNF674
51693	-0.0467886	0.714	TRAPPC2L	0.3021788522168975		TRAPPC2L
1719	-0.0854638	0.715	DHFR	0.0429775584566187		DHFR
283377	-0.0421401	0.715	SPRYD4	0.2708864683271401		SPRYD4
10556	0.0231576	0.715	RPP30	0.1934966469037116		RPP30
55198	0.0528308	0.715	APPL2	-0.1268754140483015		APPL2
27077	-0.0370382	0.715	B9D1	0.6896189659086769		B9D1
10746	0.0440666	0.715	MAP3K2	0.0235207413598077		MAP3K2
414241	0.0539018	0.716	SHLD2P1	0.2997829876226596		SHLD2P1
1337	0.0525726	0.716	COX6A1	0.1882287936822928		COX6A1
10988	0.0157974	0.716	METAP2	0.1305632490956103		METAP2
54407	-0.0824412	0.716	SLC38A2	-0.4547629903768317		SLC38A2
7884	0.0241968	0.716	SLBP	-0.1200151453345395		SLBP
23410	0.0405879	0.716	SIRT3	-0.0842722456869822		SIRT3
201163	0.0635256	0.716	FLCN	-0.0256261325926132		FLCN
27068	0.0464072	0.717	PPA2	-0.0322476534728108		PPA2
26043	0.0420893	0.717	UBXN7	-0.499544297171723		UBXN7
57576	-0.0824862	0.717	KIF17	0.31181516218557		KIF17
91807	0.0657616	0.717	MYLK3	-0.1957261635620923		MYLK3
84707	-0.1453406	0.717	BEX2	0.1926997660932883		BEX2
9849	-0.0547029	0.717	ZNF518A	0.2103627185544365		ZNF518A
55619	0.094464	0.717	DOCK10	0.0241394084740063		DOCK10
51559	-0.0502928	0.717	NT5DC3	0.0781325407641024		NT5DC3
6450	-0.0839345	0.717	SH3BGR	0.2330684000350107		SH3BGR
114659	0.040283	0.718	LRRC37B	0.2481245097590634		LRRC37B
285830	-0.0576855	0.718	HLA-F-AS1	0.2256562293436124		HLA-F-AS1
57701	0.0378835	0.718	NCKAP5L	-0.0237585993268023		NCKAP5L
23357	0.0305177	0.718	ANGEL1	0.0080989284483226		ANGEL1
6890	-0.0561711	0.719	TAP1	0.1164160120669821		TAP1
26872	0.1264074	0.719	STEAP1	0.285936741117145		STEAP1
100131193	0.0682965	0.719	CCDC183-AS1	0.6716040709924037		CCDC183-AS1
10806	-0.0304052	0.719	SDCCAG8	-0.0599969484323343		SDCCAG8
139201	0.0542778	0.72	MAP2K4P1	0.4866426720436086		MAP2K4P1
5820	-0.1376115	0.72	PVT1	0.4626990515663233		PVT1
57724	0.036053	0.72	EPG5	0.1485075125881603		EPG5
23352	-0.0462574	0.72	UBR4	0.2403238590956942		UBR4
55083	-0.1722252	0.72	KIF26B	0.5204977087266458		KIF26B
79641	-0.0542553	0.72	ROGDI	-0.1204128853319401		ROGDI
29952	-0.0327213	0.72	DPP7	0.1102512260923154		DPP7
23137	-0.0630144	0.72	SMC5	0.1080400575236764		SMC5
51390	-0.0492601	0.72	AIG1	0.1968318701805484		AIG1
8106	0.0220825	0.721	PABPN1	-0.13060261815715		PABPN1
9402	0.1681808	0.721	GRAP2	-0.4334275552708556		GRAP2
5207	0.1377112	0.721	PFKFB1	0.0482776657634222		PFKFB1
55613	-0.1253094	0.721	MTMR8	0.180023716859897		MTMR8
7486	0.0439223	0.721	WRN	0.1114362150942709		WRN
55840	0.0621141	0.721	EAF2	0.2542827877498983		EAF2
51136	-0.0450794	0.721	RNFT1	0.1892389216503573		RNFT1
51088	0.0511981	0.721	KLHL5	0.17888725049009		KLHL5
92745	0.1137869	0.721	SLC38A5	0.0562642015973184		SLC38A5
23168	0.0291248	0.721	RTF1	0.0765704743042707		RTF1
1387	0.0384585	0.721	CREBBP	-0.2318358775589937		CREBBP
978	-0.0939716	0.721	CDA	0.2292411801952263		CDA
100506243	-0.1156385	0.721	KRBOX1	0.4982221029082951		KRBOX1
649	0.0468419	0.721	BMP1	0.1352841039974688		BMP1
9871	-0.0714531	0.722	SEC24D	0.0606413954247093		SEC24D
25880	0.0364366	0.722	TMEM186	-0.012673672267466		TMEM186
51006	0.0278339	0.722	SLC35C2	0.0298063977202005		SLC35C2
114790	-0.0264076	0.722	STK11IP	0.2551858783332856		STK11IP
6638	0.0374508	0.722	SNRPN	-0.218163394936715		SNRPN
6780	-0.0261415	0.722	STAU1	0.0593120368321251		STAU1
201626	-0.043377	0.722	PDE12	0.1318866808152474		PDE12
163183	-0.11669	0.722	SYNE4	0.0444250098417149		SYNE4
314	-0.1033369	0.723	AOC2	0.3610818860871614		AOC2
387496	-0.0666588	0.723	RASL11A	0.2453363404044064		RASL11A
64375	0.0290143	0.723	IKZF4	0.1500048557220257		IKZF4
728	-0.110598	0.723	C5AR1	0.9617315320507936		C5AR1
145581	-0.1044653	0.723	LRFN5	0.7675695338184954		LRFN5
6164	0.0516236	0.723	RPL34	0.1134718018792906		RPL34
10526	0.0290992	0.723	IPO8	-0.2045978130701584		IPO8
60490	0.0439537	0.724	PPCDC	0.0810325821361526		PPCDC
2781	-0.0627045	0.724	GNAZ	0.2296887147342065		GNAZ
28231	0.1803758	0.724	SLCO4A1	-0.2216485370763643		SLCO4A1
346171	0.4379365	0.724	ZFP57	-0.2787177590843779		ZFP57
5427	-0.0652425	0.724	POLE2	0.3756008456940496		POLE2
84557	-0.0523702	0.724	MAP1LC3A	0.2430611073782476		MAP1LC3A
25852	-0.0341616	0.724	ARMC8	0.3539745908176686		ARMC8
7001	-0.0377793	0.725	PRDX2	0.1546485525286094		PRDX2
2932	-0.0292571	0.725	GSK3B	-0.3792634548148221		GSK3B
2966	0.0472729	0.725	GTF2H2	0.2236754243692815		GTF2H2
105378828	0.0626002	0.725	CLCA4-AS1	1.5097591358482148		CLCA4-AS1
9383	0.4792559	0.725	TSIX	-0.0964350053611315		TSIX
374928	0.0324754	0.725	ZNF773	0.0368420094848369		ZNF773
23616	0.0879659	0.725	SH3BP1	0.3088238853683479		SH3BP1
57478	0.0633233	0.725	USP31	-0.487841945215052		USP31
29995	0.0947822	0.725	LMCD1	0.0068522170738374		LMCD1
441046	-0.1069412	0.726	GUSBP5	0.6601608036233292		GUSBP5
657	-0.0523366	0.726	BMPR1A	-0.2022009966613311		BMPR1A
220359	0.1764013	0.726	TIGD3	0.0494610393376397		TIGD3
85446	0.0968939	0.726	ZFHX2	0.0407635834465213		ZFHX2
3192	0.0264194	0.727	HNRNPU	-0.1678579048518154		HNRNPU
23016	0.045402	0.727	EXOSC7	0.3600527440110417		EXOSC7
4241	0.1345097	0.727	MELTF	-0.2544614274051167		MELTF
3127	-0.160348	0.727	HLA-DRB5	0.3971230440462188		HLA-DRB5
84795	-0.0636376	0.727	PYROXD2	0.0459852498497719		PYROXD2
8289	-0.0301911	0.727	ARID1A	0.1544274568187384		ARID1A
55787	0.053309	0.727	TXLNG	0.2130676793291592		TXLNG
23201	-0.0340525	0.727	FAM168A	0.0255678646850978		FAM168A
7576	-0.0339309	0.727	ZNF28	0.0668815777943643		ZNF28
6626	-0.0369241	0.727	SNRPA	0.1379109677693124		SNRPA
149465	-0.1893315	0.728	CFAP57	0.2833563845324605		CFAP57
4794	-0.0608066	0.728	NFKBIE	0.0278275977275326		NFKBIE
10090	0.0706677	0.728	UST	-0.0727102440989306		UST
25987	0.0861207	0.728	TSKU	0.1911278342057425		TSKU
79036	0.0255004	0.728	KXD1	0.0686815277477839		KXD1
1305	0.0905566	0.728	COL13A1	-0.3346048113502051		COL13A1
60370	-0.0494361	0.728	AVPI1	0.1023513936053786		AVPI1
440270	0.0539224	0.728	GOLGA8B	-0.1261032461415618		GOLGA8B
81894	0.0447259	0.728	SLC25A28	-0.0138639588932916		SLC25A28
55422	0.0713029	0.728	ZNF331	0.0951161298661289		ZNF331
79037	-0.0481307	0.729	PVRIG	2.7710815596337253		PVRIG
219855	-0.0860034	0.729	SLC37A2	0.3264416935821745		SLC37A2
348013	-0.0691448	0.73	TMEM255B	0.3711344416742839		TMEM255B
29115	0.0345719	0.73	SAP30BP	0.4150873811975062		SAP30BP
10534	-0.0369572	0.73	ZNRD2	-0.0247309564482316		ZNRD2
102724532	0.0552651	0.73	SP2-DT	-0.0601962561470772		SP2-DT
51093	-0.036193	0.731	METTL25B	0.3439039369489327		METTL25B
581	0.0408428	0.731	BAX	-0.0901706873038072		BAX
56848	-0.0479552	0.731	SPHK2	0.1651018016085546		SPHK2
51239	0.0469864	0.731	ANKRD39	0.0720758555651639		ANKRD39
4163	-0.0503473	0.731	MCC	0.0104952685306551		MCC
112869	0.047502	0.731	SGF29	0.2680811238264784		SGF29
57534	-0.0590261	0.731	MIB1	0.327489363329569		MIB1
100289274	-0.0500028	0.732	DNAJC3-DT	-0.0749401817724946		DNAJC3-DT
51660	-0.0505419	0.732	MPC1	0.0201948283990969		MPC1
55509	-0.0825122	0.732	BATF3	0.1684579343762722		BATF3
10403	-0.1117391	0.732	NDC80	0.5501223490931166		NDC80
9014	0.0567999	0.732	TAF1B	-0.057975653979853		TAF1B
144233	-0.0435564	0.732	BCDIN3D	0.0851311107097845		BCDIN3D
161198	-0.0393605	0.733	CLEC14A	0.0776789292766206		CLEC14A
26057	0.0288154	0.733	ANKRD17	0.4077936169268712		ANKRD17
7128	-0.0637559	0.733	TNFAIP3	0.2066010416092292		TNFAIP3
51025	0.0455293	0.733	PAM16	-0.0731065190305013		PAM16
30817	0.0603702	0.733	ADGRE2	-0.1691413193514693		ADGRE2
349565	-0.0361579	0.733	NMNAT3	0.0390022318695417		NMNAT3
477	0.070223	0.733	ATP1A2	0.1466228236292552		ATP1A2
6709	-0.0334486	0.733	SPTAN1	0.0125388083217394		SPTAN1
414236	0.1029809	0.733	C10orf55	-0.5264276120033125		C10orf55
51339	-0.1386359	0.733	DACT1	0.3804237049810597		DACT1
65059	0.0476534	0.733	RAPH1	0.005744975358362		RAPH1
2517	0.0499024	0.733	FUCA1	0.027771514064903		FUCA1
55048	0.0403179	0.734	VPS37C	-0.1517081936357973		VPS37C
27341	-0.0530976	0.734	RRP7A	0.0803074869928481		RRP7A
55133	0.0367497	0.734	SRBD1	0.0646597141536093		SRBD1
4705	-0.0388715	0.734	NDUFA10	-0.0577582054233491		NDUFA10
501	0.0509803	0.734	ALDH7A1	-0.0934395338560136		ALDH7A1
129607	-0.1017502	0.734	CMPK2	0.1079177956837358		CMPK2
55773	0.0386957	0.734	TBC1D23	0.1612094479789978		TBC1D23
4345	0.1207154	0.734	CD200	0.5248994191390112		CD200
6607	-0.055459	0.734	SMN2	0.2819833306733842		SMN2
7443	-0.0427452	0.734	VRK1	0.3876070928391288		VRK1
284992	0.1022738	0.734	CCDC150	0.9114120945008156		CCDC150
9021	-0.170451	0.734	SOCS3	0.206336488503442		SOCS3
80274	0.1425885	0.734	SCUBE1	-0.3589833272372926		SCUBE1
80274	0.1425885	0.734	SCUBE1	0.0		SCUBE1
57448	0.04495	0.734	BIRC6	0.1896185761047633		BIRC6
10725	-0.0522371	0.734	NFAT5	-0.0110556387253131		NFAT5
92421	0.0989287	0.734	CHMP4C	0.1506233477998155		CHMP4C
10220	0.0512448	0.734	GDF11	0.1576280767500026		GDF11
1187	-0.0793227	0.735	CLCNKA	0.2826824756325585		CLCNKA
131873	-0.1571749	0.735	COL6A6	0.5435856241355712		COL6A6
653720	0.0441848	0.735	GOLGA8M	-0.1691331703816044		GOLGA8M
1339	-0.0574554	0.735	COX6A2	0.0486444603705553		COX6A2
79369	-0.0310236	0.735	B3GNT4	-0.5203308039400278		B3GNT4
9953	-0.0763802	0.735	HS3ST3B1	0.2990392949500432		HS3ST3B1
10863	-0.1087119	0.735	ADAM28	0.2255781837828557		ADAM28
65244	0.0277943	0.736	SPATS2	0.2082713182762297		SPATS2
57146	-0.0499617	0.736	LDAF1	0.2057068370035386		LDAF1
5610	0.0384678	0.736	EIF2AK2	-0.2200596818118909		EIF2AK2
5706	-0.0213307	0.736	PSMC6	-0.1145769231339937		PSMC6
55646	0.0721307	0.736	LYAR	0.0934264201834782		LYAR
84620	-0.1729664	0.737	ST6GAL2	0.5863387330836174		ST6GAL2
94031	-0.0832715	0.737	HTRA3	0.3647419088627606		HTRA3
135112	-0.0473651	0.737	NCOA7	0.0124921602172807		NCOA7
79745	0.0517176	0.737	CLIP4	-0.0692219932522668		CLIP4
100873945	0.0969322	0.737	HLTF-AS1	3.593137313336256		HLTF-AS1
10984	-0.060419	0.737	KCNQ1OT1	0.5224841326146401		KCNQ1OT1
2200	-0.0920189	0.737	FBN1	0.2123688429578045		FBN1
51095	-0.0203767	0.738	TRNT1	-0.2136256454907448		TRNT1
6045	-0.0409818	0.738	RNF2	-0.0211012329587276		RNF2
643382	-0.0855109	0.738	TMEM253	0.1725621063008927		TMEM253
57122	0.0252648	0.738	NUP107	0.2196362087391703		NUP107
51527	-0.0508214	0.738	GSKIP	0.2784122738499848		GSKIP
6188	0.0365894	0.738	RPS3	0.020055924809391		RPS3
5147	0.0392663	0.738	PDE6D	0.0211277642957252		PDE6D
80067	-0.033525	0.738	DCAF17	-0.0229905854873395		DCAF17
6565	0.1121656	0.738	SLC15A2	0.089049832823695		SLC15A2
6917	-0.0247226	0.738	TCEA1	-0.0255504918457654		TCEA1
381	-0.0239513	0.739	ARF5	0.1332072116911042		ARF5
80231	0.1302033	0.739	TASL	0.0285740073802192		TASL
22937	0.0379628	0.739	SCAP	-0.0359811740103577		SCAP
201232	-0.0776356	0.739	SLC16A13	0.2847373039311287		SLC16A13
53354	-0.0597131	0.739	PANK1	-0.0708849401086686		PANK1
221424	0.1050994	0.739	LRRC73	-0.0712123520314488		LRRC73
441549	-0.0721526	0.739	CDNF	0.2584637215831105		CDNF
29925	-0.0328753	0.74	GMPPB	-0.1237975527268058		GMPPB
56130	-0.0737703	0.74	PCDHB6	0.2870115248451683		PCDHB6
161436	0.0279544	0.74	EML5	-0.164661262259478		EML5
127933	0.066462	0.741	UHMK1	0.1577525490959144		UHMK1
100310812	0.0852753	0.741	SPDYE2B	0.0		SPDYE2B
10476	0.0468306	0.741	ATP5PD	-0.0208468361136606		ATP5PD
3987	0.0500968	0.741	LIMS1	0.1178038804099586		LIMS1
11014	-0.0344023	0.741	KDELR2	-0.2802070793455611		KDELR2
2091	-0.0362642	0.741	FBL	0.0633883742339671		FBL
10736	-0.097305	0.742	SIX2	0.2311849461777403		SIX2
83716	-0.0967221	0.742	CRISPLD2	0.2568801601426873		CRISPLD2
9770	0.0768402	0.742	RASSF2	-0.0023620231012682		RASSF2
56670	-0.191935	0.742	SUCNR1	0.5692502806215547		SUCNR1
92922	0.0572593	0.742	CCDC102A	-0.2129813208646109		CCDC102A
285148	0.0199504	0.742	IAH1	0.1192447730180861		IAH1
6935	-0.04289	0.742	ZEB1	0.0458136047268453		ZEB1
11035	-0.0486064	0.742	RIPK3	0.0400021686069913		RIPK3
1588	-0.1391426	0.743	CYP19A1	-0.6088869740252164		CYP19A1
121793	-0.100504	0.743	TEX29	0.3871130630276758		TEX29
388336	-0.0935682	0.743	SHISA6	0.3021259876442834		SHISA6
100506334	0.0996234	0.743	LINC00649	-0.2554114384933023		LINC00649
84935	0.0856198	0.743	MEDAG	-0.3572629278360879		MEDAG
3200	0.225333	0.744	HOXA3	0.21149857206691		HOXA3
3301	0.0572136	0.744	DNAJA1	0.1119086238928837		DNAJA1
91351	0.054554	0.744	DDX60L	0.2225679490779151		DDX60L
56983	-0.0737423	0.744	POGLUT1	0.1028426604489891		POGLUT1
1994	-0.0220865	0.744	ELAVL1	-0.1592616675537579		ELAVL1
51073	0.0311411	0.744	MRPL4	0.1959194818772394		MRPL4
94030	0.0788861	0.744	LRRC4B	0.0929619921217695		LRRC4B
55114	-0.032586	0.744	ARHGAP17	-0.0784024825004134		ARHGAP17
55596	-0.0369272	0.744	ZCCHC8	0.0819052202930872		ZCCHC8
29903	0.0375432	0.744	CCDC106	0.0616264156362196		CCDC106
81563	-0.0505088	0.745	C1orf21	0.2484825725782524		C1orf21
6891	-0.055667	0.745	TAP2	-0.4254835986366618		TAP2
610	-0.11604	0.745	HCN2	0.4204892316846664		HCN2
10891	0.0565642	0.745	PPARGC1A	-0.4442474384023205		PPARGC1A
22903	-0.0372295	0.745	BTBD3	-0.1260933306342595		BTBD3
115426	0.0298211	0.745	UHRF2	0.0581663116698183		UHRF2
84078	-0.0510472	0.745	KBTBD7	0.1044688949964984		KBTBD7
2919	-0.1326271	0.746	CXCL1	0.0849841835483806		CXCL1
7570	-0.0268403	0.746	ZNF22	0.2259030621217403		ZNF22
441307	-0.0598609	0.746	PDGFA-DT	0.3298758225439959		PDGFA-DT
64083	0.0369139	0.746	GOLPH3	-0.0790263168612952		GOLPH3
100874204	-0.0947806	0.746	ALDH1L1-AS1	1.6347790177373027		ALDH1L1-AS1
94240	-0.1163354	0.746	EPSTI1	0.0046986597417406		EPSTI1
56964	-0.1043034	0.746	WDR93	0.3922430480474919		WDR93
23321	-0.0560072	0.746	TRIM2	0.3195008868109572		TRIM2
26094	-0.0454937	0.746	DCAF4	0.0851435922372991		DCAF4
23558	0.0353003	0.747	WBP2	-0.0784155464985678		WBP2
79812	-0.0361446	0.747	MMRN2	0.3752180567399286		MMRN2
284756	-0.1182661	0.747	LINC02910	0.3271752378561927		LINC02910
10791	0.0549819	0.747	VAMP5	0.1776953413868769		VAMP5
8111	-0.1106403	0.748	GPR68	0.3361059481072048		GPR68
140803	-0.0986672	0.748	TRPM6	0.3263642419810009		TRPM6
11162	-0.0466731	0.748	NUDT6	-0.0286990641997224		NUDT6
7071	0.0819327	0.748	KLF10	-0.0441587496061437		KLF10
25853	-0.0300101	0.748	DCAF12	-0.0743878001176514		DCAF12
100302111	0.0605939	0.748	MIR1184-1	0.0		MIR1184-1
100422985	0.0605939	0.748	MIR1184-2	0.0		MIR1184-2
51545	0.0539297	0.748	ZNF581	0.0727325034639982		ZNF581
23643	0.0823217	0.748	LY96	0.0683310069579299		LY96
100188954	0.0694003	0.748	DNMBP-AS1	0.2419857352696905		DNMBP-AS1
5725	-0.0210199	0.748	PTBP1	0.1205018717705277		PTBP1
150084	0.0579785	0.748	IGSF5	-0.1388558315759982		IGSF5
79682	-0.0469931	0.748	CENPU	-0.3487129789710559		CENPU
1856	0.027436	0.748	DVL2	-0.0024557275899823		DVL2
9497	-0.0800649	0.748	SLC4A7	-0.2544059269571792		SLC4A7
3290	-0.0939645	0.748	HSD11B1	0.3388886510915652		HSD11B1
1822	-0.032497	0.748	ATN1	0.2383244393753978		ATN1
8269	-0.0381632	0.748	TMEM187	0.4531615367130746		TMEM187
51251	-0.0378427	0.748	NT5C3A	0.1608745632894326		NT5C3A
283991	-0.0548435	0.748	UBALD2	-0.1075116903715693		UBALD2
5260	0.0726014	0.749	PHKG1	-0.4841672449386864		PHKG1
79669	-0.1059416	0.749	C3orf52	0.3785111006105259		C3orf52
116064	0.0558846	0.749	LRRC58	-0.0326917084988864		LRRC58
375686	0.0835149	0.749	SPATC1	1.722268254998264		SPATC1
100507331	0.0299681	0.749	ZSWIM8-AS1	0.8266826336115864		ZSWIM8-AS1
79571	0.034091	0.749	GCC1	-0.0101932257786985		GCC1
51141	-0.0296257	0.749	INSIG2	0.3475540939011363		INSIG2
648987	0.040683	0.749	ANXA2R-OT1	0.0946153958826455		ANXA2R-OT1
5292	0.1324717	0.75	PIM1	0.0469515137838669		PIM1
57661	-0.0241485	0.75	PHRF1	0.2323725133102741		PHRF1
28316	-0.1633887	0.75	CDH20	0.5281878578717949		CDH20
57553	0.0375994	0.75	MICAL3	-0.4168284822203896		MICAL3
64167	-0.1858786	0.75	ERAP2	0.1001098882604325		ERAP2
55907	0.0227531	0.75	CMAS	-0.2130561221106433		CMAS
2232	-0.0650074	0.75	FDXR	0.1725600988661781		FDXR
346007	-0.0923719	0.75	EYS	0.9800867292196628		EYS
827	-0.2758397	0.75	CAPN6	0.435515399925924		CAPN6
79746	-0.0799721	0.751	ECHDC3	0.0554183663085305		ECHDC3
51192	0.0541051	0.751	CKLF	0.1722745673201395		CKLF
7565	-0.0375098	0.751	ZNF17	0.3869726994793407		ZNF17
10797	-0.0642962	0.751	MTHFD2	0.2565119286958719		MTHFD2
114826	-0.0452278	0.751	SMYD4	-0.0020714390794127		SMYD4
101929335	0.0969196	0.751	ADAMTS9-AS1	1.2577902046387093		ADAMTS9-AS1
81532	0.0295542	0.751	MOB2	-0.1127665366911356		MOB2
64400	-0.0435394	0.751	AKTIP	0.0957708507304522		AKTIP
4999	-0.0319824	0.751	ORC2	-0.4809812780423677		ORC2
26059	-0.1185392	0.751	ERC2	0.0629990292601709		ERC2
285759	-0.1672233	0.751	LINC02880	0.5524708004205443		LINC02880
1234	-0.1418157	0.752	CCR5	0.3583728552434397		CCR5
57648	0.0382301	0.752	KIAA1522	0.0887061204318888		KIAA1522
8557	0.0417925	0.752	TCAP	0.2673339245595993		TCAP
5698	0.0726249	0.752	PSMB9	0.2863184501306302		PSMB9
7484	0.1526998	0.752	WNT9B	0.255529441357361		WNT9B
90874	-0.0490687	0.752	ZNF697	0.0870413676202201		ZNF697
70	-0.0544018	0.752	ACTC1	0.2136822254739474		ACTC1
27346	-0.0471505	0.752	TMEM97	-0.0414612692717657		TMEM97
100132948	-0.0922458	0.753	FAM27C	-2.6500031487288997		FAM27C
9991	-0.0482138	0.753	PTBP3	-0.0999936232265965		PTBP3
11198	-0.02163	0.753	SUPT16H	0.2248004635343976		SUPT16H
724087	-0.0830128	0.753	LINC01545	0.0967104423368701		LINC01545
6938	-0.0254389	0.753	TCF12	0.0777820887582132		TCF12
64089	-0.0498416	0.753	SNX16	-0.225403026426826		SNX16
57461	0.0231843	0.754	ISY1	0.0111105500382739		ISY1
27284	-0.1256968	0.754	SULT1B1	-0.3100515860979995		SULT1B1
5309	-0.1665739	0.754	PITX3	0.2464280322331419		PITX3
4744	0.0913369	0.754	NEFH	-0.0366899615880202		NEFH
130749	0.0330591	0.754	CPO	-0.9138327924701588		CPO
7108	0.0933601	0.754	TM7SF2	0.1056070834033837		TM7SF2
80183	-0.0994823	0.754	RUBCNL	-0.0496849417085974		RUBCNL
23395	0.0352084	0.755	LARS2	0.1578118651628526		LARS2
148811	0.1498225	0.755	PM20D1	-0.0869421476514319		PM20D1
286178	0.1613268	0.755	LINC03018	0.108588177709374		LINC03018
11097	-0.0340303	0.755	NUP42	0.056609711698619		NUP42
3916	-0.0225659	0.755	LAMP1	0.3552419332151562		LAMP1
54853	0.0182475	0.755	WDR55	0.2262543016510112		WDR55
3909	-0.0586681	0.756	LAMA3	0.4004111373394714		LAMA3
41	-0.0814169	0.756	ASIC1	0.4686018616408632		ASIC1
143888	-0.0482654	0.756	POGLUT3	-0.1175731003598032		POGLUT3
140597	0.0715624	0.756	TCEAL2	0.4114716480800832		TCEAL2
642517	-0.0501906	0.756	AGAP9	0.2190694556766768		AGAP9
51248	0.032994	0.756	PDZD11	0.0051952283307148		PDZD11
4864	0.0394884	0.757	NPC1	-0.0289427287450205		NPC1
105376805	0.0771235	0.757	LOC105376805	-0.3398781647087516		LOC105376805
6646	-0.0431716	0.757	SOAT1	-0.0340809185410631		SOAT1
644809	-0.0847506	0.757	PAK6-AS1	0.1912496105247955		PAK6-AS1
53344	0.0456513	0.757	CHIC1	0.0405698291434186		CHIC1
170958	0.0324666	0.757	ZNF525	0.2752198489552429		ZNF525
9818	-0.0295523	0.757	NUP58	0.2166809032488212		NUP58
6909	0.0492185	0.758	TBX2	0.1912813501547634		TBX2
692199	0.0817571	0.758	SNORD84	9.087828357940296		SNORD84
404785	0.0653113	0.758	POTEG	-0.8172558389520201		POTEG
3248	-0.097642	0.758	HPGD	0.0086580045354769		HPGD
286343	-0.0800232	0.758	LURAP1L	0.2205830099687077		LURAP1L
398	0.1245864	0.758	ARHGDIG	0.3649776044976134		ARHGDIG
10054	-0.0252349	0.758	UBA2	0.0803398786121141		UBA2
100505573	0.0373812	0.759	INAFM2	0.1481998285020509		INAFM2
4258	0.040003	0.759	MGST2	0.1182223440284326		MGST2
91522	-0.0723654	0.759	COL23A1	0.1020501181988526		COL23A1
105374104	-0.1063748	0.759	LINC02021	0.4373288258843923		LINC02021
84280	-0.027564	0.759	BTBD10	-0.0825940555032369		BTBD10
285172	0.0536439	0.759	HYCC2	-0.0125881236069564		HYCC2
155435	0.0289195	0.759	RBM33	0.012055725340951		RBM33
157697	0.0309487	0.759	ERICH1	-0.1169227853190841		ERICH1
9369	-0.0702289	0.759	NRXN3	0.4777965393705372		NRXN3
7267	-0.0384867	0.759	TTC3	0.159006059504601		TTC3
6464	0.0292006	0.76	SHC1	-0.1182067966484705		SHC1
257364	-0.0308245	0.76	SNX33	0.2055235772276056		SNX33
29911	-0.0373499	0.76	HOOK2	-0.0939961878101636		HOOK2
164592	0.0890579	0.76	CCDC116	0.1451156279889547		CCDC116
55634	-0.028856	0.76	KRBOX4	0.2050712955356313		KRBOX4
55591	0.0254749	0.76	VEZT	0.1438973017588205		VEZT
134553	-0.0534695	0.76	C5orf24	-0.121476401796075		C5orf24
112597	0.1091045	0.76	CYTOR	0.0852768586874419		CYTOR
56134	0.1633647	0.76	PCDHAC2	0.2051665871257872		PCDHAC2
10208	0.0243506	0.76	USPL1	0.1860059931108484		USPL1
150372	-0.0983931	0.76	NFAM1	0.2083688825674191		NFAM1
3142	0.0553065	0.76	HLX	-0.1188340198820681		HLX
3760	0.184649	0.76	KCNJ3	-0.3259198205856262		KCNJ3
10733	-0.0874127	0.76	PLK4	0.2570531311061519		PLK4
9439	0.0264055	0.76	MED23	0.0581633508650352		MED23
55890	-0.0372653	0.76	GPRC5C	0.1383210749020396		GPRC5C
56605	0.0426366	0.761	ERO1B	-0.3212497802852789		ERO1B
22844	0.129089	0.761	FRMPD1	0.1096249193182936		FRMPD1
9446	-0.0402023	0.761	GSTO1	0.3252000905870496		GSTO1
57820	-0.0537483	0.761	CCNB1IP1	0.2126270445407962		CCNB1IP1
164045	-0.0697734	0.761	HFM1	-0.0546574326212296		HFM1
2700	-0.0475992	0.761	GJA3	0.0878472978901108		GJA3
163590	-0.0378365	0.761	TOR1AIP2	-0.0964031016217923		TOR1AIP2
101927204	-0.0553221	0.761	FAM111A-DT	-0.0148160266003993		FAM111A-DT
165055	-0.0711023	0.761	CCDC138	0.2176761179399269		CCDC138
23365	0.0336946	0.761	ARHGEF12	0.1553018486851902		ARHGEF12
60559	0.0378575	0.762	SPCS3	0.0858556470505753		SPCS3
3249	0.0708883	0.762	HPN	0.2737889841633836		HPN
79760	0.0397074	0.762	GEMIN7	0.1114373065117115		GEMIN7
11120	0.0242824	0.762	BTN2A1	0.1098625209720021		BTN2A1
283440	-0.0595818	0.762	ITFG2-AS1	0.6008864974446197		ITFG2-AS1
1004	0.0697625	0.762	CDH6	0.1797444297039779		CDH6
220979	-0.0303212	0.762	ZNF22-AS1	0.6027497138462845		ZNF22-AS1
4154	-0.0417371	0.763	MBNL1	-0.0640783558296007		MBNL1
51170	0.053212	0.763	HSD17B11	0.0412484971155198		HSD17B11
5239	0.029797	0.763	PGM5	0.2616670497425142		PGM5
445372	0.0534101	0.763	TRIM6-TRIM34	0.3629044697229761		TRIM6-TRIM34
494115	0.0257078	0.763	RBMXL1	-0.0072278848263671		RBMXL1
6209	0.0394735	0.763	RPS15	0.1133288046504432		RPS15
23398	-0.0266679	0.764	PPWD1	0.3687844918260454		PPWD1
124641	-0.0272542	0.764	OVCA2	0.5631714138312551		OVCA2
25803	0.1369811	0.765	SPDEF	0.0604422749152551		SPDEF
100874006	-0.0446553	0.765	TTC3-AS1	1.4500987718787588		TTC3-AS1
51479	-0.0241461	0.765	ANKFY1	-0.035073921838995		ANKFY1
79763	0.0387365	0.765	ISOC2	0.0171722165296914		ISOC2
84872	-0.0271246	0.765	ZC3H10	0.421225901353913		ZC3H10
58486	-0.0361103	0.765	ZBED5	0.0447641530676037		ZBED5
51535	-0.0154033	0.765	PPHLN1	0.1407002521666829		PPHLN1
127733	0.1049854	0.765	UBXN10	0.1607315903295199		UBXN10
401074	0.0976111	0.765	LINC00960	1.1593837476848536		LINC00960
7097	0.1030054	0.765	TLR2	0.1894349545074342		TLR2
91869	0.0225913	0.765	RFT1	-0.1613533723731781		RFT1
143872	-0.0386175	0.765	ARHGAP42	0.040602524915299		ARHGAP42
7756	0.0237794	0.765	ZNF207	0.1261726317629161		ZNF207
8411	0.0632038	0.766	EEA1	-0.4158461849836956		EEA1
54742	0.1185601	0.766	LY6K	-0.2054504783758547		LY6K
23705	0.0435434	0.767	CADM1	-0.21587073982095		CADM1
100526771	0.0823643	0.767	SMIM35	0.0		SMIM35
100422977	0.0560725	0.767	MIR1184-3	0.0		MIR1184-3
5806	-0.1244132	0.767	PTX3	0.387134720997787		PTX3
36	-0.0453291	0.767	ACADSB	0.0575365798891374		ACADSB
221472	-0.1030972	0.768	FGD2	0.3532986885204321		FGD2
105371374	0.1058725	0.768	ATP2C2-AS1	0.1350229946222985		ATP2C2-AS1
4621	-0.0363868	0.768	MYH3	-1.1373326086401916		MYH3
4128	0.067823	0.768	MAOA	-0.0566393725853293		MAOA
148523	0.1034436	0.768	CIART	0.0994414837796724		CIART
10336	-0.0194499	0.769	PCGF3	-0.280932825755035		PCGF3
50485	-0.0328243	0.769	SMARCAL1	0.3452683836000512		SMARCAL1
23369	0.0281879	0.769	PUM2	-0.1626005761678124		PUM2
100507171	-0.0372428	0.769	BOLA3-DT	0.4575205914914574		BOLA3-DT
105369209	-0.1036738	0.769	LOC105369209	-0.0847052519872901		LOC105369209
100506930	-0.0492477	0.769	LINC00665	-0.0029426349777104		LINC00665
55764	-0.0370693	0.77	IFT122	0.1166415086912344		IFT122
56902	0.0338406	0.77	PNO1	0.003679528021157		PNO1
79174	0.0351569	0.77	CRELD2	0.2349917608940885		CRELD2
100507032	0.0613008	0.77	TMCC1-DT	0.0498128614501176		TMCC1-DT
7940	0.0869743	0.77	LST1	0.1253353815057161		LST1
55909	0.0374527	0.77	BIN3	-0.1708978286969902		BIN3
26507	-0.1112064	0.77	CNNM1	0.6681123991048632		CNNM1
80199	0.0334919	0.77	FUZ	-0.0604250339500289		FUZ
10783	0.0681464	0.77	NEK6	0.1302764046602711		NEK6
10810	-0.0458508	0.77	WASF3	0.0302097144849189		WASF3
150147	-0.435327	0.771	UMODL1-AS1	0.7090973610679675		UMODL1-AS1
10580	0.0380543	0.771	SORBS1	-0.1722955346111909		SORBS1
79646	-0.0471583	0.771	PANK3	-0.5002269008494253		PANK3
347734	0.0208205	0.771	SLC35B2	-0.0910042775290485		SLC35B2
54495	-0.0366715	0.771	TMX3	-0.2234268782615274		TMX3
149840	-0.0473504	0.771	SHLD1	-0.0563192417686759		SHLD1
3269	-0.1023004	0.771	HRH1	0.3863041724009205		HRH1
7078	0.072635	0.771	TIMP3	0.130258555832972		TIMP3
79080	0.0412615	0.772	CCDC86	0.1349132447040508		CCDC86
27300	0.0213625	0.772	ZNF544	0.0016697491310821		ZNF544
4795	-0.0381392	0.772	NFKBIL1	0.2665419059194516		NFKBIL1
4335	-0.0365731	0.772	MNT	-0.0379690354013741		MNT
57579	-0.0423508	0.772	FAM135A	0.6837986297547776		FAM135A
55916	-0.0578192	0.772	NXT2	0.1929050587341483		NXT2
2222	0.0321799	0.773	FDFT1	0.176805500849051		FDFT1
163486	0.0570606	0.773	DENND1B	-0.1218283947140466		DENND1B
57510	-0.0211787	0.773	XPO5	0.1237009089307683		XPO5
85444	-0.0463993	0.773	LRRCC1	0.1497537451364892		LRRCC1
6231	-0.0621336	0.773	RPS26	-0.2530515244125264		RPS26
114822	-0.0716675	0.773	RHPN1	0.3101740846844865		RHPN1
101927667	0.1409632	0.774	LINC01535	0.0357069079683896		LINC01535
6794	-0.0295382	0.774	STK11	0.0905398461100723		STK11
729678	0.0318865	0.774	LINC00847	0.2166293462109294		LINC00847
23678	-0.0344858	0.774	SGK3	0.0602631387432974		SGK3
102724344	-0.1741475	0.774	LINC02188	0.4654292337660188		LINC02188
6237	0.0379837	0.774	RRAS	0.0456851226669199		RRAS
151636	0.0488872	0.774	DTX3L	0.0507806766598863		DTX3L
6160	-0.0282407	0.774	RPL31	0.1383070437288101		RPL31
283578	-0.0279425	0.774	TMED8	0.0374775381232961		TMED8
101928062	0.0484122	0.775	PRANCR	-0.1282552579733473		PRANCR
148756	0.107622	0.775	OVAAL	-0.0071416072545673		OVAAL
172	-0.0264171	0.775	AFG3L1P	0.0362629397423766		AFG3L1P
116983	0.0269497	0.775	ACAP3	-0.1992997105124629		ACAP3
150763	0.0619742	0.775	GPAT2	-0.3886797494986724		GPAT2
5558	0.0333163	0.775	PRIM2	0.2509519084882807		PRIM2
100507103	-0.0512832	0.775	LINC02937	0.0603572203340887		LINC02937
132320	0.0353295	0.775	SCLT1	-0.1001677727912069		SCLT1
80349	-0.0229542	0.775	SKIC8	-0.0478856917485357		SKIC8
400618	-0.057578	0.775	SOX9-AS1	0.0979379353301173		SOX9-AS1
400618	-0.057578	0.775	SOX9-AS1	2.760589234879351		SOX9-AS1
65980	-0.0192859	0.775	BRD9	0.0825413859567776		BRD9
55662	0.0211279	0.775	HIF1AN	-0.0965889747335442		HIF1AN
284307	-0.0282925	0.775	ZIK1	0.1241561327222413		ZIK1
23236	0.0722451	0.775	PLCB1	0.1805427952143228		PLCB1
1869	-0.0665641	0.775	E2F1	0.0761161680948848		E2F1
54953	0.0277438	0.776	ODR4	0.4041806176156761		ODR4
277	-0.0496546	0.776	AMY1B	0.3109105858014995		AMY1B
55843	-0.0618549	0.776	ARHGAP15	0.4006771389320134		ARHGAP15
55843	-0.0618549	0.776	ARHGAP15	0.0734477602933481		ARHGAP15
401127	0.0544378	0.776	LOC401127	0.086077508961685		LOC401127
339230	0.0284478	0.776	CCDC137	0.0154234989834654		CCDC137
7423	-0.0297039	0.776	VEGFB	0.2249814994193677		VEGFB
1478	-0.0253668	0.776	CSTF2	0.0288808386535399		CSTF2
83943	0.0378203	0.776	IMMP2L	-0.0242905414630039		IMMP2L
7432	0.0748418	0.777	VIP	0.0836980934363565		VIP
10106	0.0295441	0.777	CTDSP2	-0.2193682394816267		CTDSP2
51311	0.1099366	0.777	TLR8	0.0844062929757789		TLR8
4810	0.0730879	0.777	NHS	-0.1485864997368897		NHS
401145	0.0390721	0.777	CCSER1	0.1692432196353503		CCSER1
28970	-0.0358447	0.777	C11orf54	0.1370209600115002		C11orf54
29945	-0.0216872	0.777	ANAPC4	0.2472683730671279		ANAPC4
11331	0.0249242	0.778	PHB2	-0.0986775275754556		PHB2
149603	-0.0308476	0.778	RNF187	0.2146218635262737		RNF187
100500873	-0.0936175	0.778	MIR3934	0.0		MIR3934
100506394	0.0441173	0.778	GAS6-DT	0.2144726131673453		GAS6-DT
9595	-0.0847988	0.779	CYTIP	0.1714313077988802		CYTIP
1293	0.0577037	0.779	COL6A3	0.0560019935268059		COL6A3
9265	-0.0241245	0.779	CYTH3	-0.1855457542243597		CYTH3
6619	0.0214346	0.779	SNAPC3	-0.0235346960055622		SNAPC3
2872	0.0862477	0.779	MKNK2	-0.1464532985853299		MKNK2
55228	-0.0759849	0.779	PNMA8A	0.176837960389236		PNMA8A
51604	-0.0385341	0.779	PIGT	-0.0015192362576073		PIGT
153830	0.0230542	0.779	RNF145	-0.029162335828075		RNF145
221393	0.1668185	0.78	ADGRF4	-0.1526221403866635		ADGRF4
5033	0.0527086	0.78	P4HA1	-0.0046887714878138		P4HA1
55090	-0.036592	0.78	MED9	0.2293888105126038		MED9
10669	-0.0765825	0.78	CGREF1	0.2340982850133263		CGREF1
152206	0.0580141	0.78	CCDC13	-0.0257666311961795		CCDC13
152206	0.0580141	0.78	CCDC13	-1.5188466676268946		CCDC13
100130771	-0.0345946	0.78	EFCAB10	3.962212088790984		EFCAB10
170394	-0.0398804	0.78	PWWP2B	0.2566188236300166		PWWP2B
49	0.1107512	0.781	ACR	0.5635025843874175		ACR
86	0.019378	0.781	ACTL6A	0.3122013657550431		ACTL6A
399473	0.1206664	0.781	SPRED3	0.3845661672079383		SPRED3
8976	0.0355706	0.781	WASL	-0.0081984961130725		WASL
267	-0.0263211	0.781	AMFR	-0.1386564447193681		AMFR
23512	0.03334	0.781	SUZ12	0.0451620421021994		SUZ12
6307	-0.0663359	0.781	MSMO1	0.2909372839053263		MSMO1
6606	-0.0434391	0.781	SMN1	0.1597932809547047		SMN1
2201	0.0804212	0.782	FBN2	-0.0034417297941953		FBN2
100310846	0.0795976	0.782	ANKRD61	-0.2946746873387527		ANKRD61
100129931	-0.0224519	0.782	LOC100129931	-0.0819566153145263		LOC100129931
5138	0.0565818	0.782	PDE2A	-0.3519193670378167		PDE2A
79694	0.0445679	0.782	MANEA	-0.1162668938372841		MANEA
26468	0.0851564	0.782	LHX6	-0.0899753257035456		LHX6
7132	0.0327689	0.782	TNFRSF1A	-0.1675220235799681		TNFRSF1A
7791	-0.0396846	0.783	ZYX	0.0400164702578731		ZYX
4299	0.0376966	0.783	AFF1	-0.3632313437995753		AFF1
51379	0.0290042	0.783	CRLF3	-0.110556356349428		CRLF3
51379	0.0290042	0.783	CRLF3	-0.4932811214185477		CRLF3
993	0.0719857	0.783	CDC25A	0.0748373168751718		CDC25A
6895	-0.0307872	0.783	TARBP2	0.2983937264868381		TARBP2
3572	0.0429508	0.783	IL6ST	-0.7493340619134701		IL6ST
222223	-0.0393228	0.783	ELAPOR2	-0.2384863034752884		ELAPOR2
402573	-0.1305854	0.783	SPACDR	0.2214747127362876		SPACDR
56897	-0.0185897	0.784	WRNIP1	0.1814212533912238		WRNIP1
8778	-0.0996533	0.784	SIGLEC5	0.0930842525162285		SIGLEC5
393	0.0415849	0.784	ARHGAP4	0.0444298508498821		ARHGAP4
55630	0.0614364	0.784	SLC39A4	-0.1069477403466456		SLC39A4
440138	-0.0214184	0.784	ALG11	0.0946953233068101		ALG11
10978	-0.0271643	0.785	CLP1	0.0856211910123878		CLP1
100526760	0.0324137	0.785	ABHD14A-ACY1	1.6753087433212954		ABHD14A-ACY1
3538	-0.1732928	0.785	IGLC2	0.2253193521918026		IGLC2
342892	0.0491379	0.785	ZNF850	-0.0268332379784649		ZNF850
5342	0.0518025	0.786	PLGLB2	-0.0812665065321778		PLGLB2
51360	0.0292319	0.786	MBTPS2	0.1786926056918374		MBTPS2
342184	-0.0710751	0.786	FMN1	0.0763852249893556		FMN1
64421	0.0335156	0.786	DCLRE1C	-0.5083601083143576		DCLRE1C
55213	0.041612	0.786	RCBTB1	-0.0912821334137445		RCBTB1
55719	-0.0311177	0.786	SLF2	0.2865091679052347		SLF2
51222	0.0378392	0.786	ZNF219	-0.1104619870781		ZNF219
9296	-0.0404329	0.787	ATP6V1F	0.2338204133177681		ATP6V1F
1198	0.026406	0.787	CLK3	0.1834692662661732		CLK3
152330	-0.0684798	0.787	CNTN4	-0.0084985438183082		CNTN4
80763	-0.0480635	0.787	SPX	0.1991654358574015		SPX
29015	0.0416169	0.787	SLC43A3	0.035610182908333		SLC43A3
84954	0.0250241	0.787	MPND	0.1861802454864971		MPND
9697	0.0342396	0.787	TRAM2	-0.0022907922409252		TRAM2
4946	0.0260328	0.787	OAZ1	0.1714687024696584		OAZ1
50807	-0.0343543	0.787	ASAP1	-0.2502427106950255		ASAP1
1350	-0.0331681	0.788	COX7C	0.1618437768139671		COX7C
80059	-0.1284885	0.788	LRRTM4	0.1419643446175147		LRRTM4
7066	-0.0697319	0.788	THPO	-0.2843212190650146		THPO
79830	-0.0424093	0.788	ZMYM1	0.0185842625018977		ZMYM1
10237	0.0237324	0.788	SLC35B1	0.0273450249228508		SLC35B1
84074	-0.0515004	0.788	QRICH2	-0.1013095948935156		QRICH2
645158	0.0670405	0.788	CBX3P2	0.1218058146702123		CBX3P2
3268	0.031441	0.788	AGFG2	0.1890536635723338		AGFG2
100874241	-0.119372	0.789	STARD13-AS	0.3407990270253561		STARD13-AS
1290	-0.071729	0.789	COL5A2	0.0588253434183703		COL5A2
55186	-0.0387567	0.789	SLC25A36	-0.0413096054355204		SLC25A36
157769	0.0424754	0.789	FAM91A1	0.0552107171270987		FAM91A1
91445	0.0152671	0.789	RNF185	0.1748149354527486		RNF185
64849	0.0739615	0.789	SLC13A3	-0.1065113618822523		SLC13A3
200895	-0.0356221	0.789	DHFR2	0.13893369042556		DHFR2
348801	0.0481166	0.789	LNP1	0.2445985502730909		LNP1
10268	-0.0598011	0.789	RAMP3	0.1832648294088636		RAMP3
9217	0.0221092	0.79	VAPB	-0.2663487872406538		VAPB
2859	0.0801627	0.79	GPR35	0.2635490580288246		GPR35
6903	-0.0247745	0.79	TBCC	0.0642388385882672		TBCC
27342	0.0206446	0.79	RABGEF1	0.1231540437136575		RABGEF1
6588	0.1358234	0.79	SLN	0.2079892194668691		SLN
123207	-0.0197839	0.79	C15orf40	-0.2048180632454608		C15orf40
101929237	0.0907182	0.79	LOC101929237	1.1409630811982332		LOC101929237
8530	-0.0890913	0.79	CST7	0.3343287348286559		CST7
28513	0.0824374	0.79	CDH19	-0.2478415091036865		CDH19
404281	-0.0513949	0.791	YY2	0.3701855862578689		YY2
166378	-0.026609	0.791	SPATA5	0.1701944436329091		SPATA5
10465	0.0214809	0.791	PPIH	0.2907184097988247		PPIH
116840	0.0224261	0.791	CNTROB	0.119599046925205		CNTROB
27158	-0.0305859	0.791	NDOR1	0.3329449115546719		NDOR1
4841	0.0154281	0.791	NONO	-0.1536007186348476		NONO
55897	0.0740527	0.792	MESP1	-0.2243988515298789		MESP1
5978	0.0373755	0.792	REST	0.1890354452049072		REST
8658	-0.0238577	0.792	TNKS	0.0406114631068335		TNKS
8658	-0.0238577	0.792	TNKS	0.0		TNKS
84812	0.0346299	0.792	PLCD4	3.3844501638871494		PLCD4
1525	-0.0520197	0.792	CXADR	-0.0607838076672604		CXADR
1663	-0.0737623	0.792	DDX11	0.4998007447856425		DDX11
1281	-0.1255893	0.793	COL3A1	0.2766271310388912		COL3A1
1810	-0.0306591	0.793	DR1	0.0845998378338155		DR1
255308	0.029127	0.793	EIF2S3B	0.1012865114773271		EIF2S3B
79810	-0.0331293	0.793	PTCD2	0.4776555474759827		PTCD2
57545	-0.0416572	0.793	CC2D2A	0.3221665732644911		CC2D2A
80024	-0.0259517	0.793	SLC8B1	-0.0758250101226689		SLC8B1
2130	-0.0197737	0.793	EWSR1	0.1743840701109693		EWSR1
100131211	0.0362008	0.793	NEMP2	0.1842155869559545		NEMP2
53918	0.0252608	0.793	PELO	0.1500616589453445		PELO
10656	-0.0413175	0.793	KHDRBS3	0.2267438480332044		KHDRBS3
84437	0.0322889	0.793	MSANTD4	-0.2042998220869116		MSANTD4
146540	-0.0218821	0.793	ZNF785	-0.0493947851470664		ZNF785
63939	0.045492	0.793	FAM217B	-0.5654230761549739		FAM217B
96764	-0.0203289	0.794	TGS1	0.2080963175991059		TGS1
9895	-0.0239407	0.794	TECPR2	0.3453794418818807		TECPR2
333926	0.0483252	0.794	PPM1J	0.0049830260702878		PPM1J
3840	-0.0259207	0.794	KPNA4	-0.3139983134528163		KPNA4
100507679	0.1699892	0.794	MUC22	0.2600991006055713		MUC22
7127	0.0482761	0.795	TNFAIP2	0.1255411961201629		TNFAIP2
170622	-0.0284213	0.795	COMMD6	0.0438391147335712		COMMD6
22925	-0.0611994	0.795	PLA2R1	0.3583005806429573		PLA2R1
267002	-0.0481962	0.795	PGBD2	0.3656876121898254		PGBD2
79752	-0.0239317	0.795	ZFAND1	-0.0041477643049994		ZFAND1
286103	0.0744699	0.795	ZNF252P-AS1	0.2397121243034163		ZNF252P-AS1
340267	-0.1016136	0.795	COL28A1	0.1806083311735349		COL28A1
4688	0.0726923	0.796	NCF2	0.0267768126134324		NCF2
100505624	-0.0278696	0.796	GTF3C2-AS1	0.3163897475493895		GTF3C2-AS1
84289	-0.0261528	0.796	ING5	0.4486600844751964		ING5
55068	-0.0810364	0.796	ENOX1	-0.0051719694667888		ENOX1
255104	-0.0269621	0.796	TMCO4	-0.0792491658772887		TMCO4
207063	0.0274906	0.797	DHRSX	-0.0323992765056564		DHRSX
56926	0.0247581	0.797	NCLN	0.1923625204923915		NCLN
101928000	-0.0530135	0.797	ZNF232-AS1	0.247882125727282		ZNF232-AS1
7399	0.0728804	0.797	USH2A	-0.2809406075804865		USH2A
728239	0.0835817	0.797	MAGED4	-0.4434502696308389		MAGED4
11160	-0.0225548	0.797	ERLIN2	-0.1661275757638431		ERLIN2
9570	-0.0174617	0.797	GOSR2	0.0956503611540489		GOSR2
11182	-0.0501653	0.797	SLC2A6	0.0829233605627082		SLC2A6
5737	0.1395404	0.797	PTGFR	0.3031453621433162		PTGFR
55071	0.0418069	0.797	C9orf40	0.0128557488237607		C9orf40
90799	0.0252533	0.798	CEP95	0.3770417745629597		CEP95
126364	-0.073381	0.798	LRRC25	0.1537725496666484		LRRC25
26747	0.0219186	0.798	NUFIP1	0.153935431779432		NUFIP1
57535	-0.1079955	0.798	ELAPOR1	1.1458196469429698		ELAPOR1
4843	-0.1362664	0.798	NOS2	0.2643132767499452		NOS2
51	-0.0201727	0.798	ACOX1	0.1002634045184418		ACOX1
55335	-0.040478	0.798	NIPSNAP3B	0.2356490673727087		NIPSNAP3B
22845	-0.0295367	0.798	DOLK	0.1154633095436814		DOLK
11320	0.0325703	0.798	MGAT4A	0.1655429213169803		MGAT4A
79595	-0.0246773	0.798	SAP130	0.0819650212304172		SAP130
6271	0.0375209	0.798	S100A1	-0.0272647005489226		S100A1
117178	-0.03549	0.798	SSX2IP	-0.3094026979553574		SSX2IP
84681	-0.032399	0.798	HINT2	-0.0375109311532222		HINT2
6733	-0.0247255	0.799	SRPK2	0.2138794020369525		SRPK2
84902	-0.0296669	0.799	CEP89	0.096061628689934		CEP89
10039	0.023082	0.799	PARP3	0.2458060736336946		PARP3
644242	-0.0692671	0.799	LINC00622	-0.1151088251029541		LINC00622
8291	0.0331475	0.799	DYSF	0.257190747036466		DYSF
727936	0.0610977	0.799	GXYLT2	0.0508431810458995		GXYLT2
29766	0.0396183	0.799	TMOD3	-0.0512766221578635		TMOD3
51181	0.0404991	0.799	DCXR	-0.0195237089944662		DCXR
7766	0.0196733	0.799	ZNF223	0.5948095545968797		ZNF223
54707	-0.0244054	0.8	GPN2	-0.3773589750634221		GPN2
11161	0.0241453	0.8	ERG28	0.0405181059427248		ERG28
54811	0.0225358	0.8	ZNF562	-0.2161154608661166		ZNF562
54602	-0.0385146	0.8	NDFIP2	0.0525249988942064		NDFIP2
284040	-0.0320901	0.8	CDRT4	0.7584197624080744		CDRT4
100996590	0.11827	0.8	LINC01505	-0.5978508097274675		LINC01505
11212	0.020024	0.8	PLPBP	-0.0986212257248952		PLPBP
745	0.1007893	0.8	MYRF	-0.904649961010239		MYRF
54768	-0.0649102	0.8	HYDIN	0.5284678784101544		HYDIN
22994	0.0277805	0.8	CEP131	0.0258841079132916		CEP131
9969	-0.0321363	0.8	MED13	0.1874689021255662		MED13
3431	-0.0470378	0.8	SP110	0.0566947468769738		SP110
7917	-0.0195327	0.8	BAG6	0.152902636809479		BAG6
23479	-0.0317969	0.8	ISCU	0.2775713531987875		ISCU
284825	-0.1028647	0.8	LINC01697	0.1027651096738809		LINC01697
5443	-0.0938275	0.801	POMC	-0.0413228166893118		POMC
79706	-0.0218313	0.801	PRKRIP1	0.1761879479040202		PRKRIP1
10439	0.0563042	0.801	OLFM1	-0.0715626274163327		OLFM1
54464	0.0351672	0.801	XRN1	-0.5189436901600191		XRN1
80323	-0.0726379	0.801	CCDC68	-0.1156964206602482		CCDC68
4671	0.0587633	0.801	NAIP	-0.1206905387270897		NAIP
339231	-0.0329933	0.801	ARL16	0.0988973868811369		ARL16
60488	0.0243051	0.802	MRPS35	-0.0370354715996681		MRPS35
10066	-0.0238972	0.802	SCAMP2	-0.1083504748258228		SCAMP2
6305	0.0299699	0.803	SBF1	0.0453191101022136		SBF1
5595	-0.0221336	0.803	MAPK3	0.0621675718312735		MAPK3
6595	-0.0183669	0.803	SMARCA2	0.1759060242829413		SMARCA2
57335	-0.02638	0.803	ZNF286A	0.2863602687489539		ZNF286A
220965	0.0686317	0.804	FAM13C	-0.2579633503060079		FAM13C
6176	-0.03481	0.804	RPLP1	0.7915858737751353		RPLP1
26065	0.0149898	0.804	LSM14A	-0.0904426526375852		LSM14A
4778	0.1130966	0.805	NFE2	0.0426206895345915		NFE2
9194	-0.0672037	0.805	SLC16A7	-0.2534841121337234		SLC16A7
667	-0.0264648	0.805	DST	0.2539049247580962		DST
682	0.0357437	0.805	BSG	-0.0072799247104704		BSG
6133	0.0357731	0.805	RPL9	-0.054260963643304		RPL9
114134	-0.0609116	0.805	SLC2A13	0.0854731353303457		SLC2A13
120406	0.0724676	0.805	NXPE2	0.3423390364146734		NXPE2
100506060	-0.0527223	0.805	SMG1P7	-0.0073500457055177		SMG1P7
57573	0.035333	0.805	ZNF471	0.1313945488019343		ZNF471
55679	0.0349076	0.805	LIMS2	0.0639230546882689		LIMS2
3082	0.0784224	0.805	HGF	-0.1370915614303818		HGF
79594	-0.0251017	0.805	MUL1	0.058053536386752		MUL1
728431	0.0630556	0.806	ZC3H12A-DT	-0.0019990637224573		ZC3H12A-DT
132228	-0.0437715	0.806	LSMEM2	0.4001328568214335		LSMEM2
5742	0.0824398	0.806	PTGS1	0.1194767918322003		PTGS1
6927	-0.0663922	0.806	HNF1A	-1.7606362367522008		HNF1A
102724601	0.1150884	0.806	RABGAP1L-DT	0.0439814097256934		RABGAP1L-DT
154865	-0.0698233	0.806	IQUB	-0.3847023911233291		IQUB
27253	-0.065775	0.806	PCDH17	0.2781379855247303		PCDH17
51174	-0.0305094	0.806	TUBD1	0.1402154773275925		TUBD1
11159	-0.0245376	0.806	RABL2A	0.507693285163598		RABL2A
51495	-0.0299008	0.806	HACD3	0.3036304946442274		HACD3
6015	-0.0191418	0.806	RING1	0.2165426581174365		RING1
26166	-0.1033795	0.806	RGS22	0.263969262755634		RGS22
26036	0.022336	0.807	ZNF451	0.0448291509102554		ZNF451
285966	0.043395	0.807	TCAF2	0.2487336935315429		TCAF2
64770	-0.0291834	0.807	CCDC14	0.2007801190364349		CCDC14
23131	0.0240845	0.807	GPATCH8	-0.1190375591821242		GPATCH8
6566	0.0360532	0.807	SLC16A1	0.010267207581986		SLC16A1
3516	-0.0296981	0.807	RBPJ	-0.2146950398781948		RBPJ
9295	0.0309975	0.807	SRSF11	-0.3469863317646009		SRSF11
84288	0.0698629	0.807	EFCAB2	0.0026384656201239		EFCAB2
728819	0.0569601	0.807	C1GALT1C1L	0.0008419250981651		C1GALT1C1L
23741	-0.0278696	0.807	EID1	0.0745482926686236		EID1
1639	0.0262032	0.807	DCTN1	-0.0565301217554257		DCTN1
619518	0.0529071	0.807	SSBP3-AS1	0.4296127997414078		SSBP3-AS1
23001	0.0288666	0.807	WDFY3	-0.4579502932409198		WDFY3
395	0.034507	0.807	ARHGAP6	-0.0718401969658675		ARHGAP6
728888	-0.031825	0.807	NPIPB11	0.030699819670411		NPIPB11
5264	0.0316929	0.808	PHYH	-0.0114188617924835		PHYH
200845	-0.022757	0.808	KCTD6	0.3543857689355794		KCTD6
103	-0.0221559	0.808	ADAR	0.0996872800206638		ADAR
22887	-0.0139377	0.809	FOXJ3	-0.0673552031886881		FOXJ3
4697	0.0391827	0.809	NDUFA4	0.2750709217109381		NDUFA4
1186	0.0266099	0.809	CLCN7	-0.1319742833623012		CLCN7
375387	0.0652514	0.809	NRROS	0.2673933104223319		NRROS
441869	-0.0775981	0.809	ANKRD65	0.3405706803882578		ANKRD65
3035	0.0189028	0.809	HARS1	-0.001867398410277		HARS1
84224	-0.0426573	0.809	NBPF3	0.2918616914045833		NBPF3
286097	0.0535401	0.809	MICU3	-0.2734565806401265		MICU3
2671	-0.0229412	0.81	GFER	0.0609533253827097		GFER
64288	0.0316964	0.81	ZSCAN31	-0.3636998815873453		ZSCAN31
871	0.0583772	0.81	SERPINH1	0.0326813350279167		SERPINH1
54962	0.0522012	0.81	TIPIN	-0.0333997446469398		TIPIN
282679	0.0521253	0.81	AQP11	-0.1720613510773335		AQP11
27292	-0.016897	0.81	DIMT1	-0.0230768879459555		DIMT1
9053	-0.0400644	0.811	MAP7	0.0084243079571004		MAP7
51306	0.0354598	0.811	FAM13B	-0.1528395457013536		FAM13B
56000	0.1134155	0.811	NXF3	0.1284410278393554		NXF3
221481	0.1003669	0.811	ARMC12	-1.154765860049442		ARMC12
79089	-0.0175228	0.811	TMUB2	0.1671685201897066		TMUB2
2746	0.0196739	0.811	GLUD1	-0.0778974122904205		GLUD1
64800	0.0573733	0.811	EFCAB6	0.2052863236173643		EFCAB6
200185	0.0213573	0.811	KRTCAP2	-0.0481498597053935		KRTCAP2
91584	-0.0469719	0.812	PLXNA4	0.1637138965893054		PLXNA4
161247	-0.0454672	0.812	FITM1	0.2985901316626922		FITM1
10435	-0.0390381	0.812	CDC42EP2	0.2400277235071595		CDC42EP2
902	-0.0213143	0.812	CCNH	0.0701795418767288		CCNH
92691	0.0822823	0.812	TMEM169	-0.2994160932711374		TMEM169
54814	0.0333736	0.812	QPCTL	0.2579513781114293		QPCTL
613126	-0.0663336	0.812	CYP51A1-AS1	0.9003348999837848		CYP51A1-AS1
28408	-0.1215768	0.813	IGHV3-74	0.3037235026430062		IGHV3-74
366	0.1201409	0.813	AQP9	0.2335790245152291		AQP9
29085	0.0256084	0.813	PHPT1	0.1843957853155844		PHPT1
51734	0.0371369	0.813	MSRB1	0.252929939012958		MSRB1
132321	0.0273504	0.813	C4orf33	0.1733201311435173		C4orf33
80727	0.037166	0.813	TTYH3	0.2518837672505838		TTYH3
220323	-0.0636363	0.813	OAF	0.5758019598767179		OAF
220323	-0.0636363	0.813	OAF	0.2016494477191462		OAF
283951	0.0247823	0.813	UQCC4	0.0005381228888206		UQCC4
87	-0.0507612	0.813	ACTN1	-0.000724806555806		ACTN1
199221	-0.0358574	0.813	DZIP1L	-0.0595064670188785		DZIP1L
7941	-0.0611875	0.813	PLA2G7	0.080376309435082		PLA2G7
8089	-0.0282226	0.813	YEATS4	0.1775412978878541		YEATS4
29777	-0.0197335	0.814	ABT1	0.2523925425175548		ABT1
1352	-0.0318154	0.814	COX10	0.1864010096598605		COX10
9557	0.0249514	0.814	CHD1L	0.1275562972783337		CHD1L
10473	-0.01785	0.814	HMGN4	0.1264699891355549		HMGN4
284312	-0.0461174	0.814	ZSCAN1	0.2737284767129559		ZSCAN1
55621	-0.0228723	0.814	TRMT1	-0.0559496371617109		TRMT1
83604	-0.0398423	0.814	TMEM47	0.0891364597684143		TMEM47
231	0.0412871	0.814	AKR1B1	0.0067575393506622		AKR1B1
84858	-0.0417267	0.814	ZNF503	0.0471678210577117		ZNF503
257194	0.0515653	0.814	NEGR1	-0.5280066775106045		NEGR1
22908	-0.0239391	0.814	SACM1L	-0.0902602122912599		SACM1L
100506835	-0.0979708	0.814	LINC00840	0.3864928758549797		LINC00840
7762	0.0878071	0.814	ZNF215	0.1194426471315219		ZNF215
91	0.0171415	0.815	ACVR1B	0.1840230240509743		ACVR1B
27440	0.0291974	0.815	HDHD5	0.053080161756414		HDHD5
202309	0.0981858	0.815	GAPT	0.1517747562966241		GAPT
2996	0.030332	0.815	GYPE	0.6952839842664762		GYPE
9189	-0.0266799	0.815	ZBED1	-0.1001913670089118		ZBED1
6748	-0.0285717	0.815	SSR4	0.240314893682922		SSR4
360023	0.0478913	0.815	ZBTB41	0.007228747907958		ZBTB41
5660	-0.022093	0.815	PSAP	0.0131800789335265		PSAP
693155	0.0666068	0.816	MIR570	1.8978881552321432		MIR570
10920	0.020894	0.816	COPS8	0.2222583025456135		COPS8
51592	-0.0363728	0.816	TRIM33	-0.3616866027688923		TRIM33
284	-0.0663771	0.816	ANGPT1	-0.1320781702507227		ANGPT1
3843	-0.019011	0.816	IPO5	0.214743905559513		IPO5
388931	0.0457401	0.816	MFSD2B	0.2662730283074126		MFSD2B
339983	-0.0947865	0.816	NAT8L	0.362661589364968		NAT8L
127255	-0.1021644	0.816	LRRIQ3	0.0306295172958713		LRRIQ3
153020	-0.0565429	0.817	RASGEF1B	0.0917546905488742		RASGEF1B
101928909	-0.0611845	0.817	TTC7B-AS1	1.396235217711859		TTC7B-AS1
27122	0.0468211	0.818	DKK3	-0.0063751849896629		DKK3
56990	-0.0235139	0.819	CDC42SE2	0.3034953792547687		CDC42SE2
222235	-0.0586802	0.819	FBXL13	0.1458884905948198		FBXL13
2271	0.0236007	0.819	FH	-0.3607495733969559		FH
27297	0.0177232	0.819	CRCP	-0.0732580704480292		CRCP
3503	-0.1579637	0.819	IGHG4	0.8511203566512198		IGHG4
9294	-0.0649138	0.819	S1PR2	0.1382168247646735		S1PR2
3911	-0.0248469	0.819	LAMA5	-0.1202394249802454		LAMA5
6506	0.0862977	0.819	SLC1A2	0.07512642328647		SLC1A2
29888	-0.0166161	0.82	STRN4	-0.2437867775033426		STRN4
132158	0.0391131	0.82	GLYCTK	0.1062653180252846		GLYCTK
101930085	0.0276476	0.82	HERPUD2-AS1	0.288141827568533		HERPUD2-AS1
9540	-0.0423903	0.82	TP53I3	0.2470266870009823		TP53I3
4609	-0.0737906	0.82	MYC	0.3033857580410113		MYC
284004	-0.026213	0.82	HEXD	0.044693146811495		HEXD
8989	-0.0529931	0.82	TRPA1	0.3945946780436076		TRPA1
2629	-0.0293746	0.821	GBA1	0.0656757192263821		GBA1
949	-0.0303317	0.822	SCARB1	0.0425313918177523		SCARB1
54988	-0.1382638	0.822	ACSM5	-0.7281374612562864		ACSM5
4750	0.0246785	0.822	NEK1	0.0761194456386298		NEK1
115106	-0.0399006	0.822	HAUS1	0.2788514718913477		HAUS1
8514	0.0598326	0.822	KCNAB2	0.0588424849123478		KCNAB2
253738	0.0363769	0.822	EBF3	-0.0607284653903472		EBF3
9459	-0.0301186	0.822	ARHGEF6	0.003528122661649		ARHGEF6
5150	-0.0564135	0.822	PDE7A	-0.0402143741056972		PDE7A
3437	-0.0827575	0.822	IFIT3	0.4083923198696748		IFIT3
953	0.0245252	0.822	ENTPD1	0.4149964701060387		ENTPD1
254050	-0.0862397	0.822	LRRC43	0.2808551566436412		LRRC43
27141	0.0123288	0.822	CIDEB	0.4714551337053354		CIDEB
25790	0.0750054	0.823	CFAP45	0.1760607853280111		CFAP45
10026	-0.0242413	0.823	PIGK	-0.2223561227881711		PIGK
355	0.0368763	0.823	FAS	0.1463664819066426		FAS
84689	0.0885836	0.823	MS4A14	0.1186451976787209		MS4A14
51228	0.0168848	0.823	GLTP	0.1239990811199902		GLTP
283575	-0.0867055	0.823	LINC02288	0.3665231142650231		LINC02288
158960	0.0372397	0.823	ATP6AP1-DT	0.5309234591466803		ATP6AP1-DT
5607	-0.0301043	0.823	MAP2K5	0.048402658666296		MAP2K5
51182	-0.0153337	0.823	HSPA14	0.1296633265626599		HSPA14
5328	0.0676528	0.824	PLAU	0.1599837150435994		PLAU
2762	0.0303574	0.824	GMDS	0.0555210720262886		GMDS
50862	-0.0287866	0.824	RNF141	-0.2453817696207547		RNF141
105373383	-0.0677906	0.824	LOC105373383	0.2206259516647876		LOC105373383
645121	0.0360174	0.825	CCNI2	0.8670003506562329		CCNI2
51308	-0.0589938	0.825	REEP2	0.3352415341686838		REEP2
278	-0.039253	0.825	AMY1C	1.5503864134706218		AMY1C
23007	-0.1122175	0.825	PLCH1	0.2130269321338063		PLCH1
101926977	0.0433419	0.825	VIRMA-DT	0.0309791375677563		VIRMA-DT
101101775	0.0604921	0.825	TMEM220-AS1	0.2188267435402018		TMEM220-AS1
401288	0.0791331	0.825	LINC00242	-0.1255769990106818		LINC00242
10635	-0.0540333	0.825	RAD51AP1	0.1044603840412009		RAD51AP1
1368	0.0931766	0.825	CPM	0.1749506004148195		CPM
1537	0.0302656	0.825	CYC1	-0.1637538784000849		CYC1
84826	0.0228384	0.825	SFT2D3	0.2505414235686547		SFT2D3
5003	-0.0514174	0.825	SLC22A18AS	-0.1025746130768694		SLC22A18AS
100507246	0.0264153	0.826	SNHG16	-0.0886059164395538		SNHG16
54974	-0.0363119	0.826	THG1L	0.1814643674478531		THG1L
8273	-0.0227652	0.826	SLC10A3	0.0066934810986309		SLC10A3
6426	0.0183734	0.826	SRSF1	-0.3523899049571888		SRSF1
440345	0.0305995	0.827	NPIPB4	0.2236453766795723		NPIPB4
91368	0.0219259	0.827	CDKN2AIPNL	0.030856012044846		CDKN2AIPNL
93426	0.1319975	0.827	SYCE1	-0.3129434985034575		SYCE1
10451	-0.0443508	0.828	VAV3	0.0494550941764734		VAV3
1841	-0.0243002	0.828	DTYMK	0.044632650851915		DTYMK
440957	0.0348334	0.828	UQCC5	0.3405343914141623		UQCC5
8519	-0.0434014	0.828	IFITM1	0.5446735514875591		IFITM1
57655	0.0266733	0.828	GRAMD1A	0.1598844563637831		GRAMD1A
221421	-0.0236566	0.828	RSPH9	0.2586132678923141		RSPH9
101928725	0.0542325	0.828	MINDY2-DT	0.1502928676870821		MINDY2-DT
7412	0.079242	0.828	VCAM1	0.0951178770644936		VCAM1
9679	0.0413265	0.828	FAM53B	0.0143610789326196		FAM53B
9266	-0.0282648	0.828	CYTH2	0.2676804709428202		CYTH2
2690	-0.0320133	0.828	GHR	0.2041218464626868		GHR
55321	-0.0420189	0.828	TMEM74B	0.2460507609853013		TMEM74B
9666	-0.0249206	0.828	DZIP3	0.3010556070510399		DZIP3
79908	0.0960229	0.828	BTNL8	0.2762497743808234		BTNL8
166968	-0.0319114	0.829	MIER3	-0.2437613978215602		MIER3
692227	-0.058277	0.829	SNORD104	0.7259258342847188		SNORD104
132851	-0.0832236	0.829	SPATA4	0.4659774570012751		SPATA4
442213	0.0945724	0.829	PTCHD4	-0.1097964394170627		PTCHD4
641455	0.0460416	0.829	POTEM	0.7084859251142959		POTEM
1917	-0.0264962	0.829	EEF1A2	0.0653915573967207		EEF1A2
6001	-0.0557056	0.83	RGS10	0.1869216644285329		RGS10
9873	0.0244923	0.83	FCHSD2	-0.1814226091186199		FCHSD2
6193	-0.0250197	0.83	RPS5	0.2956584209964479		RPS5
143425	-0.078589	0.83	SYT9	0.7250805981845554		SYT9
3537	-0.1269264	0.83	IGLC1	0.958657891438606		IGLC1
92714	-0.0205303	0.83	ARRDC1	0.2724901598150513		ARRDC1
5024	0.0753087	0.83	P2RX3	0.0370507512896358		P2RX3
29954	0.01992	0.83	POMT2	-0.1030110580484233		POMT2
6894	0.0316974	0.831	TARBP1	0.2304213938620094		TARBP1
57403	-0.0131334	0.831	RAB22A	0.22120935223692		RAB22A
25966	0.0314442	0.831	C2CD2	-0.0245341256219715		C2CD2
5507	0.0694936	0.831	PPP1R3C	-0.0091457106997072		PPP1R3C
11187	-0.0785782	0.831	PKP3	0.1896004676561463		PKP3
6217	-0.035815	0.831	RPS16	0.0337663969577803		RPS16
8030	0.0422692	0.832	CCDC6	-0.0062194913741131		CCDC6
6039	0.0672675	0.832	RNASE6	0.1576104256531296		RNASE6
56915	-0.0297352	0.832	EXOSC5	0.1522147080491693		EXOSC5
23670	0.052075	0.832	CEMIP2	0.0915844297169612		CEMIP2
55638	-0.0576086	0.832	SYBU	-0.222303803734106		SYBU
5792	0.0732835	0.832	PTPRF	0.4033071845435232		PTPRF
2720	0.0182411	0.832	GLB1	-0.0920571024217675		GLB1
646658	0.0724143	0.832	SYNDIG1L	0.1522548551765306		SYNDIG1L
101927258	-0.0758218	0.832	LINC01474	0.0053874285441068		LINC01474
100129138	0.0734256	0.832	LOC100129138	1.7192984382549317		LOC100129138
91663	-0.03849	0.832	MYADM	0.2808892053667664		MYADM
84243	-0.0251346	0.833	ZDHHC18	0.0982709798196213		ZDHHC18
84124	0.0289079	0.834	ZNF394	0.0427139179098565		ZNF394
58500	-0.0180972	0.834	ZNF250	-0.1985759811212721		ZNF250
196	0.0425296	0.834	AHR	-0.3752112606899125		AHR
3422	0.0212161	0.834	IDI1	0.0359114621111631		IDI1
22934	0.0208086	0.834	RPIA	0.1956213519626941		RPIA
3097	-0.029385	0.834	HIVEP2	-0.1979632156116002		HIVEP2
353091	-0.0806149	0.834	RAET1G	-0.4098195687981789		RAET1G
286128	0.0177892	0.834	ZFP41	-0.054315847743215		ZFP41
7264	0.0211946	0.834	GFUS	0.2869915548668249		GFUS
22984	0.0141366	0.834	PDCD11	0.6317881290359861		PDCD11
349667	-0.0537751	0.834	RTN4RL2	0.0370273583796452		RTN4RL2
64282	0.0320472	0.834	TENT4B	0.059214610317825		TENT4B
4548	0.0241203	0.834	MTR	0.1223598561267236		MTR
147685	0.0409666	0.834	C19orf18	-0.0189446542922531		C19orf18
57727	0.0238546	0.834	NCOA5	-0.1947389409737505		NCOA5
3775	-0.0651762	0.835	KCNK1	0.1281584499355017		KCNK1
54059	0.0284602	0.835	YBEY	0.1142548804973211		YBEY
80129	-0.0822458	0.835	CCDC170	0.4035985026701827		CCDC170
7134	0.0295796	0.836	TNNC1	-0.0073835811934568		TNNC1
9764	-0.0289711	0.836	KIAA0513	0.117133706302591		KIAA0513
2000	0.0306842	0.836	ELF4	0.0572053989513996		ELF4
11101	0.0263587	0.836	ATE1	-0.3421820651671172		ATE1
977	-0.0338519	0.836	CD151	0.2597165855776682		CD151
23762	-0.0533648	0.836	OSBP2	0.0600239767656325		OSBP2
80816	-0.0403203	0.837	ASXL3	-0.010184316111335		ASXL3
644656	0.0343504	0.837	LOC644656	0.4616341100346597		LOC644656
8334	0.0410829	0.837	H2AC6	0.375249044574514		H2AC6
10194	0.0225901	0.837	TSHZ1	0.189562380883927		TSHZ1
3087	-0.0545403	0.837	HHEX	0.0752611181716236		HHEX
105372273	0.0328315	0.837	LOC105372273	0.3218233095531027		LOC105372273
253559	0.1050433	0.837	CADM2	-0.2602700883393776		CADM2
100526737	0.021219	0.837	RBM14-RBM4	1.937477046407709		RBM14-RBM4
57716	-0.0359263	0.837	PRX	0.0113630783863778		PRX
7464	-0.0646671	0.837	CORO2A	0.0710941544641561		CORO2A
30835	-0.0754874	0.837	CD209	0.1913784651384908		CD209
400566	-0.073715	0.837	C17orf97	0.1731791904313318		C17orf97
50511	-0.0378726	0.837	SYCP3	0.7914041809157077		SYCP3
55892	0.0162425	0.837	MYNN	0.1289070776513829		MYNN
8671	-0.0342726	0.837	SLC4A4	0.3293123505170408		SLC4A4
90627	0.0301599	0.837	STARD13	0.0023271762073955		STARD13
1051	-0.0568484	0.837	CEBPB	0.2513078964618431		CEBPB
51309	0.0224309	0.837	ARMCX1	0.1905507156989188		ARMCX1
285141	0.0420298	0.837	ERICH2	0.3494982715442426		ERICH2
100130894	0.0504822	0.837	VAC14-AS1	-0.0672851877485571		VAC14-AS1
60625	-0.0333485	0.838	DHX35	0.2601154143767354		DHX35
24146	-0.0429297	0.838	CLDN15	0.0030161336012137		CLDN15
222194	-0.0227028	0.838	RSBN1L	-0.1219052263695972		RSBN1L
79817	-0.0620435	0.839	MOB3B	0.01692138329796		MOB3B
414197	-0.0302869	0.839	ZNF32-AS1	-0.0362435307319248		ZNF32-AS1
10838	0.0189728	0.839	ZNF275	0.2066152344953697		ZNF275
25897	0.022036	0.839	RNF19A	-0.4930237647308626		RNF19A
114990	-0.0510935	0.839	VASN	0.3062841797358457		VASN
400931	-0.0651837	0.839	MIRLET7BHG	0.1657644324953873		MIRLET7BHG
25936	0.0137113	0.839	NSL1	-0.1300583306799883		NSL1
3631	0.0207767	0.839	INPP4A	0.390101030851457		INPP4A
55004	-0.017086	0.839	LAMTOR1	0.1453186229835639		LAMTOR1
6815	0.0313617	0.839	STYX	0.4668396529901062		STYX
389432	-0.0931486	0.839	SAMD5	0.3228703659259211		SAMD5
226	0.0237393	0.84	ALDOA	0.3580408986139591		ALDOA
60672	-0.0279062	0.84	MIIP	0.2575091979193495		MIIP
10294	-0.0117627	0.84	DNAJA2	-0.0109624232808887		DNAJA2
100873949	-0.0495115	0.84	IPO9-AS1	-0.4587990689173964		IPO9-AS1
2581	0.0222873	0.84	GALC	-0.2559466370714611		GALC
56952	0.0510119	0.84	PRTFDC1	-0.155437688902174		PRTFDC1
84236	-0.0136089	0.84	RHBDD1	0.1057696804144612		RHBDD1
7625	-0.026413	0.84	ZNF74	0.2804165485766747		ZNF74
79598	0.0305764	0.84	CEP97	-0.4500327097844017		CEP97
51057	0.0186438	0.841	WDPCP	0.3636540131880488		WDPCP
5253	-0.0188847	0.841	PHF2	0.3185467296244422		PHF2
3276	0.0142348	0.841	PRMT1	0.0477135506913999		PRMT1
5824	0.0171029	0.841	PEX19	0.1234339469153518		PEX19
11155	-0.0294112	0.841	LDB3	-0.9870516878780684		LDB3
8706	-0.0379057	0.842	B3GALNT1	-0.0333364672144247		B3GALNT1
79697	0.0225086	0.842	RIOX1	2.7567871094756926		RIOX1
3937	0.0452118	0.842	LCP2	0.1086672815331089		LCP2
940	-0.0767058	0.842	CD28	0.3276042184187644		CD28
23481	-0.020099	0.842	PES1	0.0274322027149347		PES1
3037	0.077599	0.842	HAS2	-1.1758993890973728		HAS2
688	0.0595642	0.842	KLF5	0.3539966044048173		KLF5
3710	-0.0261963	0.842	ITPR3	0.2693485766709895		ITPR3
160418	0.0293652	0.842	TMTC3	0.1697310865853369		TMTC3
705	-0.0204614	0.842	BYSL	0.1926821266178824		BYSL
9704	-0.0247527	0.842	DHX34	0.319141683680912		DHX34
5504	-0.0223813	0.842	PPP1R2	-0.2034414737796979		PPP1R2
133686	0.0246363	0.842	NADK2	-0.2407911077594793		NADK2
22931	-0.0213195	0.842	RAB18	-0.0568251574922422		RAB18
116985	0.02395	0.842	ARAP1	-0.0903237470422704		ARAP1
23013	0.0213489	0.842	SPEN	0.2860364418919818		SPEN
162967	0.0172842	0.843	ZNF320	-0.0692582345349706		ZNF320
401093	-0.030778	0.843	MBNL1-AS1	-0.0098110393245089		MBNL1-AS1
55702	0.027045	0.843	YJU2	0.0426542304200139		YJU2
25839	0.0165272	0.843	COG4	0.2614931406790486		COG4
126432	0.0347637	0.843	RINL	-0.2291217893199881		RINL
5616	-0.1162913	0.843	PRKY	0.1503310186285147		PRKY
101927288	0.0625177	0.843	MANEA-DT	0.2953745281117437		MANEA-DT
84444	0.0249716	0.844	DOT1L	-0.1987271363169216		DOT1L
23277	-0.0196271	0.844	CLUH	-0.2004579465772575		CLUH
137209	-0.0309732	0.844	ZNF572	0.3299809430698142		ZNF572
90861	-0.0354471	0.844	JPT2	-0.1023125387292243		JPT2
101927751	0.0558401	0.844	ALDH1A3-AS1	0.7052663941725577		ALDH1A3-AS1
54512	-0.0249306	0.844	EXOSC4	0.2291640219327559		EXOSC4
6711	-0.0163192	0.844	SPTBN1	0.3082630784390492		SPTBN1
414765	-0.0226966	0.844	HCG25	0.4990883231604117		HCG25
1580	0.135738	0.844	CYP4B1	-0.0114951095146462		CYP4B1
90637	-0.0402659	0.845	ZFAND2A	0.0801794918011196		ZFAND2A
9975	0.0523764	0.845	NR1D2	0.09515177538524		NR1D2
79041	0.0479009	0.845	TMEM38A	0.0794365840232922		TMEM38A
255809	-0.0770028	0.845	C19orf38	0.339066398924236		C19orf38
57721	0.0145457	0.846	METTL14	0.024923724925177		METTL14
81557	0.0631096	0.846	MAGED4B	0.1529380266159921		MAGED4B
148213	-0.0404438	0.846	ZNF681	-0.2924104443351965		ZNF681
375287	0.0480683	0.846	RBM43	0.0144900643424144		RBM43
100130357	-0.0381535	0.846	LOC100130357	0.457008107133652		LOC100130357
25793	-0.0133282	0.846	FBXO7	0.1456421973213126		FBXO7
101928578	0.0372264	0.846	RAP2C-AS1	-0.0165551801251562		RAP2C-AS1
344405	0.0368275	0.846	PRORSD1P	0.3489797190024225		PRORSD1P
100507537	-0.1020918	0.846	STRIT1	0.2131513780831562		STRIT1
26580	-0.0207045	0.846	BSCL2	0.9035578022218664		BSCL2
2208	-0.0941487	0.846	FCER2	0.230498730264695		FCER2
79918	-0.0235252	0.847	SETD6	0.2893637543170841		SETD6
161176	0.0386891	0.847	SYNE3	0.1273296341933176		SYNE3
57191	-0.0439544	0.847	VN1R1	0.1979487245536531		VN1R1
23092	0.0370389	0.847	ARHGAP26	0.1009385076022706		ARHGAP26
84188	-0.0257206	0.847	FAR1	-0.3017151054985767		FAR1
9644	-0.0231112	0.847	SH3PXD2A	0.0606734942657327		SH3PXD2A
1036	0.0518138	0.847	CDO1	-0.1225944533533791		CDO1
4343	-0.0179268	0.847	MOV10	0.1824433762690525		MOV10
5830	0.0203285	0.847	PEX5	0.0033038891394046		PEX5
9158	-0.020388	0.847	FIBP	-0.1863499793263914		FIBP
23428	0.0895188	0.847	SLC7A8	-0.2217523747112775		SLC7A8
101928707	0.0391753	0.848	CD2BP2-DT	0.4421377603794484		CD2BP2-DT
84522	0.0225367	0.848	JAGN1	0.1422529137564834		JAGN1
10524	0.0177507	0.848	KAT5	0.3194252615316078		KAT5
7741	0.0186358	0.848	ZSCAN26	0.1628965255561771		ZSCAN26
51125	-0.0123586	0.848	GOLGA7	-0.1115564180482797		GOLGA7
123688	0.0261679	0.848	HYKK	0.2343966131448764		HYKK
9915	-0.0401912	0.848	ARNT2	0.1191413613121575		ARNT2
4087	-0.0151641	0.849	SMAD2	-0.10289949813518		SMAD2
101928205	-0.0459168	0.849	LINC02097	-0.2240568877642346		LINC02097
101929265	0.0798272	0.849	LINC01428	0.3436755449851272		LINC01428
5358	-0.0371102	0.849	PLS3	-0.1155553850351589		PLS3
58505	-0.0231779	0.85	OSTC	-0.018468671131905		OSTC
3845	-0.0257555	0.85	KRAS	-0.1215883213026751		KRAS
5873	0.0292761	0.85	RAB27A	-0.1672443650605513		RAB27A
55689	-0.023058	0.85	YEATS2	0.3625160528274103		YEATS2
5322	0.0299421	0.85	PLA2G5	0.1820597591171413		PLA2G5
255520	-0.0212492	0.85	ELMOD2	-0.0757481640502262		ELMOD2
7404	-0.1427169	0.85	UTY	-0.0207523948670425		UTY
6522	0.0205132	0.85	SLC4A2	0.0585471249009907		SLC4A2
100506071	0.04644	0.851	LOC100506071	0.3298075189371272		LOC100506071
257106	0.0483221	0.851	ARHGAP30	0.0277336744356104		ARHGAP30
98	0.0206033	0.851	ACYP2	0.1612744367345291		ACYP2
100507463	0.0259245	0.851	PSMB8-AS1	0.0228167364954048		PSMB8-AS1
6103	0.0469235	0.852	RPGR	0.0347679847824871		RPGR
81704	0.0429405	0.852	DOCK8	0.5290122096141792		DOCK8
5993	0.0179959	0.852	RFX5	0.0487863125488576		RFX5
129642	0.0465467	0.852	MBOAT2	-0.0914064056760421		MBOAT2
100506374	0.0617894	0.852	EDDM13	-0.0121578288261003		EDDM13
27005	0.0147174	0.852	USP21	0.2234446652357657		USP21
152877	0.0369202	0.852	FAM53A	-0.116420912948236		FAM53A
26000	0.0163521	0.852	TBC1D10B	0.1688211188163837		TBC1D10B
100506142	0.0457534	0.852	RHOQ-AS1	-1.0921775793114907		RHOQ-AS1
166	-0.0146368	0.853	TLE5	-0.0687612387338578		TLE5
55163	0.0156296	0.853	PNPO	0.2207014999127436		PNPO
55734	0.0162802	0.853	ZFP64	-0.1450779353099167		ZFP64
100506178	0.0638724	0.853	STEAP1B-AS1	0.2234714458068163		STEAP1B-AS1
7165	-0.0120219	0.853	TPD52L2	0.1247854726051551		TPD52L2
84950	0.0151461	0.853	PRPF38A	0.2313063776358004		PRPF38A
54677	0.0214551	0.853	CROT	0.0730862916353016		CROT
113251	-0.0268575	0.853	LARP4	-0.0517417674937608		LARP4
643669	0.0256884	0.853	CCER2	1.0622817442708723		CCER2
1820	0.0251728	0.853	ARID3A	-0.0547065591834574		ARID3A
30833	-0.0249587	0.853	NT5C	0.070916470594792		NT5C
220164	-0.0597674	0.853	DOK6	0.2712688910491516		DOK6
64794	-0.0184076	0.853	DDX31	0.089768155737389		DDX31
274	-0.0322651	0.854	BIN1	-0.0632941301976854		BIN1
51133	-0.02333	0.854	KCTD3	0.0518229505991083		KCTD3
83869	0.149987	0.854	TTTY14	-0.0588799980064829		TTTY14
79582	-0.0195486	0.854	SPAG16	0.2058881636831797		SPAG16
101059918	-0.0290883	0.854	GOLGA8R	-0.3745758218702586		GOLGA8R
246721	-0.033643	0.854	POLR2J2	-1.1762863793839813		POLR2J2
64318	-0.0173767	0.854	NOC3L	0.075701176369558		NOC3L
440307	-0.0600576	0.854	TTLL13	-0.0455531253392185		TTLL13
107986588	-0.0309157	0.855	EHMT2-AS1	0.0		EHMT2-AS1
388581	-0.064574	0.855	C1QTNF12	0.039806222407674		C1QTNF12
116285	-0.0516252	0.855	ACSM1	0.5519866369061703		ACSM1
64645	0.0137114	0.855	MFSD14A	0.2277168054000866		MFSD14A
4616	0.0571084	0.855	GADD45B	0.2608064971013393		GADD45B
9545	-0.0271229	0.855	RAB3D	0.06865298794797		RAB3D
51307	-0.0208757	0.855	FAM53C	-0.002962497215762		FAM53C
2968	-0.0157249	0.855	GTF2H4	0.0967069963887934		GTF2H4
27069	-0.0178559	0.855	GHITM	0.2728771871921633		GHITM
55839	0.0315704	0.856	CENPN	-0.1372278044448918		CENPN
3061	-0.0402887	0.856	HCRTR1	-0.400356772138589		HCRTR1
642819	0.0283768	0.856	ZNF487	0.4811257985054811		ZNF487
2740	0.1046676	0.856	GLP1R	0.0738205224862679		GLP1R
100529240	0.032357	0.856	ZNF816-ZNF321P	-0.428842342940702		ZNF816-ZNF321P
57551	0.0220075	0.857	TAOK1	0.2313814930829236		TAOK1
162972	0.019358	0.857	ZNF550	-0.0861097453280494		ZNF550
222663	0.0629508	0.857	SCUBE3	0.2239073509012696		SCUBE3
3633	0.0163838	0.857	INPP5B	0.0056477749132288		INPP5B
114800	0.0347731	0.857	CCDC85A	0.1057683722573461		CCDC85A
343521	-0.0323625	0.857	DYNLT4	0.3615611445854769		DYNLT4
11311	0.0128733	0.857	VPS45	0.2276479873495969		VPS45
9869	0.0138287	0.857	SETDB1	0.1490199077188241		SETDB1
116039	-0.0617254	0.857	OSR2	0.3357225687484954		OSR2
9931	-0.0189628	0.858	HELZ	-0.0609598807964539		HELZ
50	-0.0195654	0.858	ACO2	0.2256849948522798		ACO2
93185	0.020598	0.858	IGSF8	0.0096465618833878		IGSF8
2215	-0.0794138	0.858	FCGR3B	1.3447806386068286		FCGR3B
9725	0.0179551	0.859	TMEM63A	-0.1472484999526653		TMEM63A
55023	0.0298584	0.859	PHIP	-0.0106107775406982		PHIP
8876	0.0668685	0.859	VNN1	0.0024766181465764		VNN1
944	-0.0610775	0.859	TNFSF8	0.3109777437452166		TNFSF8
100423062	-0.1046956	0.859	IGLL5	1.0113602295603137		IGLL5
27022	-0.0886455	0.859	FOXD3	0.2329851668317264		FOXD3
23142	-0.0186247	0.859	DCUN1D4	-0.2298073129240094		DCUN1D4
8787	-0.0546471	0.859	RGS9	-0.1631965025025716		RGS9
80776	-0.0341836	0.859	B9D2	-0.1360578692712175		B9D2
152815	0.0133102	0.859	THAP6	-0.1479244461494513		THAP6
11165	-0.0192054	0.859	NUDT3	0.0723307460777267		NUDT3
79804	-0.0300121	0.86	HAND2-AS1	0.2456207972180681		HAND2-AS1
5332	-0.0253728	0.86	PLCB4	0.1990653776725661		PLCB4
100885850	-0.0165717	0.86	PTGES3L-AARSD1	-0.5618162029125982		PTGES3L-AARSD1
9351	-0.0378971	0.86	NHERF2	0.2623133313167543		NHERF2
1762	0.0222687	0.86	DMWD	-0.0153825728183267		DMWD
80823	0.0192927	0.86	GPRASP3	0.1099223789549861		GPRASP3
317662	-0.0114599	0.86	FAM149B1	0.3248120227084889		FAM149B1
100507053	-0.0420915	0.86	LOC100507053	0.7705299548472397		LOC100507053
96626	-0.0202712	0.86	LIMS3	1.877585188041369		LIMS3
388567	0.0306221	0.86	ZNF749	-0.1430711123446579		ZNF749
8287	-0.1394339	0.861	USP9Y	0.5320297312893225		USP9Y
7700	0.0232255	0.861	ZNF141	0.0059139697942209		ZNF141
2796	0.0293377	0.861	GNRH1	0.0554773728029376		GNRH1
79815	0.0214862	0.861	NIPAL2	-0.2083631282122171		NIPAL2
54913	-0.0348097	0.861	RPP25	0.102455014393973		RPP25
10629	0.0176898	0.861	TAF6L	0.1463347462891921		TAF6L
654433	0.083203	0.861	PAX8-AS1	0.3232131854278544		PAX8-AS1
64005	-0.0594519	0.861	MYO1G	0.0434247510294533		MYO1G
2549	0.0251727	0.862	GAB1	-0.1393533920235148		GAB1
10926	0.0223398	0.862	DBF4	0.1857977161466215		DBF4
8996	0.0222438	0.862	NOL3	0.3806529413891102		NOL3
90693	-0.0341696	0.862	CCDC126	-0.036095529927056		CCDC126
59341	-0.0624877	0.862	TRPV4	0.0172755468743512		TRPV4
2687	0.0439889	0.862	GGT5	-0.136156782017597		GGT5
56901	-0.0240217	0.862	NDUFA4L2	0.0469078417119508		NDUFA4L2
567	-0.0258143	0.862	B2M	0.2593184166641755		B2M
4057	0.0380355	0.863	LTF	-0.0584888831751611		LTF
5440	-0.0161435	0.863	POLR2K	0.2714831905075332		POLR2K
8301	-0.020482	0.863	PICALM	-0.3091278669221395		PICALM
23421	0.0432203	0.863	ITGB3BP	0.0483201249921392		ITGB3BP
401494	-0.0386156	0.863	HACD4	-0.0077910419293768		HACD4
63979	-0.0259046	0.863	FIGNL1	-0.0403149890046983		FIGNL1
5682	0.0130104	0.863	PSMA1	0.0385633762241877		PSMA1
256643	0.0165845	0.864	BCLAF3	-0.1912591456985057		BCLAF3
28951	0.0248615	0.864	TRIB2	0.1980680607877909		TRIB2
54741	-0.0117852	0.865	LEPROT	0.1789271389095246		LEPROT
101929340	0.0338912	0.865	ESAM-AS1	-0.102392637939245		ESAM-AS1
221711	0.0508553	0.865	SYCP2L	0.6651268710453981		SYCP2L
65082	0.014748	0.865	VPS33A	-0.0411926093005159		VPS33A
54206	0.0460235	0.865	ERRFI1	0.0705545580955973		ERRFI1
51284	0.0779243	0.866	TLR7	0.0050679118421084		TLR7
26959	-0.0214891	0.866	HBP1	0.0946663427042331		HBP1
54661	-0.0471091	0.866	PCDHB17P	0.1689563990893035		PCDHB17P
115353	0.0190286	0.866	LRRC42	0.2432802271824803		LRRC42
8313	0.0300879	0.866	AXIN2	-0.106044142436958		AXIN2
63901	0.0231257	0.866	FAM111A	-0.1874445091918568		FAM111A
283663	-0.0363304	0.866	LINC00926	0.167707274972246		LINC00926
53944	-0.0172742	0.866	CSNK1G1	0.0615136277841756		CSNK1G1
64805	-0.0700648	0.866	P2RY12	-0.0330668182709822		P2RY12
6329	0.0565694	0.867	SCN4A	-0.2255625248029283		SCN4A
57332	-0.0291384	0.867	CBX8	-0.0008516792739738		CBX8
144501	-0.0626921	0.867	KRT80	0.4381734670768802		KRT80
151056	-0.0377821	0.867	PLB1	0.3689068356340981		PLB1
4897	0.0669012	0.867	NRCAM	-0.0247938665791624		NRCAM
133874	-0.0578392	0.867	C5orf58	0.0219700672408738		C5orf58
5054	0.110135	0.868	SERPINE1	0.075799702824753		SERPINE1
684	0.0402844	0.868	BST2	-0.1534110115817153		BST2
11083	-0.0128413	0.868	DIDO1	0.0228249870462544		DIDO1
645745	-0.0656539	0.868	MT1HL1	0.0257204699111479		MT1HL1
7780	-0.0719171	0.868	SLC30A2	0.2144995945547974		SLC30A2
200010	-0.0499306	0.868	SLC5A9	0.7538431316918861		SLC5A9
78987	0.0243218	0.868	CRELD1	0.2826065358975915		CRELD1
64061	0.0505226	0.868	TSPYL2	-0.0400878623472813		TSPYL2
10045	-0.0418269	0.868	SH2D3A	0.2140108414185717		SH2D3A
632	0.0345325	0.868	BGLAP	1.483641777785972		BGLAP
9175	0.0136912	0.868	MAP3K13	0.1129610361752515		MAP3K13
9755	0.0162196	0.868	TBKBP1	0.0064115354128131		TBKBP1
79258	0.033416	0.869	MMEL1	-0.4802121816403159		MMEL1
541471	-0.0484839	0.869	MIR4435-2HG	0.0014199554134908		MIR4435-2HG
8480	-0.0135722	0.87	RAE1	0.0317575643669423		RAE1
79586	0.0352265	0.87	CHPF	0.0144377238032342		CHPF
9789	0.0135113	0.871	SPCS2	0.8630865136117722		SPCS2
8912	0.0314981	0.871	CACNA1H	0.3283966677493721		CACNA1H
23400	0.0202537	0.871	ATP13A2	-0.3660442662462513		ATP13A2
11151	0.0457155	0.871	CORO1A	0.246032683730204		CORO1A
23394	-0.0095611	0.871	ADNP	0.0212021876004486		ADNP
81839	0.0177128	0.872	VANGL1	-0.3858488312354002		VANGL1
91408	0.0092534	0.872	BTF3L4	0.2435039774326766		BTF3L4
4900	-0.030512	0.872	NRGN	0.2868719099406289		NRGN
645369	-0.071508	0.872	TMEM200C	-0.2241382275514578		TMEM200C
101927096	-0.0522931	0.872	CLMAT3	3.715830756853207		CLMAT3
147111	-0.0669427	0.872	NOTUM	-0.9656003340029666		NOTUM
55796	0.0854226	0.872	MBNL3	-0.825143521451555		MBNL3
80820	0.0226712	0.872	EEPD1	0.0211980670192875		EEPD1
6405	-0.0360644	0.873	SEMA3F	0.0293434703006205		SEMA3F
10075	0.0128888	0.873	HUWE1	0.0767670160984224		HUWE1
7407	0.0182424	0.873	VARS1	-0.1620724624082772		VARS1
54461	-0.0196278	0.873	FBXW5	-0.0130900338898136		FBXW5
55957	-0.0177533	0.873	LIN37	0.0061989734200569		LIN37
221656	-0.0257492	0.873	KDM1B	0.1771773764431552		KDM1B
100652748	0.0206423	0.874	TIMM23B	-0.0987990294439675		TIMM23B
7050	-0.0309057	0.874	TGIF1	0.2427371570113363		TGIF1
619279	-0.0249258	0.874	ZNF704	0.0168427906260593		ZNF704
3146	-0.0121345	0.874	HMGB1	-0.2618566745337318		HMGB1
34	0.0231552	0.874	ACADM	0.1402280148149568		ACADM
276	-0.0290853	0.874	AMY1A	0.82810896235641		AMY1A
5210	-0.0332128	0.874	PFKFB4	-0.1636835556069539		PFKFB4
197320	-0.013812	0.874	ZNF778	-0.1000825386806516		ZNF778
84769	0.0215862	0.874	MPV17L2	0.2117264369272016		MPV17L2
91661	0.0210385	0.874	ZNF765	0.1585620468510742		ZNF765
133015	-0.0187541	0.875	PACRGL	0.2068704884451917		PACRGL
11174	0.0465818	0.875	ADAMTS6	0.0034243019368889		ADAMTS6
51029	0.014882	0.875	DESI2	0.2179213992515345		DESI2
8412	0.0347062	0.875	BCAR3	-0.4232563582956299		BCAR3
3625	-0.0920787	0.875	INHBB	0.1097595996332025		INHBB
2004	-0.0311276	0.875	ELK3	0.2047053818670052		ELK3
10636	0.0405694	0.875	RGS14	-0.0129178375715059		RGS14
101927974	0.0359498	0.875	CBLL1-AS1	-0.0319215850819429		CBLL1-AS1
5979	0.0629017	0.875	RET	0.1466775824512782		RET
159	0.0181638	0.876	ADSS2	-0.0958760099407616		ADSS2
5156	-0.0367707	0.876	PDGFRA	0.262488592639484		PDGFRA
55521	0.0639895	0.876	TRIM36	-0.1090963361164625		TRIM36
5413	0.0232924	0.876	SEPTIN5	-0.1791737743564754		SEPTIN5
3800	0.0667026	0.876	KIF5C	-0.0638629142640229		KIF5C
105369332	0.0209002	0.876	STX5-DT	-0.1781432516058392		STX5-DT
867	-0.023842	0.876	CBL	0.3246105639845883		CBL
122945	0.0478126	0.876	NOXRED1	0.4044912075571241		NOXRED1
51074	0.020256	0.876	APIP	0.0771732732055543		APIP
221458	-0.0626155	0.876	KIF6	0.0380260706620413		KIF6
81619	0.0205535	0.876	TSPAN14	0.1711344835287915		TSPAN14
80777	-0.0097926	0.876	CYB5B	0.1873866261820378		CYB5B
7597	0.0149053	0.877	ZBTB25	-0.0660097422768437		ZBTB25
55113	0.0181025	0.877	XKR8	0.5799794905439342		XKR8
151477	-0.0573958	0.877	LINC00471	0.1600507141740206		LINC00471
100874353	0.0512164	0.877	RPS6KA2-IT1	0.3711804607420889		RPS6KA2-IT1
11128	0.0096234	0.877	POLR3A	0.0445613080886624		POLR3A
143879	0.0193788	0.877	KBTBD3	-0.0951167486948785		KBTBD3
197135	-0.0452292	0.877	PATL2	-0.0761043205688229		PATL2
284371	-0.0174131	0.877	ZNF841	-0.140336576732043		ZNF841
9956	0.0820748	0.877	HS3ST2	0.14290605729369		HS3ST2
4723	-0.0185591	0.877	NDUFV1	0.2834552462563682		NDUFV1
55105	-0.0173134	0.877	GPATCH2	0.025588172211616		GPATCH2
4799	0.0127601	0.877	NFX1	0.2278053670336994		NFX1
100874042	0.0325455	0.877	HM13-AS1	-0.4648942026079921		HM13-AS1
284695	0.0180185	0.877	ZNF326	0.178538381842821		ZNF326
1687	0.0312233	0.877	GSDME	-0.0025336989218596		GSDME
56254	0.0149071	0.877	RNF20	-0.0304649055412191		RNF20
5073	-0.0122477	0.877	PARN	-0.1812085611630047		PARN
80818	-0.0260638	0.878	ZNF436	0.0457632978966096		ZNF436
285855	-0.011399	0.878	RPL7L1	0.2666084250420364		RPL7L1
64840	0.0170804	0.878	PORCN	0.1171426106019994		PORCN
51673	-0.0383032	0.878	TPPP3	0.1475339490502891		TPPP3
8694	0.0138806	0.878	DGAT1	0.0514958274189236		DGAT1
25979	-0.0202471	0.878	DHRS7B	0.1293649934336009		DHRS7B
400713	-0.0351125	0.878	ZNF880	0.4744455625819244		ZNF880
101929351	0.0340844	0.878	CDC37L1-DT	-0.0142913251878868		CDC37L1-DT
84343	-0.0191918	0.879	HPS3	0.2580510718584756		HPS3
5957	0.0894051	0.879	RCVRN	0.1800858924238254		RCVRN
51115	0.0116365	0.879	RMDN1	-0.2375340774747654		RMDN1
9935	-0.0408644	0.879	MAFB	0.0780289567163561		MAFB
64834	0.0160142	0.879	ELOVL1	-0.1122505365745194		ELOVL1
54462	-0.0177801	0.879	CCSER2	0.1570127941562082		CCSER2
80119	0.0383415	0.879	PIF1	0.3805250784290424		PIF1
100129842	0.02114	0.879	ZNF737	0.2048138653322393		ZNF737
55655	-0.1056378	0.879	NLRP2	-0.0071169441795768		NLRP2
150209	0.0427551	0.879	AIFM3	0.204882653355212		AIFM3
8880	-0.0123322	0.88	FUBP1	0.2131460575104995		FUBP1
126755	0.113584	0.88	LRRC38	0.0333733656308413		LRRC38
8491	0.0180481	0.88	MAP4K3	-0.4155804880843936		MAP4K3
51599	-0.025855	0.88	LSR	0.0889640248466285		LSR
10742	0.0171405	0.88	RAI2	-0.0117343638497313		RAI2
100288778	-0.0249495	0.88	WASH8P	0.2547369759152089		WASH8P
221504	-0.0209614	0.88	ZBTB9	0.2579180636108977		ZBTB9
54840	-0.0118993	0.881	APTX	-0.0242099248755822		APTX
648	0.0213692	0.881	BMI1	-0.4863696824858499		BMI1
64978	0.0155181	0.881	MRPL38	0.0139662618712623		MRPL38
118980	0.0266836	0.881	SFXN2	0.2645085207394054		SFXN2
22877	-0.0172833	0.881	MLXIP	0.0222617896720134		MLXIP
10672	0.024518	0.881	GNA13	-0.0179051706935018		GNA13
5063	-0.0421667	0.881	PAK3	0.3694918239814138		PAK3
998	-0.0117555	0.881	CDC42	0.2299716391706177		CDC42
57659	-0.0130423	0.882	ZBTB4	0.0587185927158895		ZBTB4
9473	-0.0506136	0.882	THEMIS2	0.3632218924221444		THEMIS2
54058	0.0230801	0.882	C21orf58	0.1773141627284811		C21orf58
445815	-0.0174008	0.882	PALM2AKAP2	0.4422604763240252		PALM2AKAP2
54625	0.0365633	0.883	PARP14	0.018919777388163		PARP14
7204	-0.0174497	0.883	TRIO	0.4096417892731399		TRIO
1460	-0.0108037	0.883	CSNK2B	0.2312389269520061		CSNK2B
4796	-0.0250901	0.883	TONSL	-0.1037016476414383		TONSL
6873	0.0116707	0.883	TAF2	-0.1109202564394813		TAF2
51096	-0.0152109	0.883	UTP18	0.247158849505134		UTP18
6635	-0.0139382	0.883	SNRPE	0.5074199089282927		SNRPE
10113	0.0201618	0.883	PREB	0.2377429366701244		PREB
11228	0.023169	0.883	RASSF8	-0.458478505197093		RASSF8
90594	0.0178228	0.883	ZNF439	0.2323373065652756		ZNF439
665	0.0165708	0.884	BNIP3L	-0.0433158540091342		BNIP3L
439994	0.0234084	0.884	LINC00863	0.0495389961273045		LINC00863
55036	-0.0229988	0.884	CCDC40	0.1344445712123021		CCDC40
23218	0.0197257	0.884	NBEAL2	0.2558346228706356		NBEAL2
11334	-0.0151736	0.884	TUSC2	0.075715029021361		TUSC2
10140	0.0219919	0.884	TOB1	-0.1657372424842957		TOB1
9181	-0.0189076	0.884	ARHGEF2	-0.0239331660797672		ARHGEF2
100526820	0.0268728	0.884	CAHM	0.1066880954005271		CAHM
8228	0.0194505	0.884	PNPLA4	-0.1507185720416579		PNPLA4
84251	-0.0441568	0.885	SGIP1	-0.0177731084238312		SGIP1
57489	0.0209102	0.885	ODF2L	-0.0473190671950787		ODF2L
128308	0.0158083	0.885	MRPL55	0.0756013888945368		MRPL55
85027	0.0326836	0.885	SMIM3	0.000863137267876		SMIM3
346653	0.0292672	0.885	GARIN1A	0.1192594836760971		GARIN1A
196528	-0.0162996	0.885	ARID2	0.3722536270802916		ARID2
53827	0.0288191	0.885	FXYD5	0.2751221997335271		FXYD5
214	-0.0492562	0.885	ALCAM	0.3657444144595416		ALCAM
1066	-0.0406022	0.885	CES1	0.1199774840273564		CES1
114569	0.0872729	0.885	MAL2	-0.1531035909075837		MAL2
27131	0.0090691	0.885	SNX5	0.0215999468912988		SNX5
286827	-0.0508393	0.885	TRIM59	0.6565502732892134		TRIM59
168451	0.0179083	0.886	THAP5	-0.2933275449580712		THAP5
339512	0.0689335	0.886	CCDC190	0.0270779169788967		CCDC190
116966	-0.0359198	0.886	WDR17	0.1077578794467886		WDR17
100507487	0.0425917	0.886	LINC02615	0.3690688369622542		LINC02615
22841	-0.0201871	0.886	RAB11FIP2	-0.181703326222129		RAB11FIP2
101928445	0.0193313	0.887	RUFY1-AS1	0.7864010773155643		RUFY1-AS1
8985	0.0166119	0.887	PLOD3	-0.0930964041446849		PLOD3
170959	-0.0182304	0.887	ZNF431	0.2722030870233234		ZNF431
27304	-0.0139862	0.887	MOCS3	0.2483335595075835		MOCS3
2202	0.0495232	0.887	EFEMP1	0.0087271515226614		EFEMP1
4659	0.0178844	0.887	PPP1R12A	-0.709404336115055		PPP1R12A
1407	-0.0327776	0.887	CRY1	-0.2404308777508568		CRY1
84152	0.0691635	0.887	PPP1R1B	-0.0813101902836967		PPP1R1B
90592	0.0117902	0.887	ZNF700	0.2321250823843579		ZNF700
7376	-0.0144197	0.887	NR1H2	0.1853525042204582		NR1H2
285195	0.0270162	0.887	SLC9A9	-0.0310493481208022		SLC9A9
101928527	0.0158755	0.887	PIGBOS1	-0.1838926966933183		PIGBOS1
3054	0.0118536	0.887	HCFC1	0.1579760586980292		HCFC1
100293516	-0.0191926	0.887	ZNF587B	0.1383299576727328		ZNF587B
113000	-0.0196854	0.888	RPUSD1	-0.0836962846239033		RPUSD1
10594	0.0094395	0.888	PRPF8	0.5493922615881566		PRPF8
23381	0.0165276	0.888	SMG5	-0.0035900823897874		SMG5
23151	0.0209285	0.888	GRAMD4	0.3177524846376132		GRAMD4
253714	-0.0276353	0.888	MMS22L	-0.0653244428675545		MMS22L
57178	-0.0170889	0.888	ZMIZ1	-0.0556012107107761		ZMIZ1
26164	0.0176985	0.888	MTG2	-0.0343334460102457		MTG2
163227	-0.0251264	0.888	ZNF100	-0.1624516621064855		ZNF100
26146	-0.0119882	0.889	TRAF3IP1	-0.1257521424188508		TRAF3IP1
27089	-0.0232135	0.889	UQCRQ	0.4236403186391406		UQCRQ
7733	0.0139684	0.889	ZNF180	0.049409248096399		ZNF180
388789	0.016588	0.889	SMIM26	0.217454874681171		SMIM26
2713	-0.0290374	0.89	GK3	0.5890701325140932		GK3
4189	-0.021132	0.89	DNAJB9	-0.0281805252416713		DNAJB9
101927524	0.0362131	0.89	LINC02587	0.3154295794458377		LINC02587
1070	0.0168487	0.89	CETN3	0.0239753512298381		CETN3
5683	-0.0127758	0.89	PSMA2	0.2173880477921663		PSMA2
5290	0.0208831	0.89	PIK3CA	-0.1097428876968091		PIK3CA
8832	0.0462855	0.89	CD84	-0.010910098776926		CD84
164	0.0100039	0.89	AP1G1	-0.0425935173528522		AP1G1
105372435	0.0236829	0.89	LOC105372435	0.0084758698781182		LOC105372435
4013	0.0321728	0.89	VWA5A	0.162789331880776		VWA5A
54520	-0.0282729	0.891	CCDC93	22.479827782903048		CCDC93
5575	-0.0212978	0.891	PRKAR1B	-0.2127331052176382		PRKAR1B
5575	-0.0212978	0.891	PRKAR1B	-0.2943494809168638		PRKAR1B
91603	-0.0138249	0.891	ZNF830	0.1681835464480645		ZNF830
5819	0.0159061	0.891	NECTIN2	0.2346996452379492		NECTIN2
51635	-0.0143659	0.891	DHRS7	0.363201418212939		DHRS7
359845	0.0296198	0.891	RFLNB	0.023909454592971		RFLNB
57795	0.0687066	0.891	BRINP2	-0.1617013275920724		BRINP2
79066	-0.0114629	0.891	METTL16	0.1547221771400293		METTL16
57182	0.0347514	0.891	ANKRD50	-0.1937494918340172		ANKRD50
23521	-0.0157002	0.891	RPL13A	0.3311693790241197		RPL13A
7181	0.0145776	0.892	NR2C1	-0.0180591644425378		NR2C1
259236	0.0372983	0.892	TMIE	0.1900598057605016		TMIE
8653	-0.1005315	0.892	DDX3Y	-0.2062745142204489		DDX3Y
114984	-0.0142076	0.892	FLYWCH2	0.2402709301743426		FLYWCH2
51659	-0.0367842	0.892	GINS2	-0.0340525621420989		GINS2
80328	-0.0423028	0.892	ULBP2	0.5113257410038892		ULBP2
55776	0.0166367	0.893	SAYSD1	-0.064044329772126		SAYSD1
284359	0.0583559	0.893	IZUMO1	-0.3487485055999147		IZUMO1
113177	-0.0403853	0.893	IZUMO4	0.4423391753519419		IZUMO4
9988	0.0132837	0.893	DMTF1	0.2495968657329221		DMTF1
55510	-0.0634972	0.893	DDX43	0.351898519005393		DDX43
5437	-0.0118587	0.893	POLR2H	0.0681407272249465		POLR2H
440193	0.0329788	0.893	CCDC88C	-0.161558821144923		CCDC88C
728489	-0.0223182	0.893	DNLZ	0.0143910420961921		DNLZ
51144	0.0220201	0.893	HSD17B12	0.1380175953699263		HSD17B12
26792	-0.0466221	0.894	SNORD57	11.940869097931788		SNORD57
54033	0.0643159	0.894	RBM11	0.1182432073372679		RBM11
100132273	0.0182764	0.894	NDUFA6-DT	-0.0092608060111194		NDUFA6-DT
134145	0.0142679	0.895	ATPSCKMT	0.0516606347557302		ATPSCKMT
10395	0.0194692	0.895	DLC1	0.0094398574248781		DLC1
2109	-0.0185801	0.895	ETFB	-0.0039038534494171		ETFB
54585	-0.0121226	0.895	LZTFL1	-0.2358920198300498		LZTFL1
9732	-0.0188329	0.895	DOCK4	-0.362215040457706		DOCK4
11170	0.0391113	0.895	FAM107A	-0.0785276457515005		FAM107A
8504	0.0137811	0.895	PEX3	0.3059903013956253		PEX3
100506497	0.05324	0.895	CPVL-AS2	-0.0668959047879962		CPVL-AS2
55150	0.0265476	0.895	C19orf73	-0.0659545851967045		C19orf73
4035	-0.0245585	0.895	LRP1	0.3858250669364631		LRP1
27429	-0.0109972	0.895	HTRA2	0.1783106417869442		HTRA2
440584	-0.0671988	0.896	SLC2A1-DT	0.3696441849232075		SLC2A1-DT
55167	-0.012511	0.896	MSL2	-0.1209951051407536		MSL2
5689	-0.0134605	0.896	PSMB1	0.0742200695443457		PSMB1
285335	0.0551192	0.896	SLC9C1	0.0303886729622268		SLC9C1
5329	-0.0477029	0.896	PLAUR	0.0781385377797883		PLAUR
100049716	0.0292423	0.896	NINJ2-AS1	0.3356931090194415		NINJ2-AS1
79607	-0.0130066	0.896	FAM118B	0.0432250691558593		FAM118B
7481	-0.0204624	0.896	WNT11	0.1765820110098404		WNT11
4494	-0.0489636	0.896	MT1F	0.2673584783061522		MT1F
154313	-0.0487849	0.897	CFAP206	0.3178156151276252		CFAP206
6503	0.0520143	0.897	SLA	0.1337301245398441		SLA
646023	0.0295652	0.897	ADORA2A-AS1	-0.5048455821909177		ADORA2A-AS1
6120	-0.0128965	0.897	RPE	0.1528447319917178		RPE
100507156	-0.0383967	0.897	LOC100507156	0.1732133290389899		LOC100507156
56477	-0.0424939	0.897	CCL28	0.133192824389339		CCL28
1778	0.0120341	0.897	DYNC1H1	0.4170341614618573		DYNC1H1
644591	0.0224313	0.897	PPIAL4G	1.066798305210483		PPIAL4G
109729180	-0.0460995	0.897	SNHG26	0.6158725702030781		SNHG26
23389	0.0178248	0.897	MED13L	-0.0089194549037321		MED13L
81849	-0.0516892	0.898	ST6GALNAC5	0.545696160751594		ST6GALNAC5
3993	0.0240483	0.898	LLGL2	0.1388759886398038		LLGL2
29765	-0.0340799	0.898	TMOD4	0.0608887514003892		TMOD4
1267	0.0085864	0.898	CNP	-0.0885630655506215		CNP
6483	0.0144748	0.899	ST3GAL2	-0.2785459425251875		ST3GAL2
3674	0.0409976	0.899	ITGA2B	0.1553424073137908		ITGA2B
167555	0.0285024	0.899	FAM151B	0.0778469199478666		FAM151B
143458	0.0313098	0.899	LDLRAD3	0.3317005572913087		LDLRAD3
9751	0.0242061	0.899	SNPH	0.1368407902643151		SNPH
2992	0.0129788	0.899	GYG1	0.2581713505567986		GYG1
8277	0.0350002	0.9	TKTL1	-0.0252909709175774		TKTL1
85417	0.0421133	0.9	CCNB3	0.3054766688108601		CCNB3
1316	0.0177561	0.9	KLF6	0.1107721854945671		KLF6
100506258	0.0286754	0.9	SYT9-AS1	0.1330291681737221		SYT9-AS1
100506258	0.0286754	0.9	SYT9-AS1	-0.1201668396814491		SYT9-AS1
192111	-0.0111747	0.9	PGAM5	0.2618548031180374		PGAM5
4735	-0.0124092	0.901	SEPTIN2	0.2005404209425805		SEPTIN2
10444	-0.0101303	0.901	ZER1	-0.1357398353582279		ZER1
4137	-0.0364762	0.901	MAPT	-0.3113424029314258		MAPT
10421	-0.0098484	0.901	CD2BP2	0.0289641245863911		CD2BP2
101926926	-0.0482737	0.901	RDH10-AS1	-1.1907159744392335		RDH10-AS1
51299	0.0226538	0.901	NRN1	0.058082037972805		NRN1
441457	-0.031977	0.901	NUTM2G	-0.057814622214634		NUTM2G
100874014	-0.0248333	0.902	NAV2-AS2	0.0359487183164937		NAV2-AS2
105372419	-0.0217006	0.902	GEMIN7-AS1	0.8446296507037352		GEMIN7-AS1
3834	0.041592	0.902	KIF25	0.9162015472101256		KIF25
79719	0.0132636	0.902	AAGAB	0.0321968826212772		AAGAB
573	0.0167206	0.902	BAG1	-0.0588070319408533		BAG1
113115	0.0424625	0.902	MTFR2	0.0513491572559425		MTFR2
79963	0.0205807	0.903	ABCA11P	0.208164186354407		ABCA11P
10846	0.0306996	0.903	PDE10A	0.0099041744312295		PDE10A
729747	0.0269468	0.903	ZNF878	-1.059245125381831		ZNF878
92815	0.0310945	0.903	H2AC25	-0.0539184230105869		H2AC25
3476	0.0143548	0.903	IGBP1	0.2077128282347171		IGBP1
1015	-0.0581352	0.903	CDH17	0.0328215800648814		CDH17
101927612	-0.0246925	0.903	RNF139-DT	0.2666945669069462		RNF139-DT
101926907	0.0300699	0.903	LOC101926907	0.988167628024852		LOC101926907
58494	-0.0251021	0.903	JAM2	-0.007200039831277		JAM2
6855	-0.0214071	0.903	SYP	0.0545019344102624		SYP
51233	-0.0436697	0.903	DRICH1	-0.0383660170142197		DRICH1
10008	-0.0304473	0.903	KCNE3	0.145830228934656		KCNE3
55331	0.0151928	0.903	ACER3	-0.2124713094721604		ACER3
5530	0.01639	0.903	PPP3CA	-0.3215529125118337		PPP3CA
79033	0.0104284	0.903	ERI3	-0.0860410478515811		ERI3
55968	0.0113599	0.903	NSFL1C	-0.1560805689130937		NSFL1C
51531	0.0114378	0.903	TRMO	-0.1368232461794036		TRMO
11067	-0.0436299	0.903	DEPP1	0.1946101452706514		DEPP1
131450	0.0508577	0.904	CD200R1	-0.2146722913284776		CD200R1
11147	0.0170143	0.904	HHLA3	0.3200019889715693		HHLA3
148581	0.1112842	0.904	UBE2U	-0.2934606923312667		UBE2U
5871	0.0159546	0.904	MAP4K2	-0.1625653818026071		MAP4K2
644096	0.0154799	0.905	SDHAF1	0.1899097271842471		SDHAF1
84722	0.0324184	0.905	PSRC1	0.1514969887438694		PSRC1
79589	0.070971	0.905	RNF128	0.3595569469044366		RNF128
5863	0.0103407	0.905	RGL2	0.1310938457523089		RGL2
8831	0.0173206	0.905	SYNGAP1	0.2762661529930716		SYNGAP1
64802	0.0139539	0.905	NMNAT1	0.0216637343465597		NMNAT1
57492	0.0087182	0.906	ARID1B	0.2172029751418902		ARID1B
84924	0.0161843	0.906	ZNF566	-0.0302863943716436		ZNF566
8100	-0.0136325	0.906	IFT88	0.162721526759181		IFT88
11230	-0.0147405	0.906	PRAF2	-0.0176966952436608		PRAF2
53371	0.0091851	0.906	NUP54	-0.1047375719133549		NUP54
100505783	0.0196789	0.906	OSER1-DT	0.0707004214777704		OSER1-DT
6804	0.0185935	0.906	STX1A	0.0706133336429635		STX1A
201501	-0.0262066	0.906	ZBTB7C	0.1203442644836336		ZBTB7C
83858	-0.0109638	0.906	ATAD3B	0.1445580419510315		ATAD3B
100507564	-0.0366525	0.906	MAGOH-DT	0.4204444723589395		MAGOH-DT
57657	0.0216887	0.906	HCN3	0.2116449586777199		HCN3
284207	-0.0199371	0.906	METRNL	0.4709102018810638		METRNL
89891	0.0149615	0.907	DYNC2I2	0.0298092160378447		DYNC2I2
54733	0.0346025	0.907	SLC35F2	0.1379353764877996		SLC35F2
23633	-0.0091061	0.907	KPNA6	0.2290430047999536		KPNA6
85451	0.0084368	0.907	UNK	-0.0442919328213564		UNK
55034	-0.0341004	0.907	MOCOS	0.1237507712410845		MOCOS
100127888	0.0626384	0.907	SLCO4A1-AS1	0.3290403073389818		SLCO4A1-AS1
2122	0.0225662	0.907	MECOM	0.0491417776370335		MECOM
400	-0.008895	0.907	ARL1	-0.4020381783120097		ARL1
587	-0.0167046	0.907	BCAT2	0.1010674593831923		BCAT2
9911	0.0270833	0.907	TMCC2	0.2715216906452346		TMCC2
5343	0.0245544	0.907	PLGLB1	-0.4322770042825377		PLGLB1
100506368	-0.0291176	0.907	FZD4-DT	0.2429424898342067		FZD4-DT
60509	-0.0097707	0.908	AGBL5	0.2901807548969266		AGBL5
51763	-0.0143719	0.908	INPP5K	-0.036879355973487		INPP5K
100529251	-0.0218257	0.908	CKLF-CMTM1	-0.0276356152968884		CKLF-CMTM1
388327	0.0255804	0.908	C17orf100	0.1157354816770319		C17orf100
9050	0.0298575	0.908	PSTPIP2	-0.1660036787621535		PSTPIP2
79905	-0.0268343	0.909	TMC7	0.2337940376551789		TMC7
2294	-0.0538403	0.909	FOXF1	0.1937068781380393		FOXF1
54863	-0.016633	0.91	TOR4A	0.2227104722338175		TOR4A
6404	0.0313384	0.91	SELPLG	0.0385877363088233		SELPLG
2835	-0.0549136	0.91	GPR12	0.2755150890678877		GPR12
7746	-0.011906	0.91	ZSCAN9	0.3042214232387095		ZSCAN9
130540	-0.0267938	0.91	FLACC1	0.0977086360210366		FLACC1
55888	-0.011857	0.911	ZKSCAN7	0.264092891984923		ZKSCAN7
10003	-0.0250757	0.911	NAALAD2	0.3978381791007499		NAALAD2
79959	-0.012947	0.911	CEP76	-0.2419941831788552		CEP76
7227	-0.0271508	0.911	TRPS1	0.0814883995139491		TRPS1
147923	-0.0111588	0.911	ZNF420	0.2918642385794237		ZNF420
6118	0.0157434	0.911	RPA2	0.0933043143497878		RPA2
9581	0.0152282	0.911	PREPL	0.0013874353547729		PREPL
8737	-0.0103911	0.911	RIPK1	0.1359594953613569		RIPK1
22847	0.0123174	0.912	ZNF507	0.1165840567432736		ZNF507
399687	-0.0095564	0.912	MYO18A	0.0985082755738613		MYO18A
5991	0.022037	0.912	RFX3	-0.0513072378387361		RFX3
101927051	0.0335667	0.912	PDXP-DT	-0.8744489805131153		PDXP-DT
8741	-0.0215459	0.913	TNFSF13	0.3364436640212545		TNFSF13
3704	-0.0135894	0.913	ITPA	0.3756831531541245		ITPA
112479	-0.0116663	0.913	ERI2	0.072236055202564		ERI2
139324	0.0202483	0.913	HDX	-0.062051103066556		HDX
10299	-0.0126741	0.914	MARCHF6	0.203475985123692		MARCHF6
57396	-0.0161344	0.914	CLK4	-0.1664679936555924		CLK4
51130	-0.0088574	0.914	ASB3	-0.0504274540723654		ASB3
54507	-0.0230316	0.914	ADAMTSL4	0.2455214312833655		ADAMTSL4
11129	0.0114105	0.915	CLASRP	0.1324728750214765		CLASRP
55758	-0.0097769	0.915	RCOR3	-0.3339677086666768		RCOR3
54535	-0.011715	0.915	CCHCR1	-0.2687409234508453		CCHCR1
85359	-0.0154941	0.916	DGCR6L	0.2395389686295428		DGCR6L
9277	0.0097955	0.916	WDR46	0.0830139906831606		WDR46
255374	0.0229869	0.916	MBLAC1	0.1130828925798934		MBLAC1
5887	-0.0094123	0.916	RAD23B	-0.0028949948846053		RAD23B
54925	-0.007171	0.916	ZSCAN32	0.1465664807106512		ZSCAN32
388389	-0.029241	0.916	CCDC103	0.1452528693066017		CCDC103
100996569	-0.0541274	0.917	NAMA	0.177650834139559		NAMA
196483	0.0115769	0.917	EEF2KMT	-0.1322393616750807		EEF2KMT
55238	0.0124375	0.917	SLC38A7	0.0043840464083659		SLC38A7
65251	0.0110177	0.917	ZNF649	-0.120112882943189		ZNF649
7773	-0.0123147	0.917	ZNF230	0.2929254544894127		ZNF230
90850	-0.0111839	0.917	ZNF598	0.0006102080207783		ZNF598
339175	-0.0077503	0.917	METTL2A	0.1965202142599409		METTL2A
79577	-0.0125902	0.918	CDC73	0.4789313989786525		CDC73
8611	-0.0133593	0.918	PLPP1	0.059732641250183		PLPP1
2312	-0.0479143	0.918	FLG	0.8366317142541089		FLG
7145	0.0131108	0.918	TNS1	-0.170327073632265		TNS1
7586	0.0086248	0.919	ZKSCAN1	0.4178494557535406		ZKSCAN1
100506697	-0.0269735	0.919	LINC00327	0.2995547831140022		LINC00327
1203	0.0070493	0.919	CLN5	0.3175689086183499		CLN5
10518	-0.0297614	0.919	CIB2	-0.1204234568527651		CIB2
374899	-0.0131814	0.919	ZNF829	0.0582028848657694		ZNF829
6789	0.0114379	0.919	STK4	0.1586110264260856		STK4
64135	-0.0266418	0.919	IFIH1	0.0903999733828642		IFIH1
642475	-0.0231453	0.919	MROH6	0.6269124559481911		MROH6
375743	0.0194963	0.919	PTAR1	-0.1194846365377828		PTAR1
81542	-0.0150891	0.919	TMX1	0.2437632956349391		TMX1
5204	0.0122261	0.92	PFDN5	0.2106588510981648		PFDN5
10493	-0.0168635	0.92	VAT1	0.161400551324383		VAT1
80343	-0.0522557	0.92	SEL1L2	-0.0041998329487298		SEL1L2
25978	0.0095895	0.92	CHMP2B	0.1991618839210627		CHMP2B
6769	0.039923	0.92	STAC	0.061567469924938		STAC
51009	0.0074926	0.92	DERL2	-0.1816871431569717		DERL2
3910	-0.0207778	0.92	LAMA4	0.1116189333409662		LAMA4
1284	0.0151363	0.92	COL4A2	0.1284349832669411		COL4A2
221468	-0.0379804	0.921	TMEM217	0.3984829606886949		TMEM217
55191	0.0085686	0.921	NADSYN1	0.3325947176687549		NADSYN1
55191	0.0085686	0.921	NADSYN1	0.752829755261245		NADSYN1
161145	-0.0244623	0.921	TMEM229B	0.1578765815110204		TMEM229B
4210	-0.0407508	0.921	MEFV	0.1025681821354212		MEFV
497661	-0.0092142	0.921	C18orf32	0.0501342191997844		C18orf32
27250	-0.0160216	0.921	PDCD4	0.2093111133508953		PDCD4
114815	0.0414433	0.921	SORCS1	-0.0891887958438588		SORCS1
283345	-0.0245163	0.921	RPL13P5	0.3624723439589573		RPL13P5
100506235	-0.0238232	0.921	LOC100506235	0.4161751813362834		LOC100506235
23384	0.0083793	0.921	SPECC1L	-0.1087130939033862		SPECC1L
829	0.0100847	0.921	CAPZA1	0.0760080194202439		CAPZA1
55144	-0.0138316	0.922	LRRC8D	0.1283466602481158		LRRC8D
9117	-0.0070998	0.922	SEC22C	0.078894976190476		SEC22C
4234	0.0169074	0.922	METTL1	-0.0378343861950525		METTL1
84940	0.0092842	0.922	CORO6	0.0223742555835775		CORO6
594839	0.0265806	0.922	SNORA33	0.2287903178698087		SNORA33
387700	-0.0209959	0.922	SLC16A12	0.0783382179714875		SLC16A12
168374	-0.0175543	0.923	ZNF92	0.2408708241744438		ZNF92
728340	0.0137843	0.923	GTF2H2C	0.3191965808701219		GTF2H2C
144100	0.031483	0.924	PLEKHA7	-0.1273941443963746		PLEKHA7
6939	-0.0222213	0.924	TCF15	0.0449475389514559		TCF15
5730	-0.0255868	0.924	PTGDS	0.0668123997443661		PTGDS
57677	0.0143245	0.924	ZFP14	0.0256186559603583		ZFP14
81855	-0.0168181	0.924	SFXN3	0.1950913984873805		SFXN3
91543	-0.042277	0.924	RSAD2	0.2151612942900447		RSAD2
115825	0.0119213	0.924	WDFY2	0.2318110324660081		WDFY2
126792	-0.012956	0.924	B3GALT6	0.2519344867786561		B3GALT6
55281	-0.0192546	0.924	TMEM140	-0.3099060992818563		TMEM140
518	-0.0131023	0.925	ATP5MC3	0.0744679305421751		ATP5MC3
11043	0.0148357	0.925	MID2	-0.0626953828182176		MID2
139231	-0.0158766	0.925	FAM199X	0.240002130902162		FAM199X
9256	0.0170873	0.925	TSPOAP1	0.177262781507526		TSPOAP1
2802	-0.0092171	0.925	GOLGA3	-0.0844875755286977		GOLGA3
145270	0.0267811	0.925	PRIMA1	-0.1087861862979036		PRIMA1
7837	0.0216745	0.926	PXDN	-0.1971365553917472		PXDN
2263	-0.0358581	0.926	FGFR2	0.1781712759598636		FGFR2
313	-0.0300676	0.926	AOAH	0.403326141339775		AOAH
26225	-0.015355	0.926	ARL5A	-0.2030843247381186		ARL5A
90956	-0.0117272	0.926	ADCK2	0.0952720652970948		ADCK2
28996	-0.0176003	0.926	HIPK2	-0.0744653903783989		HIPK2
957	-0.0076124	0.926	ENTPD5	-0.040436662709598		ENTPD5
170954	-0.0144131	0.927	PPP1R18	0.2310290339283494		PPP1R18
3539	0.06459	0.927	IGLC3	0.2576159416289998		IGLC3
116541	0.0157981	0.928	MRPL54	0.2075531067240303		MRPL54
8797	-0.0210984	0.928	TNFRSF10A	0.2260925003494422		TNFRSF10A
5866	0.015686	0.929	RAB3IL1	0.0355848398323619		RAB3IL1
97	-0.012651	0.929	ACYP1	0.030556240343631		ACYP1
3659	-0.02138	0.929	IRF1	0.0681341869685931		IRF1
100885776	-0.015733	0.929	UGDH-AS1	0.2734249580475706		UGDH-AS1
85462	0.026631	0.929	FHDC1	0.0529931900826716		FHDC1
117283	-0.0295112	0.93	IP6K3	0.015130186150623		IP6K3
54810	-0.0148829	0.93	GIPC2	0.1224699189004234		GIPC2
10380	0.0076331	0.93	BPNT1	-0.2278830824184909		BPNT1
56658	0.0076136	0.93	TRIM39	0.1465765378934902		TRIM39
257019	-0.0146018	0.93	FRMD3	-0.1345854579830767		FRMD3
284029	0.0177929	0.93	LINC00324	-0.165746392651853		LINC00324
51566	0.0089891	0.93	ARMCX3	0.021865506309485		ARMCX3
165215	0.0224904	0.93	FAM171B	0.2227013900046474		FAM171B
663	0.0075001	0.93	BNIP2	-0.1034332210517705		BNIP2
11314	0.0247782	0.93	CD300A	0.2139797513072122		CD300A
10023	0.0177007	0.93	FRAT1	0.4422800956713179		FRAT1
7222	-0.0274143	0.93	TRPC3	0.2323158668561538		TRPC3
55652	0.0083472	0.93	SLC48A1	0.2144864075949146		SLC48A1
710	0.0161952	0.93	SERPING1	0.1020743443198819		SERPING1
5345	-0.0372921	0.93	SERPINF2	-0.1018740237759091		SERPINF2
6618	-0.0122804	0.93	SNAPC2	0.1267053341644466		SNAPC2
22955	0.0064069	0.93	SCMH1	-0.1007440678872129		SCMH1
1362	0.0118329	0.931	CPD	-0.5240808479544086		CPD
122402	0.0359175	0.931	TDRD9	-0.2605607822233795		TDRD9
3059	-0.0273711	0.931	HCLS1	-0.1218965839016714		HCLS1
4144	-0.013089	0.931	MAT2A	0.1606897102255642		MAT2A
197021	-0.0210704	0.931	LCTL	1.4008510756026924		LCTL
55640	-0.0293836	0.931	FLVCR2	0.3048265290052872		FLVCR2
24145	-0.0203466	0.931	PANX1	0.178060850704536		PANX1
7350	-0.0210889	0.931	UCP1	-1.3824275684055194		UCP1
2681	0.0333615	0.931	GGTA1	0.1124069228696384		GGTA1
23710	-0.0161367	0.931	GABARAPL1	0.2066810126680138		GABARAPL1
490	-0.0128893	0.931	ATP2B1	-0.1249034497109677		ATP2B1
100505758	-0.0092793	0.931	PRMT5-AS1	1.611993344364259		PRMT5-AS1
6474	-0.0333592	0.932	SHOX2	-0.0006261891819419		SHOX2
6041	-0.0176089	0.932	RNASEL	0.0937580972867608		RNASEL
84740	0.0249513	0.932	AFAP1-AS1	1.7206867729192972		AFAP1-AS1
348174	-0.0215088	0.932	CLEC18A	0.2853213874735276		CLEC18A
55425	-0.0077784	0.932	GPALPP1	0.1553344255382733		GPALPP1
57348	-0.0297149	0.932	TTYH1	0.4976671898228081		TTYH1
91298	-0.0156157	0.932	C12orf29	-0.2892641780872842		C12orf29
283537	-0.0088368	0.933	SLC46A3	0.0431377245957627		SLC46A3
171024	-0.0094504	0.933	SYNPO2	0.1842345779306127		SYNPO2
139285	0.0236085	0.933	AMER1	-0.1047295102586605		AMER1
6925	-0.0171642	0.933	TCF4	-0.0957095618447301		TCF4
101929567	0.0485862	0.933	LINC01814	-0.1559132186703484		LINC01814
85366	-0.0434854	0.933	MYLK2	0.1821312089601947		MYLK2
56127	-0.0183751	0.933	PCDHB9	0.3762897610207503		PCDHB9
53840	0.0161036	0.933	TRIM34	0.1338213752771651		TRIM34
54471	0.0076123	0.933	MIEF1	0.1767460148546429		MIEF1
28511	0.0067248	0.933	NKIRAS2	0.1104532459642033		NKIRAS2
81796	0.0216172	0.934	SLCO5A1	-0.658817346262411		SLCO5A1
84901	-0.0055972	0.934	NFATC2IP	0.2823314574351316		NFATC2IP
92840	0.0228373	0.934	REEP6	0.3309450480405125		REEP6
114793	-0.0150096	0.934	FMNL2	0.2636056948741423		FMNL2
6296	-0.021096	0.934	ACSM3	0.1388752199117382		ACSM3
434	-0.0250046	0.934	ASIP	0.2860553465264512		ASIP
196047	-0.0367256	0.934	EMX2OS	0.1538657489251669		EMX2OS
440699	-0.0467207	0.934	LRRC52	0.3482521742478695		LRRC52
8859	0.0082692	0.934	STK19	0.0743201835253981		STK19
1138	-0.0335683	0.934	CHRNA5	0.1305734836997369		CHRNA5
401541	0.0088567	0.934	CENPP	-0.0074588725491704		CENPP
2764	-0.0182236	0.934	GMFB	-0.3494395743586818		GMFB
8284	-0.0694272	0.934	KDM5D	0.0908992473970435		KDM5D
8483	-0.0415249	0.935	CILP	0.1724629963860247		CILP
80144	0.0197204	0.935	FRAS1	0.2697692118951825		FRAS1
5983	0.0116086	0.935	RFC3	0.2509551434570225		RFC3
23112	0.00992	0.935	TNRC6B	0.1021042904364537		TNRC6B
100288637	-0.0255658	0.936	LOC100288637	-0.2111292751234643		LOC100288637
152573	-0.0418576	0.936	SHISA3	0.2019198543326545		SHISA3
23305	-0.0187846	0.936	ACSL6	-0.1567319521077423		ACSL6
26797	0.0272004	0.936	SNORD52	0.0007679332117405		SNORD52
4005	-0.0190512	0.936	LMO2	0.1036837433159587		LMO2
10693	0.0224771	0.936	CCT6B	-0.1213685972998954		CCT6B
10079	-0.0107788	0.936	ATP9A	0.0927076559408996		ATP9A
284417	0.0272343	0.936	TMEM150B	0.0822344974398926		TMEM150B
8994	-0.0105171	0.936	LIMD1	0.2231679458607147		LIMD1
130557	0.0070434	0.936	ZNF513	0.0549903899284283		ZNF513
9625	-0.0251768	0.937	AATK	-0.1323836673939515		AATK
407977	-0.0107405	0.937	TNFSF12-TNFSF13	4.319503377664019		TNFSF12-TNFSF13
943	0.0206794	0.937	TNFRSF8	0.2088356880570595		TNFRSF8
10747	0.0122341	0.937	MASP2	-2.136003753390116		MASP2
114784	-0.0286386	0.937	CSMD2	0.0137895352591561		CSMD2
29923	-0.0124411	0.937	HILPDA	0.1108992060358442		HILPDA
23038	0.0059379	0.938	WDTC1	0.2221479610995826		WDTC1
7567	0.0129698	0.938	ZNF19	-0.1558488735887451		ZNF19
56270	-0.0045597	0.938	WDR45B	-0.0629149365689025		WDR45B
1823	0.0301026	0.938	DSC1	0.066585942440204		DSC1
1291	0.0117188	0.938	COL6A1	0.2761072184103943		COL6A1
400617	0.0129619	0.938	KCNJ2-AS1	0.0799954369500508		KCNJ2-AS1
26093	0.0077392	0.938	CCDC9	-0.0206052350430336		CCDC9
6433	-0.0070639	0.938	SFSWAP	-0.0039311646331947		SFSWAP
6293	0.0047182	0.939	VPS52	0.1003143578652538		VPS52
9098	-0.0268257	0.939	USP6	1.1357848811747877		USP6
6335	0.0250902	0.939	SCN9A	0.0698777671172636		SCN9A
347732	0.013435	0.939	CATSPER3	0.3628275140150999		CATSPER3
6442	-0.008479	0.939	SGCA	0.4347180008777069		SGCA
7840	0.0124543	0.939	ALMS1	0.5031767390554824		ALMS1
129450	-0.0065839	0.939	TYW5	-0.0436734802951079		TYW5
152302	0.0102756	0.939	CIDECP1	0.1188273315830024		CIDECP1
90673	-0.0105355	0.939	PPP1R3E	0.0428383574808624		PPP1R3E
8775	-0.0068742	0.939	NAPA	0.0495451384933023		NAPA
331	-0.0081645	0.939	XIAP	0.1787954763991517		XIAP
100505771	-0.0127376	0.939	MHENCR	0.1344392032101731		MHENCR
79796	-0.008047	0.939	ALG9	-0.0589333268703642		ALG9
125206	0.0145169	0.94	SLC5A10	-1.417354355415311		SLC5A10
22927	-0.0087884	0.94	HABP4	0.2405658080620734		HABP4
8303	-0.0141411	0.94	SNN	0.2883477350725636		SNN
105371430	0.0298174	0.94	LOC105371430	-0.804624608898191		LOC105371430
5184	0.0076552	0.94	PEPD	-0.1804057815361206		PEPD
101928478	-0.0505672	0.94	LINC02269	-0.1935094089662108		LINC02269
23166	-0.0164161	0.94	STAB1	0.0684879001534302		STAB1
22818	0.0063168	0.94	COPZ1	0.0206616732964484		COPZ1
84129	-0.0070914	0.94	ACAD11	-0.2468643841361899		ACAD11
93035	-0.0507903	0.94	PKHD1L1	0.4491446696204688		PKHD1L1
122060	0.0119653	0.94	SLAIN1	-0.0102916375414645		SLAIN1
9758	0.0199752	0.94	FRMPD4	0.2975551831781447		FRMPD4
113939925	0.0071891	0.94	BMS1P4-AGAP5	-0.5563006476282971		BMS1P4-AGAP5
26086	-0.0167062	0.941	GPSM1	0.3740682351653106		GPSM1
9926	-0.0092737	0.941	LPGAT1	0.0059590187914091		LPGAT1
692223	-0.0249825	0.941	SNORD97	1.0463874536189597		SNORD97
401207	0.009292	0.941	C5orf63	0.2446508088783128		C5orf63
377677	0.0130391	0.941	CA13	0.005824360907833		CA13
27338	0.0095255	0.941	UBE2S	0.1081850344008441		UBE2S
10691	0.0070921	0.941	GMEB1	0.1253805494719719		GMEB1
55531	-0.0305288	0.941	ELMOD1	0.3592777591242551		ELMOD1
388559	0.0095478	0.941	ZNF888	-0.2226119587412631		ZNF888
27316	-0.0097672	0.941	RBMX	0.0635879827906187		RBMX
84248	-0.009684	0.942	FYTTD1	-0.214852171594635		FYTTD1
79744	0.0103145	0.942	ZNF419	0.2094354112841641		ZNF419
92591	-0.0121657	0.942	ASB16	-0.0453144621391286		ASB16
114757	0.012748	0.942	CYGB	0.0669101272074659		CYGB
10856	0.0076336	0.942	RUVBL2	0.2349213953294313		RUVBL2
4145	-0.0300744	0.942	MATK	-0.2640288198034441		MATK
752	0.0111965	0.942	FMNL1	0.0720026594838265		FMNL1
1892	0.0099666	0.942	ECHS1	0.0495114552390072		ECHS1
144453	0.027705	0.942	BEST3	-0.0887905425911706		BEST3
199704	-0.008342	0.942	ZNF585A	-0.23618917998667		ZNF585A
59345	-0.0237623	0.943	GNB4	-0.2265681303364219		GNB4
154091	0.0157594	0.943	SLC2A12	-0.0037902122126349		SLC2A12
202052	0.0082386	0.943	DNAJC18	-0.0590059840143615		DNAJC18
9522	-0.0142001	0.944	SCAMP1	-0.0659145605409579		SCAMP1
4297	-0.009618	0.944	KMT2A	0.1889072235003346		KMT2A
9748	0.0091825	0.944	SLK	-0.0931102850514875		SLK
168850	0.0085899	0.945	ZNF800	-0.1852741878462338		ZNF800
11278	-0.0082817	0.945	KLF12	0.0036565404111565		KLF12
3718	-0.0235375	0.945	JAK3	0.1780926625326798		JAK3
23254	0.0174124	0.945	KAZN	0.3262805347927389		KAZN
29082	-0.0090145	0.945	CHMP4A	-0.0538113096754395		CHMP4A
51501	-0.0066565	0.945	HIKESHI	0.33365824793563		HIKESHI
440574	0.0087265	0.945	MICOS10	0.2093921799335234		MICOS10
348751	0.0164071	0.945	FTCDNL1	0.0848100866452483		FTCDNL1
266971	0.0055862	0.945	PIPSL	-0.0888141943948341		PIPSL
2767	-0.0044748	0.945	GNA11	-0.0272761044549127		GNA11
6414	-0.0109556	0.945	SELENOP	0.3280996535346503		SELENOP
23203	-0.0059481	0.945	PMPCA	0.1105498673570899		PMPCA
54487	0.0057441	0.945	DGCR8	0.1510137344890894		DGCR8
64434	-0.0053589	0.945	NOM1	0.3446791440423076		NOM1
10055	0.0048311	0.945	SAE1	-0.0112711989339224		SAE1
81565	0.0085332	0.945	NDEL1	0.0279114706367638		NDEL1
23594	-0.016253	0.946	ORC6	0.1958964419991953		ORC6
253943	0.0088329	0.946	YTHDF3	19.909933352361776		YTHDF3
1739	0.0119264	0.946	DLG1	-0.3182258309806594		DLG1
100527978	-0.0075703	0.946	TLCD4-RWDD3	0.6505567662616957		TLCD4-RWDD3
7849	0.0332848	0.946	PAX8	-0.2907898830973674		PAX8
143570	-0.0174919	0.946	XRRA1	-0.2216230084579424		XRRA1
112611	-0.0066854	0.946	RWDD2A	0.2537253607309424		RWDD2A
8732	0.0073899	0.946	RNGTT	0.0012786477428892		RNGTT
51752	0.0067869	0.947	ERAP1	-0.4929743313374919		ERAP1
57697	0.0119997	0.947	FANCM	0.5220847365940691		FANCM
23164	-0.0062662	0.947	MPRIP	-0.0637123544759132		MPRIP
23164	-0.0062662	0.947	MPRIP	0.803667727949959		MPRIP
8449	0.0049591	0.947	DHX16	-0.1057133734169246		DHX16
2326	-0.0326771	0.947	FMO1	0.1452157232077875		FMO1
23585	-0.0048098	0.947	TMEM50A	0.2370625214024677		TMEM50A
80017	-0.0092605	0.947	DGLUCY	0.0664222749501917		DGLUCY
100506020	0.0104651	0.947	ARAP1-AS2	-0.5381234754723376		ARAP1-AS2
692063	-0.019892	0.947	SNORA32	6.254116985150978		SNORA32
4957	-0.0077482	0.947	ODF2	0.184601998404402		ODF2
23637	0.0046449	0.947	RABGAP1	-0.0087236356637898		RABGAP1
8550	-0.0036235	0.947	MAPKAPK5	0.1186371183720398		MAPKAPK5
211	0.0100863	0.948	ALAS1	0.311480376886915		ALAS1
55199	0.008583	0.948	FAM86C1P	0.2144523222848251		FAM86C1P
3587	0.0197115	0.948	IL10RA	0.1611264078424636		IL10RA
10776	-0.0067664	0.948	ARPP19	-0.3063423771175468		ARPP19
8809	0.0302164	0.948	IL18R1	-0.0376566826350257		IL18R1
85028	-0.0103453	0.949	SNHG12	0.4220582892976354		SNHG12
375341	-0.006893	0.949	C3orf62	0.0249319544447983		C3orf62
3183	-0.0064993	0.949	HNRNPC	-0.2494786993834328		HNRNPC
9794	0.005988	0.949	MAML1	0.078560281708182		MAML1
285505	-0.0118759	0.949	GASK1B-AS1	0.120538168784174		GASK1B-AS1
26015	0.0060515	0.949	RPAP1	-0.1996471968272741		RPAP1
5594	0.0053671	0.949	MAPK1	-0.3370182115685942		MAPK1
2268	-0.0205898	0.95	FGR	0.0984676599274259		FGR
6150	-0.0083941	0.95	MRPL23	0.0434668529999795		MRPL23
51621	-0.0099114	0.95	KLF13	-0.0845874105426949		KLF13
56655	0.0095085	0.951	POLE4	0.1743173763455381		POLE4
113655	0.0099959	0.951	MFSD3	0.3276834592018001		MFSD3
51209	0.0126224	0.951	RAB9B	0.0941458336500131		RAB9B
23136	0.0132542	0.951	EPB41L3	-0.0558495210586276		EPB41L3
83888	0.0302033	0.951	FGFBP2	-0.1753103991880769		FGFBP2
7673	0.008608	0.951	ZNF222	0.3084266321795468		ZNF222
375484	0.007472	0.951	SIMC1	0.2440393657312441		SIMC1
57615	0.0183689	0.951	ZNF492	0.8779932425154726		ZNF492
23322	0.0088739	0.952	RPGRIP1L	-0.2690041221716095		RPGRIP1L
3692	-0.007126	0.952	EIF6	-0.0975628412881182		EIF6
84340	0.0063762	0.952	GFM2	-0.0235223572930847		GFM2
1211	0.0058814	0.952	CLTA	0.158450569006689		CLTA
5977	-0.0054586	0.952	DPF2	0.0669407733315834		DPF2
3742	0.0192423	0.952	KCNA6	0.1997817878362773		KCNA6
64864	0.0111993	0.952	RFX7	0.012899105390224		RFX7
9837	0.018445	0.952	GINS1	0.1437150781899125		GINS1
79807	-0.0100571	0.952	GSTCD	-0.0585088844673769		GSTCD
83695	0.0120579	0.952	RHNO1	-0.0125506955158005		RHNO1
124930	0.007337	0.952	ANKRD13B	-0.0434470826389992		ANKRD13B
10970	0.0100277	0.952	CKAP4	-0.0697747533612007		CKAP4
3662	0.026319	0.952	IRF4	-0.2086466938457092		IRF4
10772	0.0071509	0.952	SRSF10	-0.311642019790403		SRSF10
613037	0.008935	0.952	NPIPB13	-0.3065296739380148		NPIPB13
3487	0.0089506	0.952	IGFBP4	0.1620822986345933		IGFBP4
54998	0.0073605	0.953	AURKAIP1	0.0169064302350037		AURKAIP1
55092	0.0102278	0.953	TMEM51	0.1741896612876918		TMEM51
57580	0.0108525	0.953	PREX1	-0.0807348434219537		PREX1
9632	-0.0034386	0.953	SEC24C	0.1529017344974494		SEC24C
4849	0.0057712	0.953	CNOT3	0.223161289720128		CNOT3
113835	0.0142902	0.953	ZNF257	0.3239970462926532		ZNF257
9722	0.0106747	0.953	NOS1AP	0.0661918634693334		NOS1AP
784	-0.0119459	0.953	CACNB3	0.4586598655491549		CACNB3
23568	0.0055214	0.954	ARL2BP	-0.3423459871807086		ARL2BP
57498	-0.0067416	0.954	KIDINS220	0.1419704658839569		KIDINS220
10085	0.0274647	0.954	EDIL3	-0.4087566595761154		EDIL3
10150	0.0104579	0.954	MBNL2	0.075206097927861		MBNL2
10585	-0.0051565	0.954	POMT1	0.2922177605251708		POMT1
91750	0.0080067	0.954	LIN52	0.1543569789886385		LIN52
100507567	-0.0105147	0.954	RAB11B-AS1	0.2205176394925954		RAB11B-AS1
10411	0.0116354	0.955	RAPGEF3	-0.0286729329257244		RAPGEF3
55283	0.0236417	0.955	MCOLN3	0.1640325923764889		MCOLN3
64858	-0.0066955	0.955	DCLRE1B	0.1921228650837077		DCLRE1B
84254	0.0109436	0.955	CAMKK1	0.0763301732803811		CAMKK1
23556	-0.0065437	0.955	PIGN	-0.2041813837929664		PIGN
84541	-0.0172036	0.955	KBTBD8	-0.2497117896927363		KBTBD8
387066	0.0168564	0.955	SNHG5	0.0918725614612014		SNHG5
100996318	-0.0172227	0.955	LOC100996318	0.0445172959436437		LOC100996318
844	-0.0163223	0.955	CASQ1	0.318059426930775		CASQ1
57537	-0.0172034	0.955	SORCS2	0.3241467455895903		SORCS2
22917	-0.0336596	0.955	ZP1	0.4537156042880925		ZP1
51804	0.0147868	0.955	SIX4	-0.2284955869461608		SIX4
147804	0.0113076	0.955	TPM3P9	0.173478643132589		TPM3P9
166614	-0.0105249	0.956	DCLK2	0.183649061571117		DCLK2
51128	0.0046335	0.956	SAR1B	-0.1249144694777166		SAR1B
221035	0.0094748	0.956	REEP3	-23.44477290901124		REEP3
66002	-0.0122739	0.956	CYP4F12	0.1825397431095796		CYP4F12
3162	-0.0254257	0.956	HMOX1	0.2899821234442452		HMOX1
6038	0.0102534	0.956	RNASE4	0.4114310383686197		RNASE4
283659	-0.0140567	0.956	PRTG	0.1026830117110064		PRTG
79650	-0.0077604	0.956	USB1	0.1319595824853827		USB1
142679	-0.0082153	0.956	DUSP19	0.1671225177455393		DUSP19
284759	-0.0215666	0.956	SIRPB2	-0.1913629387299802		SIRPB2
284837	0.0194898	0.956	AATBC	-0.15378554815459		AATBC
285126	0.014448	0.956	DNAJC5G	0.2320919855512835		DNAJC5G
54552	0.0062044	0.956	GNL3L	0.049164547368131		GNL3L
54980	-0.0067012	0.956	C2orf42	-0.2753323742855276		C2orf42
11016	-0.0053274	0.957	ATF7	-0.477959349536512		ATF7
64976	-0.0072131	0.957	MRPL40	0.2116940478731122		MRPL40
478	0.0105939	0.957	ATP1A3	0.0327104310313206		ATP1A3
1650	0.0047493	0.957	DDOST	0.2114850017940943		DDOST
256356	0.0071723	0.957	GK5	-0.2886209698506006		GK5
6158	0.0074704	0.957	RPL28	0.1932902451064375		RPL28
2036	-0.006363	0.958	EPB41L1	-0.1711301097753859		EPB41L1
29985	-0.007222	0.958	SLC39A3	-0.3127838455723646		SLC39A3
54763	0.0194445	0.958	ROPN1	-0.0610267413144798		ROPN1
54517	-0.0068854	0.958	PUS7	-0.2157083276211677		PUS7
63897	0.0036622	0.958	HEATR6	0.3036529050130006		HEATR6
3693	0.0090166	0.958	ITGB5	-0.1846022077668534		ITGB5
7767	0.0043263	0.958	ZNF224	0.1220323883184719		ZNF224
7161	-0.0111304	0.958	TP73	-0.6471487949841066		TP73
144577	-0.0057975	0.958	KICS2	0.1082012219628176		KICS2
100507118	0.0118688	0.958	PRC1-AS1	-0.2171185108035136		PRC1-AS1
124411	0.0051481	0.959	KRBOX5	-0.0682523894004329		KRBOX5
440348	0.0168497	0.959	NPIPB15	0.1475068089619498		NPIPB15
57620	-0.0053419	0.959	STIM2	0.3624941732531872		STIM2
79872	0.0051614	0.959	CBLL1	-0.0798540495702737		CBLL1
25861	0.0136028	0.959	WHRN	-0.0358002754474718		WHRN
84070	-0.0111022	0.959	FAM186B	0.56395524534952		FAM186B
257144	0.0202605	0.959	GCSAM	1.3465686931784724		GCSAM
6553	-0.0121885	0.959	SLC9A5	0.0546153965887692		SLC9A5
55623	0.0038058	0.96	THUMPD1	0.070759070028342		THUMPD1
389791	0.0145891	0.96	PTGES2-AS1	0.2830105146611985		PTGES2-AS1
92579	0.0046735	0.96	G6PC3	0.2157694841364499		G6PC3
51780	0.0043853	0.961	KDM3B	0.2330795636226827		KDM3B
728118	0.0127591	0.961	NUTM2A	1.1757470813308777		NUTM2A
106144532	0.013057	0.961	ARF4-AS1	0.3089735471419036		ARF4-AS1
57719	-0.0051114	0.961	ANO8	0.0388358567926738		ANO8
23530	0.0076126	0.961	NNT	0.2534744446378081		NNT
93145	-0.0170758	0.961	OLFM2	0.0484147003267734		OLFM2
84981	0.0099222	0.961	MIR22HG	-0.2536188973210036		MIR22HG
258010	0.0065994	0.962	SVIP	-0.508326486966336		SVIP
79415	0.0047457	0.962	CYBC1	-0.1117157896625959		CYBC1
59277	0.007875	0.963	NTN4	-0.056934893161169		NTN4
731220	0.0207014	0.963	RFX8	0.0646939496131525		RFX8
1936	-0.0055551	0.964	EEF1D	-0.0436757752415104		EEF1D
8506	-0.0064662	0.964	CNTNAP1	0.1388194681561505		CNTNAP1
84466	0.0176912	0.964	MEGF10	-0.5925012328159474		MEGF10
728047	0.0073363	0.964	GOLGA8O	-0.6336972589958636		GOLGA8O
83941	0.004528	0.964	TM2D1	-0.1237542582316741		TM2D1
83660	0.0055907	0.965	TLN2	0.3673093423094018		TLN2
83660	0.0055907	0.965	TLN2	0.8023666750784808		TLN2
83758	0.0101826	0.965	RBP5	0.0469949452873386		RBP5
404672	-0.0048189	0.965	GTF2H5	0.2962116537350969		GTF2H5
64327	-0.0045468	0.965	LMBR1	0.0632356055322551		LMBR1
84274	-0.0065982	0.965	COQ5	-0.0064109099883147		COQ5
125228	0.0062474	0.965	FAM210A	-0.1201513444397601		FAM210A
55254	-0.004604	0.965	TMEM39A	0.13799523166296		TMEM39A
153222	-0.0077807	0.965	CREBRF	0.1407624455764557		CREBRF
29988	0.0055065	0.965	SLC2A8	0.3099233778199166		SLC2A8
101928147	0.0093096	0.965	C21orf140	-0.0689163245414059		C21orf140
4179	0.0035475	0.966	CD46	-0.0790593178577614		CD46
51111	0.0033529	0.966	KMT5B	-0.2460225709608448		KMT5B
6401	0.0360401	0.966	SELE	0.0352883409175239		SELE
64895	-0.0044133	0.966	PAPOLG	0.2546652650942231		PAPOLG
60313	-0.0030328	0.966	GPBP1L1	-0.2137550966961532		GPBP1L1
9086	0.0357738	0.966	EIF1AY	0.053661052130602		EIF1AY
51119	0.0055059	0.967	SBDS	-0.086194218503282		SBDS
26095	-0.0113153	0.967	PTPN20	-0.0785592480549111		PTPN20
84945	0.0065445	0.967	ABHD13	0.2118156066469299		ABHD13
101929709	-0.0073608	0.968	RIPK2-DT	0.2106765700298623		RIPK2-DT
80228	0.0079869	0.968	ORAI2	0.2252313774587742		ORAI2
92104	-0.0064473	0.968	TTC30A	0.1078339426588734		TTC30A
6710	0.0049725	0.968	SPTB	0.1651547893142906		SPTB
7422	-0.0059862	0.968	VEGFA	0.2658118709574895		VEGFA
51012	-0.0043798	0.968	PRELID3B	-0.2049006836938236		PRELID3B
340481	0.0067176	0.969	ZDHHC21	0.0625928556452		ZDHHC21
58489	-0.0078605	0.969	ABHD17C	0.1926085112504196		ABHD17C
100529063	-0.0024743	0.969	BCL2L2-PABPN1	-0.1387335624930359		BCL2L2-PABPN1
163259	0.0053781	0.969	DENND2C	-0.0491345124896314		DENND2C
23061	-0.0043016	0.969	TBC1D9B	-0.2882781505618377		TBC1D9B
8690	-0.0036203	0.97	JRKL	0.2701955127399216		JRKL
284076	-0.0257473	0.97	TTLL6	0.0908866399576979		TTLL6
27042	-0.0047043	0.971	UTP25	0.2476718192315513		UTP25
84133	0.0043242	0.971	ZNRF3	0.1674919347966229		ZNRF3
26052	-0.006053	0.971	DNM3	-0.1038317403572939		DNM3
441191	0.0036445	0.971	RNF216P1	0.1644223474095278		RNF216P1
3855	-0.0338051	0.971	KRT7	0.3343488467709646		KRT7
81543	0.0078297	0.971	LRRC3	0.2379698424406729		LRRC3
10625	0.0079342	0.971	IVNS1ABP	0.0780020831856198		IVNS1ABP
1937	0.0044125	0.971	EEF1G	0.3455147379492533		EEF1G
1690	0.0088266	0.971	COCH	-0.0427798403499601		COCH
152195	-0.0047601	0.971	NUDT16L2P	0.290738252443131		NUDT16L2P
9457	0.010319	0.972	FHL5	0.3603836086737797		FHL5
4704	0.0051445	0.972	NDUFA9	0.1905719313380061		NDUFA9
4711	0.0043024	0.972	NDUFB5	0.6100740125581314		NDUFB5
11325	-0.0031586	0.972	DDX42	0.2036486113678206		DDX42
10371	0.0168749	0.972	SEMA3A	-0.3242517424317996		SEMA3A
80039	-0.0154383	0.972	FAM106A	0.6050525367526066		FAM106A
55251	0.005001	0.972	PCMTD2	-0.2506335833683737		PCMTD2
6445	-0.0060073	0.972	SGCG	0.1634473085537688		SGCG
6809	0.0048851	0.972	STX3	-0.0210226555736627		STX3
7321	0.0071308	0.973	UBE2D1	0.1134526018340231		UBE2D1
23403	0.0042351	0.973	FBXO46	-0.1938472490946088		FBXO46
3663	-0.0112148	0.973	IRF5	0.3292251358954176		IRF5
100861549	0.0110005	0.973	LINC00562	0.1181129713419812		LINC00562
728130	0.0097677	0.973	NUTM2D	0.2383602422981927		NUTM2D
83955	-0.0042726	0.973	NACA4P	0.6160403045147822		NACA4P
3293	-0.0070128	0.973	HSD17B3	-0.0447649719529006		HSD17B3
64419	0.0079951	0.973	MTMR14	0.1408530321605692		MTMR14
51478	-0.0048933	0.973	HSD17B7	0.2338041377761188		HSD17B7
23043	0.0060633	0.973	TNIK	0.1438252268660917		TNIK
100289137	0.0177237	0.973	FAM95C	-0.9794219988980136		FAM95C
51265	0.003727	0.974	CDKL3	0.226130770455708		CDKL3
9958	-0.0045183	0.974	USP15	0.1165515770030678		USP15
10396	0.0076078	0.974	ATP8A1	-0.074252503754693		ATP8A1
89890	-0.0077574	0.975	KBTBD6	-0.2310298023093948		KBTBD6
11070	0.0035792	0.975	TMEM115	-0.0013483893521764		TMEM115
51441	-0.0023208	0.975	YTHDF2	0.1145390408452415		YTHDF2
2187	-0.0040527	0.975	FANCB	-0.8896371220991035		FANCB
301	-0.0057044	0.976	ANXA1	0.2761919088050817		ANXA1
145438	-0.013363	0.976	FRMD6-AS1	2.485280600668008		FRMD6-AS1
9108	-0.0047068	0.976	MTMR7	0.265056369639848		MTMR7
8477	-0.0101873	0.976	GPR65	0.2351343478414164		GPR65
10154	0.0085926	0.977	PLXNC1	0.0820623388147416		PLXNC1
27244	0.0052344	0.977	SESN1	-0.2482055456341401		SESN1
26509	0.0081845	0.977	MYOF	0.145584083763488		MYOF
8526	0.0053183	0.977	DGKE	-0.2622594408147248		DGKE
5438	0.003798	0.977	POLR2I	0.1169336169350536		POLR2I
5471	0.0044675	0.977	PPAT	-0.0571712150300561		PPAT
340706	0.0099994	0.977	VWA2	0.0384790456784243		VWA2
90416	-0.0053981	0.977	CCDC32	-0.0141644469081176		CCDC32
145853	0.0045525	0.977	C15orf61	0.217163701557145		C15orf61
3070	0.0087044	0.977	HELLS	0.0767662021973016		HELLS
441518	-0.0031783	0.977	RTL8B	0.2916499524902276		RTL8B
57583	-0.0033534	0.978	TMEM181	0.2464327509262847		TMEM181
4791	0.0055498	0.978	NFKB2	0.2389324016889351		NFKB2
54956	0.0032027	0.978	PARP16	-0.0942768751972495		PARP16
9749	0.0052809	0.978	PHACTR2	0.0348301170743661		PHACTR2
390205	0.011409	0.978	LRRC10B	0.0670087025830556		LRRC10B
1678	0.0038266	0.978	TIMM8A	0.1136114922016524		TIMM8A
50509	-0.0053046	0.979	COL5A3	0.0043295794190774		COL5A3
25950	-0.002872	0.979	RWDD3	0.4385463545800423		RWDD3
4124	0.0048025	0.979	MAN2A1	0.1818702698455938		MAN2A1
157489	-0.0048052	0.979	SDAD1P1	0.0894050182362042		SDAD1P1
23586	-0.0072654	0.979	RIGI	0.0262220727968309		RIGI
283008	-0.0061653	0.979	NUTM2E	0.2825178676281901		NUTM2E
55346	0.0035771	0.979	TCP11L1	0.2002448282080275		TCP11L1
8788	-0.0198664	0.979	DLK1	0.0801004354098831		DLK1
8482	-0.0090374	0.979	SEMA7A	-0.0753709918317372		SEMA7A
56953	0.0054208	0.979	NT5M	0.4183971249371434		NT5M
1947	-0.0039476	0.979	EFNB1	0.0977882476524651		EFNB1
169841	0.0037319	0.979	ZNF169	0.3725984991980463		ZNF169
420	-0.0096701	0.979	ART4	0.1263982947473749		ART4
9466	0.0051629	0.979	IL27RA	0.1761957348908907		IL27RA
1606	-0.0041161	0.979	DGKA	0.0489341496154906		DGKA
64150	0.0159681	0.979	DIO3OS	-0.0819694400492148		DIO3OS
5609	0.0027329	0.979	MAP2K7	0.4592588315708887		MAP2K7
10801	0.0030914	0.979	SEPTIN9	0.0774611633172588		SEPTIN9
6192	0.022237	0.979	RPS4Y1	0.136216605743086		RPS4Y1
150590	0.0084791	0.98	C2orf15	-0.4234317859676562		C2orf15
84056	-0.0038808	0.98	KATNAL1	-0.0180724910484437		KATNAL1
57466	-0.00181	0.98	SCAF4	0.046992405259751		SCAF4
84618	0.0069877	0.981	NT5C1A	0.0810414960391336		NT5C1A
5910	-0.0022144	0.981	RAP1GDS1	0.1838632030857976		RAP1GDS1
156	-0.0019764	0.981	GRK2	-0.0215389808002361		GRK2
7529	-0.0014108	0.981	YWHAB	0.1674637265594345		YWHAB
57336	0.0028721	0.982	ZNF287	-0.1553137882097477		ZNF287
124857	-0.0085001	0.982	WFIKKN2	0.4113381278014412		WFIKKN2
55320	0.0038181	0.982	MIS18BP1	-0.1755564082911789		MIS18BP1
905	0.0028426	0.982	CCNT2	0.0973819303668785		CCNT2
10254	-0.0025375	0.982	STAM2	-0.334598731441631		STAM2
63926	0.0058879	0.983	ANKEF1	0.0401758289053341		ANKEF1
8573	-0.0023252	0.983	CASK	-0.0635316912137948		CASK
3897	0.0086331	0.983	L1CAM	-0.042103599863664		L1CAM
6527	-0.0090718	0.983	SLC5A4	0.2612971600533986		SLC5A4
389	0.0028206	0.983	RHOC	0.0041465736241725		RHOC
119559	-0.0032303	0.983	SFXN4	-0.0457266088677235		SFXN4
160428	0.0062077	0.983	ALDH1L2	0.0809388431126713		ALDH1L2
128989	-0.004462	0.983	TANGO2	0.4110847678943772		TANGO2
51135	0.0021822	0.984	IRAK4	0.1787190830103471		IRAK4
55693	0.0037801	0.984	KDM4D	0.3002987245080455		KDM4D
3720	0.0047604	0.984	JARID2	0.2177536946646237		JARID2
432	0.009123	0.984	ASGR1	0.2148138008150978		ASGR1
51554	-0.0123796	0.984	ACKR4	0.4082117015791344		ACKR4
55506	-0.0023659	0.984	MACROH2A2	0.2558180346829175		MACROH2A2
101928847	-0.0046089	0.984	LOC101928847	0.3921944649241865		LOC101928847
154215	-0.0104657	0.985	NKAIN2	0.2463041954392282		NKAIN2
128229	0.0076583	0.985	TSACC	-0.0905361354005904		TSACC
84138	0.0025572	0.985	SLC7A6OS	-0.1087301355503447		SLC7A6OS
9741	-0.0020273	0.985	LAPTM4A	-0.2846590995137976		LAPTM4A
100144748	0.005204	0.985	KLLN	0.0555902228616289		KLLN
4094	0.0047676	0.985	MAF	0.0579329557026371		MAF
53947	-0.0035921	0.985	A4GALT	0.0045247798044751		A4GALT
367	-0.0043407	0.985	AR	0.1130063312677225		AR
79983	0.0065845	0.985	POF1B	-0.116451322751341		POF1B
5686	0.002033	0.986	PSMA5	-0.1422282015580389		PSMA5
79623	0.0075172	0.986	GALNT14	0.1850622858024772		GALNT14
25942	-0.0016668	0.986	SIN3A	0.03050285465511		SIN3A
6525	0.0024971	0.986	SMTN	0.164269715296677		SMTN
83932	0.0021924	0.986	SPRTN	-0.2570802168501305		SPRTN
122416	0.0031809	0.986	ANKRD9	-0.0484310610296896		ANKRD9
152217	0.0024722	0.986	NCBP2AS2	0.224117525958575		NCBP2AS2
85026	-0.0018734	0.986	ARRDC1-AS1	0.0525765227407011		ARRDC1-AS1
9612	0.0017458	0.986	NCOR2	-1.1390636365444422		NCOR2
284451	0.006555	0.986	ODF3L2	0.2768158465958548		ODF3L2
3797	0.0044806	0.986	KIF3C	0.0942740341003283		KIF3C
4585	-0.0124797	0.986	MUC4	0.8532910001085225		MUC4
83734	0.0028467	0.986	ATG10	-0.0124962527268159		ATG10
28	-0.0047099	0.986	ABO	0.52198944960552		ABO
54816	0.0021567	0.986	ZNF280D	-0.0196056417620189		ZNF280D
78994	-0.0016589	0.986	PRR14	-0.0838617604935967		PRR14
340277	0.0036112	0.987	FAM221A	0.1597272476357547		FAM221A
100529261	-0.0016683	0.987	CHURC1-FNTB	-0.22071221942275		CHURC1-FNTB
100874261	0.0070828	0.987	CCDC200	-0.1772476298648961		CCDC200
55686	0.0050358	0.987	MREG	-0.3447070277023771		MREG
132720	0.0031596	0.987	FAM241A	0.2316040951227305		FAM241A
26249	-0.0041763	0.987	KLHL3	-0.0651222425564261		KLHL3
64759	-0.0026966	0.987	TNS3	0.0227763169246602		TNS3
6585	-0.0055632	0.987	SLIT1	0.4745744314553901		SLIT1
677	-0.0026863	0.987	ZFP36L1	0.0779613043733133		ZFP36L1
100130827	-0.0077907	0.987	SBK3	-0.0182115177943043		SBK3
55075	-0.0029771	0.987	UACA	0.2480999103845382		UACA
101928728	-0.0058502	0.988	LOC101928728	0.2100457272866682		LOC101928728
161931	0.009506	0.988	ADAD2	0.1104544368971403		ADAD2
538	-0.0022601	0.988	ATP7A	0.5512857672818425		ATP7A
2272	0.0023665	0.988	FHIT	0.0286088945006239		FHIT
23500	0.0030223	0.988	DAAM2	0.0575367130523076		DAAM2
11179	0.0019171	0.988	ZNF277	0.1736491840373166		ZNF277
654780	0.0081394	0.988	LOC654780	4.264286269678564		LOC654780
9486	0.002077	0.988	CHST10	0.0016962801011723		CHST10
22954	-0.0013802	0.988	TRIM32	0.1984717781907181		TRIM32
126070	-0.0013593	0.988	ZNF440	0.0226530454874744		ZNF440
84750	0.0022341	0.989	FUT10	0.1428765687134019		FUT10
823	-0.0010731	0.989	CAPN1	0.0877836103599607		CAPN1
55972	0.0022474	0.989	SLC25A40	-0.0453678628195843		SLC25A40
8711	0.0026143	0.989	TNK1	0.008632805389924		TNK1
219771	-0.001126	0.989	CCNY	0.0612155953242341		CCNY
140290	-0.0025567	0.989	TCP10L	-0.2281473169084521		TCP10L
817	-0.0017626	0.989	CAMK2D	-0.0427461090325289		CAMK2D
161502	0.0058214	0.989	CFAP161	-0.1561763421155326		CFAP161
2137	0.001802	0.989	EXTL3	0.0357900956153995		EXTL3
63898	-0.0039032	0.989	SH2D4A	0.0637398472298272		SH2D4A
57826	-0.002437	0.989	RAP2C	-0.2862409666940406		RAP2C
10457	0.0036528	0.989	GPNMB	-0.0176978518940078		GPNMB
8705	0.0019126	0.989	B3GALT4	0.240453904490824		B3GALT4
10360	0.0022845	0.989	NPM3	0.0828969669609529		NPM3
6910	0.0033446	0.989	TBX5	-0.0555715516620196		TBX5
90333	-0.0020094	0.989	ZNF468	0.0109658282427267		ZNF468
80143	0.0013625	0.989	SIKE1	-0.3370891343314479		SIKE1
23536	-0.0018087	0.989	ADAT1	0.0211303010545691		ADAT1
84307	-0.0009376	0.989	ZNF397	0.0235552170938646		ZNF397
9219	0.0012369	0.989	MTA2	0.0170819586867478		MTA2
84173	-0.0011258	0.99	ELMOD3	0.0808619617306152		ELMOD3
10554	-0.00117	0.99	AGPAT1	0.0582220905817019		AGPAT1
23595	0.001102	0.99	ORC3	0.2777380211712339		ORC3
441194	-0.0012922	0.99	PMS2CL	0.3865879125035959		PMS2CL
100288866	-0.0056345	0.99	NGFR-AS1	0.2036536428927453		NGFR-AS1
4826	0.0027123	0.99	NNAT	-0.6895861159235204		NNAT
100287896	-0.0024399	0.991	LIPT2-AS1	0.2902972043150906		LIPT2-AS1
11153	-0.0014815	0.991	FICD	0.2876415755018889		FICD
692312	0.001039	0.991	PPAN-P2RY11	1.3341505787924373		PPAN-P2RY11
79781	-0.0053327	0.991	IQCA1	-0.0117381483879135		IQCA1
9963	-0.0028985	0.991	SLC23A1	-0.6095106691695253		SLC23A1
25851	0.0013741	0.991	TECPR1	-0.1226085372168555		TECPR1
51326	0.0020401	0.991	ARL17A	0.1571159794351665		ARL17A
124976	0.0025238	0.991	SPNS2	0.1553821984292649		SPNS2
63905	-0.0009758	0.992	MANBAL	0.2234636789495336		MANBAL
101928525	0.0011586	0.992	LOC101928525	0.12086231693051		LOC101928525
145173	-0.0015888	0.992	B3GLCT	0.2802475613925907		B3GLCT
126820	0.0056536	0.992	DNAI3	0.0450879025806534		DNAI3
375316	0.0030449	0.992	RBM44	-0.1018124476660462		RBM44
101926895	0.0017125	0.992	CRTC3-AS1	0.8202418390772059		CRTC3-AS1
153339	-0.0010294	0.993	TMEM167A	0.1582086916820833		TMEM167A
9542	-0.0019512	0.993	NRG2	0.066568885722771		NRG2
10393	-0.0008588	0.993	ANAPC10	-0.007044213549987		ANAPC10
9096	-0.0024245	0.993	TBX18	0.010807810850925		TBX18
9096	-0.0024245	0.993	TBX18	-0.6132198070281625		TBX18
158056	-0.0015929	0.993	MAMDC4	0.2494819468381317		MAMDC4
64062	-0.0010794	0.993	RBM26	0.0289476694243617		RBM26
1773	-0.0008695	0.993	DNASE1	0.2799539481520363		DNASE1
8878	0.0014847	0.993	SQSTM1	0.182639493201786		SQSTM1
54112	0.0048547	0.993	GPR88	-0.0335429309237804		GPR88
5930	-0.0010177	0.993	RBBP6	0.5365425099694328		RBBP6
7544	0.005104	0.994	ZFY	-0.5253079561171339		ZFY
26873	-0.0012547	0.994	OPLAH	-0.2772738207832717		OPLAH
79990	0.0015784	0.994	PLEKHH3	-0.0941572999917532		PLEKHH3
54785	0.0011615	0.994	BORCS6	0.0270188142083847		BORCS6
11117	0.0020662	0.994	EMILIN1	0.3204849487588852		EMILIN1
129049	-0.0016173	0.994	SGSM1	-0.2160740889868524		SGSM1
3176	0.0014899	0.994	HNMT	-0.0001529624488991		HNMT
5562	0.0012318	0.994	PRKAA1	-0.3351865500556039		PRKAA1
29104	-0.0008125	0.994	N6AMT1	0.1067331299848244		N6AMT1
7390	0.0007562	0.995	UROS	0.0716362507169803		UROS
100652846	-0.0008967	0.995	CACNA1C-AS1	-0.7778307194478997		CACNA1C-AS1
6678	-0.0017095	0.995	SPARC	-0.062741041204628		SPARC
83448	-0.0011439	0.995	PUS7L	-0.2571119325026623		PUS7L
79801	0.00147	0.995	SHCBP1	0.0463109667012489		SHCBP1
9715	-0.0010916	0.995	FAM131B	-0.529580091758521		FAM131B
8909	-0.0021039	0.995	ENDOU	-0.3295277302686688		ENDOU
10461	0.0016055	0.995	MERTK	0.2080264371922142		MERTK
382	-0.0004905	0.995	ARF6	0.2526538983822926		ARF6
391123	0.0024286	0.996	VSIG8	-0.0392502274637789		VSIG8
377007	0.000896	0.996	KLHL30	0.2354712775531018		KLHL30
338440	-0.0019453	0.996	ANO9	0.4432788044132056		ANO9
8853	-0.0008924	0.996	ASAP2	0.3259684079595		ASAP2
6723	0.0006091	0.996	SRM	0.0186365995811126		SRM
165082	0.0015231	0.997	ADGRF3	0.8633551361830487		ADGRF3
101927888	-0.0012232	0.997	LOC101927888	-0.1026158411744502		LOC101927888
283050	-0.0015618	0.997	ZMIZ1-AS1	0.0196734540223082		ZMIZ1-AS1
5547	-0.0005459	0.997	PRCP	-0.1747301765957756		PRCP
10467	0.0003824	0.997	ZNHIT1	0.2741323263370514		ZNHIT1
64641	-0.0007263	0.997	EBF2	0.0759271118770676		EBF2
677805	0.00113	0.997	SNORA18	0.240840548062053		SNORA18
643866	-0.0009796	0.997	CBLN3	0.2287627467808696		CBLN3
7542	0.0004285	0.997	ZFPL1	0.1115249042540451		ZFPL1
339559	0.0006252	0.997	ZFP69	0.317443980283799		ZFP69
54680	0.0003812	0.997	ZNHIT6	0.0643087320616033		ZNHIT6
8871	-0.0006571	0.997	SYNJ2	0.2580013987237546		SYNJ2
26157	0.0009529	0.997	GIMAP2	0.2816615899859596		GIMAP2
387755	-0.0015687	0.997	INSC	0.2476772234343356		INSC
53919	-0.0006169	0.997	SLCO1C1	-0.6736362530792115		SLCO1C1
23545	0.0002998	0.997	ATP6V0A2	0.225090912129219		ATP6V0A2
23049	-0.0005588	0.997	SMG1	-0.0149214363424814		SMG1
105377023	-0.0006129	0.997	PDCD6IP-DT	0.0629983519492491		PDCD6IP-DT
90326	0.0002819	0.997	THAP3	-0.0907856776527333		THAP3
391712	0.0005539	0.997	TRIM61	-0.2044326981935442		TRIM61
79666	-0.000418	0.997	PLEKHF2	0.0139017459956432		PLEKHF2
730094	-0.0004252	0.997	MOSMO	-0.0053239054988827		MOSMO
653645	-0.0002533	0.997	TBC1D3P1-DHX40P1	-1.4694965139646774		TBC1D3P1-DHX40P1
163050	-0.0002824	0.997	ZNF564	0.0521068775974642		ZNF564
388697	0.0012684	0.997	HRNR	0.5003744159786798		HRNR
5452	-0.0006879	0.998	POU2F2	-0.1075571092525878		POU2F2
50840	-0.0006582	0.998	TAS2R14	0.2757855086890253		TAS2R14
79915	0.0004304	0.998	ATAD5	0.1140081943071043		ATAD5
730091	-0.0003644	0.999	LINC00886	-0.0430797835018958		LINC00886
583	7.14e-05	0.999	BBS2	-0.1465073611685783		BBS2
79575	-0.000121	0.999	ABHD8	-0.1024250945397975		ABHD8
