GeneID	Symbol	Description	log10baseMean	log2FC
100287102	DDX11L1	DEAD/H-box helicase 11 like 1 (pseudogene)	1.014	0.894
100996442	LOC100996442	WAS protein family homolog 2-like	1.785	0.254
729737	LOC729737	uncharacterized LOC729737	2.29	-0.421
102725121	DDX11L17	DEAD/H-box helicase 11 like 17 (pseudogene)	1.03	1.061
100132287	LOC100132287	uncharacterized LOC100132287	2.209	-0.594
113219467	MIR12136	microRNA 12136	5.025	0.446
100133331	LOC100133331	replaced by ID 100288069	2.281	-0.598
107984841	LOC107984841	replaced by ID 100288069	1.286	-0.4
643837	LINC01128	long intergenic non-protein coding RNA 1128	3.567	0.682
107984850	LOC107984850	uncharacterized LOC107984850	1.368	1.088
100130417	LINC02593	long intergenic non-protein coding RNA 2593	1.229	-2.313
107985728	LOC107985728	collagen alpha-1(III) chain-like	1.286	-2.278
148398	SAMD11	sterile alpha motif domain containing 11	2.111	-0.345
84069	PLEKHN1	pleckstrin homology domain containing N1	2.758	0.616
84808	PERM1	PPARGC1 and ESRR induced regulator, muscle 1	3.659	0.557
57801	HES4	hes family bHLH transcription factor 4	2.441	-0.831
375790	AGRN	agrin	3.021	-0.769
54991	C1orf159	chromosome 1 open reading frame 159	2.084	-0.423
7293	TNFRSF4	TNF receptor superfamily member 4	1.88	-0.768
109623456	SNORD167	small nucleolar RNA, C/D box 167	1.173	-0.49
126789	PUSL1	pseudouridine synthase like 1	2.168	0.191
54973	INTS11	integrator complex subunit 11	3.22	0.18
80772	CPTP	ceramide-1-phosphate transfer protein	3.253	0.504
1855	DVL1	dishevelled segment polarity protein 1	3.323	0.645
54587	MXRA8	matrix remodeling associated 8	3.08	-0.802
81669	CCNL2	cyclin L2	3.524	-0.279
64856	VWA1	von Willebrand factor A domain containing 1	2.642	-0.448
55210	ATAD3A	ATPase family AAA domain containing 3A	2.713	0.335
29101	SSU72	SSU72 homolog, RNA polymerase II CTD phosphatase	3.239	0.485
142678	MIB2	MIB E3 ubiquitin protein ligase 2	3.293	-0.243
8510	MMP23B	matrix metallopeptidase 23B	2.506	-0.646
984	CDK11B	cyclin dependent kinase 11B	3.129	0.197
8511	MMP23A	matrix metallopeptidase 23A (pseudogene)	2.373	-0.683
728642	CDK11A	cyclin dependent kinase 11A	2.966	0.226
112268218	LOC112268218	uncharacterized LOC112268218	1.794	-0.277
65220	NADK	NAD kinase	2.902	-0.222
339456	TMEM52	transmembrane protein 52	1.162	1.256
2563	GABRD	gamma-aminobutyric acid type A receptor subunit delta	1.194	-1.179
5590	PRKCZ	protein kinase C zeta	2.565	0.463
6497	SKI	SKI proto-oncogene	3.264	-0.365
79906	MORN1	MORN repeat containing 1	1.727	-0.277
100129534	LOC100129534	small nuclear ribonucleoprotein polypeptide N pseudogene	1.474	-0.389
9651	PLCH2	phospholipase C eta 2	1.107	-0.805
8764	TNFRSF14	TNF receptor superfamily member 14	2.786	-0.362
127281	PRXL2B	peroxiredoxin like 2B	2.27	0.351
63976	PRDM16	PR/SET domain 16	2.77	0.358
105378606	LOC105378606	uncharacterized LOC105378606	1.172	0.7
1953	MEGF6	multiple EGF like domains 6	2.602	-0.496
57212	TP73-AS1	TP73 antisense RNA 1	3.056	-0.274
57470	LRRC47	leucine rich repeat containing 47	3.331	-0.3
100133612	LINC01134	long intergenic non-protein coding RNA 1134	0.908	1.89
55966	AJAP1	adherens junctions associated protein 1	1.249	-1.454
261734	NPHP4	nephrocystin 4	2.3	-0.41
26038	CHD5	chromodomain helicase DNA binding protein 5	1.37	-2.572
83715	ESPN	espin	1.32	-0.496
8718	TNFRSF25	TNF receptor superfamily member 25	2.401	-0.434
79707	NOL9	nucleolar protein 9	2.69	-0.184
3104	ZBTB48	zinc finger and BTB domain containing 48	2.465	-0.341
107984913	LOC107984913	uncharacterized LOC107984913	1.434	1.04
148479	PHF13	PHD finger protein 13	2.517	-0.299
55735	DNAJC11	DnaJ heat shock protein family (Hsp40) member C11	3.326	0.252
23261	CAMTA1	calmodulin binding transcription activator 1	3.067	-0.24
105376689	LOC105376689	translation initiation factor IF-2	1.516	-0.681
50651	SLC45A1	solute carrier family 45 member 1	1.756	0.372
102724552	RERE-AS1	RERE antisense RNA 1	1.006	-0.567
2023	ENO1	enolase 1	3.647	0.244
80045	GPR157	G protein-coupled receptor 157	2.921	0.314
9563	H6PD	hexose-6-phosphate dehydrogenase/glucose 1-dehydrogenase	3.432	-0.184
100506022	LINC02606	long intergenic non-protein coding RNA 2606	1.49	-0.864
199953	TMEM201	transmembrane protein 201	2.87	-0.394
22883	CLSTN1	calsyntenin 1	3.526	-0.257
105376717	LOC105376717	uncharacterized LOC105376717	1.377	0.38
116362	RBP7	retinol binding protein 7	2.647	0.394
10277	UBE4B	ubiquitination factor E4B	3.451	0.232
5226	PGD	phosphogluconate dehydrogenase	2.945	0.604
100526739	CENPS-CORT	CENPS-CORT readthrough	1.702	0.295
1676	DFFA	DNA fragmentation factor subunit alpha	3.011	0.125
148345	C1orf127	chromosome 1 open reading frame 127	1.383	0.605
23435	TARDBP	TAR DNA binding protein	3.627	0.169
105376736	EXOSC10-AS1	EXOSC10 antisense RNA 1	0.953	0.706
2475	MTOR	mechanistic target of rapamycin kinase	3.381	0.212
100873935	MTOR-AS1	MTOR antisense RNA 1	1.277	0.423
26232	FBXO2	F-box protein 2	1.585	0.588
93611	FBXO44	F-box protein 44	2.705	-0.188
10459	MAD2L2	mitotic arrest deficient 2 like 2	2.412	0.265
57085	AGTRAP	angiotensin II receptor associated protein	2.521	-0.428
100379251	NPPA-AS1	NPPA antisense RNA 1	3.771	-4.123
4878	NPPA	natriuretic peptide A	4.522	-4.833
4879	NPPB	natriuretic peptide B	3.98	-3.669
9927	MFN2	mitofusin 2	4.384	-0.233
55187	VPS13D	vacuolar protein sorting 13 homolog D	3.759	0.634
9249	DHRS3	dehydrogenase/reductase 3	3.169	-0.393
343069	HNRNPCL1	heterogeneous nuclear ribonucleoprotein C like 1	1.837	0.7
440563	HNRNPCL2	heterogeneous nuclear ribonucleoprotein C like 2	1.697	1.018
102724856	LOC102724856	uncharacterized LOC102724856	1.832	-0.671
10630	PDPN	podoplanin	2.622	0.364
200197	TMEM51-AS1	TMEM51 antisense RNA 1	1.468	-0.499
114827	FHAD1	forkhead associated phosphopeptide binding domain 1	0.861	-1.528
101927417	FHAD1-AS1	FHAD1 antisense RNA 1	1.364	-3.449
79180	EFHD2	EF-hand domain family member D2	2.741	-0.201
84301	DDI2	DNA damage inducible 1 homolog 2	3.132	0.301
6248	RSC1A1	regulator of solute carriers 1	2.16	0.381
54751	FBLIM1	filamin binding LIM protein 1	3.291	0.693
440567	UQCRHL	ubiquinol-cytochrome c reductase hinge protein like	3.276	0.465
348487	FAM131C	family with sequence similarity 131 member C	1.82	0.972
26099	SZRD1	SUZ RNA binding domain containing 1	3.333	0.238
84809	CROCCP2	CROCC pseudogene 2	2.345	-0.403
9696	CROCC	ciliary rootlet coiled-coil, rootletin	2.685	-0.285
6390	SDHB	succinate dehydrogenase complex iron sulfur subunit B	3.853	0.378
11240	PADI2	peptidyl arginine deiminase 2	1.425	-0.793
23569	PADI4	peptidyl arginine deiminase 4	1.33	-1.965
8659	ALDH4A1	aldehyde dehydrogenase 4 family member A1	3.305	-0.515
126917	IFFO2	intermediate filament family orphan 2	2.443	-0.374
23065	EMC1	ER membrane protein complex subunit 1	3.131	-0.158
246181	AKR7L	aldo-keto reductase family 7 like (gene/pseudogene)	1.418	-0.99
22977	AKR7A3	aldo-keto reductase family 7 member A3	1.359	-0.921
8574	AKR7A2	aldo-keto reductase family 7 member A2	2.912	-0.289
832	CAPZB	capping actin protein of muscle Z-line subunit beta	3.667	0.15
100532736	MICOS10-NBL1	MICOS10-NBL1 readthrough	2.853	-0.461
644068	RPS14P3	ribosomal protein S14 pseudogene 3	2.179	-0.74
4681	NBL1	NBL1, DAN family BMP antagonist	2.83	-0.526
5320	PLA2G2A	phospholipase A2 group IIA	2.808	2.407
65018	PINK1	PTEN induced kinase 1	3.772	0.251
102464833	MIR6084	microRNA 6084	1.427	-0.909
100861548	PINK1-AS	PINK1 antisense RNA	3.58	0.216
50809	HP1BP3	heterochromatin protein 1 binding protein 3	3.546	0.159
8672	EIF4G3	eukaryotic translation initiation factor 4 gamma 3	3.34	0.216
84196	USP48	ubiquitin specific peptidase 48	3.212	0.263
401944	LDLRAD2	low density lipoprotein receptor class A domain containing 2	3.293	-0.451
3339	HSPG2	heparan sulfate proteoglycan 2	4.168	-0.363
112268223	CDC42-AS1	CDC42 antisense RNA 1	1.04	-1.278
105376856	LOC105376856	uncharacterized LOC105376856	1.546	-0.885
9923	ZBTB40	zinc finger and BTB domain containing 40	3.062	0.211
713	C1QB	complement C1q B chain	3.081	0.654
2048	EPHB2	EPH receptor B2	1.533	0.675
23028	KDM1A	lysine demethylase 1A	3.111	0.28
100996511	LINC01355	long intergenic non-protein coding RNA 1355	2.121	-0.364
10236	HNRNPR	heterogeneous nuclear ribonucleoprotein R	3.403	0.18
148898	ZNF436-AS1	ZNF436 antisense RNA 1	2.077	-0.478
55616	ASAP3	ArfGAP with SH3 domain, ankyrin repeat and PH domain 3	3.059	0.315
3399	ID3	inhibitor of DNA binding 3	3.17	-0.64
6135	RPL11	ribosomal protein L11	4.049	0.385
6924	ELOA	elongin A	3.14	0.296
100506963	ELOA-AS1	ELOA antisense RNA 1	2.271	0.248
57095	PITHD1	PITH domain containing 1	3.029	0.236
2582	GALE	UDP-galactose-4-epimerase	2.063	0.298
107984931	LOC107984931	uncharacterized LOC107984931	2.537	0.413
163702	IFNLR1	interferon lambda receptor 1	2.007	0.403
57185	NIPAL3	NIPA like domain containing 3	3.116	0.352
10250	SRRM1	serine and arginine repetitive matrix 1	3.41	-0.267
25932	CLIC4	chloride intracellular channel 4	4.207	0.398
864	RUNX3	RUNX family transcription factor 3	1.605	-0.754
57035	RSRP1	arginine and serine rich protein 1	3.414	-0.246
55219	MACO1	macoilin 1	2.789	0.266
57190	SELENON	selenoprotein N	3.44	0.26
164091	PAQR7	progestin and adipoQ receptor family member 7	2.073	-0.345
5051	PAFAH2	platelet activating factor acetylhydrolase 2	2.811	-0.414
79927	FAM110D	family with sequence similarity 110 member D	2.092	-0.387
10256	CNKSR1	connector enhancer of kinase suppressor of Ras 1	1.912	-0.684
101928303	ZPLD2P	zona pellucida like domain containing 2, pseudogene	1.716	-0.597
64793	CEP85	centrosomal protein 85	3.379	0.363
83442	SH3BGRL3	SH3 domain binding glutamate rich protein like 3	2.98	0.318
3151	HMGN2	high mobility group nucleosomal binding domain 2	3.041	-1.075
10726	NUDC	nuclear distribution C, dynein complex regulator	3.374	0.257
115572	TENT5B	terminal nucleotidyltransferase 5B	2.907	0.725
84065	TMEM222	transmembrane protein 222	2.818	-0.351
84958	SYTL1	synaptotagmin like 1	1.335	-0.822
8547	FCN3	ficolin 3	2.541	1.639
10163	WASF2	WASP family member 2	3.467	-0.243
27245	AHDC1	AT-hook DNA binding motif containing 1	3.149	-0.231
2537	IFI6	interferon alpha inducible protein 6	2.905	-0.776
199870	FAM76A	family with sequence similarity 76 member A	2.498	-0.199
5511	PPP1R8	protein phosphatase 1 regulatory subunit 8	2.921	0.115
2140	EYA3	EYA transcriptional coactivator and phosphatase 3	2.89	0.196
22826	DNAJC8	DnaJ heat shock protein family (Hsp40) member C8	3.257	0.3
1104	RCC1	regulator of chromosome condensation 1	2.202	0.756
115273	RAB42	RAB42, member RAS oncogene family	1.2	0.598
6883	TAF12	TATA-box binding protein associated factor 12	2.685	0.288
2035	EPB41	erythrocyte membrane protein band 4.1	3.11	0.215
399474	TMEM200B	transmembrane protein 200B	2.194	-0.382
6429	SRSF4	serine and arginine rich splicing factor 4	3.338	0.165
10076	PTPRU	protein tyrosine phosphatase receptor type U	2.724	0.532
7805	LAPTM5	lysosomal protein transmembrane 5	2.898	0.546
9672	SDC3	syndecan 3	3.177	-0.335
51538	ZCCHC17	zinc finger CCHC-type containing 17	3.66	-0.329
2170	FABP3	fatty acid binding protein 3	4.838	0.248
553115	PEF1	penta-EF-hand domain containing 1	3.101	-0.284
107985471	PEF1-AS1	PEF1 and COL16A1 antisense RNA 1	1.089	-0.907
105378628	LOC105378628		0.946	-1.21
1307	COL16A1	collagen type XVI alpha 1 chain	3.235	-1.455
101929444	LOC101929444	uncharacterized LOC101929444	1.569	-1.471
576	ADGRB2	adhesion G protein-coupled receptor B2	2.45	-0.668
8073	PTP4A2	protein tyrosine phosphatase 4A2	3.699	0.513
10657	KHDRBS1	KH RNA binding domain containing, signal transduction associated 1	3.384	-0.249
200081	TXLNA	taxilin alpha	3.058	-0.164
56063	TMEM234	transmembrane protein 234	2.359	-0.177
149069	DCDC2B	doublecortin domain containing 2B	1.301	-0.334
8668	EIF3I	eukaryotic translation initiation factor 3 subunit I	3.368	0.194
84734	FAM167B	family with sequence similarity 167 member B	1.648	1.238
3932	LCK	LCK proto-oncogene, Src family tyrosine kinase	1.372	-0.678
81629	TSSK3	testis specific serine kinase 3	2.121	-0.284
100128071	FAM229A	family with sequence similarity 229 member A	1.433	-1.371
653121	ZBTB8A	zinc finger and BTB domain containing 8A	2.371	-0.38
102723870	LOC102723870	uncharacterized LOC102723870	1.09	0.453
339487	ZBTB8OS	zinc finger and BTB domain containing 8 opposite strand	2.606	0.287
81493	SYNC	syncoilin, intermediate filament protein	2.933	0.328
8565	YARS1	tyrosyl-tRNA synthetase 1	3.013	0.377
64766	S100PBP	S100P binding protein	2.65	-0.118
3208	HPCA	hippocalcin	0.868	-0.705
113452	TMEM54	transmembrane protein 54	2.174	-0.874
204	AK2	adenylate kinase 2	3.342	0.286
113451	AZIN2	antizyme inhibitor 2	2.126	-1.111
55223	TRIM62	tripartite motif containing 62	2.176	-0.226
100500853	MIR3605	microRNA 3605	1.665	0.533
100506144	TMEM35B	transmembrane protein 35B	2.333	-0.415
6421	SFPQ	splicing factor proline and glutamine rich	3.767	-0.25
100861513	ZMYM4-AS1	ZMYM4 antisense RNA 1	1.156	0.426
23154	NCDN	neurochondrin	3.086	-0.625
63967	CLSPN	claspin	1.103	1.008
26523	AGO1	argonaute RISC component 1	2.969	-0.121
1296	COL8A2	collagen type VIII alpha 2 chain	1.973	-1.6
27095	TRAPPC3	trafficking protein particle complex subunit 3	3.018	0.322
9967	THRAP3	thyroid hormone receptor associated protein 3	3.686	0.217
79729	SH3D21	SH3 domain containing 21	2.124	-0.426
55194	EVA1B	eva-1 homolog B	2.162	-0.658
83931	STK40	serine/threonine kinase 40	3.334	0.311
84967	LSM10	LSM10, U7 small nuclear RNA associated	2.83	0.455
64960	MRPS15	mitochondrial ribosomal protein S15	3.277	0.463
64769	MEAF6	MYST/Esa1 associated factor 6	3.027	-0.344
79753	SNIP1	Smad nuclear interacting protein 1	2.562	-0.252
29889	GNL2	G protein nucleolar 2	2.955	0.299
55143	CDCA8	cell division cycle associated 8	1.133	0.97
149175	MANEAL	mannosidase endo-alpha like	1.677	-0.408
79693	YRDC	yrdC N6-threonylcarbamoyltransferase domain containing	2.185	-0.455
105378651	LOC105378651	uncharacterized LOC105378651	0.887	-0.554
10946	SF3A3	splicing factor 3a subunit 3	3.013	0.11
2275	FHL3	four and a half LIM domains 3	2.371	0.292
51118	UTP11	UTP11 small subunit processome component	2.894	0.63
100527950	GJA9-MYCBP	GJA9-MYCBP readthrough	2.229	0.233
26292	MYCBP	MYC binding protein	2.208	0.252
54933	RHBDL2	rhomboid like 2	1.486	-0.495
105378662	LOC105378662	uncharacterized LOC105378662	1.672	-0.538
4725	NDUFS5	NADH:ubiquinone oxidoreductase subunit S5	3.826	0.521
23499	MACF1	microtubule actin crosslinking factor 1	4.04	0.196
643314	KIAA0754	replaced by ID 23499	2.494	1.147
728448	PPIEL	peptidylprolyl isomerase E like pseudogene	2.161	-0.468
101929516	PABPC4-AS1	PABPC4 antisense RNA 1	2.536	0.27
26508	HEYL	hes related family bHLH transcription factor with YRPW motif like	3.266	-0.49
54802	TRIT1	tRNA isopentenyltransferase 1	2.727	0.29
10487	CAP1	cyclase associated actin cytoskeleton regulatory protein 1	3.208	0.266
10269	ZMPSTE24	zinc metallopeptidase STE24	3.089	0.385
1298	COL9A2	collagen type IX alpha 2 chain	1.631	-1.266
64744	SMAP2	small ArfGAP2	2.94	-0.379
4802	NFYC	nuclear transcription factor Y subunit gamma	3.224	-0.21
163732	CITED4	Cbp/p300 interacting transactivator with Glu/Asp rich carboxy-terminal domain 4	2.503	0.608
100507178	SLFNL1-AS1	SLFNL1 antisense RNA 1	1.882	-0.181
105378678	LOC105378678	uncharacterized LOC105378678	1.67	-0.94
59269	HIVEP3	HIVEP zinc finger 3	2.296	0.656
84217	ZMYND12	zinc finger MYND-type containing 12	1.925	-0.528
4904	YBX1	Y-box binding protein 1	4.155	0.41
374969	SVBP	small vasohibin binding protein	2.332	0.314
114625	ERMAP	erythroblast membrane associated protein (Scianna blood group)	2.471	-0.18
51058	ZNF691	zinc finger protein 691	2.372	-0.179
6513	SLC2A1	solute carrier family 2 member 1	3.085	0.538
10969	EBNA1BP2	EBNA1 binding protein 2	2.898	0.55
4352	MPL	MPL proto-oncogene, thrombopoietin receptor	1.769	-0.327
991	CDC20	cell division cycle 20	1.254	1.081
100873952	SZT2-AS1	SZT2 antisense RNA 1	1.67	-0.306
81888	HYI	hydroxypyruvate isomerase (putative)	2.439	-0.269
9682	KDM4A	lysine demethylase 4A	2.889	-0.133
101929609	LOC101929609	uncharacterized LOC101929609	2.099	0.212
55929	DMAP1	DNA methyltransferase 1 associated protein 1	2.74	-0.171
55182	RNF220	ring finger protein 220	3.066	0.371
107984950	LOC107984950	uncharacterized LOC107984950	2.407	0.764
79639	TMEM53	transmembrane protein 53	2.215	0.551
11004	KIF2C	kinesin family member 2C	1.588	0.372
1263	PLK3	polo like kinase 3	2.253	-0.545
149478	BTBD19	BTB domain containing 19	1.898	-0.516
107984952	LOC107984952	uncharacterized LOC107984952	1.328	-0.525
8643	PTCH2	patched 2	1.632	-0.672
8891	EIF2B3	eukaryotic translation initiation factor 2B subunit gamma	3.046	0.302
79654	HECTD3	HECT domain E3 ubiquitin protein ligase 3	2.949	0.33
57643	ZSWIM5	zinc finger SWIM-type containing 5	1.995	-0.543
4595	MUTYH	mutY DNA glycosylase	2.258	-0.244
114034	TOE1	target of EGR1, exonuclease	2.203	-0.318
25974	MMACHC	metabolism of cobalamin associated C	3.142	0.357
5052	PRDX1	peroxiredoxin 1	3.549	0.443
4678	NASP	nuclear autoantigenic sperm protein	3.232	0.302
149483	CCDC17	coiled-coil domain containing 17	1.825	-0.443
51249	TMEM69	transmembrane protein 69	2.777	0.265
10103	TSPAN1	tetraspanin 1	1.451	0.393
55624	POMGNT1	protein O-linked mannose N-acetylglucosaminyltransferase 1 (beta 1,2-)	3.652	0.24
541468	LURAP1	leucine rich adaptor protein 1	2.188	-0.302
8438	RAD54L	RAD54 like	1.795	-0.334
10489	LRRC41	leucine rich repeat containing 41	3.194	-0.329
7388	UQCRH	ubiquinol-cytochrome c reductase hinge protein	3.955	0.304
2166	FAAH	fatty acid amide hydrolase	1.853	0.409
100507423	MKNK1-AS1	MKNK1 antisense RNA 1	1.758	-0.305
100130197	EFCAB14-AS1	EFCAB14 antisense RNA 1	1.528	0.314
199974	CYP4Z1	cytochrome P450 family 4 subfamily Z member 1	1.159	1.111
388630	TRABD2B	TraB domain containing 2B	2.024	-0.5
79656	BEND5	BEN domain containing 5	1.942	-0.518
11124	FAF1	Fas associated factor 1	3.307	0.35
1031	CDKN2C	cyclin dependent kinase inhibitor 2C	2.603	0.483
2060	EPS15	epidermal growth factor receptor pathway substrate 15	3.391	0.181
4898	NRDC	nardilysin convertase	3.691	0.34
105378721	LOC105378721		2.256	0.176
100313892	MIR761	microRNA 761	1.059	0.539
51060	TXNDC12	thioredoxin domain containing 12	2.95	0.235
9372	ZFYVE9	zinc finger FYVE-type containing 9	2.935	0.43
200014	CC2D1B	coiled-coil and C2 domain containing 1B	2.923	0.134
23318	TUT4	terminal uridylyl transferase 4	3.038	0.369
65260	COA7	cytochrome c oxidase assembly factor 7	2.714	0.311
6342	SCP2	sterol carrier protein 2	3.54	0.158
127435	PODN	podocan	3.203	-1.308
6512	SLC1A7	solute carrier family 1 member 7	1.886	-1.637
4116	MAGOH	mago homolog, exon junction complex subunit	2.549	0.263
7804	LRP8	LDL receptor related protein 8	1.982	0.694
148979	GLIS1	GLIS family zinc finger 1	1.292	-1.941
54432	YIPF1	Yip1 domain family member 1	2.632	0.259
127428	TCEANC2	transcription elongation factor A N-terminal and central domain containing 2	2.561	0.168
23648	SSBP3	single stranded DNA binding protein 3	3.113	0.287
374977	MROH7	maestro heat like repeat family member 7	2.575	-0.605
1718	DHCR24	24-dehydrocholesterol reductase	2.911	0.631
23358	USP24	ubiquitin specific peptidase 24	3.45	0.316
115209	OMA1	OMA1 zinc metallopeptidase	2.901	0.25
114803	MYSM1	Myb like, SWIRM and MPN domains 1	3.087	0.311
3725	JUN	Jun proto-oncogene, AP-1 transcription factor subunit	3.592	-0.793
51361	HOOK1	hook microtubule tethering protein 1	2.071	1.639
1573	CYP2J2	cytochrome P450 family 2 subfamily J member 2	3.594	-0.574
100996570	NFIA-AS2	NFIA antisense RNA 2	1.19	-1.755
4774	NFIA	nuclear factor I A	3.309	-0.232
85440	DOCK7	dedicator of cytokinesis 7	2.696	0.245
84455	EFCAB7	EF-hand calcium binding domain 7	2.463	0.231
4919	ROR1	receptor tyrosine kinase like orphan receptor 1	2.83	-0.434
55225	RAVER2	ribonucleoprotein, PTB binding 2	3.165	0.44
3716	JAK1	Janus kinase 1	3.797	0.67
3953	LEPR	leptin receptor	2.506	-0.665
57708	MIER1	MIER1 transcriptional regulator	2.841	-0.285
23169	SLC35D1	solute carrier family 35 member D1	2.668	-0.354
3595	IL12RB2	interleukin 12 receptor subunit beta 2	1.398	-0.374
26135	SERBP1	SERPINE1 mRNA binding protein 1	3.665	0.164
1647	GADD45A	growth arrest and DNA damage inducible alpha	3.15	-0.633
100289178	GNG12-AS1	GNG12, DIRAS3 and WLS antisense RNA 1	1.7	-0.25
9077	DIRAS3	DIRAS family GTPase 3	2.687	-1.118
79971	WLS	Wnt ligand secretion mediator	3.397	-0.363
55635	DEPDC1	DEP domain containing 1	0.994	1.172
57554	LRRC7	leucine rich repeat containing 7	1.664	1.504
81573	ANKRD13C	ankyrin repeat domain 13C	2.653	0.155
5733	PTGER3	prostaglandin E receptor 3	1.602	0.873
105378803	LRRC53	leucine rich repeat containing 53	1.942	0.416
127253	TYW3	tRNA-yW synthesizing protein 3 homolog	3.004	0.208
26805	SNORD45A	small nucleolar RNA, C/D box 45A	1.071	0.666
4438	MSH4	mutS homolog 4	1.3	-0.92
26289	AK5	adenylate kinase 5	1.242	-0.964
374987	NEXN-AS1	NEXN antisense RNA 1	2.374	0.711
10964	IFI44L	interferon induced protein 44 like	2.892	-1.058
23266	ADGRL2	adhesion G protein-coupled receptor L2	3.424	0.339
79739	TTLL7	tubulin tyrosine ligase like 7	2.469	-0.753
80135	RPF1	ribosome production factor 1 homolog	2.989	0.296
2787	GNG5	G protein subunit gamma 5	3.478	0.351
102724892	LOC102724892	uncharacterized LOC102724892	1.635	1.253
23566	LPAR3	lysophosphatidic acid receptor 3	2.57	0.638
8915	BCL10	BCL10 immune signaling adaptor	2.269	-0.216
23576	DDAH1	dimethylarginine dimethylaminohydrolase 1	2.925	-0.669
107985054	LOC107985054		1.011	-0.757
3491	CCN1	cellular communication network factor 1	3.494	-1.389
105378827	LOC105378827	uncharacterized LOC105378827	1.426	-0.712
51100	SH3GLB1	SH3 domain containing GRB2 like, endophilin B1	3.709	0.454
9653	HS2ST1	heparan sulfate 2-O-sulfotransferase 1	2.786	-0.277
8543	LMO4	LIM domain only 4	2.961	0.332
56267	KYAT3	kynurenine aminotransferase 3	2.439	0.225
2635	GBP3	guanylate binding protein 3	2.452	0.448
2633	GBP1	guanylate binding protein 1	2.575	0.521
2634	GBP2	guanylate binding protein 2	2.731	0.572
112268267	LOC112268267	uncharacterized LOC112268267	2.043	0.62
400761	LRRC8C-DT	LRRC8C divergent transcript	1.595	-0.388
492303	GEMIN8P4	gem nuclear organelle associated protein 8 pseudogene 4	1.526	0.558
105378853	LINC02609	long intergenic non-protein coding RNA 2609	1.958	0.74
84146	ZNF644	zinc finger protein 644	2.887	0.262
8317	CDC7	cell division cycle 7	1.592	0.804
646817	SETSIP	SET like protein	1.851	0.287
11146	GLMN	glomulin, FKBP associated protein	2.261	-0.202
79871	RPAP2	RNA polymerase II associated protein 2	2.734	0.226
2672	GFI1	growth factor independent 1 transcriptional repressor	1.079	-0.904
7813	EVI5	ecotropic viral integration site 5	2.806	-0.31
388650	DIPK1A	divergent protein kinase domain 1A	2.389	0.41
30836	DNTTIP2	deoxynucleotidyltransferase terminal interacting protein 2	3.123	0.212
2730	GCLM	glutamate-cysteine ligase modifier subunit	2.557	0.414
24	ABCA4	ATP binding cassette subfamily A member 4	0.955	-0.599
9411	ARHGAP29	Rho GTPase activating protein 29	3.216	0.293
101928079	SLC44A3-AS1	SLC44A3 antisense RNA 1	1.773	0.554
1266	CNN3	calponin 3	3.411	-0.271
105378862	LOC105378862	replaced by ID 729970	1.31	-0.822
729970	CNN3-DT	CNN3 divergent transcript	2.264	-0.334
51375	SNX7	sorting nexin 7	2.714	0.486
54873	PALMD	palmdelphin	3.673	0.368
391059	FRRS1	ferric chelate reductase 1	2.294	-0.688
178	AGL	amylo-alpha-1, 6-glucosidase, 4-alpha-glucanotransferase	3.443	0.444
54482	TRMT13	tRNA methyltransferase 13 homolog	2.982	0.401
127495	LRRC39	leucine rich repeat containing 39	3.551	0.755
1629	DBT	dihydrolipoamide branched chain transacylase E2	3.371	0.228
8634	RTCA	RNA 3'-terminal phosphate cyclase	3.059	0.35
148867	SLC30A7	solute carrier family 30 member 7	2.244	-0.327
102606465	DPH5-DT	DPH5 divergent transcript	2.038	-0.322
101928370	S1PR1-DT	S1PR1 divergent transcript	1.859	-0.566
1901	S1PR1	sphingosine-1-phosphate receptor 1	3.438	-0.377
280	AMY2B	amylase alpha 2B	2.851	-0.349
29957	SLC25A24	solute carrier family 25 member 24	2.798	0.314
55119	PRPF38B	pre-mRNA processing factor 38B	3.093	0.216
29899	GPSM2	G protein signaling modulator 2	2.548	0.228
23155	CLCC1	chloride channel CLIC like 1	2.956	0.212
56900	TMEM167B	transmembrane protein 167B	3.141	-0.336
6301	SARS1	seryl-tRNA synthetase 1	3.454	0.283
1952	CELSR2	cadherin EGF LAG seven-pass G-type receptor 2	2.685	0.539
343263	MYBPHL	myosin binding protein H like	1.043	1.198
6272	SORT1	sortilin 1	3.918	-0.301
284612	SYPL2	synaptophysin like 2	3.05	0.275
284613	CYB561D1	cytochrome b561 family member D1	2.427	-0.212
57463	AMIGO1	adhesion molecule with Ig like domain 1	2.941	0.284
2780	GNAT2	G protein subunit alpha transducin 2	1.303	0.743
2948	GSTM4	glutathione S-transferase mu 4	2.932	0.496
2949	GSTM5	glutathione S-transferase mu 5	2.147	-0.703
2947	GSTM3	glutathione S-transferase mu 3	3.354	0.643
1435	CSF1	colony stimulating factor 1	2.831	0.26
10768	AHCYL1	adenosylhomocysteinase like 1	3.431	0.276
3749	KCNC4	potassium voltage-gated channel subfamily C member 4	2.675	-0.589
10542	LAMTOR5	late endosomal/lysosomal adaptor, MAPK and MTOR activator 5	3.314	0.175
101410535	LAMTOR5-AS1	LAMTOR5 antisense RNA 1	0.984	-0.831
128338	DRAM2	DNA damage regulated autophagy modulator 2	2.939	0.281
1117	CHI3L2	chitinase 3 like 2	1.545	1.134
128344	PIFO	primary cilia formation	2.326	0.364
515	ATP5PB	ATP synthase peripheral stalk-membrane subunit b	4.059	0.224
57413	TMIGD3	transmembrane and immunoglobulin domain containing 3	1.46	1.013
100129269	LINC01160	long intergenic non-protein coding RNA 1160	1.435	-0.794
55924	INKA2	inka box actin regulator 2	3.181	0.602
3752	KCND3	potassium voltage-gated channel subfamily D member 3	3.145	0.734
100996251	LRIG2-DT	LRIG2 divergent transcript	1.308	-0.941
9860	LRIG2	leucine rich repeats and immunoglobulin like domains 2	2.874	-0.307
54665	RSBN1	round spermatid basic protein 1	2.677	-0.248
100287722	AP4B1-AS1	AP4B1 antisense RNA 1	1.957	-0.153
10717	AP4B1	adaptor related protein complex 4 subunit beta 1	2.631	-0.337
56944	OLFML3	olfactomedin like 3	2.781	-0.547
7812	CSDE1	cold shock domain containing E1	4.531	0.233
10100	TSPAN2	tetraspanin 2	2.161	0.554
4803	NGF	nerve growth factor	2.079	0.76
55356	SLC22A15	solute carrier family 22 member 15	2.632	0.366
965	CD58	CD58 molecule	2.857	0.258
914	CD2	CD2 molecule	1.44	-0.882
5738	PTGFRN	prostaglandin F2 receptor inhibitor	3.545	-0.719
9398	CD101	CD101 molecule	3.064	-0.779
8458	TTF2	transcription termination factor 2	2.558	-0.247
79679	VTCN1	V-set domain containing T cell activation inhibitor 1	1.142	-0.759
54855	TENT5C	terminal nucleotidyltransferase 5C	2.728	0.908
105378929	LOC105378929	uncharacterized LOC105378929	1.187	1.334
200162	SPAG17	sperm associated antigen 17	1.25	0.661
128102	HSD3BP4	hydroxy-delta-5-steroid dehydrogenase, 3 beta, pseudogene 4	1.24	0.977
3158	HMGCS2	3-hydroxy-3-methylglutaryl-CoA synthase 2	2.909	2.413
100996724	PDE4DIPP2	PDE4DIP pseudogene 2	4.353	0.339
107985524	LOC107985524	uncharacterized LOC107985524	1.714	-0.846
2210	FCGR1BP	Fc gamma receptor Ib, pseudogene	1.381	0.67
107985194	LINC02798	long intergenic non-protein coding RNA 2798	1.821	-1.958
107985201	LOC107985201	uncharacterized LOC107985201	1.21	-0.411
100132417	FCGR1CP	Fc gamma receptor Ic, pseudogene	1.182	0.846
103091866	LINC01145	long intergenic non-protein coding RNA 1145	1.585	-0.429
653519	GPR89A	G protein-coupled receptor 89A	2.496	0.352
11126	CD160	CD160 molecule	1.988	-0.785
200035	NUDT17	nudix hydrolase 17	2.162	-0.176
10401	PIAS3	protein inhibitor of activated STAT 3	2.863	-0.155
148741	ANKRD35	ankyrin repeat domain 35	1.726	-0.452
8515	ITGA10	integrin subunit alpha 10	2.626	-1.18
8799	PEX11B	peroxisomal biogenesis factor 11 beta	2.816	-0.147
114814	GNRHR2	gonadotropin releasing hormone receptor 2 (pseudogene)	2.107	0.214
105371260	LIX1L-AS1	LIX1L antisense RNA 1	1.81	0.293
170688	NUDT4P2	nudix hydrolase 4 pseudogene 2	3.502	0.578
102724364	SEC22B4P	SEC22 homolog B4, pseudogene	2.477	-0.148
100996756	LOC100996756	uncharacterized LOC100996756	1.618	0.794
728989	LOC728989	phosphodiesterase 4D interacting protein pseudogene	2.769	-0.375
5565	PRKAB2	protein kinase AMP-activated non-catalytic subunit beta 2	3.508	0.292
2330	FMO5	flavin containing dimethylaniline monoxygenase 5	2.72	0.838
607	BCL9	BCL9 transcription coactivator	2.909	-0.309
51463	GPR89B	G protein-coupled receptor 89B	2.49	0.356
100996763	NOTCH2NLB	notch 2 N-terminal like B	2.082	-0.369
440672	NUDT4B	nudix hydrolase 4B	3.508	0.567
9659	PDE4DIP	phosphodiesterase 4D interacting protein	4.645	0.273
100996717	NOTCH2NLC	notch 2 N-terminal like C	2.083	-0.413
2209	FCGR1A	Fc gamma receptor Ia	1.508	0.713
9900	SV2A	synaptic vesicle glycoprotein 2A	1.472	-0.728
10262	SF3B4	splicing factor 3b subunit 4	2.815	-0.173
10903	MTMR11	myotubularin related protein 11	2.358	-0.452
51177	PLEKHO1	pleckstrin homology domain containing O1	3.166	0.639
81611	ANP32E	acidic nuclear phosphoprotein 32 family member E	3.123	-0.445
23632	CA14	carbonic anhydrase 14	2.557	0.751
51107	APH1A	aph-1 homolog A, gamma-secretase subunit	3.202	-0.364
79630	C1orf54	chromosome 1 open reading frame 54	2.207	-0.338
54460	MRPS21	mitochondrial ribosomal protein S21	3.129	0.222
80222	TARS2	threonyl-tRNA synthetase 2, mitochondrial	3.029	-0.232
1893	ECM1	extracellular matrix protein 1	3.017	-0.403
4170	MCL1	MCL1 apoptosis regulator, BCL2 family member	3.91	-0.385
55204	GOLPH3L	golgi phosphoprotein 3 like	2.696	0.164
1513	CTSK	cathepsin K	2.646	-0.962
55793	MINDY1	MINDY lysine 48 deubiquitinase 1	3.169	0.188
56882	CDC42SE1	CDC42 small effector 1	3.271	-0.321
10962	MLLT11	MLLT11 transcription factor 7 cofactor	3.268	-0.765
126626	GABPB2	GA binding protein transcription factor subunit beta 2	2.88	-0.437
79626	TNFAIP8L2	TNF alpha induced protein 8 like 2	1.439	0.633
5710	PSMD4	proteasome 26S subunit ubiquitin receptor, non-ATPase 4	3.445	0.158
57592	ZNF687	zinc finger protein 687	2.758	-0.208
5298	PI4KB	phosphatidylinositol 4-kinase beta	3.225	-0.177
5692	PSMB4	proteasome 20S subunit beta 4	3.477	-0.19
23126	POGZ	pogo transposable element derived with ZNF domain	3.378	-0.307
7286	TUFT1	tuftelin 1	2.373	-0.522
11189	CELF3	CUGBP Elav-like family member 3	2.458	-0.184
65005	MRPL9	mitochondrial ribosomal protein L9	2.821	0.185
100132111	C2CD4D-AS1	C2CD4D and THEM5 antisense RNA 1	1.451	-0.635
284486	THEM5	thioesterase superfamily member 5	0.869	-0.917
6281	S100A10	S100 calcium binding protein A10	3.333	0.862
6282	S100A11	S100 calcium binding protein A11	3.028	0.425
339400	FLG-AS1	FLG antisense RNA 1	1.816	-0.734
6280	S100A9	S100 calcium binding protein A9	2.753	1.363
6279	S100A8	S100 calcium binding protein A8	2.382	0.901
6275	S100A4	S100 calcium binding protein A4	2.988	0.491
6274	S100A3	S100 calcium binding protein A3	0.973	1.399
140576	S100A16	S100 calcium binding protein A16	2.908	0.314
57402	S100A14	S100 calcium binding protein A14	1.812	0.678
3608	ILF2	interleukin enhancer binding factor 2	3.35	0.176
65123	INTS3	integrator complex subunit 3	3.371	-0.236
11000	SLC27A3	solute carrier family 27 member 3	2.506	-0.438
57459	GATAD2B	GATA zinc finger domain containing 2B	3.088	-0.408
27173	SLC39A1	solute carrier family 39 member 1	3.167	0.282
5872	RAB13	RAB13, member RAS oncogene family	3.013	0.357
7170	TPM3	tropomyosin 3	3.642	-0.584
25912	C1orf43	chromosome 1 open reading frame 43	3.755	0.209
10456	HAX1	HCLS1 associated protein X-1	3.511	0.234
89872	AQP10	aquaporin 10	1.089	-3.49
57198	ATP8B2	ATPase phospholipid transporting 8B2	2.909	-0.406
3570	IL6R	interleukin 6 receptor	2.559	0.352
126668	TDRD10	tudor domain containing 10	2.253	-0.467
55585	UBE2Q1	ubiquitin conjugating enzyme E2 Q1	3.143	0.369
100874097	UBE2Q1-AS1	UBE2Q1 antisense RNA 1	1.764	0.541
1141	CHRNB2	cholinergic receptor nicotinic beta 2 subunit	2.953	-0.262
3782	KCNN3	potassium calcium-activated channel subfamily N member 3	2.368	-0.943
10654	PMVK	phosphomevalonate kinase	2.979	0.336
80308	FLAD1	flavin adenine dinucleotide synthetase 1	2.771	0.225
51043	ZBTB7B	zinc finger and BTB domain containing 7B	3.054	0.488
7059	THBS3	thrombospondin 3	2.629	-0.466
105371450	THBS3-AS1	THBS3 antisense RNA 1	2.031	-0.456
10712	ENTREP3	endosomal transmembrane epsin interactor 3	2.541	0.305
55870	ASH1L	ASH1 like histone lysine methyltransferase	3.47	0.355
101929703	LOC101929703	uncharacterized LOC101929703	1.336	-0.832
55154	MSTO1	misato mitochondrial distribution and morphology regulator 1	2.594	-0.25
55249	YY1AP1	YY1 associated protein 1	3.267	0.167
100129405	MSTO2P	misato family member 2, pseudogene	2.369	-0.262
23208	SYT11	synaptotagmin 11	3.049	-0.409
56893	UBQLN4	ubiquilin 4	2.981	0.193
28956	LAMTOR2	late endosomal/lysosomal adaptor, MAPK and MTOR activator 2	2.819	0.222
64218	SEMA4A	semaphorin 4A	1.846	-0.583
9673	SLC25A44	solute carrier family 25 member 44	2.96	0.131
100527963	PMF1-BGLAP	PMF1-BGLAP readthrough	2.55	0.499
11243	PMF1	polyamine modulated factor 1	2.881	0.243
79957	PAQR6	progestin and adipoQ receptor family member 6	1.623	-0.999
84283	TMEM79	transmembrane protein 79	1.908	-0.307
7203	CCT3	chaperonin containing TCP1 subunit 3	3.564	0.163
128239	IQGAP3	IQ motif containing GTPase activating protein 3	1.541	1.484
54865	GPATCH4	G-patch domain containing 4 (gene/pseudogene)	2.746	0.739
105371453	BCAN-AS1	BCAN antisense RNA 1	1.569	1.357
10763	NES	nestin	4.194	-0.543
79590	MRPL24	mitochondrial ribosomal protein L24	3.151	0.317
3068	HDGF	heparin binding growth factor	3.659	0.53
3645	INSRR	insulin receptor related receptor	1.34	0.602
2117	ETV3	ETS variant transcription factor 3	2.798	-0.209
922	CD5L	CD5 molecule like	1.376	2.018
911	CD1C	CD1c molecule	1.457	-1.945
913	CD1E	CD1e molecule	0.96	-2.629
3428	IFI16	interferon gamma inducible protein 16	3.084	0.303
100131825	CADM3-AS1	CADM3 antisense RNA 1	1.867	0.452
2205	FCER1A	Fc epsilon receptor Ia	1.509	-1.237
343413	FCRL6	Fc receptor like 6	1.026	-0.947
56833	SLAMF8	SLAM family member 8	2.256	-0.416
284677	SNHG28	small nucleolar RNA host gene 28	2.015	-0.594
480	ATP1A4	ATPase Na+/K+ transporting subunit alpha 4	2.269	-0.583
729867	LOC729867	uncharacterized LOC729867	1.935	0.965
8682	PEA15	proliferation and apoptosis adaptor protein 15	4.029	0.507
1314	COPA	COPI coat complex subunit alpha	3.701	-0.376
962	CD48	CD48 molecule	1.549	-0.562
55600	ITLN1	intelectin 1	1.74	2.071
100131187	TSTD1	thiosulfate sulfurtransferase like domain containing 1	2.097	-0.723
7391	USF1	upstream transcription factor 1	2.87	0.14
126823	KLHDC9	kelch domain containing 9	2.003	-0.936
5202	PFDN2	prefoldin subunit 2	2.808	0.207
9191	DEDD	death effector domain containing	2.889	0.165
51506	UFC1	ubiquitin-fold modifier conjugating enzyme 1	3.189	0.345
5498	PPOX	protoporphyrinogen oxidase	2.459	-0.297
2207	FCER1G	Fc epsilon receptor Ig	2.464	1.09
84134	TOMM40L	translocase of outer mitochondrial membrane 40 like	3.05	0.286
9970	NR1I3	nuclear receptor subfamily 1 group I member 3	2.097	0.384
257177	CFAP126	cilia and flagella associated protein 126	2.255	0.5
2214	FCGR3A	Fc gamma receptor IIIa	2.445	1.023
3311	HSPA7	heat shock protein family A (Hsp70) member 7 (pseudogene)	2.252	-0.708
22926	ATF6	activating transcription factor 6	3.099	0.228
6675	UAP1	UDP-N-acetylglucosamine pyrophosphorylase 1	2.86	0.297
5999	RGS4	regulator of G protein signaling 4	2.181	-1.543
83540	NUF2	NUF2 component of NDC80 kinetochore complex	1.011	1.834
107985451	LOC107985451	uncharacterized LOC107985451	1.22	2.092
4009	LMX1A	LIM homeobox transcription factor 1 alpha	0.871	-1.625
400794	LRRC52-AS1	LRRC52 antisense RNA 1	1.722	-1.152
7371	UCK2	uridine-cytidine kinase 2	2.586	-0.418
149297	FAM78B	family with sequence similarity 78 member B	2.264	0.844
387597	ILDR2	immunoglobulin like domain containing receptor 2	2.559	-0.556
84944	MAEL	maelstrom spermatogenic transposon silencer	2.155	-0.541
10223	GPA33	glycoprotein A33	1.879	-1.154
92235	STYXL2	serine/threonine/tyrosine interacting like 2	3.91	-0.848
5451	POU2F1	POU class 2 homeobox 1	2.755	-0.201
919	CD247	CD247 molecule	1.411	-0.663
25874	MPC2	mitochondrial pyruvate carrier 2	3.643	0.194
55827	DCAF6	DDB1 and CUL4 associated factor 6	3.99	0.393
261726	TIPRL	TOR signaling pathway regulator	3.101	0.161
375035	SFT2D2	SFT2 domain containing 2	2.802	-0.443
6375	XCL1	X-C motif chemokine ligand 1	1.118	1.505
1805	DPT	dermatopontin	3.444	-1.011
6402	SELL	selectin L	2.021	-0.819
55732	C1orf112	chromosome 1 open reading frame 112	1.997	0.213
57147	SCYL3	SCY1 like pseudokinase 3	2.475	0.192
22920	KIFAP3	kinesin associated protein 3	3.362	-0.345
5396	PRRX1	paired related homeobox 1	3.448	-0.85
2329	FMO4	flavin containing dimethylaniline monoxygenase 4	2.439	-0.455
7151	TOP1P1	DNA topoisomerase I pseudogene 1	1.786	-0.443
23215	PRRC2C	proline rich coiled-coil 2C	3.411	0.229
4653	MYOC	myocilin	2.627	-1.096
51603	METTL13	methyltransferase 13, eEF1A lysine and N-terminal methyltransferase	2.79	0.188
102724528	LOC102724528	uncharacterized LOC102724528	1.769	0.508
92346	C1orf105	chromosome 1 open reading frame 105	2.164	2.25
5279	PIGC	phosphatidylinositol glycan anchor biosynthesis class C	2.427	0.139
51430	SUCO	SUN domain containing ossification factor	2.93	0.263
9588	PRDX6	peroxiredoxin 6	3.894	0.58
339416	ANKRD45	ankyrin repeat domain 45	1.098	-1.276
60674	GAS5	growth arrest specific 5	2.61	-0.315
149041	RC3H1	ring finger and CCCH-type domains 1	3.006	-0.267
105371622	LOC105371622	uncharacterized LOC105371622	2.352	-0.528
27101	CACYBP	calcyclin binding protein	3.012	0.603
63931	MRPS14	mitochondrial ribosomal protein S14	2.804	0.128
63923	TNN	tenascin N	1.097	-1.004
9674	KIAA0040	KIAA0040	2.973	0.401
64326	COP1	COP1 E3 ubiquitin ligase	2.817	0.262
460	ASTN1	astrotactin 1	1.742	-0.489
105371629	LOC105371629	uncharacterized LOC105371629	2.314	-2.492
55103	RALGPS2	Ral GEF with PH domain and SH3 binding motif 2	2.525	0.619
9068	ANGPTL1	angiopoietin like 1	2.962	-0.576
9917	FAM20B	FAM20B glycosaminoglycan xylosylkinase	3.394	0.215
5768	QSOX1	quiescin sulfhydryl oxidase 1	3.549	0.493
84320	ACBD6	acyl-CoA binding domain containing 6	2.735	0.189
9213	XPR1	xenotropic and polytropic retrovirus receptor 1	3.781	-0.711
107985230	LOC107985230		1.197	-1.218
105371638	LINC02816	long intergenic non-protein coding RNA 2816	1.11	-1.866
57710	KIAA1614	KIAA1614	2.534	-0.182
51278	IER5	immediate early response 5	3.119	-0.531
777	CACNA1E	calcium voltage-gated channel subunit alpha1 E	1.502	2.501
80896	NPL	N-acetylneuraminate pyruvate lyase	2.055	0.595
9887	SMG7	SMG7 nonsense mediated mRNA decay factor	3.347	0.341
23127	COLGALT2	collagen beta(1-O)galactosyltransferase 2	2.782	-0.994
116461	TSEN15	tRNA splicing endonuclease subunit 15	2.892	0.179
81627	TRMT1L	tRNA methyltransferase 1 like	3.006	0.252
10216	PRG4	proteoglycan 4	2.463	-0.881
7175	TPR	translocated promoter region, nuclear basket protein	3.52	0.155
5743	PTGS2	prostaglandin-endoperoxide synthase 2	1.644	-1.074
51377	UCHL5	ubiquitin C-terminal hydrolase L5	3.064	0.455
51022	GLRX2	glutaredoxin 2	2.51	0.579
101929160	LOC101929160		1.324	0.397
8707	B3GALT2	beta-1,3-galactosyltransferase 2	3.152	1.064
343450	KCNT2	potassium sodium-activated channel subfamily T member 2	1.827	-0.939
3075	CFH	complement factor H	3.453	-0.62
3078	CFHR1	complement factor H related 1	2.295	-0.527
259266	ASPM	assembly factor for spindle microtubules	1.373	1.078
23418	CRB1	crumbs cell polarity complex component 1	0.965	-0.926
83479	DDX59	DEAD-box helicase 59	2.637	0.16
23046	KIF21B	kinesin family member 21B	1.773	-0.906
252839	TMEM9	transmembrane protein 9	2.736	-0.483
101929326	LOC101929326	uncharacterized LOC101929326	2.371	-0.666
7139	TNNT2	troponin T2, cardiac type	5.319	0.538
3898	LAD1	ladinin 1	2.328	2.252
7135	TNNI1	troponin I1, slow skeletal type	3.102	-4.036
23612	PHLDA3	pleckstrin homology like domain family A member 3	2.76	-0.42
107985246	CSRP1-AS1	CSRP1 antisense RNA 1	2.382	-0.433
149345	SHISA4	shisa family member 4	3.307	0.854
10440	TIMM17A	translocase of inner mitochondrial membrane 17A	3.36	0.235
6051	RNPEP	arginyl aminopeptidase	2.803	-0.224
112268254	LOC112268254		1.726	0.474
9283	GPR37L1	G protein-coupled receptor 37 like 1	1.469	-1.322
29089	UBE2T	ubiquitin conjugating enzyme E2 T	2.26	0.364
4660	PPP1R12B	protein phosphatase 1 regulatory subunit 12B	4.696	0.475
100506696	PCAT6	prostate cancer associated transcript 6	1.151	0.586
148709	ACTG1P25	actin gamma 1 pseudogene 25	2.016	-1.901
5877	RABIF	RAB interacting factor	2.286	0.338
51094	ADIPOR1	adiponectin receptor 1	3.502	0.242
51706	CYB5R1	cytochrome b5 reductase 1	3.667	-0.28
92703	TMEM183A	transmembrane protein 183A	2.766	0.138
1116	CHI3L1	chitinase 3 like 1	1.443	2.273
7832	BTG2	BTG anti-proliferation factor 2	3.719	-1.118
2331	FMOD	fibromodulin	3.445	-2.715
5549	PRELP	proline and arginine rich end leucine rich repeat protein	3.8	-1.141
9877	ZC3H11A	zinc finger CCCH-type containing 11A	3.45	0.246
100381270	ZBED6	zinc finger BED-type containing 6	2.128	0.695
9580	SOX13	SRY-box transcription factor 13	2.809	-0.199
55224	ETNK2	ethanolamine kinase 2	2.042	0.797
4194	MDM4	MDM4 regulator of p53	3.144	-0.47
23114	NFASC	neurofascin	3.137	-0.31
5129	CDK18	cyclin dependent kinase 18	3.771	0.342
85414	SLC45A3	solute carrier family 45 member 3	2.029	0.626
8934	RAB29	RAB29, member RAS oncogene family	2.811	0.54
254428	SLC41A1	solute carrier family 41 member 1	4.249	0.581
115019	SLC26A9	solute carrier family 26 member 9	3.145	0.476
440712	RHEX	regulator of hemoglobinization and erythroid cell expansion	1.05	-0.788
23380	SRGAP2	SLIT-ROBO Rho GTPase activating protein 2	2.876	-0.288
9261	MAPKAPK2	MAPK activated protein kinase 2	3.912	0.225
3586	IL10	interleukin 10	1.043	1.406
79098	C1orf116	chromosome 1 open reading frame 116	1.554	1.178
5208	PFKFB2	6-phosphofructo-2-kinase/fructose-2,6-biphosphatase 2	3.637	0.496
107985251	LOC107985251	uncharacterized LOC107985251	1.327	-0.529
1604	CD55	CD55 molecule (Cromer blood group)	3.302	0.228
947	CD34	CD34 molecule	3.614	0.383
105372883	LINC02767	long intergenic non-protein coding RNA 2767	1.812	0.648
5362	PLXNA2	plexin A2	3.158	-0.423
3914	LAMB3	laminin subunit beta 3	2.024	1.18
50486	G0S2	G0/G1 switch 2	3.005	1.498
55733	HHAT	hedgehog acyltransferase	2.085	-0.535
7188	TRAF5	TNF receptor associated factor 5	2.419	-0.369
25896	INTS7	integrator complex subunit 7	2.539	0.205
51514	DTL	denticleless E3 ubiquitin protein ligase homolog	1.037	0.692
100131205	RPL21P28	ribosomal protein L21 pseudogene 28	2.853	0.442
101929541	LINC02608	long intergenic non-protein coding RNA 2608	1.499	0.894
5525	PPP2R5A	protein phosphatase 2 regulatory subunit B'alpha	3.454	0.193
29937	NENF	neudesin neurotrophic factor	3.247	-0.266
467	ATF3	activating transcription factor 3	3.03	-0.934
102723761	LINC02773	long intergenic non-protein coding RNA 2773	1.339	0.613
28982	FLVCR1	FLVCR heme transporter 1	2.072	-0.408
79805	VASH2	vasohibin 2	1.455	0.792
90806	ANGEL2	angel homolog 2	2.695	-0.24
26750	RPS6KC1	ribosomal protein S6 kinase C1	2.756	0.313
105372912	LOC105372912	replaced by ID 26750	1.205	0.601
5629	PROX1	prospero homeobox 1	3.245	0.398
107985263	LOC107985263		2.918	-0.506
5784	PTPN14	protein tyrosine phosphatase non-receptor type 14	3.34	-0.506
1063	CENPF	centromere protein F	1.581	1.428
51018	RRP15	ribosomal RNA processing 15 homolog	2.85	0.306
728463	TGFB2-AS1	TGFB2 antisense RNA 1 (head to head)	1.155	-1.901
7042	TGFB2	transforming growth factor beta 2	2.59	-1.797
103611157	TGFB2-OT1	TGFB2 overlapping transcript 1	1.877	-2.184
127018	LYPLAL1	lysophospholipase like 1	3.133	-0.42
107984018	LOC107984018	uncharacterized LOC107984018	1.212	0.605
2058	EPRS1	glutamyl-prolyl-tRNA synthetase 1	3.477	0.286
55699	IARS2	isoleucyl-tRNA synthetase 2, mitochondrial	3.598	0.178
25782	RAB3GAP2	RAB3 GTPase activating non-catalytic protein subunit 2	3.031	0.198
4139	MARK1	microtubule affinity regulating kinase 1	2.883	0.166
79762	C1orf115	chromosome 1 open reading frame 115	2.845	0.819
64757	MTARC1	mitochondrial amidoxime reducing component 1	2.478	0.598
100873924	HLX-AS1	HLX antisense RNA 1	0.931	-0.521
375056	MIA3	MIA SH3 domain ER export factor 3	3.289	0.466
64853	AIDA	axin interactor, dorsalization associated	3.008	0.304
400823	FAM177B	family with sequence similarity 177 member B	1.885	-0.755
824	CAPN2	calpain 2	3.622	0.271
441124	GTF2IP20	general transcription factor IIi pseudogene 20	2.115	-0.343
100287497	SEPTIN7P13	septin 7 pseudogene 13	2.203	-0.598
8560	DEGS1	delta 4-desaturase, sphingolipid 1	3.093	0.431
80232	WDR26	WD repeat domain 26	3.567	0.24
149111	CNIH3	cornichon family AMPA receptor auxiliary protein 3	1.194	-0.711
127602	DNAH14	dynein axonemal heavy chain 14	1.369	0.932
55740	ENAH	ENAH actin regulator	3.576	-0.523
2052	EPHX1	epoxide hydrolase 1	3.152	0.3
10637	LEFTY1	left-right determination factor 1	1.12	-1.02
29920	PYCR2	pyrroline-5-carboxylate reductase 2	3.179	-0.285
7044	LEFTY2	left-right determination factor 2	1.815	-2.661
163859	SDE2	SDE2 telomere maintenance homolog	2.643	-0.344
286826	LIN9	lin-9 DREAM MuvB core complex component	2.882	0.343
142	PARP1	poly(ADP-ribose) polymerase 1	3.744	0.299
105373116	LOC105373116	uncharacterized LOC105373116	1.662	1.726
3707	ITPKB	inositol-trisphosphate 3-kinase B	3.012	0.364
5664	PSEN2	presenilin 2	2.673	0.271
56997	COQ8A	coenzyme Q8A	3.967	0.621
8476	CDC42BPA	CDC42 binding protein kinase alpha	3.388	0.271
116841	SNAP47	synaptosome associated protein 47	3.234	-1.331
65094	JMJD4	jumonji domain containing 4	2.528	-1.123
7483	WNT9A	Wnt family member 9A	2.998	-3.321
375	ARF1	ADP ribosylation factor 1	3.948	-0.206
79169	C1orf35	chromosome 1 open reading frame 35	2.301	-0.311
2987	GUK1	guanylate kinase 1	3.389	-0.227
57165	GJC2	gap junction protein gamma 2	1.449	-0.98
200205	IBA57	iron-sulfur cluster assembly factor IBA57	2.832	-0.361
574407	OBSCN-AS1	OBSCN antisense RNA 1	1.802	-0.407
84033	OBSCN	obscurin, cytoskeletal calmodulin and titin-interacting RhoGEF	4.392	-0.419
101927401	LOC101927401	uncharacterized LOC101927401	2.929	-0.357
81559	TRIM11	tripartite motif containing 11	2.35	-0.225
51127	TRIM17	tripartite motif containing 17	1.284	-0.788
126731	CCSAP	centriole, cilia and spindle associated protein	2.368	-0.408
58	ACTA1	actin alpha 1, skeletal muscle	5.271	-0.83
2590	GALNT2	polypeptide N-acetylgalactosaminyltransferase 2	3.181	-0.157
22796	COG2	component of oligomeric golgi complex 2	2.897	0.351
107985358	LOC107985358	uncharacterized LOC107985358	1.459	0.421
84886	C1orf198	chromosome 1 open reading frame 198	3.394	-0.245
79573	TTC13	tetratricopeptide repeat domain 13	2.596	0.343
8443	GNPAT	glyceronephosphate O-acyltransferase	3.357	0.244
57568	SIPA1L2	signal induced proliferation associated 1 like 2	3.684	0.559
107985361	LOC107985361	uncharacterized LOC107985361	1.264	0.435
84284	NTPCR	nucleoside-triphosphatase, cancer-related	2.992	0.335
80003	PCNX2	pecanex 2	1.758	-0.62
388753	COA6	cytochrome c oxidase assembly factor 6	2.576	0.573
359948	IRF2BP2	interferon regulatory factor 2 binding protein 2	3.491	-0.317
100506810	LINC01132	long intergenic non-protein coding RNA 1132	1.005	0.898
9804	TOMM20	translocase of outer mitochondrial membrane 20	3.616	-0.168
23029	RBM34	RNA binding motif protein 34	2.872	0.442
9453	GGPS1	geranylgeranyl diphosphate synthase 1	2.92	0.155
6905	TBCE	tubulin folding cofactor E	2.911	0.34
148789	B3GALNT2	beta-1,3-N-acetylgalactosaminyltransferase 2	3.019	-0.187
7107	GPR137B	G protein-coupled receptor 137B	3.088	0.348
3964	LGALS8	galectin 8	3.544	0.297
100287902	LGALS8-AS1	LGALS8 antisense RNA 1	1.472	0.519
55127	HEATR1	HEAT repeat containing 1	3.071	0.296
88	ACTN2	actinin alpha 2	5.029	-0.237
6262	RYR2	ryanodine receptor 2	4.821	0.519
8564	KMO	kynurenine 3-monooxygenase	1.78	0.537
23596	OPN3	opsin 3	1.962	0.435
440738	MAP1LC3C	microtubule associated protein 1 light chain 3 gamma	1.154	-1.084
200150	PLD5	phospholipase D family member 5	1.22	-1.458
105373255	LOC105373255		1.393	-0.359
10472	ZBTB18	zinc finger and BTB domain containing 18	2.907	0.298
116228	COX20	cytochrome c oxidase assembly factor COX20	3.298	0.316
106635532	SNORA100	small nucleolar RNA, H/ACA box 100	2.004	-0.59
163882	CNST	consortin, connexin sorting protein	2.988	0.253
149134	LINC01341	long intergenic non-protein coding RNA 1341	1.373	-0.729
25909	AHCTF1	AT-hook containing transcription factor 1	3.044	0.409
93474	ZNF670	zinc finger protein 670	1.715	-0.428
84838	ZNF496	zinc finger protein 496	2.881	-0.188
114548	NLRP3	NLR family pyrin domain containing 3	1.599	-0.731
79894	ZNF672	zinc finger protein 672	2.997	-0.23
26751	SH3YL1	SH3 and SYLF domain containing 1	2.577	-0.29
52	ACP1	acid phosphatase 1	3.192	0.251
285016	ALKAL2	ALK and LTK ligand 2	1.485	-1.784
51112	TRAPPC12	trafficking protein particle complex subunit 12	3.099	0.199
55256	ADI1	acireductone dioxygenase 1	3.854	0.3
6201	RPS7	ribosomal protein S7	3.607	0.342
78989	COLEC11	collectin subfamily member 11	2.232	-0.661
3398	ID2	inhibitor of DNA binding 2	2.941	-0.333
9270	ITGB1BP1	integrin subunit beta 1 binding protein 1	3.258	0.255
51692	CPSF3	cleavage and polyadenylation specific factor 3	2.736	0.16
101929643	LOC101929643	uncharacterized LOC101929643	1.371	-0.942
10971	YWHAQ	tyrosine 3-monooxygenase/tryptophan 5-monooxygenase activation protein theta	3.707	-0.494
29841	GRHL1	grainyhead like transcription factor 1	1.559	-0.54
112268412	LOC112268412	uncharacterized LOC112268412	2.109	-0.913
101929882	KLF11-DT	KLF11 divergent transcript	1.356	-0.728
8462	KLF11	KLF transcription factor 11	3.016	-0.391
192668	CYS1	cystin 1	2.181	-1.395
6241	RRM2	ribonucleotide reductase regulatory subunit M2	1.379	1.443
4953	ODC1	ornithine decarboxylase 1	3.342	-0.794
79954	NOL10	nucleolar protein 10	2.783	0.241
106479524	RN7SL832P	RNA, 7SL, cytoplasmic 832, pseudogene	0.91	-0.706
105373428	LOC105373428	uncharacterized LOC105373428	1.037	0.711
10130	PDIA6	protein disulfide isomerase family A member 6	3.542	0.341
101929733	LINC01954	long intergenic non-protein coding RNA 1954	2.523	-0.619
130814	SLC66A3	solute carrier family 66 member 3	2.802	-0.422
105373436	LOC105373436	uncharacterized LOC105373436	1.867	-1.232
151354	LRATD1	LRAT domain containing 1	1.485	0.833
51594	NBAS	NBAS subunit of NRZ tethering complex	3.222	0.394
1653	DDX1	DEAD-box helicase 1	3.74	0.391
4613	MYCN	MYCN proto-oncogene, bHLH transcription factor	1.185	-0.912
729475	RAD51AP2	RAD51 associated protein 2	1.45	-0.467
100526794	NT5C1B-RDH14	NT5C1B-RDH14 readthrough	2.726	0.276
57665	RDH14	retinol dehydrogenase 14	2.755	0.232
388	RHOB	ras homolog family member B	3.775	-0.645
151449	GDF7	growth differentiation factor 7	2.241	-0.734
60526	LDAH	lipid droplet associated hydrolase	2.369	0.301
338	APOB	apolipoprotein B	3.048	1.078
114818	KLHL29	kelch like family member 29	2.135	-0.563
165324	UBXN2A	UBX domain protein 2A	2.893	0.279
2281	FKBP1B	FKBP prolyl isomerase 1B	2.19	-0.215
51639	SF3B6	splicing factor 3b subunit 6	2.944	0.268
375189	PFN4	profilin family member 4	1.667	-0.438
50618	ITSN2	intersectin 2	3.142	0.506
8648	NCOA1	nuclear receptor coactivator 1	3.286	0.408
79172	CENPO	centromere protein O	2.414	0.2
51277	DNAJC27	DnaJ heat shock protein family (Hsp40) member C27	2.707	0.167
729723	DNAJC27-AS1	DNAJC27 antisense RNA 1	1.31	-0.862
1838	DTNB	dystrobrevin beta	2.245	-0.363
55252	ASXL2	ASXL transcriptional regulator 2	3.085	0.212
150946	GAREM2	GRB2 associated regulator of MAPK1 subtype 2	1.818	-0.438
3032	HADHB	hydroxyacyl-CoA dehydrogenase trifunctional multienzyme complex subunit beta	4.488	0.419
339778	FAM166C	family with sequence similarity 166 member C	0.841	-0.909
3777	KCNK3	potassium two pore domain channel subfamily K member 3	1.726	0.713
54978	SLC35F6	solute carrier family 35 member F6	2.898	-0.175
1058	CENPA	centromere protein A	1.931	-2.484
100128731	OST4	oligosaccharyltransferase complex subunit 4, non-catalytic	3.343	0.265
3795	KHK	ketohexokinase	1.641	0.314
8884	SLC5A6	solute carrier family 5 member 6	2.597	0.308
790	CAD	carbamoyl-phosphate synthetase 2, aspartate transcarbamylase, and dihydroorotase	2.616	-0.265
57159	TRIM54	tripartite motif containing 54	3.866	0.253
4358	MPV17	mitochondrial inner membrane protein MPV17	3.048	-0.211
8890	EIF2B4	eukaryotic translation initiation factor 2B subunit delta	2.954	0.202
9784	SNX17	sorting nexin 17	3.244	-0.195
5496	PPM1G	protein phosphatase, Mg2+/Mn2+ dependent 1G	3.158	0.378
2498	FTH1P3	ferritin heavy chain 1 pseudogene 3	3.091	0.96
29959	NRBP1	nuclear receptor binding protein 1	3.309	0.187
200634	KRTCAP3	keratinocyte associated protein 3	1.353	-0.395
64838	FNDC4	fibronectin type III domain containing 4	1.663	0.538
84226	C2orf16	chromosome 2 open reading frame 16	1.506	-0.713
79635	CCDC121	coiled-coil domain containing 121	2.208	0.294
100129995	LINC01460	long intergenic non-protein coding RNA 1460	2.261	-0.259
9553	MRPL33	mitochondrial ribosomal protein L33	3.551	0.802
64080	RBKS	ribokinase	2.007	-0.236
55006	TRMT61B	tRNA methyltransferase 61B	2.569	0.469
165186	TOGARAM2	TOG array regulator of axonemal microtubules 2	2.764	1.309
81606	LBH	LBH regulator of WNT signaling pathway	3.673	-0.509
102723594	LOC102723594	uncharacterized LOC102723594	1.706	-1.1
253558	LCLAT1	lysocardiolipin acyltransferase 1	2.956	-0.235
51072	MEMO1	mediator of cell motility 1	2.883	0.361
84661	DPY30	dpy-30 histone methyltransferase complex regulatory subunit	2.601	0.331
84272	YIPF4	Yip1 domain family member 4	3.307	-0.418
285045	LINC00486	long intergenic non-protein coding RNA 486	1.042	-0.641
4052	LTBP1	latent transforming growth factor beta binding protein 1	3.813	-0.841
25780	RASGRP3	RAS guanyl releasing protein 3	3.202	0.265
105374454	RASGRP3-AS1	RASGRP3 antisense RNA 1	1.604	0.474
25940	FAM98A	family with sequence similarity 98 member A	3.333	0.209
100288911	CRIM1-DT	CRIM1 divergent transcript	1.858	-0.799
51232	CRIM1	cysteine rich transmembrane BMP regulator 1	3.554	-0.626
5212	VIT	vitrin	2.792	0.635
54497	HEATR5B	HEAT repeat containing 5B	3.118	0.566
253635	GPATCH11	G-patch domain containing 11	2.545	0.276
25797	QPCT	glutaminyl-peptide cyclotransferase	2.012	-1.299
105374464	LINC03063	long intergenic non-protein coding RNA 3063	1.707	-1.399
101929559	PIRAT1	PU.1 (SP1) induced regulator of S100A8 and S100A9 alarmin transcription 1	0.807	-1.426
151393	RMDN2	regulator of microtubule dynamics 2	2.684	-0.621
1545	CYP1B1	cytochrome P450 family 1 subfamily B member 1	2.96	-1.02
285154	CYP1B1-AS1	CYP1B1 antisense RNA 1	1.255	-0.603
130589	GALM	galactose mutarotase	2.61	0.298
6432	SRSF7	serine and arginine rich splicing factor 7	3.178	-0.205
79833	GEMIN6	gem nuclear organelle associated protein 6	2.22	0.252
729967	MORN2	MORN repeat containing 2	2.477	0.343
6654	SOS1	SOS Ras/Rac guanine nucleotide exchange factor 1	3.174	0.304
130733	TMEM178A	transmembrane protein 178A	2.08	-0.361
100128590	SLC8A1-AS1	SLC8A1 antisense RNA 1	0.877	0.824
91461	PKDCC	protein kinase domain containing, cytoplasmic	3.105	0.399
9167	COX7A2L	cytochrome c oxidase subunit 7A2 like	3.33	-0.214
57504	MTA3	metastasis associated 1 family member 3	2.795	0.119
165140	OXER1	oxoeicosanoid receptor 1	1.502	-1.531
23498	HAAO	3-hydroxyanthranilate 3,4-dioxygenase	2.084	-0.842
107985875	LOC107985875		1.108	-0.715
102723854	LINC01819	long intergenic non-protein coding RNA 1819	0.877	-1.025
107985876	LOC107985876	uncharacterized LOC107985876	1.864	-1.744
100506047	LINC02580	long intergenic non-protein coding RNA 2580	1.355	-1.354
107985877	LOC107985877		1.264	-0.638
130271	PLEKHH2	pleckstrin homology, MyTH4 and FERM domain containing H2	2.509	-1.374
51626	DYNC2LI1	dynein cytoplasmic 2 light intermediate chain 1	2.457	-0.377
10128	LRPPRC	leucine rich pentatricopeptide repeat containing	3.769	0.198
102723904	LOC102723904	uncharacterized LOC102723904	1.647	0.368
6519	SLC3A1	solute carrier family 3 member 1	3.136	-0.283
79823	CAMKMT	calmodulin-lysine N-methyltransferase	1.95	0.426
90423	ATP6V1E2	ATPase H+ transporting V1 subunit E2	1.978	0.343
23433	RHOQ	ras homolog family member Q	4.046	0.211
5281	PIGF	phosphatidylinositol glycan anchor biosynthesis class F	3.182	0.349
90411	MCFD2	multiple coagulation factor deficiency 2, ER cargo receptor complex subunit	3.439	0.43
56660	KCNK12	potassium two pore domain channel subfamily K member 12	1.123	0.772
2956	MSH6	mutS homolog 6	2.862	0.337
80204	FBXO11	F-box protein 11	3.237	0.262
3344	FOXN2	forkhead box N2	2.527	-0.381
286749	STON1-GTF2A1L	STON1-GTF2A1L readthrough	1.893	0.359
3973	LHCGR	luteinizing hormone/choriogonadotropin receptor	0.966	-1.758
494143	CHAC2	ChaC glutathione specific gamma-glutamylcyclotransferase 2	1.679	0.885
112268415	LOC112268415	uncharacterized LOC112268415	2.298	-0.298
23198	PSME4	proteasome activator subunit 4	3.627	0.506
105374615	LOC105374615	uncharacterized LOC105374615	1.296	-0.825
400954	EML6	EMAP like 6	2.866	-0.617
57142	RTN4	reticulon 4	3.622	-0.516
4528	MTIF2	mitochondrial translational initiation factor 2	3.355	0.575
87178	PNPT1	polyribonucleotide nucleotidyltransferase 1	3.011	0.303
100129434	LOC100129434	uncharacterized LOC100129434	2.014	0.59
107985795	LOC107985795		0.975	0.803
7444	VRK2	VRK serine/threonine kinase 2	2.908	0.522
55120	FANCL	FA complementation group L	2.441	0.147
339804	C2orf74	chromosome 2 open reading frame 74	2.824	0.49
130872	AHSA2P	activator of HSP90 ATPase homolog 2, pseudogene	3.297	-0.146
9736	USP34	ubiquitin specific peptidase 34	3.442	0.268
10678	B3GNT2	UDP-GlcNAc:betaGal beta-1,3-N-acetylglucosaminyltransferase 2	2.833	-0.312
23301	EHBP1	EH domain binding protein 1	2.794	0.383
100132215	EHBP1-AS1	EHBP1 antisense RNA 1	1.677	0.269
7360	UGP2	UDP-glucose pyrophosphorylase 2	3.989	0.289
57162	PELI1	pellino E3 ubiquitin protein ligase 1	2.643	-0.36
29094	LGALSL	galectin like	2.677	-0.309
6509	SLC1A4	solute carrier family 1 member 4	2.712	-0.407
5861	RAB1A	RAB1A, member RAS oncogene family	3.521	0.135
200734	SPRED2	sprouty related EVH1 domain containing 2	3.009	-0.48
4211	MEIS1	Meis homeobox 1	2.86	0.526
54465	ETAA1	ETAA1 activator of ATR kinase	2.479	0.362
84168	ANTXR1	ANTXR cell adhesion molecule 1	3.331	-0.957
27247	NFU1	NFU1 iron-sulfur cluster scaffold	3.195	0.371
22848	AAK1	AP2 associated kinase 1	3.641	0.326
112268437	LOC112268437	uncharacterized protein FLJ45252	2.522	0.497
307	ANXA4	annexin A4	2.76	-0.429
107985770	SMANTIS	SMARCA4 interacting SWI/SNF chromatin remodeling complex scaffold lncRNA	1.15	-0.868
11017	SNRNP27	small nuclear ribonucleoprotein U4/U6.U5 subunit 27	2.896	0.206
4084	MXD1	MAX dimerization protein 1	2.512	-0.302
151516	ASPRV1	aspartic peptidase retroviral like 1	1.533	-0.881
5093	PCBP1	poly(rC) binding protein 1	3.694	-0.138
51449	PCYOX1	prenylcysteine oxidase 1	3.595	0.452
6637	SNRPG	small nuclear ribonucleoprotein polypeptide G	2.746	0.493
84908	FAM136A	family with sequence similarity 136 member A	2.789	0.461
7039	TGFA	transforming growth factor alpha	1.693	1.306
84693	MCEE	methylmalonyl-CoA epimerase	2.701	0.338
10199	MPHOSPH10	M-phase phosphoprotein 10	2.9	0.226
400961	PAIP2B	poly(A) binding protein interacting protein 2B	3.598	0.401
27332	ZNF638	zinc finger protein 638	3.487	0.345
23233	EXOC6B	exocyst complex component 6B	3.762	-0.402
6697	SPR	sepiapterin reductase	2.956	0.455
94097	SFXN5	sideroflexin 5	2.578	-0.196
26056	RAB11FIP5	RAB11 family interacting protein 5	3.089	-0.265
10574	CCT7	chaperonin containing TCP1 subunit 7	3.696	0.268
100874291	ALMS1-IT1	ALMS1 intronic transcript 1	1.046	-0.963
51002	TPRKB	TP53RK binding protein	2.664	0.952
10617	STAMBP	STAM binding protein	2.939	0.246
388962	BOLA3	bolA family member 3	2.788	0.342
57835	SLC4A5	solute carrier family 4 member 5	2.08	-0.338
84058	WDR54	WD repeat domain 54	2.006	-0.418
100532735	INO80B-WBP1	INO80B-WBP1 readthrough (NMD candidate)	2.737	-0.374
23559	WBP1	WW domain binding protein 1	2.635	-0.552
84759	PCGF1	polycomb group ring finger 1	2.326	0.306
550	AUP1	AUP1 lipid droplet regulating VLDL assembly factor	3.217	0.201
102724497	LOC102724497	uncharacterized LOC102724497	0.958	-0.616
3099	HK2	hexokinase 2	2.942	0.652
9801	MRPL19	mitochondrial ribosomal protein L19	2.997	0.174
8802	SUCLG1	succinate-CoA ligase GDP/ADP-forming subunit alpha	3.854	0.354
105374836	LOC105374836	uncharacterized LOC105374836	1.384	-0.927
9168	TMSB10	thymosin beta 10	3.685	0.361
56888	KCMF1	potassium channel modulatory factor 1	3.264	0.342
100996506	LOC100996506		1.86	0.418
54884	RETSAT	retinol saturase	3.132	0.333
822	CAPG	capping actin protein, gelsolin like	1.874	0.572
100630918	PARTICL	promoter of MAT2A antisense radiation-induced circulating long non-coding RNA	1.753	-0.434
8673	VAMP8	vesicle associated membrane protein 8	2.204	0.569
10713	USP39	ubiquitin specific peptidase 39	3.036	0.129
10578	GNLY	granulysin	1.605	-0.93
84913	ATOH8	atonal bHLH transcription factor 8	3.081	-0.497
8869	ST3GAL5	ST3 beta-galactoside alpha-2,3-sialyltransferase 5	2.141	0.708
10989	IMMT	inner membrane mitochondrial protein	3.941	0.249
100526767	RNF103-CHMP3	RNF103-CHMP3 readthrough	3.356	0.114
51652	CHMP3	charged multivesicular body protein 3	3.351	0.125
105374845	CHMP3-AS1	CHMP3 and RNF103 antisense RNA 1	0.999	0.637
100286979	ANAPC1P1	ANAPC1 pseudogene 1	1.351	0.599
400966	RGPD1	RANBP2 like and GRIP domain containing 1	2.335	0.288
729857	RGPD2	RANBP2 like and GRIP domain containing 2	2.307	0.283
51315	KRCC1	lysine rich coiled-coil 1	2.977	0.392
150572	SMYD1	SET and MYND domain containing 1	4.237	0.777
9451	EIF2AK3	eukaryotic translation initiation factor 2 alpha kinase 3	2.729	-0.478
101928403	EIF2AK3-DT	EIF2AK3 divergent transcript	1.21	-0.787
102724805	LOC102724805	uncharacterized LOC102724805	1.783	-1.811
107985911	LOC107985911	lymphocyte specific protein 1 pseudogene	2.14	-0.319
100133920	LOC100133920	methylenetetrahydrofolate dehydrogenase (NADP+ dependent) 1 like pseudogene	1.083	0.779
100509620	AQP7B	aquaporin 7B	2.39	0.903
64969	MRPS5	mitochondrial ribosomal protein S5	3.319	0.426
84874	ZNF514	zinc finger protein 514	2.86	0.31
150696	PROM2	prominin 2	1.896	-0.608
30818	KCNIP3	potassium voltage-gated channel interacting protein 3	2.191	0.66
51011	FAHD2A	fumarylacetoacetate hydrolase domain containing 2A	2.949	0.185
150759	LINC00342	long intergenic non-protein coding RNA 342	1.876	-0.463
1844	DUSP2	dual specificity phosphatase 2	1.789	-0.869
9391	CIAO1	cytosolic iron-sulfur assembly component 1	3.382	0.141
23397	NCAPH	non-SMC condensin I complex subunit H	1.149	0.964
10865	ARID5A	AT-rich interaction domain 5A	3.167	-1.386
200539	ANKRD23	ankyrin repeat domain 23	2.774	-1.092
54910	SEMA4C	semaphorin 4C	3.052	-0.812
51252	FAM178B	family with sequence similarity 178 member B	0.863	-0.646
100506076	LOC100506076	uncharacterized LOC100506076	1.517	-0.671
100506123	APPAT	atherosclerotic plaque pathogenesis associated transcript	1.519	-0.694
10120	ACTR1B	actin related protein 1B	3.293	-0.258
728537	C2orf92	chromosome 2 open reading frame 92	1.796	-0.439
7535	ZAP70	zeta chain of T cell receptor associated protein kinase 70	1.65	-0.82
23505	TMEM131	transmembrane protein 131	3.276	0.283
107985921	LOC107985921		1.694	0.377
493753	COA5	cytochrome c oxidase assembly factor 5	2.86	-0.235
25972	UNC50	unc-50 inner nuclear membrane RNA binding protein	2.781	-0.203
343990	CRACDL	CRACD like	2.292	-0.712
129531	MITD1	microtubule interacting and trafficking domain containing 1	2.352	0.336
10190	TXNDC9	thioredoxin domain containing 9	2.742	0.165
9669	EIF5B	eukaryotic translation initiation factor 5B	3.926	0.301
51455	REV1	REV1 DNA directed polymerase	3.294	0.8
3899	AFF3	ALF transcription elongation factor 3	2.555	-0.692
112268421	LOC112268421		0.881	-0.953
79031	PDCL3	phosducin like 3	2.729	0.265
105373511	LOC105373511	uncharacterized LOC105373511	1.789	0.337
200407	CREG2	cellular repressor of E1A stimulated genes 2	0.918	-2.013
9448	MAP4K4	mitogen-activated protein kinase kinase kinase kinase 4	3.688	0.239
64965	MRPS9	mitochondrial ribosomal protein S9	3.252	0.415
101927492	MRPS9-AS1	MRPS9 antisense RNA 1	2.331	0.342
100506473	C2orf49-DT	C2orf49 divergent transcript	1.92	-0.441
79074	C2orf49	chromosome 2 open reading frame 49	3.012	-0.217
8440	NCK2	NCK adaptor protein 2	2.966	0.238
84417	ECRG4	ECRG4 augurin precursor	1.778	-1.33
80146	UXS1	UDP-glucuronate decarboxylase 1	2.895	0.296
402096	ANAPC1P6	ANAPC1 pseudogene 6	1.081	0.57
653489	RGPD3	RANBP2 like and GRIP domain containing 3	2.42	0.42
285190	RGPD4	RANBP2 like and GRIP domain containing 4	2.454	0.178
27233	SULT1C4	sulfotransferase family 1C member 4	2.426	-0.433
9648	GCC2	GRIP and coiled-coil domain containing 2	2.89	0.282
5903	RANBP2	RAN binding protein 2	3.473	0.35
151011	SEPTIN10	septin 10	3.155	0.198
64682	ANAPC1	anaphase promoting complex subunit 1	2.745	0.215
129804	FBLN7	fibulin 7	1.859	-0.48
84524	ZC3H8	zinc finger CCCH-type containing 8	2.676	0.142
727851	RGPD8	RANBP2 like and GRIP domain containing 8	2.711	0.15
150465	TTL	tubulin tyrosine ligase	3.213	0.294
84269	CHCHD5	coiled-coil-helix-coiled-coil-helix domain containing 5	2.285	-0.24
6574	SLC20A1	solute carrier family 20 member 1	2.788	-0.353
3557	IL1RN	interleukin 1 receptor antagonist	1.099	1.205
23550	PSD4	pleckstrin and Sec7 domain containing 4	1.993	0.465
150472	ZNG1B	Zn regulated GTPase metalloprotein activator 1B	2.828	0.442
84771	DDX11L2	DEAD/H-box helicase 11 like 2 (pseudogene)	1.595	0.901
118433	RPL23AP7	ribosomal protein L23a pseudogene 7	2.23	1.662
10096	ACTR3	actin related protein 3	3.423	0.163
8886	DDX18	DEAD-box helicase 18	3.07	-0.138
8685	MARCO	macrophage receptor with collagenous structure	2.184	1.764
55240	STEAP3	STEAP3 metalloreductase	2.534	1.152
100874111	STEAP3-AS1	STEAP3 antisense RNA 1	1.522	0.859
105373581	LOC105373581	uncharacterized LOC105373581	1.86	0.985
1622	DBI	diazepam binding inhibitor, acyl-CoA binding protein	3.755	0.829
140738	TMEM37	transmembrane protein 37	1.688	0.495
107105282	SCTR-AS1	SCTR antisense RNA 1	2.116	1.249
80775	TMEM177	transmembrane protein 177	2.294	0.308
101927764	LOC101927764	uncharacterized LOC101927764	1.618	-0.64
57669	EPB41L5	erythrocyte membrane protein band 4.1 like 5	2.894	-0.303
79134	TMEM185B	transmembrane protein 185B	2.964	-0.259
5899	RALB	RAS like proto-oncogene B	3.219	0.195
105373585	LOC105373585	uncharacterized LOC105373585	1.383	-1.251
2736	GLI2	GLI family zinc finger 2	1.851	-0.885
23332	CLASP1	cytoplasmic linker associated protein 1	3.599	-0.136
7247	TSN	translin	3.201	-0.134
55677	IWS1	interacts with SUPT6H, CTD assembly factor 1	3.254	0.376
101927834	LOC101927834	uncharacterized LOC101927834	2.272	0.555
2840	GPR17	G protein-coupled receptor 17	2.904	0.94
83607	AMMECR1L	AMMECR1 like	2.925	-0.143
107985944	LOC107985944	uncharacterized LOC107985944	1.705	-0.842
56886	UGGT1	UDP-glucose glycoprotein glucosyltransferase 1	3.236	0.368
105373610	LOC105373610	uncharacterized LOC105373610	0.91	-1.664
105373616	LOC105373616	uncharacterized LOC105373616	0.841	-0.918
100131320	RAB6C-AS1	RAB6C antisense RNA 1	1.459	0.385
84084	RAB6C	RAB6C, member RAS oncogene family	2.621	0.247
440905	FAR2P1	fatty acyl-CoA reductase 2 pseudogene 1	0.901	-0.89
112714	TUBA3E	tubulin alpha 3e	2.99	1.26
84317	CCDC115	coiled-coil domain containing 115	2.683	-0.274
92856	IMP4	IMP U3 small nucleolar ribonucleoprotein 4	3.076	0.236
100216479	FAR2P2	fatty acyl-CoA reductase 2 pseudogene 2	1.71	-0.567
150786	RAB6D	RAB6D, member RAS oncogene family	2.583	0.223
113457	TUBA3D	tubulin alpha 3d	3.18	1.23
29798	C2orf27A	chromosome 2 open reading frame 27A	1.691	-0.75
2863	GPR39	G protein-coupled receptor 39	0.948	-2.729
116372	LYPD1	LY6/PLAUR domain containing 1	1.155	-2.827
81615	TMEM163	transmembrane protein 163	1.276	-0.953
100129961	CCNT2-AS1	CCNT2 antisense RNA 1	1.582	0.313
84083	ZRANB3	zinc finger RANBP2-type containing 3	2.238	0.186
23518	R3HDM1	R3H domain containing 1	2.701	0.511
23190	UBXN4	UBX domain protein 4	3.434	0.147
4175	MCM6	minichromosome maintenance complex component 6	2.422	-0.53
101928243	DARS1-AS1	DARS1 antisense RNA 1	1.353	0.623
112268426	LOC112268426		1.465	-0.948
7852	CXCR4	C-X-C motif chemokine receptor 4	2.321	-0.956
79712	GTDC1	glycosyltransferase like domain containing 1	2.794	0.215
100303491	ZEB2-AS1	ZEB2 antisense RNA 1	1.135	0.376
55777	MBD5	methyl-CpG binding domain protein 5	2.665	0.179
390	RND3	Rho family GTPase 3	3.073	-0.604
55660	PRPF40A	pre-mRNA processing factor 40 homolog A	3.143	0.389
728066	FAM133DP	family with sequence similarity 133, member A pseudogene	2.109	0.242
8502	PKP4	plakophilin 4	3.292	0.415
107985780	LOC107985780		1.031	0.835
100129029	PKP4-AS1	PKP4 antisense RNA 1	1.611	0.289
29994	BAZ2B	bromodomain adjacent to zinc finger domain 2B	2.969	0.208
5937	RBMS1	RNA binding motif single stranded interacting protein 1	3.315	-0.252
10010	TANK	TRAF family member associated NFKB activator	2.881	0.492
10213	PSMD14	proteasome 26S subunit, non-ATPase 14	3.141	0.219
285116	AHCTF1P1	AT-hook containing transcription factor 1 pseudogene 1	2.613	0.457
1803	DPP4	dipeptidyl peptidase 4	2.441	0.732
100131604	DPP4-DT	DPP4 divergent transcript	1.592	0.502
101929532	LOC101929532	uncharacterized LOC101929532	1.471	-1.121
2191	FAP	fibroblast activation protein alpha	2.288	-1.29
2888	GRB14	growth factor receptor bound protein 14	2.612	0.961
22837	COBLL1	cordon-bleu WH2 repeat protein like 1	2.829	0.255
80034	CSRNP3	cysteine and serine rich nuclear protein 3	2.268	-0.455
6332	SCN7A	sodium voltage-gated channel alpha subunit 7	3.483	-0.685
100874011	XIRP2-AS1	XIRP2 antisense RNA 1	1.409	-0.779
10170	DHRS9	dehydrogenase/reductase 9	2.049	-0.952
129880	BBS5	Bardet-Biedl syndrome 5	2.482	-0.22
10324	KLHL41	kelch like family member 41	3.692	0.473
9360	PPIG	peptidylprolyl isomerase G	3.171	0.236
493911	PHOSPHO2	phosphatase, orphan 2	1.544	0.347
100526832	PHOSPHO2-KLHL23	PHOSPHO2-KLHL23 readthrough	2.426	0.681
151230	KLHL23	kelch like family member 23	2.419	0.684
6741	SSB	small RNA binding exonuclease protection factor La	3.248	0.283
29081	METTL5	methyltransferase 5, N6-adenosine	2.895	0.17
130507	UBR3	ubiquitin protein ligase E3 component n-recognin 3	3.66	0.546
26003	GORASP2	golgi reassembly stacking protein 2	3.323	0.138
79828	METTL8	methyltransferase 8, methylcytidine	2.417	0.468
1781	DYNC1I2	dynein cytoplasmic 1 intermediate chain 2	3.376	0.271
8604	SLC25A12	solute carrier family 25 member 12	3.698	0.409
3655	ITGA6	integrin subunit alpha 6	3.472	0.3
51776	MAP3K20	mitogen-activated protein kinase kinase kinase 20	4.339	0.242
339751	MAP3K20-AS1	MAP3K20 antisense RNA 1	2.778	0.673
29789	OLA1	Obg like ATPase 1	3.191	0.416
9541	CIR1	corepressor interacting with RBPJ, CIR1	2.965	0.215
79634	SCRN3	secernin 3	3.099	0.26
151556	GPR155	G protein-coupled receptor 155	2.937	0.546
105373748	GPR155-DT	GPR155 divergent transcript	1.734	-0.33
1123	CHN1	chimerin 1	2.725	-0.239
80856	LNPK	lunapark, ER junction formation factor	2.888	0.439
401022	HAGLR	HOXD antisense growth-associated long non-coding RNA	1.294	1.069
220988	HNRNPA3	heterogeneous nuclear ribonucleoprotein A3	3.598	-0.135
4780	NFE2L2	NFE2 like bZIP transcription factor 2	3.369	-0.158
100130691	LOC100130691	Putative uncharacterized protein FLJ44553	1.965	-0.277
50940	PDE11A	phosphodiesterase 11A	1.709	0.945
114880	OSBPL6	oxysterol binding protein like 6	2.635	-0.369
8575	PRKRA	protein activator of interferon induced protein kinase EIF2AK2	3.122	0.321
494513	PJVK	pejvakin	1.817	0.257
100506866	TTN-AS1	TTN antisense RNA 1	3.398	1.429
7273	TTN	titin	5.404	0.672
101927055	LOC101927055	uncharacterized LOC101927055	1.892	0.577
57703	CWC22	CWC22 spliceosome associated protein homolog	2.716	0.167
10477	UBE2E3	ubiquitin conjugating enzyme E2 E3	2.934	0.225
6744	ITPRID2	ITPR interacting domain containing 2	3.447	0.284
151242	PPP1R1C	protein phosphatase 1 regulatory inhibitor subunit 1C	2.865	0.308
102724288	LOC102724288	uncharacterized LOC102724288	2.265	1.159
2487	FRZB	frizzled related protein	2.749	-2.354
10787	NCKAP1	NCK associated protein 1	3.811	0.305
107985783	LOC107985783		1.009	0.587
55854	ZC3H15	zinc finger CCCH-type containing 15	3.066	0.169
7035	TFPI	tissue factor pathway inhibitor	2.949	0.475
54529	ASNSD1	asparagine synthetase domain containing 1	3.018	0.337
110599588	ASDURF	ASNSD1 upstream open reading frame	2.199	0.782
84281	C2orf88	chromosome 2 open reading frame 88	2.918	0.503
2660	MSTN	myostatin	1.293	-2.245
54842	MFSD6	major facilitator superfamily domain containing 6	2.956	0.427
105376748	NEMP2-DT	NEMP2 divergent transcript	1.634	0.444
105373805	STAT4-AS1	STAT4 antisense RNA 1	1.171	-1.077
6775	STAT4	signal transducer and activator of transcription 4	2.398	-1.116
4430	MYO1B	myosin IB	3.069	0.444
64859	NABP1	nucleic acid binding protein 1	1.991	0.842
105373813	CAVIN2-AS1	CAVIN2 and TMEFF2 antisense RNA 1	1.618	-0.394
105376754	LOC105376754		1.705	-0.583
9330	GTF3C3	general transcription factor IIIC subunit 3	2.939	0.157
401027	C2orf66	chromosome 2 open reading frame 66	1.022	-0.769
80055	PGAP1	post-GPI attachment to proteins inositol deacylase 1	2.568	-0.507
23451	SF3B1	splicing factor 3b subunit 1	3.93	0.154
80219	COQ10B	coenzyme Q10B	3.033	-0.344
3329	HSPD1	heat shock protein family D (Hsp60) member 1	3.655	0.197
106635540	SNORA105B	small nucleolar RNA, H/ACA box 105B	1.907	-0.629
100529241	HSPE1-MOB4	HSPE1-MOB4 readthrough	3.054	0.243
5334	PLCL1	phospholipase C like 1 (inactive)	3.628	0.423
23314	SATB2	SATB homeobox 2	1.609	0.518
130535	KCTD18	potassium channel tetramerization domain containing 18	2.65	0.142
151246	SGO2	shugoshin 2	1.715	0.443
316	AOX1	aldehyde oxidase 1	2.373	1.068
101927795	BZW1-AS1	BZW1 antisense RNA 1	1.108	0.949
60491	NIF3L1	NGG1 interacting factor 3 like 1	2.692	0.248
4709	NDUFB3	NADH:ubiquinone oxidoreductase subunit B3	3.54	0.432
65072	CFLAR-AS1	CFLAR antisense RNA 1	2.502	0.483
55437	STRADB	STE20 related adaptor beta	3.119	0.635
65062	TMEM237	transmembrane protein 237	2.862	-0.302
57679	ALS2	alsin Rho guanine nucleotide exchange factor ALS2	3.305	0.226
8324	FZD7	frizzled class receptor 7	2.91	-0.392
7341	SUMO1	small ubiquitin like modifier 1	3.184	0.195
150864	FAM117B	family with sequence similarity 117 member B	2.165	-0.56
130026	ICA1L	islet cell autoantigen 1 like	2.62	-0.259
55759	WDR12	WD repeat domain 12	2.859	0.342
8828	NRP2	neuropilin 2	2.556	-0.518
54891	INO80D	INO80 complex subunit D	2.868	-0.206
1933	EEF1B2	eukaryotic translation elongation factor 1 beta 2	3.413	0.219
2825	CMKLR2	chemerin chemokine-like receptor 2	1.782	-0.687
8745	ADAM23	ADAM metallopeptidase domain 23	3.579	0.613
200726	FAM237A	family with sequence similarity 237 member A	1.127	0.936
22868	FASTKD2	FAST kinase domains 2	3.265	0.219
1385	CREB1	cAMP responsive element binding protein 1	2.981	0.264
151194	METTL21A	methyltransferase 21A, HSPA lysine	2.41	0.588
151195	CCNYL1	cyclin Y like 1	2.472	0.321
7855	FZD5	frizzled class receptor 5	2.387	0.404
3417	IDH1	isocitrate dehydrogenase (NADP(+)) 1	2.958	0.721
4133	MAP2	microtubule associated protein 2	2.736	-0.412
285175	UNC80	unc-80 homolog, NALCN channel complex subunit	1.523	-4.011
4632	MYL1	myosin light chain 1	1.202	-3.031
10314	LANCL1	LanC like glutathione S-transferase 1	3.411	-0.226
580	BARD1	BRCA1 associated RING domain 1	1.953	0.387
471	ATIC	5-aminoimidazole-4-carboxamide ribonucleotide formyltransferase/IMP cyclohydrolase	2.979	0.295
55825	PECR	peroxisomal trans-2-enoyl-CoA reductase	1.917	0.519
3488	IGFBP5	insulin like growth factor binding protein 5	4.152	-0.544
3579	CXCR2	C-X-C motif chemokine receptor 2	1.684	-0.884
3577	CXCR1	C-X-C motif chemokine receptor 1	1.546	-1.041
10109	ARPC2	actin related protein 2/3 complex subunit 2	3.598	0.217
58190	CTDSP1	CTD small phosphatase 1	3.392	-0.151
7429	VIL1	villin 1	1.979	-0.211
9125	CNOT9	CCR4-NOT transcription complex subunit 9	2.903	-0.224
64320	RNF25	ring finger protein 25	2.52	-0.194
1593	CYP27A1	cytochrome P450 family 27 subfamily A member 1	2.613	-0.569
53632	PRKAG3	protein kinase AMP-activated non-catalytic subunit gamma 3	1.384	-1.188
79840	NHEJ1	non-homologous end joining factor 1	2.261	0.31
27013	CNPPD1	cyclin Pas1/PHO80 domain containing 1	3.232	-0.153
10058	ABCB6	ATP binding cassette subfamily B member 6 (Langereis blood group)	2.747	0.877
79065	ATG9A	autophagy related 9A	3.468	0.219
55139	ANKZF1	ankyrin repeat and zinc finger peptidyl tRNA hydrolase 1	3.066	0.248
80086	TUBA4B	tubulin alpha 4b	2.125	0.459
1674	DES	desmin	5.607	0.351
100996693	SPEGNB	SPEG neighbor	1.426	-0.449
130612	TMEM198	transmembrane protein 198	1.922	0.33
6508	SLC4A3	solute carrier family 4 member 3	4.182	0.206
107985989	LOC107985989		1.326	1.351
107985988	LOC107985988		1.652	0.9
440934	CT75	cancer/testis associated transcript 75	1.617	0.79
130367	SGPP2	sphingosine-1-phosphate phosphatase 2	2.83	1.781
10056	FARSB	phenylalanyl-tRNA synthetase subunit beta	3.055	0.35
2181	ACSL3	acyl-CoA synthetase long chain family member 3	3.296	0.204
7857	SCG2	secretogranin II	1.261	-1.388
79843	FAM124B	family with sequence similarity 124 member B	1.856	-0.714
8452	CUL3	cullin 3	3.387	0.331
654841	MFF-DT	MFF divergent transcript	1.184	0.425
56947	MFF	mitochondrial fission factor	3.321	0.324
3267	AGFG1	ArfGAP with FG repeats 1	3.188	0.152
107985993	LOC107985993	uncharacterized LOC107985993	2.11	0.8
92737	DNER	delta/notch like EGF repeat containing	1.736	1.283
9320	TRIP12	thyroid hormone receptor interactor 12	3.69	0.18
130888	FBXO36	F-box protein 36	1.616	-0.472
93349	SP140L	SP140 nuclear body protein like	2.39	0.273
5707	PSMD1	proteasome 26S subunit, non-ATPase 1	3.609	0.179
3357	HTR2B	5-hydroxytryptamine receptor 2B	1.69	-0.904
80210	ARMC9	armadillo repeat containing 9	2.006	-0.367
93010	B3GNT7	UDP-GlcNAc:betaGal beta-1,3-N-acetylglucosaminyltransferase 7	1.919	0.789
5757	PTMA	prothymosin alpha	3.46	0.218
64708	COPS7B	COP9 signalosome subunit 7B	2.873	-0.329
4880	NPPC	natriuretic peptide C	1.294	2.079
200765	TIGD1	tigger transposable element derived 1	1.922	-0.311
80303	EFHD1	EF-hand domain family member D1	2.972	-0.353
26058	GIGYF2	GRB10 interacting GYF protein 2	3.414	0.315
25791	NGEF	neuronal guanine nucleotide exchange factor	1.082	-2.9
55230	USP40	ubiquitin specific peptidase 40	2.977	0.11
55355	HJURP	Holliday junction recognition protein	0.956	2.104
151507	MSL3P1	MSL complex subunit 3 pseudogene 1	1.508	0.79
116987	AGAP1	ArfGAP with GTPase domain, ankyrin repeat and PH domain 1	2.956	0.382
401036	ASB18	ankyrin repeat and SOCS box containing 18	2.544	-0.909
57007	ACKR3	atypical chemokine receptor 3	2.919	-0.452
79083	MLPH	melanophilin	3.092	0.867
9208	LRRFIP1	LRR binding FLII interacting protein 1	3.692	0.218
100533179	UBE2F-SCLY	UBE2F-SCLY readthrough (NMD candidate)	2.514	0.323
140739	UBE2F	ubiquitin conjugating enzyme E2 F (putative)	2.944	0.306
80895	ILKAP	ILK associated serine/threonine phosphatase	2.846	-0.212
8864	PER2	period circadian regulator 2	2.625	-1.239
117581	TWIST2	twist family bHLH transcription factor 2	1.449	1.082
150678	COPS9	COP9 signalosome subunit 9	2.926	0.553
51281	ANKMY1	ankyrin repeat and MYND domain containing 1	2.21	-0.307
285193	DUSP28	dual specificity phosphatase 28	2.492	-0.233
101752400	CAPN10-DT	CAPN10 divergent transcript	1.907	-0.36
11132	CAPN10	calpain 10	2.719	0.239
25992	SNED1	sushi, nidogen and EGF like domains 1	2.764	-0.519
50636	ANO7	anoctamin 7	2.07	0.235
3069	HDLBP	high density lipoprotein binding protein	4.136	0.267
101927509	HDLBP-AS1	HDLBP antisense RNA 1	1.963	0.272
9855	FARP2	FERM, ARH/RhoGEF and pleckstrin domain protein 2	2.418	-0.191
10494	STK25	serine/threonine kinase 25	3.334	0.14
51078	THAP4	THAP domain containing 4	3.202	0.26
23192	ATG4B	autophagy related 4B cysteine peptidase	3.08	-0.202
728323	LINC01881	long intergenic non-protein coding RNA 1881	1.771	0.56
10752	CHL1	cell adhesion molecule L1 like	2.363	1.708
51185	CRBN	cereblon	3.061	-0.136
100507582	BHLHE40-AS1	BHLHE40 antisense RNA 1	1.242	-0.597
8553	BHLHE40	basic helix-loop-helix family member e40	3.12	-0.55
9695	EDEM1	ER degradation enhancing alpha-mannosidase like protein 1	2.755	-0.298
9901	SRGAP3	SLIT-ROBO Rho GTPase activating protein 3	2.726	-0.523
25917	THUMPD3	THUMP domain containing 3	3.03	0.227
440944	THUMPD3-AS1	THUMPD3 antisense RNA 1	2.478	-0.243
100526693	ARPC4-TTLL3	ARPC4-TTLL3 readthrough	2.73	-0.366
26140	TTLL3	tubulin tyrosine ligase like 3	2.638	-0.734
285367	RPUSD3	RNA pseudouridine synthase D3	2.702	0.248
132014	IL17RE	interleukin 17 receptor E	1.419	-0.4
285368	PRRT3	proline rich transmembrane protein 3	1.663	-0.654
55831	EMC3	ER membrane protein complex subunit 3	3.326	0.811
113219470	MIR12127	microRNA 12127	1.069	-0.554
100126793	GHRLOS	ghrelin opposite strand/antisense RNA	1.439	-0.319
6396	SEC13	SEC13 homolog, nuclear pore and COPII coat complex component	3.138	0.127
6529	SLC6A1	solute carrier family 6 member 1	2.409	-1.291
10533	ATG7	autophagy related 7	2.774	-0.283
9686	VGLL4	vestigial like family member 4	2.962	-0.298
5468	PPARG	peroxisome proliferator activated receptor gamma	2.6	0.68
80746	TSEN2	tRNA splicing endonuclease subunit 2	2.528	0.419
100129480	MKRN2OS	MKRN2 opposite strand	2.089	-1.564
23609	MKRN2	makorin ring finger protein 2	3.183	-0.282
5894	RAF1	Raf-1 proto-oncogene, serine/threonine kinase	3.744	0.201
55287	TMEM40	transmembrane protein 40	1.529	1.369
6161	RPL32	ribosomal protein L32	3.924	0.415
9922	IQSEC1	IQ motif and Sec7 domain ArfGEF 1	3.518	0.327
2199	FBLN2	fibulin 2	3.548	-0.685
131474	CHCHD4	coiled-coil-helix-coiled-coil-helix domain containing 4	2.804	0.448
7508	XPC	XPC complex subunit, DNA damage recognition and repair factor	2.934	-0.374
107986063	XPC-AS1	XPC antisense RNA 1	1.565	-0.395
27258	LSM3	LSM3 homolog, U6 small nuclear RNA and mRNA degradation associated	3.063	0.22
101927565	LINC01267	long intergenic non-protein coding RNA 1267	1.061	-2.112
105376959	LOC105376959	uncharacterized LOC105376959	1.515	-1.136
6533	SLC6A6	solute carrier family 6 member 6	3.258	-1.252
51244	CCDC174	coiled-coil domain containing 174	2.64	0.19
152273	FGD5	FYVE, RhoGEF and PH domain containing 5	2.912	-0.238
105376963	LOC105376963	uncharacterized LOC105376963	1.1	-0.382
100505641	FGD5-AS1	FGD5 antisense RNA 1	3.453	-0.288
64432	MRPS25	mitochondrial ribosomal protein S25	3.651	0.463
100505696	SH3BP5-AS1	SH3BP5 antisense RNA 1	2.842	-0.239
85403	EAF1	ELL associated factor 1	2.663	-0.251
8292	COLQ	collagen like tail subunit of asymmetric acetylcholinesterase	2.922	-0.863
686	BTD	biotinidase	2.746	0.222
23243	ANKRD28	ankyrin repeat domain 28	2.988	0.282
117248	GALNT15	polypeptide N-acetylgalactosaminyltransferase 15	2.906	0.921
285381	DPH3	diphthamide biosynthesis 3	2.986	0.248
92106	OXNAD1	oxidoreductase NAD binding domain containing 1	2.887	0.238
23228	PLCL2	phospholipase C like 2	3.302	0.559
105376972	LOC105376972	uncharacterized LOC105376972	1.091	0.561
9779	TBC1D5	TBC1 domain family member 5	3.099	0.154
6304	SATB1	SATB homeobox 1	3.398	0.171
5868	RAB5A	RAB5A, member RAS oncogene family	3.23	0.213
8850	KAT2B	lysine acetyltransferase 2B	3.482	0.615
151648	SGO1	shugoshin 1	1.109	1.568
7325	UBE2E2	ubiquitin conjugating enzyme E2 E2	2.88	-0.144
7324	UBE2E1	ubiquitin conjugating enzyme E2 E1	3.009	0.326
28512	NKIRAS1	NFKB inhibitor interacting Ras like 1	3.055	0.302
6138	RPL15	ribosomal protein L15	3.888	-0.207
7068	THRB	thyroid hormone receptor beta	2.983	-0.366
7155	TOP2B	DNA topoisomerase II beta	3.652	0.214
55768	NGLY1	N-glycanase 1	2.953	0.559
152110	NEK10	NIMA related kinase 10	2.496	0.855
152100	CMC1	C-X9-C motif containing 1	2.873	0.173
64343	AZI2	5-azacytidine induced 2	2.844	0.12
27303	RBMS3	RNA binding motif single stranded interacting protein 3	2.925	-0.385
7048	TGFBR2	transforming growth factor beta receptor 2	3.897	0.461
201595	STT3B	STT3 oligosaccharyltransferase complex catalytic subunit B	3.634	0.217
23171	GPD1L	glycerol-3-phosphate dehydrogenase 1 like	4.072	0.619
152189	CMTM8	CKLF like MARVEL transmembrane domain containing 8	1.97	-0.261
54918	CMTM6	CKLF like MARVEL transmembrane domain containing 6	2.903	-0.206
25827	FBXL2	F-box and leucine rich repeat protein 2	1.977	-0.605
10015	PDCD6IP	programmed cell death 6 interacting protein	3.526	0.186
85443	DCLK3	doublecortin like kinase 3	1.159	0.885
9881	TRANK1	tetratricopeptide repeat and ankyrin repeat containing 1	2.636	-0.473
9852	EPM2AIP1	EPM2A interacting protein 1	3.364	-0.283
9209	LRRFIP2	LRR binding FLII interacting protein 2	3.686	0.413
112268444	LOC112268444		1.564	-0.421
152048	GOLGA4-AS1	GOLGA4 antisense RNA 1	2.19	-0.488
2803	GOLGA4	golgin A4	3.843	0.576
50853	VILL	villin like	2.063	-0.403
9940	DLEC1	DLEC1 cilia and flagella associated protein	2.722	0.237
6336	SCN10A	sodium voltage-gated channel alpha subunit 10	1.563	0.542
11280	SCN11A	sodium voltage-gated channel alpha subunit 11	0.959	-0.751
199223	TTC21A	tetratricopeptide repeat domain 21A	1.889	-0.438
64651	CSRNP1	cysteine and serine rich nuclear protein 1	2.998	-1.21
54977	SLC25A38	solute carrier family 25 member 38	2.836	0.221
10289	EIF1B	eukaryotic translation initiation factor 1B	3.816	0.322
956	ENTPD3	ectonucleoside triphosphate diphosphohydrolase 3	1.612	-0.633
9045	RPL14	ribosomal protein L14	3.755	0.215
1499	CTNNB1	catenin beta 1	3.772	-0.282
101928323	ZBTB47-AS1	ZBTB47 and NKTR antisense RNA 1	1.776	-0.371
25994	HIGD1A	HIG1 hypoxia inducible domain family member 1A	3.819	0.304
1238	ACKR2	atypical chemokine receptor 2	1.361	-1.512
84892	POMGNT2	protein O-linked mannose N-acetylglucosaminyltransferase 2 (beta 1,4-)	2.822	0.232
54861	SNRK	SNF related kinase	3.043	-0.406
100873954	SNRK-AS1	SNRK antisense RNA 1	2.586	-0.482
51099	ABHD5	abhydrolase domain containing 5, lysophosphatidic acid acyltransferase	3.001	0.349
285343	TCAIM	T cell activation inhibitor, mitochondrial	3.082	0.177
112840933	ZKSCAN7-AS1	ZKSCAN7 ZNF cluster antisense RNA 1	1.261	0.524
110354863	ZNF660-ZNF197	ZNF660-ZNF197 readthrough	2.379	0.238
285349	ZNF660	zinc finger protein 660	1.825	-0.469
10168	ZNF197	zinc finger protein 197	2.379	0.237
115560	ZNF501	zinc finger protein 501	2.064	-0.307
57456	KIAA1143	KIAA1143	3.032	0.217
56992	KIF15	kinesin family member 15	1.307	0.667
131616	TMEM42	transmembrane protein 42	2.317	-0.406
64866	CDCP1	CUB domain containing protein 1	1.246	0.876
79443	FYCO1	FYVE and coiled-coil domain autophagy adaptor 1	3.986	0.442
10663	CXCR6	C-X-C motif chemokine receptor 6	1.46	0.711
105377063	LOC105377063	uncharacterized LOC105377063	1.02	1.064
1230	CCR1	C-C motif chemokine receptor 1	1.941	0.989
79442	LRRC2	leucine rich repeat containing 2	3.841	0.518
259173	ALS2CL	ALS2 C-terminal like	3.299	0.342
5745	PTH1R	parathyroid hormone 1 receptor	2.66	0.874
29072	SETD2	SET domain containing 2, histone lysine methyltransferase	3.248	0.275
285352	KIF9-AS1	KIF9 antisense RNA 1	1.596	-0.537
25930	PTPN23	protein tyrosine phosphatase non-receptor type 23	3.02	-0.18
54859	ELP6	elongator acetyltransferase complex subunit 6	2.655	0.174
51385	ZNF589	zinc finger protein 589	2.5	0.286
5364	PLXNB1	plexin B1	3.331	0.345
51372	TMA7	translation machinery associated 7 homolog	3.144	0.383
1294	COL7A1	collagen type VII alpha 1 chain	3.084	-0.321
1951	CELSR3	cadherin EGF LAG seven-pass G-type receptor 3	1.445	-0.516
51517	NCKIPSD	NCK interacting protein with SH3 domain	3.055	-0.702
51447	IP6K2	inositol hexakisphosphate kinase 2	3.134	-0.363
5576	PRKAR2A	protein kinase cAMP-dependent type II regulatory subunit alpha	3.34	0.289
54681	P4HTM	prolyl 4-hydroxylase, transmembrane	2.863	-0.453
11180	WDR6	WD repeat domain 6	3.467	-0.219
55152	DALRD3	DALR anticodon binding domain containing 3	2.744	-0.338
25915	NDUFAF3	NADH:ubiquinone oxidoreductase complex assembly factor 3	3.252	-0.442
54870	QRICH1	glutamine rich 1	3.157	0.153
10869	USP19	ubiquitin specific peptidase 19	3.369	-0.27
3913	LAMB2	laminin subunit beta 2	4.272	-0.268
22973	LAMB2P1	laminin subunit beta 2 pseudogene 1	1.133	-0.585
7375	USP4	ubiquitin specific peptidase 4	3.254	-0.174
275	AMT	aminomethyltransferase	3.041	-0.347
84276	NICN1	nicolin 1, tubulin polyglutamylase complex subunit	2.82	-0.29
1605	DAG1	dystroglycan 1	3.839	0.291
8927	BSN	bassoon presynaptic cytomatrix protein	1.853	-0.739
63891	RNF123	ring finger protein 123	3.12	-0.249
386724	AMIGO3	adhesion molecule with Ig like domain 3	1.968	-0.787
9807	IP6K1	inositol hexakisphosphate kinase 1	2.938	-0.178
389119	INKA1	inka box actin regulator 1	1.713	-0.616
7318	UBA7	ubiquitin like modifier activating enzyme 7	2.916	-0.441
100847079	MIR5193	microRNA 5193	1.233	-0.528
10293	TRAIP	TRAF interacting protein	1.391	-0.362
10180	RBM6	RNA binding motif protein 6	3.518	0.345
10181	RBM5	RNA binding motif protein 5	3.524	-0.201
101928931	SEMA3B-AS1	SEMA3B antisense RNA 1 (head to head)	1.444	-0.958
7869	SEMA3B	semaphorin 3B	2.889	-0.333
7866	IFRD2	interferon related developmental regulator 2	3.017	0.271
3373	HYAL1	hyaluronidase 1	3.327	0.268
11186	RASSF1	Ras association domain family member 1	2.788	-0.834
102060282	RASSF1-AS1	RASSF1 antisense RNA 1	1.065	-1.009
11068	CYB561D2	cytochrome b561 family member D2	2.084	-0.412
9254	CACNA2D2	calcium voltage-gated channel auxiliary subunit alpha2delta 2	2.312	-0.583
51161	C3orf18	chromosome 3 open reading frame 18	3.137	0.359
51409	HEMK1	HemK methyltransferase family member 1	2.83	-0.227
1154	CISH	cytokine inducible SH2 containing protein	2.775	-0.843
7867	MAPKAPK3	MAPK activated protein kinase 3	4.001	0.491
7873	MANF	mesencephalic astrocyte derived neurotrophic factor	2.841	0.371
9730	DCAF1	DDB1 and CUL4 associated factor 1	2.997	0.2
23132	RAD54L2	RAD54 like 2	2.898	-0.157
2912	GRM2	glutamate metabotropic receptor 2	1.384	-1.348
84836	ABHD14B	abhydrolase domain containing 14B	2.727	-0.332
25886	POC1A	POC1 centriolar protein A	1.492	0.426
54106	TLR9	toll like receptor 9	1.45	-0.756
11344	TWF2	twinfilin actin binding protein 2	3.361	0.284
132160	PPM1M	protein phosphatase, Mg2+/Mn2+ dependent 1M	2.529	-0.335
80335	WDR82	WD repeat domain 82	3.544	-0.112
25981	DNAH1	dynein axonemal heavy chain 1	2.584	-0.323
56920	SEMA3G	semaphorin 3G	3.021	-0.278
105377091	LOC105377091		1.068	-0.624
11188	NISCH	nischarin	3.463	-0.336
64943	NT5DC2	5'-nucleotidase domain containing 2	3.084	0.519
55193	PBRM1	polybromo 1	3.218	0.286
26354	GNL3	G protein nucleolar 3	2.954	0.342
100873993	ITIH4-AS1	ITIH4 antisense RNA 1	0.948	-0.683
100526772	STIMATE-MUSTN1	STIMATE-MUSTN1 readthrough	2.471	0.647
389125	MUSTN1	musculoskeletal, embryonic nuclear protein 1	2.43	0.683
51460	SFMBT1	Scm like with four mbt domains 1	2.85	0.147
5580	PRKCD	protein kinase C delta	2.621	0.706
7086	TKT	transketolase	2.942	0.872
776	CACNA1D	calcium voltage-gated channel subunit alpha1 D	1.267	1.034
55349	CHDH	choline dehydrogenase	2.281	1.728
55540	IL17RB	interleukin 17 receptor B	2.064	0.433
55799	CACNA2D3	calcium voltage-gated channel auxiliary subunit alpha2delta 3	2.932	1.182
100874237	CACNA2D3-AS1	CACNA2D3 antisense RNA 1	0.895	0.972
7474	WNT5A	Wnt family member 5A	2.069	1.035
285331	CCDC66	coiled-coil domain containing 66	2.648	0.284
23272	TASOR	transcription activation suppressor	3.051	0.159
8820	HESX1	HESX homeobox 1	1.337	-0.787
142686	ASB14	ankyrin repeat and SOCS box containing 14	2.646	0.803
105377102	LOC105377102	uncharacterized LOC105377102	1.964	0.626
201625	DNAH12	dynein axonemal heavy chain 12	1.107	-0.953
378	ARF4	ADP ribosylation factor 4	3.376	-0.234
1776	DNASE1L3	deoxyribonuclease 1 like 3	1.713	-1.17
57406	ABHD6	abhydrolase domain containing 6, acylglycerol lipase	2.276	0.4
109703458	HTD2	hydroxyacyl-thioester dehydratase type 2	2.809	0.273
5162	PDHB	pyruvate dehydrogenase E1 subunit beta	3.75	0.264
80145	THOC7	THO complex subunit 7	3.152	0.341
9861	PSMD6	proteasome 26S subunit, non-ATPase 6	3.321	0.177
100652759	PRICKLE2-AS1	PRICKLE2 antisense RNA 1	1.921	-0.518
166336	PRICKLE2	prickle planar cell polarity protein 2	2.656	-0.736
56999	ADAMTS9	ADAM metallopeptidase with thrombospondin type 1 motif 9	2.863	0.777
100507098	ADAMTS9-AS2	ADAMTS9 antisense RNA 2	1.592	-0.499
10550	ARL6IP5	ADP ribosylation factor like GTPase 6 interacting protein 5	3.82	0.238
56203	LMOD3	leiomodin 3	3.862	0.445
27086	FOXP1	forkhead box P1	2.957	-0.261
317649	EIF4E3	eukaryotic translation initiation factor 4E family member 3	3.317	0.183
2850	GPR27	G protein-coupled receptor 27	2.261	-0.679
23429	RYBP	RING1 and YY1 binding protein	2.859	-0.271
23024	PDZRN3	PDZ domain containing ring finger 3	3.502	0.541
101927249	PDZRN3-AS1	PDZRN3 antisense RNA 1	2.96	0.454
5067	CNTN3	contactin 3	2.06	1.109
107986100	LINC02018	long intergenic non-protein coding RNA 2018	1.149	-0.43
100131827	ZNF717	zinc finger protein 717	2.289	-0.209
105377188	LOC105377188	uncharacterized LOC105377188	2.526	-1.434
3355	HTR1F	5-hydroxytryptamine receptor 1F	0.865	0.816
2042	EPHA3	EPH receptor A3	2.719	-1.079
5627	PROS1	protein S	3.624	-0.908
131544	CRYBG3	crystallin beta-gamma domain containing 3	3.074	0.243
100874207	ST3GAL6-AS1	ST3GAL6 antisense RNA 1	1.984	-0.506
10402	ST3GAL6	ST3 beta-galactoside alpha-2,3-sialyltransferase 6	3.287	-0.449
131566	DCBLD2	discoidin, CUB and LCCL domain containing 2	3.424	-0.677
1295	COL8A1	collagen type VIII alpha 1 chain	3.28	-0.695
101929357	HP09053	uncharacterized LOC101929357	1.385	0.789
84319	CMSS1	cms1 ribosomal small subunit homolog	2.711	0.595
11259	FILIP1L	filamin A interacting protein 1 like	3.406	-0.362
9868	TOMM70	translocase of outer mitochondrial membrane 70	3.516	0.303
55076	TMEM45A	transmembrane protein 45A	1.965	0.57
25890	ABI3BP	ABI family member 3 binding protein	3.258	-0.779
54931	TRMT10C	tRNA methyltransferase 10C, mitochondrial RNase P subunit	2.828	0.398
57092	PCNP	PEST proteolytic signal containing nuclear protein	3.623	0.133
100009676	ZBTB11-AS1	ZBTB11 antisense RNA 1	1.903	-0.322
91775	NXPE3	neurexophilin and PC-esterase domain family member 3	3.289	0.307
868	CBLB	Cbl proto-oncogene B	3.379	0.445
101929534	LOC101929534	uncharacterized LOC101929534	1.178	0.435
84692	CCDC54	coiled-coil domain containing 54	1.175	-0.829
101929579	CCDC54-AS1	CCDC54 antisense RNA 1	1.037	-0.689
961	CD47	CD47 molecule	3.264	-0.26
25945	NECTIN3	nectin cell adhesion molecule 3	2.585	0.431
257068	PLCXD2	phosphatidylinositol specific phospholipase C X domain containing 2	1.162	-0.738
90102	PHLDB2	pleckstrin homology like domain family B member 2	3.708	-0.409
105374040	LOC105374040	uncharacterized LOC105374040	1.42	2.716
29114	TAGLN3	transgelin 3	0.829	-0.897
64422	ATG3	autophagy related 3	3.015	0.223
112268447	LOC112268447		3.068	-1.038
100506621	LINC01279	replaced by ID 151887	3.044	-1.06
151887	CCDC80	coiled-coil domain containing 80	3.814	-1.081
29083	GTPBP8	GTP binding protein 8 (putative)	2.646	0.297
25871	NEPRO	nucleolus and neural progenitor protein	3.055	0.223
91653	BOC	BOC cell adhesion associated, oncogene regulated	2.558	-0.882
54847	SIDT1	SID1 transmembrane family member 1	1.565	-0.375
54762	GRAMD1C	GRAM domain containing 1C	1.642	0.748
254887	ZDHHC23	zinc finger DHHC-type palmitoyltransferase 23	1.935	0.554
693153	MIR568	microRNA 568	0.935	-0.654
4045	LSAMP	limbic system associated membrane protein	2.444	1.543
152404	IGSF11	immunoglobulin superfamily member 11	1.883	0.794
8702	B4GALT4	beta-1,4-galactosyltransferase 4	2.594	0.314
100874201	B4GALT4-AS1	B4GALT4 antisense RNA 1	1.144	0.421
57514	ARHGAP31	Rho GTPase activating protein 31	3.358	0.378
51300	TIMMDC1	translocase of inner mitochondrial membrane domain containing 1	3.595	0.538
51365	PLA1A	phospholipase A1 member A	1.957	0.481
64091	POPDC2	popeye domain containing 2	4.165	0.258
105374063	LOC105374063	uncharacterized LOC105374063	2.82	0.925
10063	COX17	cytochrome c oxidase copper chaperone COX17	3.18	0.546
89876	CFAP91	cilia and flagella associated protein 91	1.5	-0.505
107986119	GSK3B-DT	GSK3B divergent transcript	1.592	-0.471
100130701	LRRC58-DT	LRRC58 divergent transcript	1.673	-0.663
11167	FSTL1	follistatin like 1	4.098	-0.376
107986121	LOC107986121	uncharacterized LOC107986121	1.962	-0.269
4710	NDUFB4	NADH:ubiquinone oxidoreductase subunit B4	3.785	0.274
285282	RABL3	RAB, member of RAS oncogene family like 3	2.83	-0.235
2960	GTF2E1	general transcription factor IIE subunit 1	2.377	0.164
10721	POLQ	DNA polymerase theta	1.487	0.916
51725	FBXO40	F-box protein 40	4.108	0.315
2804	GOLGB1	golgin B1	3.578	0.261
1475	CSTA	cystatin A	1.299	0.615
131076	MIX23	mitochondrial matrix import factor 23	2.43	0.489
54554	WDR5B	WD repeat domain 5B	2.374	-0.234
100129550	LINC02035	long intergenic non-protein coding RNA 2035	2.353	-0.309
54437	SEMA5B	semaphorin 5B	2.449	-0.705
10954	PDIA5	protein disulfide isomerase family A member 5	2.217	0.278
7372	UMPS	uridine monophosphate synthetase	2.293	-0.229
57493	HEG1	heart development protein with EGF like domains 1	3.883	-0.327
7707	ZNF148	zinc finger protein 148	3.094	0.249
8723	SNX4	sorting nexin 4	2.823	0.15
114885	OSBPL11	oxysterol binding protein like 11	2.827	0.398
54946	SLC41A3	solute carrier family 41 member 3	3	0.154
10840	ALDH1L1	aldehyde dehydrogenase 1 family member L1	3.189	0.423
114112	TXNRD3	thioredoxin reductase 3	2.089	0.278
107986125	LINC02034	long intergenic non-protein coding RNA 2034	2.039	-0.77
131601	TPRA1	transmembrane protein adipocyte associated 1	2.675	-0.229
4171	MCM2	minichromosome maintenance complex component 2	2.379	-0.589
107986126	LOC107986126	uncharacterized LOC107986126	1.739	-0.975
50512	PODXL2	podocalyxin like 2	1.898	-1.102
11343	MGLL	monoglyceride lipase	3.669	-0.338
107986127	LOC107986127	uncharacterized LOC107986127	1.298	-0.732
107986129	LOC107986129	uncharacterized LOC107986129	1.246	-0.448
166348	KBTBD12	kelch repeat and BTB domain containing 12	3.282	-0.443
8607	RUVBL1	RuvB like AAA ATPase 1	2.946	0.215
6184	RPN1	ribophorin I	3.51	0.297
7879	RAB7A	RAB7A, member RAS oncogene family	3.912	0.206
28976	ACAD9	acyl-CoA dehydrogenase family member 9	3.058	0.23
79825	EFCC1	EF-hand and coiled-coil domain containing 1	2.12	-0.862
339122	RAB43	RAB43, member RAS oncogene family	2.062	-0.411
22820	COPG1	COPI coat complex subunit gamma 1	3.451	-0.211
27032	ATP2C1	ATPase secretory pathway Ca2+ transporting 1	3.468	-0.195
131870	NUDT16	nudix hydrolase 16	3.656	0.296
11222	MRPL3	mitochondrial ribosomal protein L3	3.123	0.4
105374114	LOC105374114	uncharacterized LOC105374114	1.711	0.403
131034	CPNE4	copine 4	2.952	1.456
23317	DNAJC13	DnaJ heat shock protein family (Hsp40) member C13	3.297	0.324
79876	UBA5	ubiquitin like modifier activating enzyme 5	3.128	0.219
27031	NPHP3	nephrocystin 3	2.715	-0.384
66000	TMEM108	transmembrane protein 108	1.733	-0.606
55573	CDV3	CDV3 homolog	3.684	0.2
11073	TOPBP1	DNA topoisomerase II binding protein 1	2.819	0.26
6259	RYK	receptor like tyrosine kinase	3.15	0.166
51421	AMOTL2	angiomotin like 2	3.348	-0.354
80254	CEP63	centrosomal protein 63	3.095	0.506
2047	EPHB1	EPH receptor B1	1.473	1.004
339855	KY	kyphoscoliosis peptidase	2.617	0.801
5523	PPP2R3A	protein phosphatase 2 regulatory subunit B''alpha	3.592	0.302
10274	STAG1	stromal antigen 1	3.035	0.238
80723	SLC35G2	solute carrier family 35 member G2	2.234	-0.304
4690	NCK1	NCK adaptor protein 1	2.674	0.194
107986136	IL20RB-AS1	IL20RB antisense RNA 1	1.83	0.326
22808	MRAS	muscle RAS oncogene homolog	3.869	0.346
105374129	LOC105374129		1.472	-0.562
80321	CEP70	centrosomal protein 70	2.693	0.449
5291	PIK3CB	phosphatidylinositol-4,5-bisphosphate 3-kinase catalytic subunit beta	3.101	0.317
56945	MRPS22	mitochondrial ribosomal protein S22	3.127	0.325
9276	COPB2	COPI coat complex subunit beta 2	3.513	0.168
92370	PXYLP1	2-phosphoxylose phosphatase 1	2.747	-0.841
7029	TFDP2	transcription factor Dp-2	3.348	0.162
7220	TRPC1	transient receptor potential cation channel subfamily C member 1	2.859	-0.286
26577	PCOLCE2	procollagen C-endopeptidase enhancer 2	3.419	-0.938
101927832	PAQR9-AS1	PAQR9 antisense RNA 1	1.356	0.407
100289361	LOC100289361	uncharacterized LOC100289361	1.559	0.453
205428	DIPK2A	divergent protein kinase domain 2A	2.447	-0.433
5352	PLOD2	procollagen-lysine,2-oxoglutarate 5-dioxygenase 2	2.819	0.377
57088	PLSCR4	phospholipid scramblase 4	2.849	-0.567
1359	CPA3	carboxypeptidase A3	1.977	-0.739
116441	TM4SF18	transmembrane 4 L six family member 18	2.526	0.78
4071	TM4SF1	transmembrane 4 L six family member 1	3.358	0.501
11342	RNF13	ring finger protein 13	2.967	0.207
105374152	LOC105374152		1.45	0.649
9819	TSC22D2	TSC22 domain family member 2	3.041	-0.643
27230	SERP1	stress associated endoplasmic reticulum protein 1	2.9	-0.288
83939	EIF2A	eukaryotic translation initiation factor 2A	3.393	0.264
116931	MED12L	mediator complex subunit 12L	1.734	-1.04
53829	P2RY13	purinergic receptor P2Y13	1.786	-0.96
5912	RAP2B	RAP2B, member of RAS oncogene family	2.402	-0.275
26084	ARHGEF26	Rho guanine nucleotide exchange factor 26	2.202	-0.842
4311	MME	membrane metalloendopeptidase	2.676	-1.4
285315	C3orf33	chromosome 3 open reading frame 33	2.271	-0.369
8833	GMPS	guanine monophosphate synthase	2.946	0.153
100498859	LINC00881	long intergenic non-protein coding RNA 881	2.953	0.71
152078	SLC66A1L	solute carrier family 66 member 1 like	1.397	0.622
51319	RSRC1	arginine and serine rich coiled-coil 1	2.588	0.352
85476	GFM1	G elongation factor mitochondrial 1	3.41	0.259
5918	RARRES1	retinoic acid receptor responder 1	2.026	1.627
112268457	LOC112268457		0.878	1.6
105374181	LOC105374181	uncharacterized LOC105374181	1.329	-0.548
10051	SMC4	structural maintenance of chromosomes 4	2.902	0.268
151742	PPM1L	protein phosphatase, Mg2+/Mn2+ dependent 1L	3.196	0.504
105374187	LOC105374187	uncharacterized LOC105374187	1.609	-0.37
11235	PDCD10	programmed cell death 10	2.836	0.356
5274	SERPINI1	serpin family I member 1	2.448	-0.599
646168	LRRC77P	leucine rich repeat containing 77, pseudogene	2.07	-0.72
107986152	LOC107986152		2.26	-1.763
84517	ACTRT3	actin related protein T3	1.31	0.402
5584	PRKCI	protein kinase C iota	2.772	0.173
6498	SKIL	SKI like proto-oncogene	2.76	-0.717
5010	CLDN11	claudin 11	1.951	-0.505
200916	RPL22L1	ribosomal protein L22 like 1	2.227	0.626
5337	PLD1	phospholipase D1	3.274	0.274
64778	FNDC3B	fibronectin type III domain containing 3B	3.426	-0.432
8743	TNFSF10	TNF superfamily member 10	2.924	0.705
1894	ECT2	epithelial cell transforming 2	2.196	0.737
254827	NAALADL2	N-acetylated alpha-linked acidic dipeptidase like 2	2.04	-0.831
79718	TBL1XR1	TBL1X/Y related 1	3.414	-0.342
100820709	LINC00501	long intergenic non-protein coding RNA 501	1.545	-0.645
55669	MFN1	mitofusin 1	3.328	0.312
107986158	LOC107986158		1.749	-0.919
56922	MCCC1	methylcrotonyl-CoA carboxylase subunit 1	3.311	0.414
23101	MCF2L2	MCF.2 cell line derived transforming sequence-like 2	1.575	-1.306
84002	B3GNT5	UDP-GlcNAc:betaGal beta-1,3-N-acetylglucosaminyltransferase 5	2.094	-0.861
107986160	LOC107986160	uncharacterized LOC107986160	1.7	-2.246
107986162	LOC107986162	uncharacterized LOC107986162	1.652	0.447
100874113	YEATS2-AS1	YEATS2 antisense RNA 1	1.416	-0.381
8893	EIF2B5	eukaryotic translation initiation factor 2B subunit epsilon	3.155	0.199
10195	ALG3	ALG3 alpha-1,3- mannosyltransferase	2.467	0.344
110599564	EEF1AKMT4	EEF1A lysine methyltransferase 4	1.387	0.488
5708	PSMD2	proteasome 26S subunit ubiquitin receptor, non-ATPase 2	3.744	0.142
1981	EIF4G1	eukaryotic translation initiation factor 4 gamma 1	3.976	0.422
23355	VPS8	VPS8 subunit of CORVET complex	3.403	-0.246
285382	C3orf70	chromosome 3 open reading frame 70	2.092	-0.482
90407	TMEM41A	transmembrane protein 41A	2.624	-0.164
200879	LIPH	lipase H	1.52	-0.946
10644	IGF2BP2	insulin like growth factor 2 mRNA binding protein 2	2.782	0.596
344887	NMRAL2P	NmrA like redox sensor 2, pseudogene	0.899	1.964
1608	DGKG	diacylglycerol kinase gamma	3.256	-0.693
1427	CRYGS	crystallin gamma S	1.689	-0.425
51726	DNAJB11	DnaJ heat shock protein family (Hsp40) member B11	2.999	0.262
5984	RFC4	replication factor C subunit 4	2.261	0.221
6480	ST6GAL1	ST6 beta-galactoside alpha-2,6-sialyltransferase 1	3.395	0.298
5648	MASP1	MBL associated serine protease 1	3.732	-0.463
101929130	LOC101929130	uncharacterized LOC101929130	1.905	-0.738
604	BCL6	BCL6 transcription repressor	3.459	0.523
339929	LPP-AS2	LPP antisense RNA 2	2.223	-0.984
8626	TP63	tumor protein p63	1.539	-0.953
55214	P3H2	prolyl 3-hydroxylase 2	2.581	-2.268
3556	IL1RAP	interleukin 1 receptor accessory protein	2.389	-0.394
647309	GMNC	geminin coiled-coil domain containing	1.522	0.618
152137	CCDC50	coiled-coil domain containing 50	3.34	0.202
151963	MB21D2	Mab-21 domain containing 2	2.231	-0.624
57110	PLAAT1	phospholipase A and acyltransferase 1	2.152	-0.297
84789	MGC2889	uncharacterized protein MGC2889	0.943	-1.212
100873941	OPA1-AS1	OPA1 antisense RNA 1	1.776	0.415
285389	LINC02028	long intergenic non-protein coding RNA 2028	1.384	-1.706
3280	HES1	hes family bHLH transcription factor 1	2.62	-0.691
131578	LRRC15	leucine rich repeat containing 15	1.328	-1.225
79572	ATP13A3	ATPase 13A3	3.58	-0.513
100507297	TMEM44-AS1	TMEM44 antisense RNA 1	1.957	-0.593
55341	LSG1	large 60S subunit nuclear export GTPase 1	2.925	0.173
347	APOD	apolipoprotein D	3.96	0.653
105374298	LOC105374298	keratinocyte proline-rich protein-like	1.748	-0.293
7037	TFRC	transferrin receptor	3.489	1.37
5130	PCYT1A	phosphate cytidylyltransferase 1A, choline	3.675	0.228
255758	DYNLT2B	dynein light chain Tctex-type 2B	1.646	-0.4
165918	RNF168	ring finger protein 168	2.776	0.21
255798	SMCO1	single-pass membrane protein with coiled-coil domains 1	3.294	0.664
348793	WDR53	WD repeat domain 53	2.159	0.189
54965	PIGX	phosphatidylinositol glycan anchor biosynthesis class X	2.579	0.291
100874001	NCBP2-AS1	NCBP2 antisense RNA 1	1.242	0.837
100129516	LINC02012	long intergenic non-protein coding RNA 2012	1.607	1.121
220729	SDHAP4	SDHA pseudogene 4	3.012	0.262
84223	IQCG	IQ motif containing G	2.239	0.406
6165	RPL35A	ribosomal protein L35a	3.777	-0.224
89782	LMLN	leishmanolysin like peptidase	2.749	0.258
728262	FAM157A	family with sequence similarity 157 member A	2.098	-0.53
101928669	LOC101928669	uncharacterized LOC101928669	1.473	-0.356
255403	ZNF718	zinc finger protein 718	2.27	-0.57
654254	ZNF732	zinc finger protein 732	1.154	-0.435
170960	ZNF721	zinc finger protein 721	2.566	0.289
54872	PIGG	phosphatidylinositol glycan anchor biosynthesis class G	2.964	-0.175
5158	PDE6B	phosphodiesterase 6B	1.799	-0.556
521	ATP5ME	ATP synthase membrane subunit e	3.709	0.243
4636	MYL5	myosin light chain 5	2.388	-0.243
84179	SLC49A3	solute carrier family 49 member 3	2.373	-0.321
107986211	LOC107986211	replaced by ID 100129917	1.986	0.221
10815	CPLX1	complexin 1	2.074	0.449
84286	TMEM175	transmembrane protein 175	2.711	-0.38
1609	DGKQ	diacylglycerol kinase theta	2.445	-0.271
10861	SLC26A1	solute carrier family 26 member 1	1.613	-0.504
3425	IDUA	alpha-L-iduronidase	2.305	-0.737
53834	FGFRL1	fibroblast growth factor receptor like 1	2.932	0.43
10417	SPON2	spondin 2	2.65	-0.525
100130872	LOC100130872	uncharacterized LOC100130872	1.563	-0.737
285463	CTBP1-AS	CTBP1 antisense RNA	2.561	-0.182
10460	TACC3	transforming acidic coiled-coil containing protein 3	2.251	0.537
2261	FGFR3	fibroblast growth factor receptor 3	2.14	-0.555
7469	NELFA	negative elongation factor complex member A	2.511	-0.287
10608	MXD4	MAX dimerization protein 4	3.248	-0.275
100616358	MIR4800	microRNA 4800	1.415	-0.386
57732	ZFYVE28	zinc finger FYVE-type containing 28	2.212	0.438
107986249	LOC107986249	uncharacterized LOC107986249	1.712	0.486
79155	TNIP2	TNFAIP3 interacting protein 2	2.674	0.442
118	ADD1	adducin 1	3.888	0.163
10227	MFSD10	major facilitator superfamily domain containing 10	2.707	-0.539
317648	NOP14-AS1	NOP14 antisense RNA 1	2.258	-0.174
8602	NOP14	NOP14 nucleolar protein	2.886	0.369
2868	GRK4	G protein-coupled receptor kinase 4	2.129	-0.38
3064	HTT	huntingtin	3.135	0.174
285489	DOK7	docking protein 7	3.069	-0.594
152	ADRA2C	adrenoceptor alpha 2C	2.062	-0.376
85013	TMEM128	transmembrane protein 128	2.477	-0.588
166793	ZBTB49	zinc finger and BTB domain containing 49	2.17	-0.464
27065	NSG1	neuronal vesicle trafficking associated 1	2.035	1.26
53407	STX18	syntaxin 18	2.719	0.232
2121	EVC	EvC ciliary complex subunit 1	2.85	-0.469
1400	CRMP1	collapsin response mediator protein 1	2.003	-0.34
107986257	LOC107986257		2.201	-0.582
5522	PPP2R2C	protein phosphatase 2 regulatory subunit Bgamma	2.283	1.414
93622	LOC93622	Morf4 family associated protein 1 like 1	2.38	-0.281
6286	S100P	S100 calcium binding protein P	0.914	-1.903
55330	BLOC1S4	biogenesis of lysosomal organelles complex 1 subunit 4	2.131	-0.215
9778	KIAA0232	KIAA0232	3.74	0.323
57533	TBC1D14	TBC1 domain family member 14	3.143	0.146
80273	GRPEL1	GrpE like 1, mitochondrial	3.211	0.241
60312	AFAP1	actin filament associated protein 1	2.608	-0.362
54436	SH3TC1	SH3 domain and tetratricopeptide repeats 1	2.466	-0.601
105374374	LINC02517	long intergenic non-protein coding RNA 2517	2.356	0.45
8532	CPZ	carboxypeptidase Z	1.117	-0.9
56606	SLC2A9	solute carrier family 2 member 9	2.278	0.735
9948	WDR1	WD repeat domain 1	3.762	0.321
85460	ZNF518B	zinc finger protein 518B	2.894	0.256
259282	BOD1L1	biorientation of chromosomes in cell division 1 like 1	3.11	0.193
101929048	LOC101929048	uncharacterized LOC101929048	2.423	1.362
107986182	LOC107986182	uncharacterized LOC107986182	1.065	0.965
114905	C1QTNF7	C1q and TNF related 7	2.194	-0.705
26234	FBXL5	F-box and leucine rich repeat protein 5	3.547	0.232
285550	FAM200B	family with sequence similarity 200 member B	2.674	0.124
683	BST1	bone marrow stromal cell antigen 1	2.002	-0.347
952	CD38	CD38 molecule	2.412	0.907
8842	PROM1	prominin 1	2.415	-1.038
9079	LDB2	LIM domain binding 2	2.954	0.38
27146	FAM184B	family with sequence similarity 184 member B	2.217	-0.255
64151	NCAPG	non-SMC condensin I complex subunit G	1.499	1.016
254251	LCORL	ligand dependent nuclear receptor corepressor like	2.188	0.354
166647	ADGRA3	adhesion G protein-coupled receptor A3	3.016	0.445
107986265	LOC107986265		2.672	-0.535
6649	SOD3	superoxide dismutase 3	3.153	-1.001
91050	CCDC149	coiled-coil domain containing 149	2.639	0.213
389203	SMIM20	small integral membrane protein 20	2.858	0.242
55296	TBC1D19	TBC1 domain family member 19	2.505	0.163
55286	C4orf19	chromosome 4 open reading frame 19	1.324	0.946
768211	RELL1	RELT like 1	2.533	-0.549
55276	PGM2	phosphoglucomutase 2	2.49	0.373
23216	TBC1D1	TBC1 domain family member 1	3.582	0.327
105374407	LOC105374407		2.133	0.417
102723415	LOC102723415	replaced by ID 79667	1.463	-1.064
79667	KLF3-AS1	KLF3 antisense RNA 1	1.81	-1.06
57728	WDR19	WD repeat domain 19	2.7	0.368
5981	RFC1	replication factor C subunit 1	3.019	0.263
11019	LIAS	lipoic acid synthetase	2.776	0.247
201895	SMIM14	small integral membrane protein 14	2.785	-0.322
23244	PDS5A	PDS5 cohesin associated factor A	3.242	0.193
399	RHOH	ras homolog family member H	0.921	-0.985
79730	NSUN7	NOP2/Sun RNA methyltransferase family member 7	2.629	-0.305
7345	UCHL1	ubiquitin C-terminal hydrolase L1	2.615	-1.752
55161	TMEM33	transmembrane protein 33	2.836	-0.191
10463	SLC30A9	solute carrier family 30 member 9	3.511	0.196
285525	YIPF7	Yip1 domain family member 7	1.171	-0.574
2557	GABRA4	gamma-aminobutyric acid type A receptor subunit alpha4	2.948	-0.694
2560	GABRB1	gamma-aminobutyric acid type A receptor subunit beta1	2.468	-0.847
57205	ATP10D	ATPase phospholipid transporting 10D (putative)	2.84	-0.471
105374444	LOC105374444	uncharacterized LOC105374444	0.914	0.922
101927179	LOC101927179	uncharacterized LOC101927179	2.297	3.32
152518	NFXL1	nuclear transcription factor, X-box binding like 1	2.444	1.754
7294	TXK	TXK tyrosine kinase	1.764	-0.429
285527	FRYL	FRY like transcription coactivator	3.074	0.372
132299	OCIAD2	OCIA domain containing 2	2.208	0.702
64854	USP46	ubiquitin specific peptidase 46	3.391	-0.397
643783	USP46-DT	USP46 divergent transcript	2.148	-0.498
57291	DANCR	differentiation antagonizing non-protein coding RNA	3.132	0.386
677810	SNORA26	small nucleolar RNA, H/ACA box 26	0.985	-0.669
100288413	ERVMER34-1	endogenous retrovirus group MER34 member 1, envelope	2.252	0.772
107986281	LOC107986281	uncharacterized LOC107986281	0.958	0.596
65997	RASL11B	RAS like family 11 member B	2.621	-1.523
152579	SCFD2	sec1 family domain containing 2	2.507	0.273
26511	CHIC2	cysteine rich hydrophobic domain 2	2.357	-0.352
3815	KIT	KIT proto-oncogene, receptor tyrosine kinase	2.115	-0.905
3791	KDR	kinase insert domain receptor	3.175	0.59
9575	CLOCK	clock circadian regulator	3.121	0.247
57482	CRACD	capping protein inhibiting regulator of actin dynamics	1.665	-3.049
10606	PAICS	phosphoribosylaminoimidazole carboxylase and phosphoribosylaminoimidazolesuccinocarboxamide synthase	3.011	0.162
6731	SRP72	signal recognition particle 72	3.119	0.149
84525	HOPX	HOP homeobox	2.547	1.862
255130	IGFBP7-AS1	IGFBP7 antisense RNA 1	2.85	-0.507
23284	ADGRL3	adhesion G protein-coupled receptor L3	2.619	-0.704
105377253	LOC105377253	uncharacterized LOC105377253	2.675	-2.375
253017	TECRL	trans-2,3-enoyl-CoA reductase like	4.545	0.351
550112	UBA6-DT	UBA6 divergent transcript	2.033	-0.339
22902	RUFY3	RUN and FYVE domain containing 3	3.017	0.157
2926	GRSF1	G-rich RNA sequence binding factor 1	3.595	0.221
3576	CXCL8	C-X-C motif chemokine ligand 8	1.254	-1.188
2921	CXCL3	C-X-C motif chemokine ligand 3	1.089	-0.67
2920	CXCL2	C-X-C motif chemokine ligand 2	2.375	-1.44
2069	EREG	epiregulin	1.304	2.507
25898	RCHY1	ring finger and CHY zinc finger domain containing 1	2.933	-0.258
8615	USO1	USO1 vesicle transport factor	3.652	0.378
27163	NAAA	N-acylethanolamine acid amidase	2.685	-0.498
55153	SDAD1	SDA1 domain containing 1	2.917	0.118
4283	CXCL9	C-X-C motif chemokine ligand 9	1.95	-1.326
419	ART3	ADP-ribosyltransferase 3 (inactive)	3.436	0.892
950	SCARB2	scavenger receptor class B member 2	3.678	0.229
57619	SHROOM3	shroom family member 3	2.872	-0.578
105377294	LOC105377294	uncharacterized LOC105377294	1.109	-1.244
55752	SEPTIN11	septin 11	3.154	-0.393
10983	CCNI	cyclin I	3.984	-0.448
901	CCNG2	cyclin G2	2.752	-0.715
65008	MRPL1	mitochondrial ribosomal protein L1	2.915	0.285
306	ANXA3	annexin A3	3.029	0.45
55589	BMP2K	BMP2 inducible kinase	2.771	0.381
56978	PRDM8	PR/SET domain 8	1.903	-0.746
3184	HNRNPD	heterogeneous nuclear ribonucleoprotein D	3.52	0.178
101928963	HNRNPD-DT	HNRNPD divergent transcript	1.109	-0.624
9987	HNRNPDL	heterogeneous nuclear ribonucleoprotein D like	3.702	0.298
58478	ENOPH1	enolase-phosphatase 1	2.711	-0.152
441027	TMEM150C	transmembrane protein 150C	2.783	0.414
22872	SEC31A	SEC31 homolog A, COPII coat complex component	3.65	-0.273
27235	COQ2	coenzyme Q2, polyprenyltransferase	2.768	0.348
10855	HPSE	heparanase	1.469	0.967
113510	HELQ	helicase, POLQ like	2.639	0.18
51023	MRPS18C	mitochondrial ribosomal protein S18C	2.619	0.224
84142	ABRAXAS1	abraxas 1, BRCA1 A complex subunit	2.609	0.214
404201	WDFY3-AS2	WDFY3 antisense RNA 2	2.251	-0.406
83478	ARHGAP24	Rho GTPase activating protein 24	2.93	-0.389
5602	MAPK10	mitogen-activated protein kinase 10	2.145	-0.394
5783	PTPN13	protein tyrosine phosphatase non-receptor type 13	2.662	-0.362
132989	C4orf36	chromosome 4 open reading frame 36	1.422	-0.405
100506746	AFF1-AS1	AFF1 antisense RNA 1	2.564	-0.236
53343	NUDT9	nudix hydrolase 9	2.969	0.335
105377321	SCPPPQ1	secretory calcium-binding phosphoprotein proline-glutamine rich 1	1.327	0.657
8404	SPARCL1	SPARC like 1	4.496	0.504
6696	SPP1	secreted phosphoprotein 1	2.614	2.337
5311	PKD2	polycystin 2, transient receptor potential cation channel	3.132	-0.37
9429	ABCG2	ATP binding cassette subfamily G member 2 (Junior blood group)	2.341	-2.44
55008	HERC6	HECT and RLD domain containing E3 ubiquitin protein ligase family member 6	2.849	-0.452
102723458	LOC102723458	uncharacterized LOC102723458	1.831	-0.319
51191	HERC5	HECT and RLD domain containing E3 ubiquitin protein ligase 5	2.203	-0.625
8916	HERC3	HECT and RLD domain containing E3 ubiquitin protein ligase 3	3.275	0.226
266812	NAP1L5	nucleosome assembly protein 1 like 5	2.246	-0.464
6622	SNCA	synuclein alpha	2.413	-1.198
10098	TSPAN5	tetraspanin 5	2.203	-0.576
105377342	TSPAN5-DT	TSPAN5 divergent transcript	1.009	-0.844
1977	EIF4E	eukaryotic translation initiation factor 4E	2.916	0.157
23173	METAP1	methionyl aminopeptidase 1	3.315	0.347
128	ADH5	alcohol dehydrogenase 5 (class III), chi polypeptide	3.633	-0.196
124	ADH1A	alcohol dehydrogenase 1A (class I), alpha polypeptide	2.127	1.252
125	ADH1B	alcohol dehydrogenase 1B (class I), beta polypeptide	3.426	1.479
126	ADH1C	alcohol dehydrogenase 1C (class I), gamma polypeptide	2.27	0.909
93587	TRMT10A	tRNA methyltransferase 10A	2.046	0.404
4547	MTTP	microsomal triglyceride transfer protein	2.091	0.597
285556	C4orf54	chromosome 4 open reading frame 54	2.468	1.619
3015	H2AZ1	H2A.Z variant histone 1	2.92	0.428
64116	SLC39A8	solute carrier family 39 member 8	2.123	0.969
102723704	LOC102723704	uncharacterized LOC102723704	2.417	0.467
105377348	UBE2D3-AS1	UBE2D3 antisense RNA 1	1.834	0.469
493856	CISD2	CDGSH iron sulfur domain 2	2.441	0.279
56898	BDH2	3-hydroxybutyrate dehydrogenase 2	2.918	-0.276
1062	CENPE	centromere protein E	1.347	0.734
54848	ARHGEF38	Rho guanine nucleotide exchange factor 38	1.027	-0.622
57117	INTS12	integrator complex subunit 12	2.811	0.295
255743	NPNT	nephronectin	2.288	-0.618
107986298	LOC107986298	uncharacterized LOC107986298	2.423	0.468
113612	CYP2U1	cytochrome P450 family 2 subfamily U member 1	2.702	-0.241
51176	LEF1	lymphoid enhancer binding factor 1	1.284	-1.298
64850	ETNPPL	ethanolamine-phosphate phospho-lyase	2.304	1.377
100533182	SEC24B-AS1	SEC24B antisense RNA 1	1.007	-0.796
839	CASP6	caspase 6	2.044	0.29
81579	PLA2G12A	phospholipase A2 group XIIA	3.149	0.281
3426	CFI	complement factor I	2.613	0.352
1950	EGF	epidermal growth factor	2.563	0.613
2028	ENPEP	glutamyl aminopeptidase	2.55	0.399
55435	AP1AR	adaptor related protein complex 1 associated regulatory protein	2.523	0.201
92610	TIFA	TRAF interacting protein with forkhead associated domain	2.449	0.755
80216	ALPK1	alpha kinase 1	2.263	0.244
55345	ZGRF1	zinc finger GRF-type containing 1	1.903	0.57
51574	LARP7	La ribonucleoprotein 7, transcriptional regulator	3.305	0.293
287	ANK2	ankyrin 2	3.899	0.227
79642	ARSJ	arylsulfatase family member J	1.963	-1.098
105377378	LOC105377378	uncharacterized LOC105377378	2.425	0.96
105377384	LOC105377384	uncharacterized LOC105377384	1.732	-1.355
645455	CEP170P1	centrosomal protein 170 pseudogene 1	1.965	0.341
729218	LOC729218	uncharacterized LOC729218	2.66	-0.395
105377394	LOC105377394	uncharacterized LOC105377394	1.315	-0.893
51778	MYOZ2	myozenin 2	4.612	0.253
105379404	LOC105379404	uncharacterized LOC105379404	3.216	0.215
401149	LINC01061	long intergenic non-protein coding RNA 1061	2.408	-0.473
645513	SEPTIN7P14	septin 7 pseudogene 14	1.901	-0.478
8654	PDE5A	phosphodiesterase 5A	2.85	-0.82
100996694	LINC02502	long intergenic non-protein coding RNA 2502	2.644	-0.91
105377399	LOC105377399	uncharacterized LOC105377399	1.01	-0.676
890	CCNA2	cyclin A2	1.891	0.508
84162	BLTP1	bridge-like lipid transfer protein family member 1	3.33	0.286
729338	CETN4P	centrin 4, pseudogene	1.065	-1.19
10252	SPRY1	sprouty RTK signaling antagonist 1	3.087	-0.656
27152	INTU	inturned planar cell polarity protein	2.572	-0.486
22824	HSPA4L	heat shock protein family A (Hsp70) member 4 like	2.767	-0.404
256471	MFSD8	major facilitator superfamily domain containing 8	2.552	-0.247
80167	ABHD18	abhydrolase domain containing 18	3.079	-1.069
55132	LARP1B	La ribonucleoprotein 1B	2.81	0.588
132430	PABPC4L	poly(A) binding protein cytoplasmic 4 like	1.654	-0.524
23657	SLC7A11	solute carrier family 7 member 11	0.959	1.179
1998	ELF2	E74 like ETS transcription factor 2	2.967	0.292
80155	NAA15	N-alpha-acetyltransferase 15, NatA auxiliary subunit	3.112	0.364
83452	RAB33B	RAB33B, member RAS oncogene family	2.491	-0.294
60592	SCOC	short coiled-coil protein	3.32	-0.28
100129858	SCOC-AS1	SCOC antisense RNA 1	1.535	0.413
1047	CLGN	calmegin	3.522	0.532
8821	INPP4B	inositol polyphosphate-4-phosphatase type II B	3.25	-0.58
64399	HHIP	hedgehog interacting protein	1.183	-1.673
54726	OTUD4	OTU deubiquitinase 4	3.122	0.331
646603	C4orf51	chromosome 4 open reading frame 51	2.419	-0.605
152485	ZNF827	zinc finger protein 827	2.82	-0.467
11157	LSM6	LSM6 homolog, U6 small nuclear RNA and mRNA degradation associated	2.341	0.425
1909	EDNRA	endothelin receptor type A	3.066	-1.093
55751	TMEM184C	transmembrane protein 184C	2.885	0.304
987	LRBA	LPS responsive beige-like anchor protein	3.114	0.274
6189	RPS3A	ribosomal protein S3A	3.767	-0.238
152503	SH3D19	SH3 domain containing 19	3.796	0.359
105377485	LOC105377485	uncharacterized LOC105377485	0.895	0.715
729830	FHIP1A	FHF complex subunit HOOK interacting protein 1A	2.932	0.456
5188	GATB	glutamyl-tRNA amidotransferase subunit B	3.34	0.322
55294	FBXW7	F-box and WD repeat domain containing 7	3.234	0.289
102191832	FBXW7-AS1	FBXW7 antisense RNA 1	1.487	0.369
27236	ARFIP1	ADP ribosylation factor interacting protein 1	2.657	-0.165
285533	RNF175	ring finger protein 175	1.331	0.876
5356	PLRG1	pleiotropic regulator 1	3.001	0.139
105377503	LOC105377503	uncharacterized LOC105377503	1.547	3.496
105377505	LOC105377505	uncharacterized LOC105377505	1.124	-0.827
2982	GUCY1A1	guanylate cyclase 1 soluble subunit alpha 1	3.393	0.575
2983	GUCY1B1	guanylate cyclase 1 soluble subunit beta 1	2.937	0.486
56034	PDGFC	platelet derived growth factor C	2.606	-0.428
2743	GLRB	glycine receptor beta	2.628	-0.516
51313	GASK1B	golgi associated kinase 1B	3.58	-0.461
201725	C4orf46	chromosome 4 open reading frame 46	2.304	-0.388
2110	ETFDH	electron transfer flavoprotein dehydrogenase	3.785	0.474
5481	PPID	peptidylprolyl isomerase D	3.121	0.212
55319	TMA16	translation machinery associated 16 homolog	2.221	0.187
201931	TMEM192	transmembrane protein 192	2.889	0.431
1363	CPE	carboxypeptidase E	3.302	-0.406
55601	DDX60	DExD/H-box helicase 60	2.651	-0.444
107986198	LOC107986198	uncharacterized LOC107986198	0.946	-1.847
23022	PALLD	palladin, cytoskeletal associated protein	4.414	0.734
84869	CBR4	carbonyl reductase 4	3.58	0.487
57630	SH3RF1	SH3 domain containing ring finger 1	2.701	-0.45
1182	CLCN3	chloride voltage-gated channel 3	3.486	0.457
54969	HPF1	histone PARylation factor 1	2.636	0.291
8819	SAP30	Sin3A associated protein 30	2.475	0.291
101928383	LOC101928383		0.98	-1.164
11341	SCRG1	stimulator of chondrogenesis 1	1.679	-0.637
101928409	LOC101928409	uncharacterized LOC101928409	2.512	0.516
9464	HAND2	heart and neural crest derivatives expressed 2	3.349	0.376
80817	CEP44	centrosomal protein 44	2.658	-0.234
175	AGA	aspartylglucosaminidase	2.282	0.256
285500	AGA-DT	AGA divergent transcript	1.022	0.413
1635	DCTD	dCMP deaminase	2.964	-0.205
80014	WWC2	WW and C2 domain containing 2	3.121	0.19
53842	CLDN22	claudin 22	1.445	-0.692
3622	ING2	inhibitor of growth family member 2	2.129	0.84
201965	RWDD4	RWD domain containing 4	2.69	0.163
133121	ENPP6	ectonucleotide pyrophosphatase/phosphodiesterase 6	0.927	-0.919
728175	LINC02363	long intergenic non-protein coding RNA 2363	0.949	0.792
3660	IRF2	interferon regulatory factor 2	2.792	0.344
836	CASP3	caspase 3	2.78	-0.414
201973	PRIMPOL	primase and DNA directed polymerase	2.381	-0.151
291	SLC25A4	solute carrier family 25 member 4	4.801	0.29
83891	SNX25	sorting nexin 25	2.637	0.323
27295	PDLIM3	PDZ and LIM domain 3	3.915	-0.674
8470	SORBS2	sorbin and SH3 domain containing 2	4.683	-0.436
102723906	LOC102723906	uncharacterized LOC102723906	0.862	-0.943
2483	FRG1	FSHD region gene 1	2.645	0.404
389257	LRRC14B	leucine rich repeat containing 14B	3.263	0.712
10016	PDCD6	programmed cell death 6	2.877	-0.133
6550	SLC9A3	solute carrier family 9 member A3	2.405	-0.287
25845	PP7080	uncharacterized LOC25845	2.194	-0.204
100288152	SLC9A3-AS1	SLC9A3 antisense RNA 1	2.057	-0.675
11076	TPPP	tubulin polymerization promoting protein	3.016	0.631
101929898	LOC101929898	uncharacterized LOC101929898	0.884	-0.764
9319	TRIP13	thyroid hormone receptor interactor 13	1.205	0.703
100506688	LINC02982	long intergenic non-protein coding RNA 2982	2.859	-0.828
105374612	LOC105374612		1.532	-0.435
64979	MRPL36	mitochondrial ribosomal protein L36	2.577	0.619
4726	NDUFS6	NADH:ubiquinone oxidoreductase subunit S6	3.456	0.504
23379	ICE1	interactor of little elongation complex ELL subunit 1	3.117	0.38
105374634	LOC105374634	uncharacterized LOC105374634	1.052	-1.459
6715	SRD5A1	steroid 5 alpha-reductase 1	2.064	-0.245
108	ADCY2	adenylate cyclase 2	1.209	-0.876
4552	MTRR	5-methyltetrahydrofolate-homocysteine methyltransferase reductase	2.943	0.327
100505738	MIR4458HG	MIR4458 host gene	2.474	0.451
22948	CCT5	chaperonin containing TCP1 subunit 5	3.44	0.373
113218502	MIR10397	microRNA 10397	1.297	-0.573
651746	ANKRD33B	ankyrin repeat domain 33B	2.865	-1.414
1501	CTNND2	catenin delta 2	2.787	-0.864
106635684	SNORD141B	small nucleolar RNA, C/D box 141B	2.671	-0.794
90268	OTULIN	OTU deubiquitinase with linear linkage specificity	3.075	-0.335
56172	ANKH	ANKH inorganic pyrophosphate transport regulator	3.69	-0.271
100130744	LOC100130744	uncharacterized LOC100130744	2.457	-0.533
441061	MARCHF11	membrane associated ring-CH-type finger 11	1.638	1.25
107986407	MARCHF11-AS1	MARCHF11 antisense RNA 1	1.607	1.097
90441	ZNF622	zinc finger protein 622	3.266	0.318
101929524	RETREG1-AS1	RETREG1 antisense RNA 1	1.288	-0.999
106635539	SNORA105A	small nucleolar RNA, H/ACA box 105A	1.882	-0.39
105374694	LINC02228	long intergenic non-protein coding RNA 2228	1.458	-0.545
29102	DROSHA	drosha ribonuclease III	3.096	0.247
105374711	LOC105374711	uncharacterized LOC105374711	1.556	0.451
4883	NPR3	natriuretic peptide receptor 3	3.475	-0.674
6897	TARS1	threonyl-tRNA synthetase 1	3.303	0.405
81792	ADAMTS12	ADAM metallopeptidase with thrombospondin type 1 motif 12	1.957	0.693
114899	C1QTNF3	C1q and TNF related 3	1.933	-0.809
5810	RAD1	RAD1 checkpoint DNA exonuclease	2.893	0.282
134218	DNAJC21	DnaJ heat shock protein family (Hsp40) member C21	3.284	0.356
79925	SPEF2	sperm flagellar 2	2.069	-0.52
6507	SLC1A3	solute carrier family 1 member 3	3.667	0.47
646719	NIPBL-DT	NIPBL divergent transcript	2.643	-0.44
25836	NIPBL	NIPBL cohesin loading factor	3.142	0.332
65250	CPLANE1	ciliogenesis and planar polarity effector complex subunit 1	2.768	0.205
100861519	GDNF-AS1	GDNF antisense RNA 1	0.902	-1.236
9180	OSMR	oncostatin M receptor	2.934	0.416
6167	RPL37	ribosomal protein L37	3.782	0.193
84674	CARD6	caspase recruitment domain family member 6	2.464	0.245
105374739	LOC105374739	uncharacterized LOC105374739	1.493	-0.995
729	C6	complement C6	3.62	-0.711
345557	PLCXD3	phosphatidylinositol specific phospholipase C X domain containing 3	3.799	0.565
100874002	OXCT1-AS1	OXCT1 antisense RNA 1	2.22	-0.403
26272	FBXO4	F-box protein 4	2.771	-0.403
7690	ZNF131	zinc finger protein 131	2.554	0.247
10605	PAIP1	poly(A) binding protein interacting protein 1	3.424	0.24
2255	FGF10	fibroblast growth factor 10	1.391	2.943
100506674	MRPS30-DT	MRPS30 divergent transcript	1.671	-0.497
10884	MRPS30	mitochondrial ribosomal protein S30	2.955	0.196
79668	PARP8	poly(ADP-ribose) polymerase family member 8	2.469	-0.311
3673	ITGA2	integrin subunit alpha 2	2.017	0.801
4338	MOCS2	molybdenum cofactor synthesis 2	3.343	0.455
4724	NDUFS4	NADH:ubiquinone oxidoreductase subunit S4	3.306	0.227
54622	ARL15	ADP ribosylation factor like GTPase 15	2.841	-0.462
8988	HSPB3	heat shock protein family B (small) member 3	3.693	0.725
105378967	LOC105378967	replaced by ID 112574	1.072	-0.579
11082	ESM1	endothelial cell specific molecule 1	1.242	-2.74
3003	GZMK	granzyme K	1.291	-1.092
54505	DHX29	DExH-box helicase 29	3.066	0.321
105378973	LOC105378973	uncharacterized LOC105378973	1.193	0.93
23517	MTREX	Mtr4 exosome RNA helicase	3.316	0.094
133396	IL31RA	interleukin 31 receptor A	1.641	-3.591
65056	GPBP1	GC-rich promoter binding protein 1	3.296	0.198
101928505	LOC101928505	uncharacterized LOC101928505	1.493	0.604
5144	PDE4D	phosphodiesterase 4D	3.049	0.483
91942	NDUFAF2	NADH:ubiquinone oxidoreductase complex assembly factor 2	2.653	0.666
285668	C5orf64	chromosome 5 putative open reading frame 64	1.146	1.135
3796	KIF2A	kinesin family member 2A	2.436	0.325
51194	IPO11	importin 11	2.826	0.287
100130733	LRRC70	leucine rich repeat containing 70	1.563	-0.746
285672	SREK1IP1	SREK1 interacting protein 1	2.62	-0.232
10283	CWC27	CWC27 spliceosome associated cyclophilin	2.882	0.331
64105	CENPK	centromere protein K	1.011	0.7
54557	SGTB	small glutamine rich tetratricopeptide repeat co-chaperone beta	2.442	-0.297
57486	NLN	neurolysin	2.693	0.627
4064	CD180	CD180 molecule	1.481	0.938
105379005	LOC105379005		1.193	-1.423
891	CCNB1	cyclin B1	1.811	0.295
92259	MRPS36	mitochondrial ribosomal protein S36	3.184	0.277
1022	CDK7	cyclin dependent kinase 7	2.461	0.264
202243	CCDC125	coiled-coil domain containing 125	2.257	-0.395
102157402	AK6	adenylate kinase 6	2.685	0.379
6880	TAF9	TATA-box binding protein associated factor 9	3.008	0.281
5884	RAD17	RAD17 checkpoint clamp loader component	2.987	0.313
153562	MARVELD2	MARVEL domain containing 2	1.388	0.895
55814	BDP1	B double prime 1, subunit of RNA polymerase III transcription initiation factor IIIB	2.93	0.319
23107	MRPS27	mitochondrial ribosomal protein S27	3.497	0.18
107986383	LOC107986383	uncharacterized LOC107986383	1.924	-0.997
689	BTF3	basic transcription factor 3	3.726	0.295
57763	ANKRA2	ankyrin repeat family A member 2	2.585	-0.169
8507	ENC1	ectodermal-neural cortex 1	2.64	-0.68
10412	NSA2	NSA2 ribosome biogenesis factor	3.12	0.278
51301	GCNT4	glucosaminyl (N-acetyl) transferase 4	1.462	-0.442
3156	HMGCR	3-hydroxy-3-methylglutaryl-CoA reductase	2.643	-0.27
2151	F2RL2	coagulation factor II thrombin receptor like 2	1.878	-1.637
2149	F2R	coagulation factor II thrombin receptor	3.147	-1.233
55109	AGGF1	angiogenic factor with G-patch and FHA domains 1	2.971	0.208
8622	PDE8B	phosphodiesterase 8B	2.432	-1.182
8546	AP3B1	adaptor related protein complex 3 subunit beta 1	3.025	0.294
29958	DMGDH	dimethylglycine dehydrogenase	1.992	0.403
23743	BHMT2	betaine--homocysteine S-methyltransferase 2	2.518	0.632
635	BHMT	betaine--homocysteine S-methyltransferase	1.166	0.631
102724530	LOC102724530	uncharacterized LOC102724530	0.944	0.65
167153	TENT2	terminal nucleotidyltransferase 2	3.019	-0.252
345778	MTX3	metaxin 3	2.884	0.223
7060	THBS4	thrombospondin 4	4.109	-1.488
101929215	THBS4-AS1	THBS4 antisense RNA 1	2.688	-1.368
441089	CRSP8P	mediator complex subunit 27 pseudogene	1.841	-0.242
4437	MSH3	mutS homolog 3	2.565	-0.244
5924	RASGRF2	Ras protein specific guanine nucleotide releasing factor 2	2.488	0.307
1160	CKMT2	creatine kinase, mitochondrial 2	4.601	0.363
7518	XRCC4	X-ray repair cross complementing 4	2.441	1.221
1404	HAPLN1	hyaluronan and proteoglycan link protein 1	2.345	-2.851
5921	RASA1	RAS p21 protein activator 1	2.881	0.216
153396	TMEM161B	transmembrane protein 161B	2.498	0.256
100505894	TMEM161B-DT	TMEM161B divergent transcript	2.275	0.531
109729137	MEF2C-AS2	MEF2C antisense RNA 2	1.755	0.361
101929423	MEF2C-AS1	MEF2C antisense RNA 1	1.282	-0.551
100505994	LUCAT1	lung cancer associated transcript 1	1.41	1.638
57561	ARRDC3	arrestin domain containing 3	2.946	-0.772
100129716	ARRDC3-AS1	ARRDC3 antisense RNA 1	1.461	-0.692
105379080	LOC105379080	uncharacterized LOC105379080	1.495	1.355
9652	SKIC3	SKI3 subunit of superkiller complex	3.391	0.215
153642	ARSK	arylsulfatase family member K	2.177	0.36
317671	RFESD	Rieske Fe-S domain containing	1.647	0.535
83890	SPATA9	spermatogenesis associated 9	1.881	0.361
202299	LINC01554	long intergenic non-protein coding RNA 1554	1.115	0.504
5122	PCSK1	proprotein convertase subtilisin/kexin type 1	0.929	0.97
55781	RIOK2	RIO kinase 2	2.706	0.165
1105	CHD1	chromodomain helicase DNA binding protein 1	2.812	0.243
5066	PAM	peptidylglycine alpha-amidating monooxygenase	4.553	0.276
54826	GIN1	gypsy retrotransposon integrase 1	2.655	0.322
23262	PPIP5K2	diphosphoinositol pentakisphosphate kinase 2	3.054	0.682
1946	EFNA5	ephrin A5	2.815	-0.464
642987	TMEM232	transmembrane protein 232	1.435	-0.509
91137	SLC25A46	solute carrier family 25 member 46	3.315	0.328
85480	TSLP	thymic stromal lymphopoietin	2.242	0.766
114915	EPB41L4A-AS1	EPB41L4A antisense RNA 1	2.19	-0.42
324	APC	APC regulator of WNT signaling pathway	3.074	0.226
6728	SRP19	signal recognition particle 19	2.868	0.412
7905	REEP5	receptor accessory protein 5	3.788	0.186
167227	DCP2	decapping mRNA 2	2.653	-0.264
64848	YTHDC2	YTH domain containing 2	2.975	0.258
3781	KCNN2	potassium calcium-activated channel subfamily N member 2	2.444	0.417
5229	PGGT1B	protein geranylgeranyltransferase type I subunit beta	2.709	0.264
153733	CCDC112	coiled-coil domain containing 112	2.357	0.322
353376	TICAM2	TIR domain containing adaptor molecule 2	1.755	0.361
101927100	TICAM2-AS1	TICAM2 antisense RNA 1	1.565	-0.523
1176	AP3S1	adaptor related protein complex 3 subunit sigma 1	3.009	0.158
206338	LVRN	laeverin	1.157	1.094
51397	COMMD10	COMM domain containing 10	2.828	-0.234
100422885	MIR1244-2	microRNA 1244-2	2.408	0.297
1657	DMXL1	Dmx like 1	2.906	0.279
25816	TNFAIP8	TNF alpha induced protein 8	2.365	0.883
3295	HSD17B4	hydroxysteroid 17-beta dehydrogenase 4	3.685	0.316
51334	PRR16	proline rich 16	2.545	-0.479
153443	SRFBP1	serum response factor binding protein 1	2.275	0.339
9627	SNCAIP	synuclein alpha interacting protein	1.865	-0.988
6643	SNX2	sorting nexin 2	2.999	0.183
28966	SNX24	sorting nexin 24	2.642	0.23
57507	ZNF608	zinc finger protein 608	2.592	0.448
51808	PHAX	phosphorylated adaptor for RNA export	2.862	0.153
4001	LMNB1	lamin B1	1.637	0.716
115123	MARCHF3	membrane associated ring-CH-type finger 3	2.793	-0.338
102723654	LOC102723654	uncharacterized LOC102723654	1.32	0.675
337876	CHSY3	chondroitin sulfate synthase 3	1.621	-0.867
105379171	LOC105379171	uncharacterized LOC105379171	1.481	-3.665
3094	HINT1	histidine triad nucleotide binding protein 1	3.417	0.353
8974	P4HA2	prolyl 4-hydroxylase subunit alpha 2	3.197	0.305
6583	SLC22A4	solute carrier family 22 member 4	1.792	-0.607
553103	MIR3936HG	MIR3936 host gene	2.083	-0.528
100500865	MIR3936	microRNA 3936	0.984	-0.911
441108	IRF1-AS1	IRF1 antisense RNA 1	2.108	-0.748
10111	RAD50	RAD50 double strand break repair protein	3.189	0.333
101927761	TH2LCRR	T helper type 2 locus control region associated RNA	1.68	0.227
11127	KIF3A	kinesin family member 3A	2.687	0.251
23176	SEPTIN8	septin 8	3.205	-0.172
134549	SHROOM1	shroom family member 1	2.359	-0.323
54819	ZCCHC10	zinc finger CCHC-type containing 10	2.553	-0.292
56951	C5orf15	chromosome 5 open reading frame 15	3.086	0.256
7416	VDAC1	voltage dependent anion channel 1	4.107	0.342
6932	TCF7	transcription factor 7	1.903	0.701
5515	PPP2CA	protein phosphatase 2 catalytic subunit alpha	3.728	-0.216
819	CAMLG	calcium modulating ligand	2.735	-0.154
9879	DDX46	DEAD-box helicase 46	3.155	0.387
79770	TXNDC15	thioredoxin domain containing 15	3.187	0.254
9555	MACROH2A1	macroH2A.1 histone	3.414	0.156
9547	CXCL14	C-X-C motif chemokine ligand 14	1.881	-1.391
153328	SLC25A48	solute carrier family 25 member 48	1.134	-1.698
10949	HNRNPA0	heterogeneous nuclear ribonucleoprotein A0	3.339	-0.424
107986368	LOC107986368	uncharacterized LOC107986368	1.505	-0.523
9499	MYOT	myotilin	2.836	0.84
2676	GFRA3	GDNF family receptor alpha 3	1.583	-1.006
1958	EGR1	early growth response 1	3.389	-2.047
2107	ETF1	eukaryotic translation termination factor 1	3.53	0.179
3313	HSPA9	heat shock protein family A (Hsp70) member 9	4.134	0.318
1495	CTNNA1	catenin alpha 1	4.132	0.219
64374	SIL1	SIL1 nucleotide exchange factor	2.879	0.271
724102	SNHG4	small nucleolar RNA host gene 4	1.517	0.389
389333	PROB1	proline rich basic protein 1	3.262	0.321
202051	SPATA24	spermatogenesis associated 24	2.224	0.603
7322	UBE2D2	ubiquitin conjugating enzyme E2 D2	3.322	0.234
492311	IGIP	IgA inducing protein	2.804	-0.328
1839	HBEGF	heparin binding EGF like growth factor	3.18	-0.755
404734	ANKHD1-EIF4EBP3	ANKHD1-EIF4EBP3 readthrough	3.189	0.157
54882	ANKHD1	ankyrin repeat and KH domain containing 1	3.171	0.235
8637	EIF4EBP3	eukaryotic translation initiation factor 4E binding protein 3	2.373	-0.858
10011	SRA1	steroid receptor RNA activator 1	2.892	-0.511
10307	APBB3	amyloid beta precursor protein binding family B member 3	2.707	-0.881
113829	SLC35A4	solute carrier family 35 member A4	3.352	-0.151
929	CD14	CD14 molecule	2.656	0.606
3550	IK	IK cytokine	3.429	0.25
153527	ZMAT2	zinc finger matrin-type 2	3.103	0.228
56145	PCDHA3	protocadherin alpha 3	0.873	-0.736
56129	PCDHB7	protocadherin beta 7	1.667	-0.348
56125	PCDHB11	protocadherin beta 11	1.461	-0.753
56113	PCDHGA2	protocadherin gamma subfamily A, 2	2.539	-0.462
56112	PCDHGA3	protocadherin gamma subfamily A, 3	2.442	-0.422
56104	PCDHGB1	protocadherin gamma subfamily B, 1	2.121	-0.381
56111	PCDHGA4	protocadherin gamma subfamily A, 4	2.219	-0.256
56103	PCDHGB2	protocadherin gamma subfamily B, 2	2.28	-0.325
56110	PCDHGA5	protocadherin gamma subfamily A, 5	2.254	-0.428
56109	PCDHGA6	protocadherin gamma subfamily A, 6	2.305	-0.273
56108	PCDHGA7	protocadherin gamma subfamily A, 7	2.22	-0.314
8641	PCDHGB4	protocadherin gamma subfamily B, 4	2.215	-0.216
9708	PCDHGA8	protocadherin gamma subfamily A, 8	2.093	-0.388
56101	PCDHGB5	protocadherin gamma subfamily B, 5	2.285	-0.301
56107	PCDHGA9	protocadherin gamma subfamily A, 9	2.142	-0.413
56100	PCDHGB6	protocadherin gamma subfamily B, 6	2.307	-0.339
56106	PCDHGA10	protocadherin gamma subfamily A, 10	2.165	-0.352
56099	PCDHGB7	protocadherin gamma subfamily B, 7	2.428	-0.339
56105	PCDHGA11	protocadherin gamma subfamily A, 11	2.23	-0.205
56120	PCDHGB8P	protocadherin gamma subfamily B, 8 pseudogene	1.306	0.723
26025	PCDHGA12	protocadherin gamma subfamily A, 12	2.347	-0.31
5098	PCDHGC3	protocadherin gamma subfamily C, 3	2.651	-0.296
1729	DIAPH1	diaphanous related formin 1	3.525	-0.397
89848	FCHSD1	FCH and double SH3 domains 1	2.297	-0.29
64411	ARAP3	ArfGAP with RhoGAP domain, ankyrin repeat and PH domain 3	3.106	-0.385
9812	DELE1	DAP3 binding cell death enhancer 1	3.591	-0.475
51294	PCDH12	protocadherin 12	2.942	-0.4
9604	RNF14	ring finger protein 14	3.441	0.165
80762	NDFIP1	Nedd4 family interacting protein 1	3.53	-0.209
81848	SPRY4	sprouty RTK signaling antagonist 4	2.985	-0.709
2246	FGF1	fibroblast growth factor 1	3.403	-0.489
153768	PRELID2	PRELI domain containing 2	1.984	1.498
643226	GRXCR2	glutaredoxin and cysteine rich domain containing 2	1.318	2.121
107986458	LOC107986458	uncharacterized LOC107986458	1.933	0.639
153769	SH3RF2	SH3 domain containing ring finger 2	3.892	0.636
51520	LARS1	leucyl-tRNA synthetase 1	3.501	0.328
10915	TCERG1	transcription elongation regulator 1	3.108	0.254
5521	PPP2R2B	protein phosphatase 2 regulatory subunit Bbeta	1.657	-2.467
202374	STK32A	serine/threonine kinase 32A	1.891	-0.491
1809	DPYSL3	dihydropyrimidinase like 3	3.297	-0.929
389336	C5orf46	chromosome 5 open reading frame 46	2.325	-0.642
154	ADRB2	adrenoceptor beta 2	2.282	0.377
22885	ABLIM3	actin binding LIM protein family member 3	3.839	0.282
134265	AFAP1L1	actin filament associated protein 1 like 1	3.361	0.237
78991	PCYOX1L	prenylcysteine oxidase 1 like	2.328	-0.397
728264	CARMN	cardiac mesoderm enhancer-associated non-coding RNA	1.987	-0.681
389337	ARHGEF37	Rho guanine nucleotide exchange factor 37	3.063	0.488
133522	PPARGC1B	PPARG coactivator 1 beta	3.097	0.469
5145	PDE6A	phosphodiesterase 6A	1.3	-1.536
644762	MFFP2	MFF pseudogene 2	1.713	0.449
22993	HMGXB3	HMG-box containing 3	3.005	-0.156
1436	CSF1R	colony stimulating factor 1 receptor	2.955	-0.552
5159	PDGFRB	platelet derived growth factor receptor beta	3.559	0.353
6949	TCOF1	treacle ribosome biogenesis factor 1	2.936	0.278
972	CD74	CD74 molecule	3.987	-0.77
134466	ZNF300P1	zinc finger protein 300 pseudogene 1	2.273	-0.603
2878	GPX3	glutathione peroxidase 3	4.393	0.724
26112	CCDC69	coiled-coil domain containing 69	3.752	0.65
105378230	LOC105378230	uncharacterized LOC105378230	1.96	1.17
153201	SLC36A2	solute carrier family 36 member 2	0.97	1.488
206358	SLC36A1	solute carrier family 36 member 1	2.354	0.579
2890	GRIA1	glutamate ionotropic receptor AMPA type subunit 1	1.329	-1.004
10827	FAM114A2	family with sequence similarity 114 member A2	2.938	0.238
107986465	LOC107986465	uncharacterized LOC107986465	0.863	-0.705
79685	SAP30L	SAP30 like	3.084	0.245
9421	HAND1	heart and neural crest derivatives expressed 1	2.829	0.432
23367	LARP1	La ribonucleoprotein 1, translational regulator	3.802	0.153
29093	MRPL22	mitochondrial ribosomal protein L22	2.896	0.489
153743	PPP1R2B	PPP1R2 family member B	1.986	0.227
84868	HAVCR2	hepatitis A virus cellular receptor 2	1.97	0.555
3702	ITK	IL2 inducible T cell kinase	1.431	-0.805
8728	ADAM19	ADAM metallopeptidase domain 19	3.06	-1.133
134353	LSM11	LSM11, U7 small nuclear RNA associated	2.13	-0.241
9685	CLINT1	clathrin interactor 1	3.235	0.195
107986467	LOC107986467	uncharacterized LOC107986467	1.366	0.522
7265	TTC1	tetratricopeptide repeat domain 1	3.353	0.503
2172	FABP6	fatty acid binding protein 6	1.407	1.008
114898	C1QTNF2	C1q and TNF related 2	1.947	-1.087
63920	FAM200C	family with sequence similarity 200 member C	2.282	-0.351
10569	SLU7	SLU7 homolog, splicing factor	3.221	0.142
9232	PTTG1	PTTG1 regulator of sister chromatid separation, securin	1.294	1.644
900	CCNG1	cyclin G1	3.286	0.36
3161	HMMR	hyaluronan mediated motility receptor	1.317	1.048
27430	MAT2B	methionine adenosyltransferase 2B	3.278	-0.203
57451	TENM2	teneurin transmembrane protein 2	4.008	0.29
23286	WWC1	WW and C2 domain containing 1	1.458	1.962
5917	RARS1	arginyl-tRNA synthetase 1	3.096	0.193
6586	SLIT3	slit guidance ligand 3	3.001	-0.503
54908	SPDL1	spindle apparatus coiled-coil protein 1	2.109	0.182
3779	KCNMB1	potassium calcium-activated channel subfamily M regulatory beta subunit 1	2.04	-0.576
107986473	LOC107986473	uncharacterized LOC107986473	1.864	0.75
64901	RANBP17	RAN binding protein 17	1.857	-0.847
105377720	LOC105377720	uncharacterized LOC105377720	0.824	-1.997
23291	FBXW11	F-box and WD repeat domain containing 11	3.499	-0.281
54492	NEURL1B	neuralized E3 ubiquitin protein ligase 1B	3.402	-0.397
101928093	LOC101928093	uncharacterized LOC101928093	1.001	0.66
1843	DUSP1	dual specificity phosphatase 1	3.607	-0.683
57222	ERGIC1	endoplasmic reticulum-golgi intermediate compartment 1	3.473	0.298
51121	RPL26L1	ribosomal protein L26 like 1	2.381	0.26
8992	ATP6V0E1	ATPase H+ transporting V0 subunit e1	3.44	0.23
8614	STC2	stanniocalcin 2	2.633	1.21
105377735	LOC105377735		1.634	-0.523
91272	BOD1	biorientation of chromosomes in cell division 1	3.031	0.225
51617	NSG2	neuronal vesicle trafficking associated 2	1.428	-0.807
4488	MSX2	msh homeobox 2	1.596	-0.438
94081	SFXN1	sideroflexin 1	2.883	0.182
107986485	LOC107986485		1.002	1.171
57179	KIAA1191	KIAA1191	3.492	-0.211
51491	NOP16	NOP16 nucleolar protein	2.851	0.444
1212	CLTB	clathrin light chain B	3.594	0.307
112267951	LOC112267951		1.15	0.448
114787	GPRIN1	G protein regulated inducer of neurite outgrowth 1	1.176	0.528
26262	TSPAN17	tetraspanin 17	2.93	0.31
3101	HK3	hexokinase 3	1.94	0.938
23567	ZNF346	zinc finger protein 346	2.428	-0.204
2264	FGFR4	fibroblast growth factor receptor 4	1.328	1.035
64324	NSD1	nuclear receptor binding SET domain protein 1	3.255	0.303
80758	PRR7	proline rich 7, synaptic	1.528	-1.3
1627	DBN1	drebrin 1	2.987	-0.521
9260	PDLIM7	PDZ and LIM domain 7	3.028	-0.483
55651	NHP2	NHP2 ribonucleoprotein	2.742	0.284
3182	HNRNPAB	heterogeneous nuclear ribonucleoprotein A/B	3.314	0.408
85007	PHYKPL	5-phosphohydroxy-L-lysine phospho-lyase	3.158	-0.166
6940	ZNF354A	zinc finger protein 354A	2.53	0.478
117608	ZNF354B	zinc finger protein 354B	2.327	0.292
345462	ZNF879	zinc finger protein 879	2.146	0.285
30832	ZNF354C	zinc finger protein 354C	2.8	0.143
80230	RUFY1	RUN and FYVE domain containing 1	2.856	0.293
3187	HNRNPH1	heterogeneous nuclear ribonucleoprotein H1	3.779	0.16
821	CANX	calnexin	4.197	0.19
4056	LTC4S	leukotriene C4 synthase	1.721	-1.372
55819	RNF130	ring finger protein 130	3.125	0.267
5601	MAPK9	mitogen-activated protein kinase 9	3.219	0.252
2324	FLT4	fms related receptor tyrosine kinase 4	2.744	-0.352
81786	TRIM7	tripartite motif containing 7	2.539	-0.331
90933	TRIM41	tripartite motif containing 41	3.054	-0.279
100507602	TRIM52-AS1	TRIM52 antisense RNA 1 (head to head)	2.518	0.591
105377771	LOC105377771		1.392	-0.348
100132062	LOC100132062	uncharacterized LOC100132062	2.225	-0.605
56940	DUSP22	dual specificity phosphatase 22	3.185	0.15
2296	FOXC1	forkhead box C1	2.29	-0.626
340156	MYLK4	myosin light chain kinase family member 4	2.348	0.264
1992	SERPINB1	serpin family B member 1	2.942	0.313
5272	SERPINB9	serpin family B member 9	2.508	-0.581
5269	SERPINB6	serpin family B member 6	3.678	0.364
4835	NQO2	N-ribosyldihydronicotinamide:quinone reductase 2	2.897	0.556
401233	HTATSF1P2	HIV-1 Tat specific factor 1 pseudogene 2	2.662	0.594
670	BPHL	biphenyl hydrolase like	2.608	-0.353
7280	TUBB2A	tubulin beta 2A class IIa	2.591	0.457
347733	TUBB2B	tubulin beta 2B class IIb	2.45	0.524
221749	PXDC1	PX domain containing 1	2.889	-0.276
8899	PRPF4B	pre-mRNA processing factor 4B	3.278	0.174
404220	TEX56P	testis expressed 56, pseudogene	2.898	0.271
100507506	ECI2-DT	ECI2 divergent transcript	1.353	-0.511
9425	CDYL	chromodomain Y like	2.764	0.218
10799	RPP40	ribonuclease P/MRP subunit p40	1.803	0.475
100129461	LYRM4-AS1	LYRM4 antisense RNA 1	1.115	0.7
648791	PPP1R3G	protein phosphatase 1 regulatory subunit 3G	2.428	0.401
10667	FARS2	phenylalanyl-tRNA synthetase 2, mitochondrial	2.659	0.243
2162	F13A1	coagulation factor XIII A chain	3.414	0.779
101928004	LOC101928004	uncharacterized LOC101928004	2.526	-0.421
101928076	DSP-AS1	DSP antisense RNA 1	2.419	0.297
1832	DSP	desmoplakin	4.35	0.627
154007	SNRNP48	small nuclear ribonucleoprotein U11/U12 subunit 48	2.824	0.393
654	BMP6	bone morphogenetic protein 6	2.407	-0.465
55003	PAK1IP1	PAK1 interacting protein 1	2.458	0.427
51406	NOL7	nucleolar protein 7	3.067	0.207
10048	RANBP9	RAN binding protein 9	3.115	0.177
63933	MCUR1	mitochondrial calcium uniporter regulator 1	2.917	0.259
84062	DTNBP1	dystrobrevin binding protein 1	2.652	0.241
29116	MYLIP	myosin regulatory light chain interacting protein	2.791	-0.45
2766	GMPR	guanosine monophosphate reductase	3.467	0.526
51439	FAM8A1	family with sequence similarity 8 member A1	3.085	0.193
63971	KIF13A	kinesin family member 13A	3.724	-0.461
378884	NHLRC1	NHL repeat containing E3 ubiquitin protein ligase 1	1.703	-0.743
7172	TPMT	thiopurine S-methyltransferase	2.831	0.255
7913	DEK	DEK proto-oncogene	3.298	0.294
3400	ID4	inhibitor of DNA binding 4	2.298	-0.968
401237	CASC15	cancer susceptibility 15	1.44	-0.479
57380	MRS2	magnesium transporter MRS2	3.237	0.29
51567	TDP2	tyrosyl-DNA phosphodiesterase 2	2.908	0.178
55856	ACOT13	acyl-CoA thioesterase 13	3.141	0.518
81688	C6orf62	chromosome 6 open reading frame 62	3.351	-0.413
51053	GMNN	geminin DNA replication inhibitor	2.135	0.615
9750	RIPOR2	RHO family interacting cell polarization regulator 2	2.342	-1.12
55604	CARMIL1	capping protein regulator and myosin 1 linker 1	2.603	-0.766
10590	SCGN	secretagogin, EF-hand calcium binding protein	1.801	1.193
3006	H1-2	H1.2 linker histone, cluster member	3.116	0.776
3017	H2BC5	H2B clustered histone 5	2.492	0.829
8367	H4C5	H4 clustered histone 5	0.931	-0.848
11119	BTN3A1	butyrophilin subfamily 3 member A1	2.772	-0.442
107986583	LOC107986583	uncharacterized LOC107986583	2.129	-0.211
493812	HCG11	HLA complex group 11	2.657	-0.313
8970	H2BC11	H2B clustered histone 11	1.119	0.944
7754	ZNF204P	zinc finger protein 204, pseudogene	2.72	0.413
8330	H2AC15	H2A clustered histone 15	1.426	-1.233
100129195	ZSCAN16-AS1	ZSCAN16 antisense RNA 1	2.415	-0.258
80345	ZSCAN16	zinc finger and SCAN domain containing 16	1.816	0.335
222698	NKAPL	NFKB activating protein like	2.177	0.294
114821	SCAND3	SCAN domain containing 3	1.607	0.757
5987	TRIM27	tripartite motif containing 27	2.888	-0.294
4340	MOG	myelin oligodendrocyte glycoprotein	1.979	1.801
3134	HLA-F	major histocompatibility complex, class I, F	3.015	-0.447
3136	HLA-H	major histocompatibility complex, class I, H (pseudogene)	3.124	-0.507
3105	HLA-A	major histocompatibility complex, class I, A	3.819	-0.337
3137	HLA-J	major histocompatibility complex, class I, J (pseudogene)	2.217	-0.71
30834	POLR1H	RNA polymerase I subunit H	2.325	-0.392
6992	PPP1R11	protein phosphatase 1 regulatory inhibitor subunit 11	3.116	0.376
80352	RNF39	ring finger protein 39	1.877	0.699
3139	HLA-L	major histocompatibility complex, class I, L (pseudogene)	2.117	-0.966
202658	TRIM39-RPP21	TRIM39-RPP21 readthrough	2.243	0.17
79897	RPP21	ribonuclease P/MRP subunit p21	2.007	0.313
3133	HLA-E	major histocompatibility complex, class I, E	3.974	-0.407
2794	GNL1	G protein nucleolar 1 (putative)	2.962	-0.346
80742	PRR3	proline rich 3	2.159	-0.21
23	ABCF1	ATP binding cassette subfamily F member 1	3.278	0.119
5514	PPP1R10	protein phosphatase 1 regulatory subunit 10	3.017	-0.519
79969	ATAT1	alpha tubulin acetyltransferase 1	2.309	-0.409
221545	C6orf136	chromosome 6 open reading frame 136	3.008	0.189
203068	TUBB	tubulin beta class I	3.873	0.382
10211	FLOT1	flotillin 1	3.803	0.337
105379695	IER3-AS1	IER3 antisense RNA 1	2.319	-1.31
8870	IER3	immediate early response 3	2.983	-1.389
105375013	HCG20	HLA complex group 20	0.982	-0.769
780	DDR1	discoidin domain receptor tyrosine kinase 1	3.062	-0.511
57176	VARS2	valyl-tRNA synthetase 2, mitochondrial	2.857	-0.315
5460	POU5F1	POU class 5 homeobox 1	1.56	-0.475
253018	HCG27	HLA complex group 27	1.694	-0.419
3106	HLA-B	major histocompatibility complex, class I, B	3.953	-0.406
100532737	ATP6V1G2-DDX39B	ATP6V1G2-DDX39B readthrough (NMD candidate)	3.337	-0.368
7919	DDX39B	DExD-box helicase 39B	3.335	-0.369
534	ATP6V1G2	ATPase H+ transporting V1 subunit G2	1.866	-0.626
199	AIF1	allograft inflammatory factor 1	2.268	0.771
7918	GPANK1	G-patch domain and ankyrin repeats 1	2.786	0.226
58496	LY6G5B	lymphocyte antigen 6 family member G5B	2.221	-0.307
7920	ABHD16A	abhydrolase domain containing 16A, phospholipase	2.857	-0.124
105375018	LOC105375018	uncharacterized LOC105375018	1.084	-0.699
80739	MPIG6B	megakaryocyte and platelet inhibitory receptor G6b	1.319	-0.433
23564	DDAH2	dimethylarginine dimethylaminohydrolase 2	3.011	-0.422
1192	CLIC1	chloride intracellular channel 1	3.239	0.284
100532732	MSH5-SAPCD1	MSH5-SAPCD1 readthrough (NMD candidate)	1.837	-0.319
401251	SAPCD1	suppressor APC domain containing 1	1.445	-0.563
80737	VWA7	von Willebrand factor A domain containing 7	2.709	-0.401
104413891	SAPCD1-AS1	SAPCD1 antisense RNA 1	1.536	-0.449
50854	SNHG32	small nucleolar RNA host gene 32	2.821	-0.374
4758	NEU1	neuraminidase 1	2.875	0.214
629	CFB	complement factor B	2.257	0.604
6499	SKIC2	SKI2 subunit of superkiller complex	2.987	-0.161
1590	CYP21A1P	cytochrome P450 family 21 subfamily A member 1, pseudogene	2.248	-0.736
7146	TNXA	tenascin XA (pseudogene)	3.077	-0.902
1589	CYP21A2	cytochrome P450 family 21 subfamily A member 2	2.238	-0.765
7148	TNXB	tenascin XB	3.68	-0.879
63943	FKBPL	FKBP prolyl isomerase like	1.763	0.409
80863	PRRT1	proline rich transmembrane protein 1	1.692	-0.395
100532746	PPT2-EGFL8	PPT2-EGFL8 readthrough (NMD candidate)	2.512	-0.206
80864	EGFL8	EGF like domain multiple 8	2.231	-0.215
6048	RNF5	ring finger protein 5	3.071	0.201
177	AGER	advanced glycosylation end-product specific receptor	2.078	-0.537
5089	PBX2	PBX homeobox 2	3.128	0.224
3122	HLA-DRA	major histocompatibility complex, class II, DR alpha	3.479	-0.569
3128	HLA-DRB6	major histocompatibility complex, class II, DR beta 6 (pseudogene)	2.316	-0.584
3123	HLA-DRB1	major histocompatibility complex, class II, DR beta 1	3.159	-0.589
107986589	LOC107986589		1.149	-0.758
3117	HLA-DQA1	major histocompatibility complex, class II, DQ alpha 1	2.3	-0.985
3119	HLA-DQB1	major histocompatibility complex, class II, DQ beta 1	2.451	-0.963
106480429	HLA-DQB1-AS1	HLA-DQB1 antisense RNA 1	1.587	-0.977
3120	HLA-DQB2	major histocompatibility complex, class II, DQ beta 2	1.701	-0.759
100294145	LOC100294145	uncharacterized LOC100294145	2.254	0.341
3113	HLA-DPA1	major histocompatibility complex, class II, DP alpha 1	3.274	-0.518
3115	HLA-DPB1	major histocompatibility complex, class II, DP beta 1	3	-0.601
3116	HLA-DPB2	major histocompatibility complex, class II, DP beta 2 (pseudogene)	1.254	-2.107
1302	COL11A2	collagen type XI alpha 2 chain	2.227	-0.835
6257	RXRB	retinoid X receptor beta	3.129	-0.302
7922	SLC39A7	solute carrier family 39 member 7	3.351	0.241
7923	HSD17B8	hydroxysteroid 17-beta dehydrogenase 8	2.489	-0.467
10471	PFDN6	prefoldin subunit 6	2.699	0.501
6892	TAPBP	TAP binding protein	3.38	-0.432
3833	KIFC1	kinesin family member C1	1.254	1.543
3159	HMGA1	high mobility group AT-hook 1	2.874	0.38
221491	SMIM29	small integral membrane protein 29	2.56	-0.398
29993	PACSIN1	protein kinase C and casein kinase substrate in neurons 1	2.632	0.486
64771	ILRUN	inflammation and lipid regulator with UBA-like and NBR1-like domains	3.777	0.633
101929243	ILRUN-AS1	ILRUN antisense RNA 1	2.355	0.352
6631	SNRPC	small nuclear ribonucleoprotein polypeptide C	3.271	0.423
54887	BLTP3A	bridge-like lipid transfer protein family member 3A	3.174	0.425
2178	FANCE	FA complementation group E	2.04	0.347
7005	TEAD3	TEA domain transcription factor 3	3.155	-0.244
6732	SRPK1	SRSF protein kinase 1	2.879	0.348
27154	BRPF3	bromodomain and PHD finger containing 3	3.021	0.438
222658	KCTD20	potassium channel tetramerization domain containing 20	3.199	0.184
101154753	PANDAR	promoter of CDKN1A antisense DNA damage activated RNA	1.992	0.59
221477	C6orf89	chromosome 6 open reading frame 89	3.664	0.264
51645	PPIL1	peptidylprolyl isomerase like 1	3.228	0.737
221476	PI16	peptidase inhibitor 16	3.251	-2.687
9025	RNF8	ring finger protein 8	2.721	0.332
23070	CMTR1	cap methyltransferase 1	3.226	-0.123
266727	MDGA1	MAM domain containing glycosylphosphatidylinositol anchor 1	2.331	0.487
89822	KCNK17	potassium two pore domain channel subfamily K member 17	0.912	-2.072
4337	MOCS1	molybdenum cofactor synthesis 1	3.168	0.373
222643	UNC5CL	unc-5 family C-terminal like	1.626	-0.263
10930	APOBEC2	apolipoprotein B mRNA editing enzyme catalytic subunit 2	3.606	0.726
221442	ADCY10P1	ADCY10 pseudogene 1	2.329	-0.4
129685	TAF8	TATA-box binding protein associated factor 8	2.956	0.24
647024	C6orf132	chromosome 6 open reading frame 132	1.864	0.477
55173	MRPS10	mitochondrial ribosomal protein S10	3.236	0.207
105375063	LOC105375063		0.992	0.929
107080644	CNPY3-GNMT	CNPY3-GNMT readthrough	1.927	0.924
27232	GNMT	glycine N-methyltransferase	1.488	2.168
4201	MEA1	male-enhanced antigen 1	2.976	0.207
5528	PPP2R5D	protein phosphatase 2 regulatory subunit B'delta	3.084	0.237
116138	KLHDC3	kelch domain containing 3	3.457	0.289
88745	RRP36	ribosomal RNA processing 36	2.685	0.271
9820	CUL7	cullin 7	2.745	-0.265
112267958	KLC4-AS1	KLC4 antisense RNA 1	1.871	-0.343
5754	PTK7	protein tyrosine kinase 7 (inactive)	2.06	-0.884
23113	CUL9	cullin 9	2.711	-0.166
10591	DNPH1	2'-deoxynucleoside 5'-phosphate N-hydrolase 1	2.441	-0.348
10864	SLC22A7	solute carrier family 22 member 7	1.626	-1.624
401262	CRIP3	cysteine rich protein 3	2.494	-0.976
24149	ZNF318	zinc finger protein 318	2.906	0.458
65989	DLK2	delta like non-canonical Notch ligand 2	1.538	-0.71
93643	TJAP1	tight junction associated protein 1	2.918	-0.361
5429	POLH	DNA polymerase eta	2.592	-0.246
101929705	SCIRT	stem cell inhibitory RNA transcript	1.895	-0.833
64928	MRPL14	mitochondrial ribosomal protein L14	2.714	0.244
55362	TMEM63B	transmembrane protein 63B	3.004	0.487
107986599	LOC107986599	uncharacterized LOC107986599	1.984	0.206
2030	SLC29A1	solute carrier family 29 member 1 (Augustine blood group)	3.634	0.457
100616124	MIR4647	microRNA 4647	1.267	-0.868
22875	ENPP4	ectonucleotide pyrophosphatase/phosphodiesterase 4	3.048	0.255
10231	RCAN2	regulator of calcineurin 2	4.149	0.193
4594	MMUT	methylmalonyl-CoA mutase	3.351	0.289
85315	PAQR8	progestin and adipoQ receptor family member 8	2.321	-0.377
114327	EFHC1	EF-hand domain containing 1	2.559	-0.318
401264	TRAM2-AS1	TRAM2 antisense RNA 1 (head to head)	2.38	-0.339
730101	LOC730101	uncharacterized LOC730101	2.046	-0.602
125050	RN7SK	RNA component of 7SK nuclear ribonucleoprotein	1.242	-0.926
26268	FBXO9	F-box protein 9	3.217	-0.376
401265	KLHL31	kelch like family member 31	3.923	0.62
55227	LRRC1	leucine rich repeat containing 1	2.446	-0.486
101927189	LOC101927189	uncharacterized LOC101927189	1.344	-0.957
90523	MLIP	muscular LMNA interacting protein	3.999	0.284
107986606	LOC107986606	uncharacterized LOC107986606	1.21	-0.556
222584	FAM83B	family with sequence similarity 83 member B	1.498	1.995
81578	COL21A1	collagen type XXI alpha 1 chain	3.317	-0.685
9532	BAG2	BAG cochaperone 2	2.987	0.254
106660612	LINC00680	long intergenic non-protein coding RNA 680	2.194	-0.266
101927293	LOC101927293	uncharacterized LOC101927293	1.019	-0.73
23469	PHF3	PHD finger protein 3	3.274	0.336
441155	ZC3H11C	zinc finger CCCH-type containing 11C	2.649	0.172
1297	COL9A1	collagen type IX alpha 1 chain	1.791	-1.654
79627	OGFRL1	opioid growth factor receptor like 1	3.006	-0.399
115004	CGAS	cyclic GMP-AMP synthase	1.516	-0.362
25821	MTO1	mitochondrial tRNA translation optimization 1	2.855	0.273
1915	EEF1A1	eukaryotic translation elongation factor 1 alpha 1	4.361	-0.559
26503	SLC17A5	solute carrier family 17 member 5	2.532	-0.328
101928489	CD109-AS1	CD109 antisense RNA 1	1.305	0.627
135228	CD109	CD109 molecule	2.839	0.753
1303	COL12A1	collagen type XII alpha 1 chain	3.369	-0.971
100506804	TMEM30A-DT	TMEM30A divergent transcript	1.179	-0.492
26054	SENP6	SUMO specific peptidase 6	3.286	0.182
101928601	MEI4	meiotic double-stranded break formation protein 4	1.303	1.13
134728	IRAK1BP1	interleukin 1 receptor associated kinase 1 binding protein 1	2.117	0.357
9324	HMGN3	high mobility group nucleosomal binding domain 3	3.556	0.371
100288198	HMGN3-AS1	HMGN3 antisense RNA 1	2.219	0.493
83699	SH3BGRL2	SH3 domain binding glutamate rich protein like 2	2.74	-0.384
6785	ELOVL4	ELOVL fatty acid elongase 4	1.212	-0.543
7272	TTK	TTK protein kinase	0.914	1.378
594	BCKDHB	branched chain keto acid dehydrogenase E1 subunit beta	3.022	0.434
7162	TPBG	trophoblast glycoprotein	2.181	-0.373
4199	ME1	malic enzyme 1	2.965	0.609
167681	PRSS35	serine protease 35	1.096	-1.647
112609	MRAP2	melanocortin 2 receptor accessory protein 2	1.312	-1.046
22832	CEP162	centrosomal protein 162	2.278	0.272
4907	NT5E	5'-nucleotidase ecto	2.387	-0.955
57231	SNX14	sorting nexin 14	2.985	0.111
10492	SYNCRIP	synaptotagmin binding cytoplasmic RNA interacting protein	3.504	0.16
107986532	LOC107986532		1.107	0.643
23036	ZNF292	zinc finger protein 292	2.857	0.423
57150	SMIM8	small integral membrane protein 8	2.229	-0.232
55122	AKIRIN2	akirin 2	3.013	-0.303
135295	SRSF12	serine and arginine rich splicing factor 12	0.853	-0.746
2570	GABRR2	gamma-aminobutyric acid type A receptor subunit rho2	1.906	0.656
51465	UBE2J1	ubiquitin conjugating enzyme E2 J1	2.979	0.246
58528	RRAGD	Ras related GTP binding D	3.593	0.298
22881	ANKRD6	ankyrin repeat domain 6	2.688	0.263
57226	LYRM2	LYR motif containing 2	3.123	0.179
101929057	MDN1-AS1	MDN1 antisense RNA 1	1.714	0.425
23195	MDN1	midasin AAA ATPase 1	3.256	0.352
9994	CASP8AP2	caspase 8 associated protein 2	2.732	0.387
60468	BACH2	BTB domain and CNC homolog 2	2.191	-0.822
107986625	LOC107986625	uncharacterized LOC107986625	1.654	0.577
2045	EPHA7	EPH receptor A7	2.548	-0.75
81491	GPR63	G protein-coupled receptor 63	1.819	-0.597
29078	NDUFAF4	NADH:ubiquinone oxidoreductase complex assembly factor 4	3.18	0.472
114792	KLHL32	kelch like family member 32	1.63	0.982
26235	FBXL4	F-box and leucine rich repeat protein 4	2.706	0.407
51805	COQ3	coenzyme Q3, methyltransferase	2.898	0.316
892	CCNC	cyclin C	2.751	-0.143
154442	BVES-AS1	BVES antisense RNA 1	1.913	0.33
64208	POPDC3	popeye domain containing 3	3.02	0.354
105377920	LOC105377920		1.848	-0.368
639	PRDM1	PR/SET domain 1	1.987	-0.442
9474	ATG5	autophagy related 5	2.789	0.158
55278	QRSL1	glutaminyl-tRNA amidotransferase subunit QRSL1	2.887	0.333
51250	MTRES1	mitochondrial transcription rescue factor 1	2.821	0.305
8724	SNX3	sorting nexin 3	3.749	0.197
2309	FOXO3	forkhead box O3	3.402	-0.454
387111	LINC00222	long intergenic non-protein coding RNA 222	0.824	-1.192
285753	CEP57L1	centrosomal protein 57 like 1	2.325	0.262
221262	CCDC162P	coiled-coil domain containing 162, pseudogene	1.526	0.661
221264	AK9	adenylate kinase 9	2.485	0.824
9896	FIG4	FIG4 phosphoinositide 5-phosphatase	2.588	0.235
8936	WASF1	WASP family member 1	1.736	0.713
51362	CDC40	cell division cycle 40	2.749	0.183
728464	METTL24	methyltransferase like 24	1.932	-0.361
8528	DDO	D-aspartate oxidase	2.94	0.283
112495	GTF3C6	general transcription factor IIIC subunit 6	3.091	0.366
84154	RPF2	ribosome production factor 2 homolog	2.822	0.326
91749	MFSD4B	major facilitator superfamily domain containing 4B	2.08	-0.297
643749	TRAF3IP2-AS1	TRAF3IP2 antisense RNA 1	2.203	-0.341
102724646	LOC102724646	uncharacterized LOC102724646	1.026	-0.462
8838	CCN6	cellular communication network factor 6	1.558	-0.802
619208	FAM229B	family with sequence similarity 229 member B	2.873	0.343
728402	TPI1P3	triosephosphate isomerase 1 pseudogene 3	2.59	0.562
221294	NT5DC1	5'-nucleotidase domain containing 1	3.166	0.269
1300	COL10A1	collagen type X alpha 1 chain	1.257	-0.797
7259	TSPYL1	TSPY like 1	3.562	-0.247
100287467	LOC100287467	uncharacterized LOC100287467	1.296	-0.498
51389	RWDD1	RWD domain containing 1	3.261	0.656
221302	ZUP1	zinc finger containing ubiquitin peptidase 1	2.072	0.283
245806	VGLL2	vestigial like family member 2	1.989	-2.854
285761	DCBLD1	discoidin, CUB and LCCL domain containing 1	2.43	0.217
387119	CEP85L	centrosomal protein 85 like	2.708	1.133
5350	PLN	phospholamban	4.846	0.357
107986524	LOC107986524	uncharacterized LOC107986524	1.465	-1.11
25842	ASF1A	anti-silencing function 1A histone chaperone	2.78	0.349
79632	FAM184A	family with sequence similarity 184 member A	1.498	0.989
105377979	LOC105377979	uncharacterized LOC105377979	1.664	-1.482
3298	HSF2	heat shock transcription factor 2	2.988	0.284
10924	SMPDL3A	sphingomyelin phosphodiesterase acid like 3A	2.273	0.333
10345	TRDN	triadin	4.1	0.396
105377984	LOC105377984	uncharacterized LOC105377984	1.058	0.9
105377982	LOC105377982	uncharacterized LOC105377982	1.388	0.784
7955	RNF217-AS1	RNF217 antisense RNA 1 (head to head)	1.236	-1.059
154214	RNF217	ring finger protein 217	2.743	-0.568
7164	TPD52L1	TPD52 like 1	3.166	-0.283
51020	HDDC2	HD domain containing 2	3.196	0.375
105377986	HEY2-AS1	HEY2 antisense RNA 1	1.439	0.794
23493	HEY2	hes related family bHLH transcription factor with YRPW motif 2	3.044	1.042
135114	HINT3	histidine triad nucleotide binding protein 3	3.165	0.238
101928096	LOC101928096	replaced by ID 60487	1.153	0.422
81847	RNF146	ring finger protein 146	3.434	-0.327
55862	ECHDC1	ethylmalonyl-CoA decarboxylase 1	2.97	0.237
3908	LAMA2	laminin subunit alpha 2	4.146	-0.282
102723409	LOC102723409	uncharacterized LOC102723409	2.201	-0.491
154075	SAMD3	sterile alpha motif domain containing 3	1.147	-0.625
9465	AKAP7	A-kinase anchoring protein 7	2.426	0.331
643854	CTAGE9	CTAGE family member 9	0.998	0.841
1490	CCN2	cellular communication network factor 2	3.67	-2.148
26002	MOXD1	monooxygenase DBH like 1	2.419	-0.901
2070	EYA4	EYA transcriptional coactivator and phosphatase 4	2.943	0.656
6943	TCF21	transcription factor 21	2.583	-0.662
101928304	LINC03002	long intergenic non-protein coding RNA 3002	1.056	-1.269
10767	HBS1L	HBS1 like translational GTPase	3.274	0.33
27115	PDE7B	phosphodiesterase 7B	2.686	0.481
4217	MAP3K5	mitogen-activated protein kinase kinase kinase 5	3.227	0.341
53832	IL20RA	interleukin 20 receptor subunit alpha	2.043	1.361
57221	ARFGEF3	ARFGEF family member 3	2.425	-0.685
441172	NHSL1-AS1	NHSL1 antisense RNA 1	1.497	-0.893
100507462	CCDC28A-AS1	CCDC28A antisense RNA 1	1.089	-0.775
25901	CCDC28A	coiled-coil domain containing 28A	2.616	-0.364
345930	ECT2L	epithelial cell transforming 2 like	2.215	-1.42
51696	HECA	hdc homolog, cell cycle regulator	3.296	0.304
107986652	LOC107986652	uncharacterized LOC107986652	0.878	-0.987
2519	FUCA2	alpha-L-fucosidase 2	3.083	0.301
84946	LTV1	LTV1 ribosome biogenesis factor	2.758	0.491
5325	PLAGL1	PLAG1 like zinc finger 1	2.906	-0.636
8676	STX11	syntaxin 11	2.407	-0.317
7957	EPM2A	EPM2A glucan phosphatase, laforin	3.195	0.178
100507557	EPM2A-DT	EPM2A divergent transcript	2.2	-0.328
257218	SHPRH	SNF2 histone linker PHD RING helicase	2.615	0.269
2911	GRM1	glutamate metabotropic receptor 1	2.453	-0.686
10981	RAB32	RAB32, member RAS oncogene family	2.03	-0.3
23118	TAB2	TGF-beta activated kinase 1 (MAP3K7) binding protein 2	3.458	0.622
645958	RPS18P9	ribosomal protein S18 pseudogene 9	1.864	-0.355
645967	LOC645967	uncharacterized LOC645967	1.074	-0.427
5110	PCMT1	protein-L-isoaspartate (D-aspartate) O-methyltransferase	3.586	0.22
135250	RAET1E	retinoic acid early transcript 1E	1.164	0.622
81706	PPP1R14C	protein phosphatase 1 regulatory inhibitor subunit 14C	3.457	-0.217
57480	PLEKHG1	pleckstrin homology and RhoGEF domain containing G1	2.751	-0.514
25902	MTHFD1L	methylenetetrahydrofolate dehydrogenase (NADP+ dependent) 1 like	2.473	0.754
55005	RMND1	required for meiotic nuclear division 1 homolog	2.631	0.368
2099	ESR1	estrogen receptor 1	2.138	-0.454
107986529	LOC107986529	uncharacterized LOC107986529	1.043	-0.677
100505475	SYNE1-AS1	SYNE1 antisense RNA 1	1.135	0.573
54516	MTRF1L	mitochondrial translation release factor 1 like	2.941	0.321
26575	RGS17	regulator of G protein signaling 17	1.428	-0.528
26034	IPCEF1	interaction protein for cytohesin exchange factors 1	1.624	-0.632
26230	TIAM2	TIAM Rac1 associated GEF 2	2.305	-0.812
115308161	LOC115308161	uncharacterized LOC115308161	1.174	-0.618
105378076	LOC105378076	uncharacterized LOC105378076	0.916	-0.878
79683	ZDHHC14	zinc finger DHHC-type palmitoyltransferase 14	2.686	-0.777
51429	SNX9	sorting nexin 9	3.262	0.194
56995	TULP4	TUB like protein 4	2.615	-0.253
100500851	MIR3918	microRNA 3918	0.931	-0.997
101409257	EZR-AS1	EZR antisense RNA 1	1.656	0.307
105378083	TAGAP-AS1	TAGAP antisense RNA 1	1.435	0.334
84624	FNDC1	fibronectin type III domain containing 1	2.657	-2.662
6950	TCP1	t-complex 1	3.615	0.243
29074	MRPL18	mitochondrial ribosomal protein L18	3.002	0.375
3482	IGF2R	insulin like growth factor 2 receptor	3.727	0.267
4216	MAP3K4	mitogen-activated protein kinase kinase kinase 4	3.006	0.317
56895	AGPAT4	1-acylglycerol-3-phosphate O-acyltransferase 4	2.205	-0.258
105378097	LOC105378097	uncharacterized LOC105378097	1.767	-0.984
135138	PACRG	parkin coregulated	2.711	0.445
107986666	LOC107986666		1.028	-0.903
113402	SFT2D1	SFT2 domain containing 1	2.623	-0.258
100289495	LOC100289495	uncharacterized LOC100289495	1.706	-0.492
6196	RPS6KA2	ribosomal protein S6 kinase A2	3.756	0.377
11116	CEP43	centrosomal protein 43	2.724	0.162
168002	DACT2	dishevelled binding antagonist of beta catenin 2	1.601	-1.195
64094	SMOC2	SPARC related modular calcium binding 2	3.372	-1.579
7058	THBS2	thrombospondin 2	3.053	-0.661
387263	C6orf120	chromosome 6 open reading frame 120	2.843	0.155
55274	PHF10	PHD finger protein 10	2.879	0.285
55780	ERMARD	ER membrane associated RNA degradation	2.49	-0.269
101929614	LOC101929614	proline-rich receptor-like protein kinase PERK10	1.221	1.733
105378153	LOC105378153	uncharacterized LOC105378153	0.937	1.665
84498	FAM120B	family with sequence similarity 120B	3.046	-0.126
6908	TBP	TATA-box binding protein	2.424	-0.13
5134	PDCD2	programmed cell death 2	2.866	0.172
102723872	LOC102723872	uncharacterized LOC102723872	1.44	0.601
11033	ADAP1	ArfGAP with dual PH domains 1	2.33	-0.503
84310	C7orf50	chromosome 7 open reading frame 50	3.097	-0.671
115330	GPR146	G protein-coupled receptor 146	2.528	0.422
2852	GPER1	G protein-coupled estrogen receptor 1	2.026	0.541
26173	INTS1	integrator complex subunit 1	3.288	-0.211
7975	MAFK	MAF bZIP transcription factor K	3.519	-1
100128653	LOC100128653	uncharacterized LOC100128653	2.082	-0.332
202915	TMEM184A	transmembrane protein 184A	2.78	-0.831
114796	PSMG3-AS1	PSMG3 antisense RNA 1 (head to head)	2.411	-0.614
29960	MRM2	mitochondrial rRNA methyltransferase 2	2.711	0.23
29886	SNX8	sorting nexin 8	2.75	-0.303
8662	EIF3B	eukaryotic translation initiation factor 3 subunit B	3.398	0.165
3955	LFNG	LFNG O-fucosylpeptide 3-beta-N-acetylglucosaminyltransferase	2.203	-0.59
221927	BRAT1	BRCA1 associated ATM activator 1	2.728	-0.441
84433	CARD11	caspase recruitment domain family member 11	1.34	-0.904
221935	SDK1	sidekick cell adhesion molecule 1	2.245	0.719
9907	AP5Z1	adaptor related protein complex 5 subunit zeta 1	2.616	-0.546
55698	RADIL	Rap associating with DIL domain	2.175	-0.493
100533952	RBAK-RBAKDN	RBAK-RBAKDN readthrough	1.079	0.53
57786	RBAK	RB associated KRAB zinc finger	2.77	0.255
100129484	LINC02983	long intergenic non-protein coding RNA 2983	1.23	-0.544
80028	FBXL18	F-box and leucine rich repeat protein 18	2.566	-0.233
60	ACTB	actin beta	4.257	-0.25
6624	FSCN1	fascin actin-bundling protein 1	2.537	-0.882
107986762	LOC107986762		1.659	-0.873
51622	CCZ1	CCZ1 homolog, vacuolar protein trafficking and biogenesis associated	2.941	0.169
107986694	LOC107986694		1.835	0.271
7965	AIMP2	aminoacyl tRNA synthetase complex interacting multifunctional protein 2	2.82	0.172
27102	EIF2AK1	eukaryotic translation initiation factor 2 alpha kinase 1	3.421	0.193
84792	FAM220A	family with sequence similarity 220 member A	2.787	0.619
5879	RAC1	Rac family small GTPase 1	3.65	0.109
54753	ZNF853	zinc finger protein 853	2.779	-0.251
100131017	ZNF316	zinc finger protein 316	2.92	-0.195
221960	CCZ1B	CCZ1 homolog B, vacuolar protein trafficking and biogenesis associated	2.935	0.224
107986696	LOC107986696		1.836	0.274
101927391	MIOS-DT	MIOS divergent transcript	1.69	-0.658
54468	MIOS	meiosis regulator for oocyte development	2.876	0.34
729852	UMAD1	UBAP1-MVB12-associated (UMA) domain containing 1	2.561	-0.278
100505938	ICA1-AS1	ICA1 antisense RNA 1	1.548	-0.492
105375149	LOC105375149	uncharacterized LOC105375149	0.955	-1.734
105375150	LOC105375150	uncharacterized LOC105375150	2.079	-1.137
9678	PHF14	PHD finger protein 14	2.707	0.262
1607	DGKB	diacylglycerol kinase beta	1.142	-0.702
729920	CRPPA	CDP-L-ribitol pyrophosphorylase A	2.237	0.332
57037	ANKMY2	ankyrin repeat and MYND domain containing 2	3.052	-0.213
101927609	LOC101927609	uncharacterized LOC101927609	1.119	-0.671
9771	RAPGEF5	Rap guanine nucleotide exchange factor 5	2.863	-0.421
3569	IL6	interleukin 6	1.63	-1.207
55975	KLHL7	kelch like family member 7	3.63	0.287
115416	MALSU1	mitochondrial assembly of ribosomal large subunit 1	2.927	0.209
51678	PALS2	protein associated with LIN7 2, MAGUK p55 family member	1.805	0.42
136895	C7orf31	chromosome 7 open reading frame 31	1.732	0.613
9603	NFE2L3	NFE2 like bZIP transcription factor 3	2.079	0.363
3181	HNRNPA2B1	heterogeneous nuclear ribonucleoprotein A2/B1	4.284	0.365
8887	TAX1BP1	Tax1 binding protein 1	3.841	0.214
100128081	JAZF1-AS1	JAZF1 antisense RNA 1	1.403	0.562
9586	CREB5	cAMP responsive element binding protein 5	3.089	-1.481
9865	TRIL	TLR4 interactor with leucine rich repeats	2.344	-0.988
101928168	LOC101928168	uncharacterized LOC101928168	1.308	1.105
1124	CHN2	chimerin 2	2.912	0.451
105375213	LOC105375213		1.783	0.526
100271874	ZNRF2P2	zinc and ring finger 2 pseudogene 2	0.885	-1.035
442524	DPY19L2P3	DPY19L2 pseudogene 3	2.116	-0.439
644150	WIPF3	WAS/WASL interacting protein family member 3	2.601	-0.393
9805	SCRN1	secernin 1	3.106	-0.508
222166	MTURN	maturin, neural progenitor differentiation regulator homolog	3.317	-0.731
10392	NOD1	nucleotide binding oligomerization domain containing 1	2.759	-0.286
79017	GGCT	gamma-glutamylcyclotransferase	2.587	0.424
2617	GARS1	glycyl-tRNA synthetase 1	3.182	0.262
1395	CRHR2	corticotropin releasing hormone receptor 2	1.74	0.842
100526825	INMT-MINDY4	INMT-MINDY4 readthrough (NMD candidate)	2.201	-0.568
11185	INMT	indolethylamine N-methyltransferase	3.038	-0.802
84182	MINDY4	MINDY lysine 48 deubiquitinase 4	1.864	-0.593
358	AQP1	aquaporin 1 (Colton blood group)	4.048	-0.418
23658	LSM5	LSM5 homolog, U6 small nuclear RNA and mRNA degradation associated	2.732	-0.232
441208	ZNRF2P1	zinc and ring finger 2 pseudogene 1	1.597	-0.569
6100	RP9	RP9 pre-mRNA splicing factor	2.647	0.242
27241	BBS9	Bardet-Biedl syndrome 9	2.643	0.438
57057	TBX20	T-box transcription factor 20	3.072	0.506
100506725	LINC03013	long intergenic non-protein coding RNA 3013	2.226	-0.439
54443	ANLN	anillin, actin binding protein	1.654	1.412
9844	ELMO1	engulfment and cell motility 1	2.692	-0.394
6424	SFRP4	secreted frizzled related protein 4	2.796	-3.702
54749	EPDR1	ependymin related 1	3.245	-0.258
445347	TARP	TCR gamma alternate reading frame protein	1.049	-0.87
273	AMPH	amphiphysin	2.263	-0.839
11281	POU6F2	POU class 6 homeobox 2	1.286	-1.189
57002	YAE1	YAE1 maturation factor of ABCE1	2.319	0.236
5898	RALA	RAS like proto-oncogene A	2.989	0.394
349114	LINC00265	long intergenic non-protein coding RNA 265	2.038	-0.554
112267983	CDK13-DT	CDK13 divergent transcript	1.222	-0.432
136647	MPLKIP	M-phase specific PLK1 interacting protein	2.366	-0.155
79783	SUGCT	succinyl-CoA:glutarate-CoA transferase	2.086	0.345
3624	INHBA	inhibin subunit beta A	2.106	-1.796
79020	C7orf25	chromosome 7 open reading frame 25	2.532	0.5
64983	MRPL32	mitochondrial ribosomal protein L32	3.077	0.395
100534592	URGCP-MRPS24	URGCP-MRPS24 readthrough	2.88	0.318
64951	MRPS24	mitochondrial ribosomal protein S24	2.858	0.321
55665	URGCP	upregulator of cell proliferation	3.161	-0.186
51619	UBE2D4	ubiquitin conjugating enzyme E2 D4 (putative)	2.974	0.134
84820	POLR2J4	RNA polymerase II subunit J4, pseudogene	2.853	0.25
28988	DBNL	drebrin like	3.733	0.317
5224	PGAM2	phosphoglycerate mutase 2	3.601	0.464
165	AEBP1	AE binding protein 1	3.614	-2.179
5425	POLD2	DNA polymerase delta 2, accessory subunit	3.288	0.324
10652	YKT6	YKT6 v-SNARE homolog	3.215	0.238
816	CAMK2B	calcium/calmodulin dependent protein kinase II beta	3.677	-0.503
29881	NPC1L1	NPC1 like intracellular cholesterol transporter 1	0.909	-0.9
54606	DDX56	DEAD-box helicase 56	2.978	-0.149
222068	TMED4	transmembrane p24 trafficking protein 4	3.351	-0.319
4967	OGDH	oxoglutarate dehydrogenase	4.375	0.245
5478	PPIA	peptidylprolyl isomerase A	3.493	0.338
94239	H2AZ2	H2A.Z variant histone 2	3.72	-0.157
285958	SNHG15	small nucleolar RNA host gene 15	1.926	-0.673
83605	CCM2	CCM2 scaffold protein	2.843	0.396
9238	TBRG4	transforming growth factor beta regulator 4	3.194	0.182
168507	PKD1L1	polycystin 1 like 1, transient receptor potential channel interacting	2.606	-0.412
3364	HUS1	HUS1 checkpoint clamp component	2.671	0.18
7378	UPP1	uridine phosphorylase 1	2.505	-0.402
2887	GRB10	growth factor receptor bound protein 10	3.24	-0.449
360132	FKBP9P1	FKBP prolyl isomerase 9 pseudogene 1	2.87	-0.13
101060341	LOC101060341	putative uncharacterized protein FLJ44672	1.495	-0.548
51373	MRPS17	mitochondrial ribosomal protein S17	2.729	0.351
908	CCT6A	chaperonin containing TCP1 subunit 6A	3.472	0.132
107986800	LOC107986800	putative uncharacterized protein FLJ44672	1.628	-0.336
100653233	MIR3147HG	MIR3147 host gene	1.868	0.673
442319	ZNF727	zinc finger protein 727	2.303	-0.706
728927	ZNF736	zinc finger protein 736	2.368	-0.474
7697	ZNF138	zinc finger protein 138	2.161	0.346
441242	LINC03006	long intergenic non-protein coding RNA 3006	1.419	-0.413
643253	CCT6P1	chaperonin containing TCP1 subunit 6 pseudogene 1	2.09	-0.156
154807	VKORC1L1	vitamin K epoxide reductase complex subunit 1 like 1	3.007	0.166
8460	TPST1	tyrosylprotein sulfotransferase 1	2.2	-0.242
285908	LINC00174	long intergenic non-protein coding RNA 174	2.281	-0.944
100289098	LINC03011	long intergenic non-protein coding RNA 3011	1.446	-0.655
493754	RABGEF1P1	RABGEF1 pseudogene 1	2.548	-0.232
154881	KCTD7	potassium channel tetramerization domain containing 7	2.837	-0.222
644794	LINC02604	long intergenic non-protein coding RNA 2604	2.135	-0.508
55069	TMEM248	transmembrane protein 248	3.257	-0.117
112268006	LOC112268006		1.813	-0.628
5382	PMS2P4	PMS1 homolog 2, mismatch repair system component pseudogene 4	1.538	-0.459
26053	AUTS2	activator of transcription and developmental regulator AUTS2	2.57	-0.421
155370	SBDSP1	SBDS pseudogene 1	3.097	-0.43
9883	POM121	POM121 transmembrane nucleoporin	3.156	-0.208
260294	NSUN5P2	NSUN5 pseudogene 2	2.408	-0.283
378108	TRIM74	tripartite motif containing 74	2.642	-0.254
100101148	LOC100101148	FKBP prolyl isomerase 6 pseudogene	0.912	-0.717
100093631	GTF2IP4	general transcription factor IIi pseudogene 4	3.334	0.186
55695	NSUN5	NOP2/Sun RNA methyltransferase 5	2.587	-0.345
8468	FKBP6	FKBP prolyl isomerase family member 6 (inactive)	0.952	-0.657
9031	BAZ1B	bromodomain adjacent to zinc finger domain 1B	3.361	0.16
9275	BCL7B	BAF chromatin remodeling complex subunit BCL7B	3.221	0.135
26608	TBL2	transducin beta like 2	2.513	-0.268
51085	MLXIPL	MLX interacting protein like	1.762	1.742
84277	DNAJC30	DnaJ heat shock protein family (Hsp40) member C30	2.717	-0.347
114049	BUD23	BUD23 rRNA methyltransferase and ribosome maturation factor	3.186	0.287
83451	ABHD11	abhydrolase domain containing 11	2.693	-0.437
155368	METTL27	methyltransferase like 27	1.125	-0.959
107986809	ELN-AS1	ELN antisense RNA 1	1.764	-0.696
3984	LIMK1	LIM domain kinase 1	2.551	0.229
9569	GTF2IRD1	GTF2I repeat domain containing 1	2.803	0.407
2969	GTF2I	general transcription factor IIi	3.461	0.199
101926943	GTF2I-AS1	GTF2I antisense RNA 1	2.188	0.275
5383	PMS2P5	PMS1 homolog 2, mismatch repair system component pseudogene 5	1.681	-0.412
729438	CASTOR2	cytosolic arginine sensor for mTORC1 subunit 2	2.845	0.624
81554	RCC1L	RCC1 like	3.243	-0.171
2970	GTF2IP1	general transcription factor IIi pseudogene 1	3.327	0.182
107986710	LOC107986710	uncharacterized LOC107986710	1.492	0.366
5380	PMS2P2	PMS1 homolog 2, mismatch repair system component pseudogene 2	1.289	-0.327
541473	LOC541473	FKBP prolyl isomerase 6 pseudogene	1.207	-0.739
375593	TRIM73	tripartite motif containing 73	1.269	-0.523
155400	NSUN5P1	NSUN5 pseudogene 1	2.631	-0.324
100101267	POM121C	POM121 transmembrane nucleoporin C	2.998	-0.251
5387	PMS2P3	PMS1 homolog 2, mismatch repair system component pseudogene 3	1.959	-0.209
6369	CCL24	C-C motif chemokine ligand 24	1.044	-2.133
57414	RHBDD2	rhomboid domain containing 2	2.874	-0.543
83862	TMEM120A	transmembrane protein 120A	3.415	0.235
4191	MDH2	malate dehydrogenase 2	4.093	0.264
222183	SRRM3	serine/arginine repetitive matrix 3	2.246	0.946
7532	YWHAG	tyrosine 3-monooxygenase/tryptophan 5-monooxygenase activation protein gamma	4.014	-0.208
7784	ZP3	zona pellucida glycoprotein 3	1.915	-0.818
113878	DTX2	deltex E3 ubiquitin ligase 2	2.272	-0.226
100133091	LINC03009	long intergenic non-protein coding RNA 3009	1.86	-0.225
641808	FAM185BP	family with sequence similarity 185, member A pseudogene	1.81	0.266
57639	CCDC146	coiled-coil domain containing 146	2.363	0.693
10875	FGL2	fibrinogen like 2	2.848	-0.517
105375363	LOC105375363	uncharacterized LOC105375363	1.073	-0.42
57157	PHTF2	putative homeodomain transcription factor 2	3.001	0.448
948	CD36	CD36 molecule	4.508	0.295
781	CACNA2D1	calcium voltage-gated channel auxiliary subunit alpha2delta 1	3.451	-0.4
79161	TMEM243	transmembrane protein 243	2.106	-0.316
53616	ADAM22	ADAM metallopeptidase domain 22	2.259	-0.545
79689	STEAP4	STEAP4 metalloreductase	3.29	0.707
85865	GTPBP10	GTP binding protein 10	2.736	0.233
9069	CLDN12	claudin 12	3.064	0.322
8321	FZD1	frizzled class receptor 1	3.067	-0.789
7978	MTERF1	mitochondrial transcription termination factor 1	2.342	0.336
10142	AKAP9	A-kinase anchoring protein 9	3.29	0.7
889	KRIT1	KRIT1 ankyrin repeat containing	3.047	0.261
54467	ANKIB1	ankyrin repeat and IBR domain containing 1	3.008	0.186
257415	FAM133B	family with sequence similarity 133 member B	2.476	0.237
55610	VPS50	VPS50 subunit of EARP/GARPII complex	2.837	0.288
7980	TFPI2	tissue factor pathway inhibitor 2	1.539	0.66
64921	CASD1	CAS1 domain containing 1	2.957	-0.438
8910	SGCE	sarcoglycan epsilon	2.837	-0.403
5445	PON2	paraoxonase 2	3.081	0.245
51666	ASB4	ankyrin repeat and SOCS box containing 4	2.217	0.838
1780	DYNC1I1	dynein cytoplasmic 1 intermediate chain 1	3.135	0.557
10165	SLC25A13	solute carrier family 25 member 13	2.509	0.245
7979	SEM1	SEM1 26S proteasome subunit	3.096	0.284
57001	SDHAF3	succinate dehydrogenase complex assembly factor 3	2.409	0.378
4885	NPTX2	neuronal pentraxin 2	2.357	1.072
10552	ARPC1A	actin related protein 2/3 complex subunit 1A	3.394	0.193
11333	PDAP1	PDGFA associated protein 1	3.372	0.293
8896	BUD31	BUD31 homolog	2.621	0.261
100526740	ATP5MF-PTCD1	ATP5MF-PTCD1 readthrough	3.125	0.989
9551	ATP5MF	ATP synthase membrane subunit f	3.541	0.497
285989	ZNF789	zinc finger protein 789	2.265	-0.341
23660	ZKSCAN5	zinc finger with KRAB and SCAN domains 5	2.561	0.146
221785	ZSCAN25	zinc finger and SCAN domain containing 25	2.467	-0.16
89122	TRIM4	tripartite motif containing 4	2.581	-0.322
563	AZGP1	alpha-2-glycoprotein 1, zinc-binding	3.42	1.075
7589	ZSCAN21	zinc finger and SCAN domain containing 21	2.233	0.177
10980	COPS6	COP9 signalosome subunit 6	3.329	0.177
6878	TAF6	TATA-box binding protein associated factor 6	2.926	0.153
389541	LAMTOR4	late endosomal/lysosomal adaptor, MAPK and MTOR activator 4	2.894	-0.168
55262	TRAPPC14	trafficking protein particle complex subunit 14	2.368	-0.259
10734	STAG3	stromal antigen 3	2.013	0.278
352954	CASTOR3P	CASTOR family member 3, pseudogene	2.702	0.58
107986828	LOC107986828		1.085	0.818
101752399	STAG3L5P-PVRIG2P-PILRB	STAG3L5P-PVRIG2P-PILRB readthrough	2.992	-0.302
101752334	PVRIG2P	PVR related immunoglobulin domain containing 2, pseudogene	2.273	-0.442
29990	PILRB	paired immunoglobin like type 2 receptor beta	2.583	-0.444
55063	ZCWPW1	zinc finger CW-type and PWWP domain containing 1	2.393	0.228
56257	MEPCE	methylphosphate capping enzyme	2.874	-0.204
100316904	SAP25	Sin3A associated protein 25	1.839	-0.412
26261	FBXO24	F-box protein 24	1.421	-0.553
100129845	PCOLCE-AS1	PCOLCE antisense RNA 1	1.836	-0.633
64599	GIGYF1	GRB10 interacting GYF protein 1	3.386	-0.284
10248	POP7	POP7 homolog, ribonuclease P/MRP subunit	2.548	0.454
2050	EPHB4	EPH receptor B4	3.051	-0.321
56996	SLC12A9	solute carrier family 12 member 9	2.506	-0.324
7205	TRIP6	thyroid hormone receptor interactor 6	2.747	-0.582
402682	UFSP1	UFM1 specific peptidase 1 (inactive)	1.224	-0.505
43	ACHE	acetylcholinesterase (Cartwright blood group)	1.648	-0.921
4584	MUC3A	mucin 3A, cell surface associated	2.669	0.757
1174	AP1S1	adaptor related protein complex 1 subunit sigma 1	2.289	0.186
51024	FIS1	fission, mitochondrial 1	3.461	0.216
1523	CUX1	cut like homeobox 1	3.725	-0.206
54784	ALKBH4	alkB homolog 4, lysine demethylase	2.191	-0.174
5439	POLR2J	RNA polymerase II subunit J	2.945	0.373
107983993	UPK3BL2	uroplakin 3B like 2	2.538	-0.494
100134938	UPK3BL1	uroplakin 3B like 1	2.516	-0.548
222234	FAM185A	family with sequence similarity 185 member A	2.21	0.215
10234	LRRC17	leucine rich repeat containing 17	2.309	-0.737
83787	ARMC10	armadillo repeat containing 10	2.662	-0.159
9512	PMPCB	peptidase, mitochondrial processing subunit beta	3.412	0.194
27000	DNAJC2	DnaJ heat shock protein family (Hsp40) member C2	2.761	0.332
5701	PSMC2	proteasome 26S subunit, ATPase 2	3.32	0.243
375611	SLC26A5	solute carrier family 26 member 5	1.751	-0.249
5649	RELN	reelin	2.159	-1.272
10135	NAMPT	nicotinamide phosphoribosyltransferase	3.571	0.601
168455	CCDC71L	coiled-coil domain containing 71 like	2.343	-0.234
10466	COG5	component of oligomeric golgi complex 5	3.334	0.179
11062	DUS4L	dihydrouridine synthase 4 like	2.193	0.261
115253422	DUS4L-BCAP29	DUS4L-BCAP29 readthrough	3.186	0.246
55973	BCAP29	B cell receptor associated protein 29	3.13	0.239
5172	SLC26A4	solute carrier family 26 member 4	1.625	-0.837
3912	LAMB1	laminin subunit beta 1	3.92	-0.528
50640	PNPLA8	patatin like phospholipase domain containing 8	3.174	0.199
54674	LRRN3	leucine rich repeat neuronal 3	2.155	1.447
3475	IFRD1	interferon related developmental regulator 1	3.011	-0.387
154743	BMT2	base methyltransferase of 25S rRNA 2 homolog	2.833	-0.311
54329	GPR85	G protein-coupled receptor 85	1.631	-1.078
401397	SMIM30	small integral membrane protein 30	3.343	-0.26
5506	PPP1R3A	protein phosphatase 1 regulatory subunit 3A	3.638	0.697
29969	MDFIC	MyoD family inhibitor domain containing	3.07	-0.672
26136	TES	testin LIM domain protein	2.668	0.235
4233	MET	MET proto-oncogene, receptor tyrosine kinase	2.764	0.445
7982	ST7	suppression of tumorigenicity 7	2.911	0.453
93654	ST7-AS2	ST7 antisense RNA 2	1.471	0.506
93655	ST7-OT3	ST7 overlapping transcript 3	1.791	0.295
1080	CFTR	CF transmembrane conductance regulator	0.888	2.124
83992	CTTNBP2	cortactin binding protein 2	1.855	-0.45
51691	LSM8	LSM8 homolog, U6 small nuclear RNA associated	2.81	0.233
79974	CPED1	cadherin like and PC-esterase domain containing 1	3.09	-0.628
10157	AASS	aminoadipate-semialdehyde synthase	3.43	0.749
93664	CADPS2	calcium dependent secretion activator 2	2.726	1.178
4698	NDUFA5	NADH:ubiquinone oxidoreductase subunit A5	3.791	0.443
142685	ASB15	ankyrin repeat and SOCS box containing 15	3.456	0.725
442721	LMOD2	leiomodin 2	4.678	-0.487
23553	HYAL4	hyaluronidase 4	0.879	-2.147
25913	POT1	protection of telomeres 1	2.788	0.273
401398	POT1-AS1	POT1 antisense RNA 1	1.331	0.475
101928357	LOC101928357	uncharacterized LOC101928357	2.255	0.639
105375489	LOC105375489	uncharacterized LOC105375489	2.191	-0.357
27044	SND1	staphylococcal nuclease and tudor domain containing 1	3.412	0.118
3952	LEP	leptin	1.508	2.276
3614	IMPDH1	inosine monophosphate dehydrogenase 1	2.754	0.341
402483	LINC01000	long intergenic non-protein coding RNA 1000	3.056	-0.44
813	CALU	calumenin	4.101	0.599
611	OPN1SW	opsin 1, short wave sensitive	1.724	0.648
100130705	ATP6V1FNB	ATP6V1F neighbor	2.072	-2.617
23534	TNPO3	transportin 3	3.156	0.26
6608	SMO	smoothened, frizzled class receptor	2.452	-0.337
4899	NRF1	nuclear respiratory factor 1	2.681	-0.179
7328	UBE2H	ubiquitin conjugating enzyme E2 H	3.897	-0.427
23008	KLHDC10	kelch domain containing 10	3.163	0.168
53844	COPG2IT1	COPG2 imprinted transcript 1	1.311	0.874
4289	MKLN1	muskelin 1	3.297	0.189
100506881	MKLN1-AS	MKLN1 antisense RNA	1.857	0.401
5420	PODXL	podocalyxin like	3.672	0.264
54927	CHCHD3	coiled-coil-helix-coiled-coil-helix domain containing 3	3.589	0.502
100500804	MIR3654	microRNA 3654	2.979	-0.236
84912	SLC35B4	solute carrier family 35 member B4	2.473	0.221
669	BPGM	bisphosphoglycerate mutase	2.656	0.449
29062	WDR91	WD repeat domain 91	2.477	-0.202
23165	NUP205	nucleoporin 205	2.777	0.141
105375521	LOC105375521	uncharacterized LOC105375521	1.82	-0.35
767558	LUZP6	leucine zipper protein 6	3.24	-0.305
136319	MTPN	myotrophin	3.24	-0.305
349160	LOC349160	uncharacterized LOC349160	0.833	1.003
5764	PTN	pleiotrophin	3.105	-1.398
8805	TRIM24	tripartite motif containing 24	2.923	0.342
79989	TTC26	tetratricopeptide repeat domain 26	1.947	-0.321
51650	MRPS33	mitochondrial ribosomal protein S33	3.142	0.313
100507421	TMEM178B	transmembrane protein 178B	3.494	0.864
55750	AGK	acylglycerol kinase	3.207	0.241
57189	DENND11	DENN domain containing 11	2.752	0.31
6742	SSBP1	single stranded DNA binding protein 1	3.148	0.393
28639	TRBC1	T cell receptor beta constant 1	1.377	-0.61
2051	EPHB6	EPH receptor B6	2.063	0.589
3792	KEL	Kell metallo-endopeptidase (Kell blood group)	0.954	-0.797
373156	GSTK1	glutathione S-transferase kappa 1	3.623	0.185
835	CASP2	caspase 2	2.683	-0.208
100507507	FAM131B-AS2	FAM131B antisense RNA 2	1.941	0.599
728377	ARHGEF34P	Rho guanine nucleotide exchange factor 34, pseudogene	1.571	0.396
7984	ARHGEF5	Rho guanine nucleotide exchange factor 5	1.766	0.413
8454	CUL1	cullin 1	3.313	0.289
2146	EZH2	enhancer of zeste 2 polycomb repressive complex 2 subunit	1.82	0.276
155054	ZNF425	zinc finger protein 425	1.528	-0.37
7988	ZNF212	zinc finger protein 212	2.324	-0.428
100289678	ZNF783	zinc finger protein 783	2.43	-0.318
155060	LOC155060	AI894139 pseudogene	2.284	-0.777
155061	ZNF746	zinc finger protein 746	2.542	-0.156
84626	KRBA1	KRAB-A domain containing 1	3.122	-0.618
168544	ZNF467	zinc finger protein 467	2.212	-0.529
23145	SSPOP	SCO-spondin, pseudogene	1.504	-0.499
401431	ATP6V0E2-AS1	ATP6V0E2 antisense RNA 1	2.006	-0.402
285971	ZNF775	zinc finger protein 775	1.931	-0.341
168537	GIMAP7	GTPase, IMAP family member 7	2.701	0.614
55303	GIMAP4	GTPase, IMAP family member 4	2.968	0.353
28959	TMEM176B	transmembrane protein 176B	3.044	-0.837
55365	TMEM176A	transmembrane protein 176A	2.595	-0.582
3757	KCNH2	potassium voltage-gated channel subfamily H member 2	3.519	0.464
83590	TMUB1	transmembrane and ubiquitin like domain containing 1	2.664	0.263
116988	AGAP3	ArfGAP with GTPase domain, ankyrin repeat and PH domain 3	3.018	0.213
2636	GBX1	gastrulation brain homeobox 1	1.02	0.962
114483834	ABCF2-H2BK1	ABCF2-H2BK1 readthrough	2.79	0.355
10061	ABCF2	ATP binding cassette subfamily F member 2	3.059	0.179
54480	CHPF2	chondroitin polymerizing factor 2	2.952	-0.261
349136	WDR86	WD repeat domain 86	2.08	-0.484
6009	RHEB	Ras homolog, mTORC1 binding	3.235	0.271
51422	PRKAG2	protein kinase AMP-activated non-catalytic subunit gamma 2	3.617	0.206
58508	KMT2C	lysine methyltransferase 2C	3.324	0.306
220832	FABP5P3	fatty acid binding protein 5 pseudogene 3	1.634	0.938
57180	ACTR3B	actin related protein 3B	2.297	-0.28
107986750	LOC107986750	uncharacterized LOC107986750	1.085	2.215
22976	PAXIP1	PAX interacting protein 1	2.443	0.165
202781	PAXIP1-DT	PAXIP1 divergent transcript	2.121	-0.23
105375591	INSIG1-DT	INSIG1 divergent transcript	1.091	-0.673
100506302	RBM33-DT	RBM33 divergent transcript	1.666	0.265
9690	UBE3C	ubiquitin protein ligase E3C	3.435	0.178
5799	PTPRN2	protein tyrosine phosphatase receptor type N2	2.084	-0.317
54892	NCAPG2	non-SMC condensin II complex subunit G2	2.279	0.252
55112	DYNC2I1	dynein 2 intermediate chain 1	3.104	0.392
644128	RPL23AP53	ribosomal protein L23a pseudogene 53	2.525	-0.312
169270	ZNF596	zinc finger protein 596	2.117	-0.487
101927566	LOC101927566	uncharacterized LOC101927566	1.024	-1.076
157695	TDRP	testis development related protein	2.083	-0.309
2055	CLN8	CLN8 transmembrane ER and ERGIC protein	2.855	0.219
101927752	CLN8-AS1	CLN8 antisense RNA 1	2.436	-0.302
101928058	KBTBD11-AS1	KBTBD11 antisense RNA 1	1.027	-0.713
105377782	LOC105377782	uncharacterized LOC105377782	1.712	-0.943
100287015	MCPH1-DT	MCPH1 divergent transcript	1.501	-0.394
79648	MCPH1	microcephalin 1	2.657	0.318
285	ANGPT2	angiopoietin 2	2.176	0.708
55326	AGPAT5	1-acylglycerol-3-phosphate O-acyltransferase 5	2.295	-0.37
1667	DEFA1	defensin alpha 1	1.061	-1.592
728358	DEFA1B	defensin alpha 1B	1.062	-1.595
100128890	FAM66B	family with sequence similarity 66 member B	1.851	-0.375
286042	FAM86B3P	family with sequence similarity 86, member A pseudogene	1.116	-0.443
9258	MFHAS1	multifunctional ROCO family signaling regulator 1	2.873	0.44
101929128	LOC101929128	uncharacterized LOC101929128	0.891	0.855
4482	MSRA	methionine sulfoxide reductase A	2.835	0.233
83595	SOX7	SRY-box transcription factor 7	2.826	-0.527
83656	FAM167A-AS1	FAM167A antisense RNA 1	1.41	-0.725
252969	NEIL2	nei like DNA glycosylase 2	2.687	-0.405
105379243	LOC105379243	uncharacterized LOC105379243	1.51	-0.577
1508	CTSB	cathepsin B	4.225	0.467
85002	FAM86B1	family with sequence similarity 86 member B1	1.687	-0.584
619423	FAM85A	family with sequence similarity 85 member A	1.274	-0.441
100133172	FAM66A	family with sequence similarity 66 member A	0.849	-1.317
653333	FAM86B2	family with sequence similarity 86 member B2	1.267	-0.633
57604	TRMT9B	tRNA methyltransferase 9B (putative)	2.794	0.593
157773	C8orf48	chromosome 8 open reading frame 48	1.394	0.433
4481	MSR1	macrophage scavenger receptor 1	2.344	0.571
29883	CNOT7	CCR4-NOT transcription complex subunit 7	3.087	0.23
137492	VPS37A	VPS37A subunit of ESCRT-I	3.207	0.251
5157	PDGFRL	platelet derived growth factor receptor like	2.491	-0.523
57509	MTUS1	microtubule associated scaffold protein 1	3.954	0.231
5108	PCM1	pericentriolar material 1	3.683	0.232
427	ASAH1	N-acylsphingosine amidohydrolase 1	4.386	0.199
101929066	ASAH1-AS1	ASAH1 antisense RNA 1	1.911	0.501
55790	CSGALNACT1	chondroitin sulfate N-acetylgalactosaminyltransferase 1	3.332	0.414
4023	LPL	lipoprotein lipase	4.708	-0.733
526	ATP6V1B2	ATPase H+ transporting V1 subunit B2	3.336	-0.284
11178	LZTS1	leucine zipper tumor suppressor 1	2.265	0.398
2675	GFRA2	GDNF family receptor alpha 2	1.74	-0.789
64760	FHIP2B	FHF complex subunit HOOK interacting protein 2B	3.244	-0.261
80346	REEP4	receptor accessory protein 4	2.144	-0.244
203190	LGI3	leucine rich repeat LGI family member 3	1.339	1.356
55124	PIWIL2	piwi like RNA-mediated gene silencing 2	1.348	-0.976
5533	PPP3CC	protein phosphatase 3 catalytic subunit gamma	3.092	0.279
10174	SORBS3	sorbin and SH3 domain containing 3	3.324	-0.346
64236	PDLIM2	PDZ and LIM domain 2	2.421	-0.475
57805	CCAR2	cell cycle and apoptosis regulator 2	3.253	-0.152
1960	EGR3	early growth response 3	2.22	-1.235
157310	PEBP4	phosphatidylethanolamine binding protein 4	3.433	0.707
8794	TNFRSF10C	TNF receptor superfamily member 10c	1.503	-0.606
8793	TNFRSF10D	TNF receptor superfamily member 10d	2.201	-0.352
91782	CHMP7	charged multivesicular body protein 7	3.105	0.305
9583	ENTPD4	ectonucleoside triphosphate diphosphohydrolase 4	3.261	0.198
101929258	LOC101929258	uncharacterized LOC101929258	2.249	1.014
6781	STC1	stanniocalcin 1	2.724	-1.447
54793	KCTD9	potassium channel tetramerization domain containing 9	3.334	0.405
10687	PNMA2	PNMA family member 2	2.113	-0.677
1808	DPYSL2	dihydropyrimidinase like 2	3.575	-0.467
23087	TRIM35	tripartite motif containing 35	2.558	-0.425
2185	PTK2B	protein tyrosine kinase 2 beta	2.598	0.51
2053	EPHX2	epoxide hydrolase 2	3.058	-0.435
1191	CLU	clusterin	3.704	-0.639
51435	SCARA3	scavenger receptor class A member 3	2.78	-0.309
55246	CCDC25	coiled-coil domain containing 25	2.776	0.151
55893	ZNF395	zinc finger protein 395	3.04	0.256
157574	FBXO16	F-box protein 16	1.387	-0.495
55756	INTS9	integrator complex subunit 9	2.552	0.162
23303	KIF13B	kinesin family member 13B	2.894	-0.64
51669	SARAF	store-operated calcium entry associated regulatory factor	3.789	-0.151
11030	RBPMS	RNA binding protein, mRNA processing factor	3.725	-0.227
112268025	LOC112268025	uncharacterized LOC112268025	1.136	-0.89
2961	GTF2E2	general transcription factor IIE subunit 2	2.541	0.313
2936	GSR	glutathione-disulfide reductase	3.162	0.292
7993	UBXN8	UBX domain protein 8	1.982	0.226
3084	NRG1	neuregulin 1	1.732	-2.826
105379362	LOC105379362	uncharacterized LOC105379362	2.056	0.439
84549	MAK16	MAK16 homolog	2.633	-0.16
25960	ADGRA2	adhesion G protein-coupled receptor A2	2.993	-0.426
55290	BRF2	BRF2 RNA polymerase III transcription initiation factor subunit	2.57	-0.223
1978	EIF4EBP1	eukaryotic translation initiation factor 4E binding protein 1	2.513	1.027
27257	LSM1	LSM1 homolog, mRNA degradation associated	2.948	0.296
2260	FGFR1	fibroblast growth factor receptor 1	3.693	-0.265
59339	PLEKHA2	pleckstrin homology domain containing A2	3.415	-0.506
8754	ADAM9	ADAM metallopeptidase domain 9	3.564	0.551
8749	ADAM18	ADAM metallopeptidase domain 18	0.919	-2.676
3620	IDO1	indoleamine 2,3-dioxygenase 1	1.817	1.527
6422	SFRP1	secreted frizzled related protein 1	3.398	-0.694
137964	GPAT4	glycerol-3-phosphate acyltransferase 4	3.227	0.277
286	ANK1	ankyrin 1	3.555	0.557
10947	AP3M2	adaptor related protein complex 3 subunit mu 2	2.849	-0.527
5327	PLAT	plasminogen activator, tissue type	2.599	-0.466
5423	POLB	DNA polymerase beta	2.77	0.406
55145	THAP1	THAP domain containing 1	2.489	0.327
2339	FNTA	farnesyltransferase, CAAX box, alpha	3.181	0.197
100287846	LOC100287846	uncharacterized LOC100287846	1.633	-0.431
7336	UBE2V2	ubiquitin conjugating enzyme E2 V2	2.866	0.266
137902	PXDNL	peroxidasin like	3.54	-0.395
102724330	PCMTD1-DT	PCMTD1 divergent transcript	2.368	0.518
9821	RB1CC1	RB1 inducible coiled-coil 1	3.49	0.495
51606	ATP6V1H	ATPase H+ transporting V1 subunit H	3.05	-0.178
29088	MRPL15	mitochondrial ribosomal protein L15	3.427	0.297
64321	SOX17	SRY-box transcription factor 17	2.583	-1.374
6224	RPS20	ribosomal protein S20	3.765	0.233
26795	SNORD54	small nucleolar RNA, C/D box 54	0.899	-0.777
5179	PENK	proenkephalin	2.281	-2.698
101929415	PENK-AS1	PENK antisense RNA 1	1.123	-2.902
101929398	LOC101929398	uncharacterized LOC101929398	0.995	-0.916
100507632	LINC00968	long intergenic non-protein coding RNA 968	1.343	-1.364
137886	UBXN2B	UBX domain protein 2B	2.957	0.256
8439	NSMAF	neutral sphingomyelinase activation associated factor	2.936	0.375
55636	CHD7	chromodomain helicase DNA binding protein 7	2.883	0.171
157807	CLVS1	clavesin 1	1.981	0.327
444	ASPH	aspartate beta-hydroxylase	3.614	0.21
8836	GGH	gamma-glutamyl hydrolase	1.693	0.656
101410533	YTHDF3-DT	YTHDF3 divergent transcript	1.052	-0.696
9650	MTFR1	mitochondrial fission regulator 1	2.584	0.305
23212	RRS1	ribosome biogenesis regulator 1 homolog	2.568	0.286
4603	MYBL1	MYB proto-oncogene like 1	2.243	-0.599
157777	MCMDC2	minichromosome maintenance domain containing 2	2.565	0.305
641648	SNORD87	small nucleolar RNA, C/D box 87	1.314	-0.394
100129654	TCF24	transcription factor 24	1.598	1.611
10987	COPS5	COP9 signalosome subunit 5	3.432	0.38
79848	CSPP1	centrosome and spindle pole associated protein 1	2.563	0.305
10565	ARFGEF1	ADP ribosylation factor guanine nucleotide exchange factor 1	3.099	0.487
80243	PREX2	phosphatidylinositol-3,4,5-trisphosphate dependent Rac exchange factor 2	2.729	-0.345
116328	C8orf34	chromosome 8 open reading frame 34	1.066	-0.71
23213	SULF1	sulfatase 1	2.924	-1.154
286190	LACTB2-AS1	LACTB2 antisense RNA 1	1.881	0.571
51110	LACTB2	lactamase beta 2	2.727	0.491
157869	SBSPON	somatomedin B and thrombospondin type 1 domain containing	1.847	0.429
27067	STAU2	staufen double-stranded RNA binding protein 2	3.413	0.512
105375902	LOC105375902		1.107	0.518
55284	UBE2W	ubiquitin conjugating enzyme E2 W	2.929	-0.461
6921	ELOC	elongin C	3.146	0.404
54968	TMEM70	transmembrane protein 70	2.819	0.311
54332	GDAP1	ganglioside induced differentiation associated protein 1	2.1	-0.703
83690	CRISPLD1	cysteine rich secretory protein LCCL domain containing 1	2.037	-2.794
5828	PEX2	peroxisomal biogenesis factor 2	2.958	0.182
5569	PKIA	cAMP-dependent protein kinase inhibitor alpha	3.831	0.376
51101	ZC2HC1A	zinc finger C2HC-type containing 1A	2.332	-0.444
23462	HEY1	hes related family bHLH transcription factor with YRPW motif 1	2.799	-0.662
65986	ZBTB10	zinc finger and BTB domain containing 10	2.942	-0.249
2171	FABP5	fatty acid binding protein 5	2.997	0.635
2167	FABP4	fatty acid binding protein 4	3.469	0.948
3612	IMPA1	inositol monophosphatase 1	3.01	-0.413
138046	RALYL	RALY RNA binding protein like	1.701	0.662
1875	E2F5	E2F transcription factor 5	1.934	0.457
401466	RBIS	ribosomal biogenesis factor	2.84	0.4
761	CA3	carbonic anhydrase 3	2.864	-2.776
100996348	CA3-AS1	CA3 antisense RNA 1	1.884	-1.918
11059	WWP1	WW domain containing E3 ubiquitin protein ligase 1	3.544	0.655
8895	CPNE3	copine 3	3.519	0.312
4325	MMP16	matrix metallopeptidase 16	1.913	-0.907
8767	RIPK2	receptor interacting serine/threonine kinase 2	2.396	0.192
1666	DECR1	2,4-dienoyl-CoA reductase 1	3.927	0.43
169200	TMEM64	transmembrane protein 64	2.633	-0.307
100127983	C8orf88	chromosome 8 open reading frame 88	2.764	0.443
100506365	OTUD6B-AS1	OTUD6B antisense RNA 1 (head to head)	3.184	0.38
137392	CIBAR1	CBY1 interacting BAR domain containing 1	2.801	0.273
55472	RBM12B-AS1	RBM12B antisense RNA 1	1.02	0.482
54704	PDP1	pyruvate dehydrogenase phosphatase catalytic subunit 1	3.491	0.331
105375648	LOC105375648	uncharacterized LOC105375648	1.246	0.899
2669	GEM	GTP binding protein overexpressed in skeletal muscle	2.823	-0.709
25788	RAD54B	RAD54 homolog B	1.991	0.285
100861412	FSBP	fibrinogen silencer binding protein	1.72	0.386
25962	VIRMA	vir like m6A methyltransferase associated	3.073	-0.141
55656	INTS8	integrator complex subunit 8	2.952	0.401
137682	NDUFAF6	NADH:ubiquinone oxidoreductase complex assembly factor 6	2.846	0.283
392255	GDF6	growth differentiation factor 6	1.685	-2.395
7381	UQCRB	ubiquinol-cytochrome c reductase binding protein	4.302	0.631
51001	MTERF3	mitochondrial transcription termination factor 3	2.866	0.528
9791	PTDSS1	phosphatidylserine synthase 1	3.692	1.012
6383	SDC2	syndecan 2	3.264	-0.562
10404	CPQ	carboxypeptidase Q	2.977	-0.317
92140	MTDH	metadherin	3.411	0.159
55353	LAPTM4B	lysosomal protein transmembrane 4 beta	3.906	-0.231
4147	MATN2	matrilin 2	3.142	-1.05
10247	RIDA	reactive intermediate imine deaminase A homolog	2.808	0.346
6788	STK3	serine/threonine kinase 3	2.652	0.241
1345	COX6C	cytochrome c oxidase subunit 6C	3.927	0.287
6674	SPAG1	sperm associated antigen 1	1.939	-0.254
157567	ANKRD46	ankyrin repeat domain 46	2.879	-0.395
102466854	MIR7705	microRNA 7705	1.092	-1.797
7534	YWHAZ	tyrosine 3-monooxygenase/tryptophan 5-monooxygenase activation protein zeta	3.64	0.229
105375674	LINC03044	long intergenic non-protein coding RNA 3044	1.762	-0.657
51366	UBR5	ubiquitin protein ligase E3 component n-recognin 5	3.447	0.305
51582	AZIN1	antizyme inhibitor 1	3.467	-0.988
100506753	MAILR	macrophage interferon regulatory lncRNA	1.128	-0.583
25879	DCAF13	DDB1 and CUL4 associated factor 13	2.714	0.166
29967	LRP12	LDL receptor related protein 12	2.95	0.248
23414	ZFPM2	zinc finger protein, FOG family member 2	2.994	0.233
9694	EMC2	ER membrane protein complex subunit 2	3.035	0.192
157753	TMEM74	transmembrane protein 74	1.898	-0.891
84955	NUDCD1	NudC domain containing 1	2.505	0.203
56943	ENY2	ENY2 transcription and export complex 2 subunit	2.985	0.197
9166	EBAG9	estrogen receptor binding site associated antigen 9	2.79	0.404
112268030	LOC112268030	uncharacterized LOC112268030	1.521	0.314
644660	RAD21-AS1	RAD21 antisense RNA 1	1.153	0.502
90390	MED30	mediator complex subunit 30	2.191	-0.515
105375721	LOC105375721	uncharacterized LOC105375721	0.99	-1.003
2131	EXT1	exostosin glycosyltransferase 1	2.902	-0.886
401474	SAMD12	sterile alpha motif domain containing 12	2.767	-0.541
4982	TNFRSF11B	TNF receptor superfamily member 11b	2.489	-1.652
5168	ENPP2	ectonucleotide pyrophosphatase/phosphodiesterase 2	2.372	-0.743
64798	DEPTOR	DEP domain containing MTOR interacting protein	2.369	0.644
7373	COL14A1	collagen type XIV alpha 1 chain	3.285	-2.035
28998	MRPL13	mitochondrial ribosomal protein L13	2.922	0.319
6641	SNTB1	syntrophin beta 1	2.399	-0.487
104266958	LINC01151	long intergenic non-protein coding RNA 1151	1.282	0.774
107986904	LOC107986904	uncharacterized LOC107986904	1.82	0.906
84933	C8orf76	chromosome 8 open reading frame 76	2.27	0.298
100533106	ZHX1-C8orf76	ZHX1-C8orf76 readthrough	2.177	0.424
11244	ZHX1	zinc fingers and homeoboxes 1	2.941	0.215
340359	KLHL38	kelch like family member 38	3.5	0.788
654463	FER1L6	fer-1 like family member 6	1.304	2.315
157378	TMEM65	transmembrane protein 65	3.198	0.433
55039	TRMT12	tRNA methyltransferase 12 homolog	2.427	0.166
11236	RNF139	ring finger protein 139	2.909	-0.117
83940	TATDN1	TatD DNase domain containing 1	2.989	0.651
4715	NDUFB9	NADH:ubiquinone oxidoreductase subunit B9	3.826	0.306
9788	MTSS1	MTSS I-BAR domain containing 1	3.197	0.366
105375740	LOC105375740	uncharacterized LOC105375740	1.759	0.836
157381	LINC00964	long intergenic non-protein coding RNA 964	1.387	1.609
9897	WASHC5	WASH complex subunit 5	3.042	0.238
286053	NSMCE2	NSE2 (MMS21) homolog, SMC5-SMC6 complex SUMO ligase	2.603	0.333
100130231	LINC00861	long intergenic non-protein coding RNA 861	1.291	-0.872
101867536	PRNCR1	prostate cancer associated non-coding RNA 1	2.436	-0.238
56169	GSDMC	gasdermin C	1.815	1.061
137835	TMEM71	transmembrane protein 71	3.117	-0.819
51105	PHF20L1	PHD finger protein 20 like 1	3.311	0.391
7038	TG	thyroglobulin	1.118	0.755
57623	ZFAT	zinc finger and AT-hook domain containing	2.376	0.358
594840	ZFAT-AS1	ZFAT antisense RNA 1	0.985	0.726
169044	COL22A1	collagen type XXII alpha 1 chain	1.932	-3.76
83696	TRAPPC9	trafficking protein particle complex subunit 9	2.938	-0.163
105375779	LOC105375779	uncharacterized LOC105375779	1.047	-1.084
54108	CHRAC1	chromatin accessibility complex subunit 1	2.694	0.263
5747	PTK2	protein tyrosine kinase 2	3.342	0.222
105375790	LOC105375790	uncharacterized LOC105375790	0.874	1.054
203062	TSNARE1	t-SNARE domain containing 1	2.681	-0.221
51337	THEM6	thioesterase superfamily member 6	2.66	0.258
111188157	LYNX1-SLURP2	LYNX1-SLURP2 readthrough	2.299	0.289
100128627	CDC42P3	CDC42 pseudogene 3	1.802	0.306
4061	LY6E	lymphocyte antigen 6 family member E	2.987	-0.604
286122	LINC02904	long intergenic non-protein coding RNA 2904	1.249	-1.009
2738	GLI4	GLI family zinc finger 4	2.276	-0.361
100507316	MINCR	MYC-induced long non-coding RNA	1.765	-0.419
116447	TOP1MT	DNA topoisomerase I mitochondrial	2.089	0.448
23144	ZC3H3	zinc finger CCCH-type containing 3	2.586	-0.352
79792	GSDMD	gasdermin D	2.772	-0.448
93100	NAPRT	nicotinate phosphoribosyltransferase	2.79	-0.485
65263	PYCR3	pyrroline-5-carboxylate reductase 3	1.923	-0.433
286075	ZNF707	zinc finger protein 707	2.232	-0.325
340371	NRBP2	nuclear receptor binding protein 2	3.189	-0.296
5339	PLEC	plectin	4.155	-0.264
84875	PARP10	poly(ADP-ribose) polymerase family member 10	2.751	-0.568
8733	GPAA1	glycosylphosphatidylinositol anchor attachment 1	3.252	-0.319
84232	MAF1	MAF1 homolog, negative regulator of RNA polymerase III	3.621	0.345
340390	WDR97	WD repeat domain 97	1.592	-0.741
727957	MROH1	maestro heat like repeat family member 1	2.944	-0.251
340393	TMEM249	transmembrane protein 249	1.342	-0.416
26233	FBXL6	F-box and leucine rich repeat protein 6	2.19	-0.49
203054	ADCK5	aarF domain containing kinase 5	2.162	-0.338
100126351	MIR939	microRNA 939	1.103	-0.444
51160	VPS28	VPS28 subunit of ESCRT-I	3.18	-0.206
90990	KIFC2	kinesin family member C2	2.473	0.427
8928	FOXH1	forkhead box H1	1.85	0.566
84988	PPP1R16A	protein phosphatase 1 regulatory subunit 16A	3.009	0.372
9684	LRRC14	leucine rich repeat containing 14	2.716	-0.31
441381	LRRC24	leucine rich repeat containing 24	1.985	-0.648
414919	C8orf82	chromosome 8 open reading frame 82	2.721	0.333
100996662	LOC100996662	uncharacterized LOC100996662	2.232	-0.344
90987	ZNF251	zinc finger protein 251	2.819	-0.48
340385	ZNF517	zinc finger protein 517	2.282	-0.294
28991	COMMD5	COMM domain containing 5	2.505	-0.231
286101	ZNF252P	zinc finger protein 252, pseudogene	2.876	0.801
286102	TMED10P1	transmembrane p24 trafficking protein 10 pseudogene 1	2.394	0.425
65265	C8orf33	chromosome 8 open reading frame 33	2.928	-0.302
100287596	DDX11L5	DEAD/H-box helicase 11 like 5 (pseudogene)	0.989	0.816
101929127	PGM5P3-AS1	PGM5P3 antisense RNA 1	1.032	0.483
55871	ZNG1A	Zn regulated GTPase metalloprotein activator 1A	2.727	0.5
401491	VLDLR-AS1	VLDLR antisense RNA 1	2.055	-0.9
105375957	LOC105375957	uncharacterized LOC105375957	1.703	-0.59
9933	PUM3	pumilio RNA binding family member 3	2.645	0.238
169792	GLIS3	GLIS family zinc finger 3	2.167	-0.62
6505	SLC1A1	solute carrier family 1 member 1	2.103	0.557
55064	SPATA6L	spermatogenesis associated 6 like	1.583	-1.312
10171	RCL1	RNA terminal phosphate cyclase like 1	2.249	-0.308
3717	JAK2	Janus kinase 2	3.399	-1.239
107987044	LOC107987044		1.253	-2.493
55848	PLGRKT	plasminogen receptor with a C-terminal lysine	2.722	0.283
158358	KIAA2026	KIAA2026	3.059	0.449
26953	RANBP6	RAN binding protein 6	3.078	0.42
23081	KDM4C	lysine demethylase 4C	2.711	0.183
101929407	PTPRD-AS1	PTPRD antisense RNA 1	1.361	-0.653
7306	TYRP1	tyrosinase related protein 1	3.224	-0.586
4781	NFIB	nuclear factor I B	3.506	-0.228
158326	FREM1	FRAS1 related extracellular matrix 1	2.554	-1.332
105375981	LOC105375981		1.478	-1.282
158219	TTC39B	tetratricopeptide repeat domain 39B	1.946	-0.637
11168	PSIP1	PC4 and SRSF1 interacting protein 1	3.058	0.206
6456	SH3GL2	SH3 domain containing GRB2 like 2, endophilin A1	2.396	-1.229
92949	ADAMTSL1	ADAMTS like 1	2.082	-2.173
105369293	LOC105369293	uncharacterized LOC105369293	1.044	-2.036
158297	SAXO1	stabilizer of axonemal microtubules 1	0.889	0.549
10670	RRAGA	Ras related GTP binding A	3.27	-0.147
54801	HAUS6	HAUS augmin like complex subunit 6	2.562	0.32
123	PLIN2	perilipin 2	3.436	0.732
55667	DENND4C	DENN domain containing 4C	3.025	0.265
63951	DMRTA1	DMRT like family A1	1.682	0.49
79886	CAAP1	caspase activity and apoptosis inhibitor 1	2.371	-0.256
9373	PLAA	phospholipase A2 activating protein	3.172	0.184
80173	IFT74	intraflagellar transport 74	2.578	0.387
48	ACO1	aconitase 1	3.482	0.218
10210	TOPORS	TOP1 binding arginine/serine rich protein, E3 ubiquitin ligase	2.729	0.306
101929639	B4GALT1-AS1	B4GALT1 antisense RNA 1	1.416	-0.501
51510	CHMP5	charged multivesicular body protein 5	3.144	-0.189
55833	UBAP2	ubiquitin associated protein 2	2.998	0.248
51271	UBAP1	ubiquitin associated protein 1	3.2	0.237
347240	KIF24	kinesin family member 24	2.392	0.207
84688	C9orf24	chromosome 9 open reading frame 24	2.231	-0.702
203259	FAM219A	family with sequence similarity 219 member A	3.078	-0.238
10280	SIGMAR1	sigma non-opioid intracellular receptor 1	2.813	0.319
3590	IL11RA	interleukin 11 receptor subunit alpha	3.113	-0.279
730098	LOC730098	uncharacterized LOC730098	2.021	-0.199
23349	PHF24	PHD finger protein 24	1.182	-1.071
105376025	LOC105376025	uncharacterized LOC105376025	1.161	-0.972
138724	C9orf131	chromosome 9 open reading frame 131	0.998	-0.921
2189	FANCG	FA complementation group G	2.013	-0.301
84720	PIGO	phosphatidylinositol glycan anchor biosynthesis class O	2.656	-0.227
30968	STOML2	stomatin like 2	3.339	0.267
10497	UNC13B	unc-13 homolog B	3.244	0.235
7016	TESK1	testis associated actin remodelling kinase 1	2.914	0.288
971	CD72	CD72 molecule	1.365	-0.7
6023	RMRP	RNA component of mitochondrial RNA processing endoribonuclease	0.824	-2.941
768	CA9	carbonic anhydrase 9	0.989	-0.781
7169	TPM2	tropomyosin 2	4.277	0.531
9827	RGP1	RGP1 homolog, RAB6A GEF complex partner 1	3.221	0.224
692094	MSMP	microseminoprotein, prostate associated	2.139	0.172
51754	TMEM8B	transmembrane protein 8B	3.006	-0.455
646962	HRCT1	histidine rich carboxyl terminus 1	1.825	0.645
158376	SPAAR	small regulatory polypeptide of amino acid response	2.176	0.731
8434	RECK	reversion inducing cysteine rich protein with kazal motifs	2.64	-0.622
152006	RNF38	ring finger protein 38	3.085	-0.499
64425	POLR1E	RNA polymerase I subunit E	2.639	-0.576
26267	FBXO10	F-box protein 10	2.496	0.195
401505	TOMM5	translocase of outer mitochondrial membrane 5	2.876	0.208
158234	TRMT10B	tRNA methyltransferase 10B	2.642	-0.189
105376037	LOC105376037	uncharacterized LOC105376037	1.436	-0.488
79269	DCAF10	DDB1 and CUL4 associated factor 10	2.875	0.191
6461	SHB	SH2 domain containing adaptor protein B	2.914	-0.656
219	ALDH1B1	aldehyde dehydrogenase 1 family member B1	2.92	0.695
101927042	LOC101927042	uncharacterized LOC101927042	2.364	1.802
401509	ZNF658B	zinc finger protein 658B (pseudogene)	2.276	0.3
100133036	FAM95B1	family with sequence similarity 95 member B1	1.373	-0.728
100132541	GXYLT1P3	GXYLT1 pseudogene 3	0.954	1.41
107986995	LOC107986995	uncharacterized LOC107986995	1.085	1.071
101929959	BMS1P14	BMS1 pseudogene 14	2.372	0.761
102724580	LOC102724580	methylenetetrahydrofolate dehydrogenase (NADP+ dependent) 1 like pseudogene	1.72	0.877
644019	ZNG1F	Zn regulated GTPase metalloprotein activator 1F	2.501	0.51
105376067	LOC105376067	uncharacterized LOC105376067	1.907	0.836
102724904	LOC102724904	methylenetetrahydrofolate dehydrogenase (NADP+ dependent) 1 like pseudogene	1.623	0.868
286297	LOC286297	methylenetetrahydrofolate dehydrogenase (NADP+ dependent) 1 like pseudogene	1.83	0.896
105379814	LOC105379814	uncharacterized LOC105379814	2.34	1.18
375719	AQP7P1	aquaporin 7 pseudogene 1	2.596	0.898
100996643	LOC100996643	methylenetetrahydrofolate dehydrogenase (NADP+ dependent) 1 like pseudogene	2.025	0.834
203274	LINC00537	long intergenic non-protein coding RNA 537	1.642	0.474
642236	FRG1JP	FSHD region gene 1 family member J, pseudogene	2.022	0.442
105379257	LOC105379257	uncharacterized LOC105379257	2.13	1.188
101929583	LOC101929583	methylenetetrahydrofolate dehydrogenase (NADP+ dependent) 1 like pseudogene	1.152	0.888
102724507	LOC102724507	uncharacterized LOC102724507	2.09	1.214
105379443	LOC105379443	methylenetetrahydrofolate dehydrogenase (NADP+ dependent) 1 like pseudogene	1.752	0.964
105379251	LOC105379251	replaced by ID 220869	1.277	0.633
220869	ZNG1E	Zn regulated GTPase metalloprotein activator 1E	2.572	0.376
101928195	LOC101928195	methylenetetrahydrofolate dehydrogenase (NADP+ dependent) 1 like pseudogene	1.112	0.794
441432	AQP7P3	aquaporin 7 pseudogene 3	2.38	0.996
112267859	LOC112267859	putative aquaporin-7-like protein 3	2.523	0.822
105379252	LOC105379252	family with sequence similarity 95 member B1-like	1.36	-0.731
105379448	LOC105379448	uncharacterized LOC105379448	1.194	-0.948
26149	ZNF658	zinc finger protein 658	2.374	0.29
101927602	LOC101927602	uncharacterized LOC101927602	2.044	1.453
445571	ZNG1C	Zn regulated GTPase metalloprotein activator 1C	2.543	0.489
105376070	LOC105376070	uncharacterized LOC105376070	1.312	0.508
169693	TMEM252	transmembrane protein 252	1.578	0.631
8395	PIP5K1B	phosphatidylinositol-4-phosphate 5-kinase type 1 beta	3.271	0.673
2395	FXN	frataxin	2.894	0.25
9414	TJP2	tight junction protein 2	3.584	0.28
100885775	BANCR	BRAF-activated non-protein coding RNA	2.643	-2.97
320	APBA1	amyloid beta precursor protein binding family A member 1	2.242	-0.566
80036	TRPM3	transient receptor potential cation channel subfamily M member 3	1.224	-0.598
7763	ZFAND5	zinc finger AN1-type containing 5	3.872	-0.337
6096	RORB	RAR related orphan receptor B	2.43	1.036
26578	OSTF1	osteoclast stimulating factor 1	2.605	0.141
5125	PCSK5	proprotein convertase subtilisin/kexin type 5	2.505	-0.393
653162	RPSAP9	ribosomal protein SA pseudogene 9	2.406	0.243
23230	VPS13A	vacuolar protein sorting 13 homolog A	3.317	0.285
29968	PSAT1	phosphoserine aminotransferase 1	1.283	0.693
7091	TLE4	TLE family member 4, transcriptional corepressor	2.63	-0.379
7088	TLE1	TLE family member 1, transcriptional corepressor	2.639	-0.393
105376106	LOC105376106	uncharacterized LOC105376106	0.926	-0.784
158158	RASEF	RAS and EF-hand domain containing	0.873	-2.207
102723989	FRMD3-AS1	FRMD3 antisense RNA 1	1.018	-0.787
80318	GKAP1	G kinase anchoring protein 1	2.716	0.555
80010	RMI1	RecQ mediated genome instability 1	2.332	0.304
4915	NTRK2	neurotrophic receptor tyrosine kinase 2	2.599	-0.575
23287	AGTPBP1	ATP/GTP binding carboxypeptidase 1	3.167	0.822
389765	LOC389765	kinesin family member 27 pseudogene	1.9	0.318
60560	NAA35	N-alpha-acetyltransferase 35, NatC auxiliary subunit	2.974	0.22
81689	ISCA1	iron-sulfur cluster assembly 1	3.356	0.237
79670	TUT7	terminal uridylyl transferase 7	2.909	0.203
1514	CTSL	cathepsin L	3.54	0.297
10927	SPIN1	spindlin 1	3.309	-0.217
286223	C9orf47	replaced by ID 1903	1.812	0.474
1903	S1PR3	sphingosine-1-phosphate receptor 3	2.964	1.207
1164	CKS2	CDC28 protein kinase regulatory subunit 2	1.789	0.503
105376139	LOC105376139	uncharacterized LOC105376139	1.085	-0.947
10912	GADD45G	growth arrest and DNA damage inducible gamma	2.888	-1.488
100129316	LOC100129316	uncharacterized LOC100129316	1.125	0.725
100129347	LINC00484	long intergenic non-protein coding RNA 484	1.035	-0.957
112268048	LOC112268048	uncharacterized LOC112268048	1.815	-0.538
55035	NOL8	nucleolar protein 8	2.819	0.233
4969	OGN	osteoglycin	3.103	-1.571
4958	OMD	osteomodulin	2.776	-1.122
54829	ASPN	asporin	3.362	-1.456
1842	ECM2	extracellular matrix protein 2	2.903	-0.955
100128361	LOC100128361	uncharacterized LOC100128361	1.368	-0.313
138649	ANKRD19P	ankyrin repeat domain 19, pseudogene	2.6	0.425
101927954	LOC101927954	uncharacterized LOC101927954	0.805	-0.599
445577	FAM120A2P	family with sequence similarity 120A2, pseudogene	2.427	0.245
23196	FAM120A	family with sequence similarity 120A	3.659	0.306
107987098	LOC107987098		1.794	-0.373
84641	MFSD14B	major facilitator superfamily domain containing 14B	2.91	-0.213
101928119	LOC101928119	uncharacterized LOC101928119	0.932	-0.751
105376156	LOC105376156	uncharacterized LOC105376156	1.731	0.68
100507346	LOC100507346	uncharacterized LOC100507346	1.3	0.433
375748	ERCC6L2	ERCC excision repair 6 like 2	2.761	0.138
195828	ZNF367	zinc finger protein 367	2.211	0.316
22869	ZNF510	zinc finger protein 510	2.667	0.187
84278	MFSD14CP	major facilitator superfamily domain containing 14C, pseudogene	2.117	-0.242
7111	TMOD1	tropomodulin 1	3.879	0.181
158427	TSTD2	thiosulfate sulfurtransferase like domain containing 2	3.371	0.338
4686	NCBP1	nuclear cap binding protein subunit 1	3.01	0.178
112268051	LOC112268051		0.977	0.678
54187	NANS	N-acetylneuraminate synthase	2.665	0.464
9830	TRIM14	tripartite motif containing 14	2.454	0.328
441461	STX17-DT	STX17 divergent transcript	1.2	-0.547
55014	STX17	syntaxin 17	3.018	0.232
23071	ERP44	endoplasmic reticulum protein 44	3.154	0.209
27130	INVS	inversin	2.426	0.225
91283	MSANTD3	Myb/SANT DNA binding domain containing 3	2.584	0.468
100526694	MSANTD3-TMEFF1	MSANTD3-TMEFF1 readthrough	1.924	0.441
54534	MRPL50	mitochondrial ribosomal protein L50	3.035	0.313
84302	PGAP4	post-GPI attachment to proteins GalNAc transferase 4	3.316	-0.258
101928550	SMC2-DT	SMC2 divergent transcript	1.857	0.873
23446	SLC44A1	solute carrier family 44 member 1	3.14	-0.271
83856	FSD1L	fibronectin type III and SPRY domain containing 1 like	2.53	-0.529
26134	RALGAPA1P1	RALGAPA1 pseudogene 1	2.409	0.202
105376204	LOC105376204	uncharacterized LOC105376204	1.471	-0.611
112268052	LOC112268052		1.716	-0.54
9314	KLF4	KLF transcription factor 4	3.131	-0.856
8518	ELP1	elongator acetyltransferase complex subunit 1	3.268	-0.139
54942	ABITRAM	actin binding transcription modulator	2.737	0.303
23731	TMEM245	transmembrane protein 245	3.776	0.445
54566	EPB41L4B	erythrocyte membrane protein band 4.1 like 4B	2.859	0.711
7295	TXN	thioredoxin	2.904	0.405
79987	SVEP1	sushi, von Willebrand factor type A, EGF and pentraxin domain containing 1	3.074	-0.787
23392	ECPAS	Ecm29 proteasome adaptor and scaffold	3.645	0.354
158399	ZNF483	zinc finger protein 483	2.642	-0.576
22949	PTGR1	prostaglandin reductase 1	2.897	0.365
548645	DNAJC25	DnaJ heat shock protein family (Hsp40) member C25	2.397	0.257
158401	SHOC1	shortage in chiasmata 1	0.866	-0.897
7357	UGCG	UDP-glucose ceramide glucosyltransferase	2.809	-0.264
64420	SUSD1	sushi domain containing 1	2.164	0.492
169834	ZNF883	zinc finger protein 883	2.337	0.649
7539	ZFP37	ZFP37 zinc finger protein	1.904	-0.432
100128385	FAM225B	family with sequence similarity 225 member B	1.278	-1.049
286333	FAM225A	family with sequence similarity 225 member A	1.309	-0.981
1318	SLC31A2	solute carrier family 31 member 2	2.338	0.414
23307	FKBP15	FKBP prolyl isomerase family member 15	3.139	0.135
246184	CDC26	cell division cycle 26	2.559	0.393
210	ALAD	aminolevulinate dehydratase	3.589	0.382
85301	COL27A1	collagen type XXVII alpha 1 chain	2.978	0.478
105376224	LOC105376224	uncharacterized LOC105376224	1.281	0.654
9550	ATP6V1G1	ATPase H+ transporting V1 subunit G1	3.214	0.163
203197	TMEM268	transmembrane protein 268	2.171	-0.393
7099	TLR4	toll like receptor 4	2.827	0.383
55755	CDK5RAP2	CDK5 regulatory subunit associated protein 2	3.287	0.408
1955	MEGF9	multiple EGF like domains 9	2.838	1.049
26147	PHF19	PHD finger protein 19	2.702	-0.196
7185	TRAF1	TNF receptor associated factor 1	2.389	-0.282
2934	GSN	gelsolin	4.661	-0.613
57000	GSN-AS1	GSN antisense RNA 1	1.919	-0.32
2040	STOM	stomatin	3.772	-0.226
92399	MRRF	mitochondrial ribosome recycling factor	3.034	0.173
55342	STRBP	spermatid perinuclear RNA binding protein	2.891	0.379
5695	PSMB7	proteasome 20S subunit beta 7	3.287	0.212
100129034	LOC100129034	uncharacterized LOC100129034	3.048	0.138
401551	WDR38	WD repeat domain 38	1.929	-0.578
11224	RPL35	ribosomal protein L35	3.606	0.466
81873	ARPC5L	actin related protein 2/3 complex subunit 5 like	3.007	0.167
2800	GOLGA1	golgin A1	2.966	0.284
26130	GAPVD1	GTPase activating protein and VPS9 domains 1	3.133	0.12
112268055	LOC112268055	uncharacterized LOC112268055	2.047	-0.285
79109	MAPKAP1	MAPK associated protein 1	3.45	0.423
5090	PBX3	PBX homeobox 3	3.209	0.195
4010	LMX1B	LIM homeobox transcription factor 1 beta	1.548	-0.994
23099	ZBTB43	zinc finger and BTB domain containing 43	3.172	0.348
84253	GARNL3	GTPase activating Rap/RanGAP domain like 3	2.796	-0.375
112268056	LOC112268056		1.812	-0.537
7633	ZNF79	zinc finger protein 79	2.224	0.437
6136	RPL12	ribosomal protein L12	3.708	0.306
90678	LRSAM1	leucine rich repeat and sterile alpha motif containing 1	3.037	0.471
10044	SH2D3C	SH2 domain containing 3C	3.026	-0.48
1025	CDK9	cyclin dependent kinase 9	3.03	-0.149
2356	FPGS	folylpolyglutamate synthase	2.996	-0.29
2022	ENG	endoglin	3.896	-0.509
102723566	LOC102723566	uncharacterized LOC102723566	2.851	-0.71
203	AK1	adenylate kinase 1	3.879	0.233
27090	ST6GALNAC4	ST6 N-acetylgalactosaminide alpha-2,6-sialyltransferase 4	2.863	-0.377
8818	DPM2	dolichyl-phosphate mannosyltransferase subunit 2, regulatory	2.422	-0.268
399665	EEIG1	estrogen-induced osteoclastogenesis regulator 1	2.777	-0.358
114789	SLC25A25	solute carrier family 25 member 25	2.449	-0.274
100289019	SLC25A25-AS1	SLC25A25 antisense RNA 1	2.415	-0.336
79095	BBLN	bublin coiled coil protein	2.671	-0.578
25792	CIZ1	CDKN1A interacting zinc finger protein 1	3.263	0.143
1759	DNM1	dynamin 1	2.441	-0.605
2801	GOLGA2	golgin A2	3.407	0.214
105376286	LOC105376286	uncharacterized LOC105376286	1.816	0.168
51117	COQ4	coenzyme Q4	2.797	-0.241
10999	SLC27A4	solute carrier family 27 member 4	2.737	0.391
81605	URM1	ubiquitin related modifier 1	3.072	-0.139
51148	CERCAM	cerebral endothelial cell adhesion molecule	2.693	-0.635
101929270	LOC101929270	uncharacterized LOC101929270	1.274	-0.42
84885	ZDHHC12	zinc finger DHHC-type palmitoyltransferase 12	2.044	0.34
51490	SPOUT1	SPOUT domain containing methyltransferase 1	2.898	0.169
883	KYAT1	kynurenine aminotransferase 1	2.533	0.394
254295	PHYHD1	phytanoyl-CoA dioxygenase domain containing 1	2.713	0.368
23511	NUP188	nucleoporin 188	3.073	-0.442
101929314	LOC101929314	uncharacterized LOC101929314	1.565	-0.596
56904	SH3GLB2	SH3 domain containing GRB2 like, endophilin B2	2.931	-0.298
1384	CRAT	carnitine O-acetyltransferase	3.459	0.17
389792	IER5L	immediate early response 5 like	2.023	-0.532
28989	NTMT1	N-terminal Xaa-Pro-Lys N-methyltransferase 1	2.911	0.184
51450	PRRX2	paired related homeobox 2	1.151	-1.344
27348	TOR1B	torsin family 1 member B	2.603	0.243
51759	C9orf78	chromosome 9 open reading frame 78	3.073	0.247
10868	USP20	ubiquitin specific peptidase 20	2.791	-0.279
57720	GPR107	G protein-coupled receptor 107	3.312	-0.132
23413	NCS1	neuronal calcium sensor 1	2.403	-0.651
256158	HMCN2	hemicentin 2	2.908	-1.134
107987134	LOC107987134	uncharacterized LOC107987134	1.253	-1.059
445	ASS1	argininosuccinate synthase 1	3.059	0.401
100272217	LOC100272217	uncharacterized LOC100272217	1.619	-0.447
8939	FUBP3	far upstream element binding protein 3	3.156	-0.187
25	ABL1	ABL proto-oncogene 1, non-receptor tyrosine kinase	3.244	-0.153
84929	FIBCD1	fibrinogen C domain containing 1	0.959	1.326
10319	LAMC3	laminin subunit gamma 3	1.577	-0.997
8021	NUP214	nucleoporin 214	3.094	-0.151
286336	FAM78A	family with sequence similarity 78 member A	3.069	0.841
84814	PLPP7	phospholipid phosphatase 7 (inactive)	3.366	0.393
84726	PRRC2B	proline rich coiled-coil 2B	3.612	0.186
2889	RAPGEF1	Rap guanine nucleotide exchange factor 1	3.55	0.394
9442	MED27	mediator complex subunit 27	2.548	-0.164
84628	NTNG2	netrin G2	2.079	-1.725
23064	SETX	senataxin	3.308	0.139
389799	CFAP77	cilia and flagella associated protein 77	1.652	0.935
11092	SPACA9	sperm acrosome associated 9	2.27	-0.439
106635683	SNORD141A	small nucleolar RNA, C/D box 141A	2.943	-1.055
9328	GTF3C5	general transcription factor IIIC subunit 5	3.057	0.289
1057	CELP	carboxyl ester lipase pseudogene	1.174	0.756
26301	GBGT1	globoside alpha-1,3-N-acetylgalactosaminyltransferase 1 (FORS blood group)	2.145	0.367
6835	SURF2	surfeit 2	2.228	0.322
57109	REXO4	REX4 homolog, 3'-5' exonuclease	2.636	0.442
11093	ADAMTS13	ADAM metallopeptidase with thrombospondin type 1 motif 13	2.315	-0.458
9719	ADAMTSL2	ADAMTS like 2	2.519	-0.876
138948	DBH-AS1	DBH antisense RNA 1	1.189	-1.043
1757	SARDH	sarcosine dehydrogenase	1.439	-0.766
266655	BRD3OS	BRD3 opposite strand	2.626	-0.272
8019	BRD3	bromodomain containing 3	2.951	-0.227
6256	RXRA	retinoid X receptor alpha	3.348	0.459
100506599	PPP1R26-AS1	PPP1R26 antisense RNA 1	1.247	-0.463
157922	CAMSAP1	calmodulin regulated spectrin associated protein 1	3.03	0.353
107987141	CAMSAP1-DT	CAMSAP1 divergent transcript	1.658	-0.394
10422	UBAC1	UBA domain containing 1	3.386	0.346
138151	NACC2	NACC family member 2	3.335	0.244
105376323	LINC02846	long intergenic non-protein coding RNA 2846	1.306	0.408
90120	TMEM250	transmembrane protein 250	2.68	0.303
6621	SNAPC4	small nuclear RNA activating complex polypeptide 4	2.565	-0.269
10807	ENTR1	endosome associated trafficking regulator 1	2.672	0.275
56623	INPP5E	inositol polyphosphate-5-phosphatase E	2.721	-0.164
9919	SEC16A	SEC16 homolog A, endoplasmic reticulum export factor	3.261	-0.161
4851	NOTCH1	notch receptor 1	3.052	-0.388
51162	EGFL7	EGF like domain multiple 7	3.372	-0.642
138311	DIPK1B	divergent protein kinase domain 1B	2.823	-0.324
84973	SNHG7	small nucleolar RNA host gene 7	2.601	-0.368
158062	LCN6	lipocalin 6	2.415	1.018
55684	RABL6	RAB, member RAS oncogene family like 6	3.385	0.28
8721	EDF1	endothelial differentiation related factor 1	3.566	0.275
286256	LCN12	lipocalin 12	1.997	-1.177
286257	PAXX	PAXX non-homologous end joining factor	2.432	-0.313
9022	CLIC3	chloride intracellular channel 3	1.796	-0.887
20	ABCA2	ATP binding cassette subfamily A member 2	3.204	-0.24
56654	NPDC1	neural proliferation, differentiation and control 1	3.152	-0.648
91373	UAP1L1	UDP-N-acetylglucosamine pyrophosphorylase 1 like 1	2.683	0.441
11253	MAN1B1	mannosidase alpha class 1B member 1	2.992	-0.205
101930307	LOC101930307		2.506	-0.71
29882	ANAPC2	anaphase promoting complex subunit 2	2.843	-0.201
8636	SSNA1	SS nuclear autoantigen 1	2.885	0.22
286262	TPRN	taperin	2.512	0.266
142680	SLC34A3	solute carrier family 34 member 3	0.843	-0.606
10383	TUBB4B	tubulin beta 4B class IVb	3.917	0.712
401565	FAM166A	family with sequence similarity 166 member A	2.655	0.574
25920	NELFB	negative elongation factor complex member B	3.045	-0.196
441478	NRARP	NOTCH regulated ankyrin repeat protein	2.448	-0.435
54932	EXD3	exonuclease 3'-5' domain containing 3	2.484	-0.389
26012	NSMF	NMDA receptor synaptonuclear signaling and neuronal migration factor	2.715	0.256
116225	ZMYND19	zinc finger MYND-type containing 19	2.336	0.515
651337	LOC651337	uncharacterized LOC651337	0.873	0.55
643224	TUBBP5	tubulin beta pseudogene 5	1.299	0.748
105376333	LOC105376333	uncharacterized LOC105376333	1.63	-0.477
102724813	LOC102724813	protein FRG1B	1.514	0.519
347688	TUBB8	tubulin beta 8 class VIII	1.484	0.647
107984190	LOC107984190	uncharacterized LOC107984190	1.494	0.622
22982	DIP2C	disco interacting protein 2 homolog C	3.28	0.225
414235	DIP2C-AS1	DIP2C antisense RNA 1	1.645	0.904
107984285	LOC107984285	replaced by ID 23185	1.412	-0.707
5214	PFKP	phosphofructokinase, platelet	3.769	-0.226
10531	PITRM1	pitrilysin metallopeptidase 1	3.553	0.217
105376369	LOC105376369	uncharacterized LOC105376369	0.918	-1.268
100216001	MANCR	mitotically associated long non coding RNA	0.882	0.833
1645	AKR1C1	aldo-keto reductase family 1 member C1	2.826	0.833
1646	AKR1C2	aldo-keto reductase family 1 member C2	2.731	0.811
8644	AKR1C3	aldo-keto reductase family 1 member C3	2.593	0.748
1109	AKR1C4	aldo-keto reductase family 1 member C4	1.401	0.639
10276	NET1	neuroepithelial cell transforming 1	2.759	-0.208
54906	TASOR2	transcription activation suppressor family member 2	3.305	0.301
2665	GDI2	GDP dissociation inhibitor 2	3.46	0.247
84893	FBH1	F-box DNA helicase 1	3.438	0.479
105376384	LOC105376384	uncharacterized LOC105376384	2.5	0.24
107984200	LOC107984200	uncharacterized LOC107984200	1.541	0.474
84991	RBM17	RNA binding motif protein 17	3.341	0.407
5209	PFKFB3	6-phosphofructo-2-kinase/fructose-2,6-biphosphatase 3	2.837	0.764
5588	PRKCQ	protein kinase C theta	1.137	-0.722
80760	ITIH5	inter-alpha-trypsin inhibitor heavy chain 5	3.169	-1.152
509	ATP5F1C	ATP synthase F1 subunit gamma	4.106	0.307
83860	TAF3	TATA-box binding protein associated factor 3	2.744	0.203
414196	CELF2-AS1	CELF2 antisense RNA 1	1.381	0.591
9712	USP6NL	USP6 N-terminal like	2.599	-0.336
254427	PROSER2	proline and serine rich 2	1.425	-0.578
26019	UPF2	UPF2 regulator of nonsense mediated mRNA decay	3.08	0.502
55176	SEC61A2	SEC61 translocon subunit alpha 2	2.627	-0.199
11164	NUDT5	nudix hydrolase 5	2.499	0.45
8872	CDC123	cell division cycle 123	3.042	0.418
57118	CAMK1D	calcium/calmodulin dependent protein kinase ID	2.365	0.772
83643	CCDC3	coiled-coil domain containing 3	2.642	-1.061
10133	OPTN	optineurin	3.715	0.678
222389	BEND7	BEN domain containing 7	2.661	0.42
8559	PRPF18	pre-mRNA processing factor 18	2.861	0.236
55691	FRMD4A	FERM domain containing 4A	3.089	0.264
83641	FAM107B	family with sequence similarity 107 member B	2.437	-0.508
79723	SUV39H2	SUV39H2 histone lysine methyltransferase	2.002	-0.284
10557	RPP38	ribonuclease P/MRP subunit p38	2.324	0.224
9397	NMT2	N-myristoyltransferase 2	2.705	0.229
107984210	LOC107984210	uncharacterized LOC107984210	1.362	0.391
100192204	PPIAP30	peptidylprolyl isomerase A pseudogene 30	1.341	-0.502
8516	ITGA8	integrin subunit alpha 8	2.463	-0.706
80013	MINDY3	MINDY lysine 48 deubiquitinase 3	2.771	-0.211
9317	PTER	phosphotriesterase related	2.634	0.687
389941	C1QL3	complement C1q like 3	1.419	1.122
6251	RSU1	Ras suppressor protein 1	3.144	0.487
100507347	VIM-AS1	VIM antisense RNA 1	3.167	-0.577
9200	HACD1	3-hydroxyacyl-CoA dehydratase 1	3.294	0.313
8027	STAM	signal transducing adaptor molecule	3.027	-0.203
783	CACNB2	calcium voltage-gated channel auxiliary subunit beta 2	3.141	0.647
84898	PLXDC2	plexin domain containing 2	3.261	-0.749
10529	NEBL	nebulette	4.77	0.336
387640	SKIDA1	SKI/DACH domain containing 1	1.968	0.433
8028	MLLT10	MLLT10 histone lysine methyltransferase DOT1L cofactor	3.162	0.202
64215	DNAJC1	DnaJ heat shock protein family (Hsp40) member C1	2.626	0.453
100130992	LOC100130992	uncharacterized LOC100130992	1.969	-0.819
100532731	COMMD3-BMI1	COMMD3-BMI1 readthrough	2.917	0.123
5305	PIP4K2A	phosphatidylinositol-5-phosphate 4-kinase type 2 alpha	2.796	-0.342
256815	C10orf67	chromosome 10 open reading frame 67	1.482	-0.783
220213	OTUD1	OTU deubiquitinase 1	3.195	-1.253
56243	KIAA1217	KIAA1217	3.281	0.268
57584	ARHGAP21	Rho GTPase activating protein 21	3.377	0.343
10006	ABI1	abl interactor 1	2.969	-0.182
387644	FAM238C	family with sequence similarity 238 member C	1.035	0.619
22852	ANKRD26	ankyrin repeat domain containing 26	2.837	0.511
10730	YME1L1	YME1 like 1 ATPase	3.641	0.24
91452	ACBD5	acyl-CoA binding domain containing 5	3.415	0.391
387646	LRRC37A6P	leucine rich repeat containing 37 member A6, pseudogene	1.77	0.662
105376463	LINC02680	long intergenic non-protein coding RNA 2680	0.906	-0.743
55130	ODAD2	outer dynein arm docking complex subunit 2	0.895	-1.008
220906	WAC-AS1	WAC antisense RNA 1 (head to head)	2.891	0.263
51322	WAC	WW domain containing adaptor with coiled-coil	3.606	0.213
6840	SVIL	supervillin	4.414	-0.235
107984172	LOC107984172	uncharacterized LOC107984172	0.951	0.967
57608	JCAD	junctional cadherin 5 associated	3.304	-0.314
1326	MAP3K8	mitogen-activated protein kinase kinase kinase 8	2.355	0.546
645954	SVIL2P	supervillin family member 2, pseudogene	2.769	-0.32
220929	ZNF438	zinc finger protein 438	2.806	0.308
220930	ZEB1-AS1	ZEB1 antisense RNA 1	2.065	-0.204
94134	ARHGAP12	Rho GTPase activating protein 12	3.018	0.231
107984219	LOC107984219	uncharacterized LOC107984219	2.27	0.49
3688	ITGB1	integrin subunit beta 1	4.293	0.598
56288	PARD3	par-3 family cell polarity regulator	3.118	0.474
8453	CUL2	cullin 2	3.08	0.31
57209	ZNF248	zinc finger protein 248	2.888	0.179
7581	ZNF33A	zinc finger protein 33A	3.091	0.46
7587	ZNF37A	zinc finger protein 37A	2.84	0.339
285961	SEPTIN7P9	septin 7 pseudogene 9	1.574	-0.543
100129482	ZNF37BP	zinc finger protein 37B, pseudogene	2.66	0.385
7582	ZNF33B	zinc finger protein 33B	2.828	0.412
9790	BMS1	BMS1 ribosome biogenesis factor	3.08	0.327
55454	CSGALNACT2	chondroitin sulfate N-acetylgalactosaminyltransferase 2	2.756	-0.295
221002	RASGEF1A	RasGEF domain family member 1A	1.593	0.661
3185	HNRNPF	heterogeneous nuclear ribonucleoprotein F	3.297	0.255
105379857	LOC105379857	replaced by ID 642819	1.073	-0.789
8187	ZNF239	zinc finger protein 239	1.75	0.325
220992	ZNF485	zinc finger protein 485	1.761	0.299
7580	ZNF32	zinc finger protein 32	2.952	0.362
414208	ZNF32-AS2	ZNF32 antisense RNA 2	1.782	0.298
220980	TMEM72-AS1	TMEM72 antisense RNA 1	0.982	-1.257
240	ALOX5	arachidonate 5-lipoxygenase	2.236	0.568
220972	MARCHF8	membrane associated ring-CH-type finger 8	3.197	0.294
253725	WASHC2C	WASH complex subunit 2C	3.252	0.231
728407	PARGP1	poly(ADP-ribose) glycohydrolase pseudogene 1	1.769	0.229
100287932	TIMM23	translocase of inner mitochondrial membrane 23	3.26	0.523
728643	HNRNPA1P33	heterogeneous nuclear ribonucleoprotein A1 pseudogene 33	1.769	-0.786
414212	GLUD1P2	glutamate dehydrogenase 1 pseudogene 2	1.333	-0.314
2662	GDF10	growth differentiation factor 10	1.718	-2.587
58504	ARHGAP22	Rho GTPase activating protein 22	2.202	-0.976
100506769	C10orf71-AS1	C10orf71 antisense RNA 1	2.199	-0.545
118461	C10orf71	chromosome 10 open reading frame 71	3.804	-0.32
55753	OGDHL	oxoglutarate dehydrogenase L	2.504	-1.08
8505	PARG	poly(ADP-ribose) glycohydrolase	2.773	0.221
414189	AGAP6	ArfGAP with GTPase domain, ankyrin repeat and PH domain 6	2.149	-0.166
387680	WASHC2A	WASH complex subunit 2A	3.306	0.236
56624	ASAH2	N-acylsphingosine amidohydrolase 2	2.024	0.22
105378302	LOC105378302	uncharacterized LOC105378302	1.455	0.421
23283	CSTF2T	cleavage stimulation factor subunit 2 tau variant	3.081	-0.157
100506939	PRKG1-AS1	PRKG1 antisense RNA 1	2.142	-0.374
65217	PCDH15	protocadherin related 15	1.221	-1.281
55847	CISD1	CDGSH iron sulfur domain 1	3.377	0.333
80114	BICC1	BicC family RNA binding protein 1	2.693	-0.394
100507008	LINC00844	long intergenic non-protein coding RNA 844	2.12	1.179
220963	SLC16A9	solute carrier family 16 member 9	2.396	-2.505
288	ANK3	ankyrin 3	3.809	0.283
107987153	LOC107987153		1	-1.202
983	CDK1	cyclin dependent kinase 1	1.502	0.781
9886	RHOBTB1	Rho related BTB domain containing 1	3.081	-0.328
84159	ARID5B	AT-rich interaction domain 5B	3.282	-0.479
22891	ZNF365	zinc finger protein 365	1.417	-2.826
84890	ADO	2-aminoethanethiol dioxygenase	2.999	-0.349
1959	EGR2	early growth response 2	2.156	-2.142
305	ANXA2P3	annexin A2 pseudogene 3	1.32	-0.523
84665	MYPN	myopalladin	3.983	-0.352
64081	PBLD	phenazine biosynthesis like protein domain containing	2.287	-0.408
1763	DNA2	DNA replication helicase/nuclease 2	1.975	0.566
8034	SLC25A16	solute carrier family 25 member 16	2.73	-0.355
55749	CCAR1	cell division cycle and apoptosis regulator 1	3.13	0.348
219736	STOX1	storkhead box 1	1.312	0.719
9188	DDX21	DExD-box helicase 21	3.185	0.209
9559	VPS26A	VPS26 retromer complex component A	3.055	0.146
6832	SUPV3L1	Suv3 like RNA helicase	3.02	0.235
3098	HK1	hexokinase 1	4.024	0.209
219738	FAM241B	family with sequence similarity 241 member B	1.889	-0.449
84883	AIFM2	apoptosis inducing factor mitochondria associated 2	2.909	0.331
5464	PPA1	inorganic pyrophosphatase 1	3.222	0.497
1979	EIF4EBP2	eukaryotic translation initiation factor 4E binding protein 2	3.831	0.355
27143	PALD1	phosphatase domain containing paladin 1	2.634	-0.406
5551	PRF1	perforin 1	1.817	-0.871
5092	PCBD1	pterin-4 alpha-carbinolamine dehydratase 1	3.282	0.195
219699	UNC5B	unc-5 netrin receptor B	2.985	-0.478
728978	UNC5B-AS1	UNC5B antisense RNA 1	2.081	-1.057
64072	CDH23	cadherin related 23	2.586	-0.705
105378356	LOC105378356	uncharacterized LOC105378356	1.534	1.569
64115	VSIR	V-set immunoregulatory receptor	3.241	0.331
9469	CHST3	carbohydrate sulfotransferase 3	3.283	-0.381
9806	SPOCK2	SPARC (osteonectin), cwcv and kazal like domains proteoglycan 2	2.743	-0.466
54541	DDIT4	DNA damage inducible transcript 4	3.352	-0.623
10367	MICU1	mitochondrial calcium uptake 1	3.189	0.172
109617000	SNORA11F	small nucleolar RNA, H/ACA box 11F	0.977	0.608
414245	DNAJC9-AS1	DNAJC9 and MRPS16 antisense RNA 1	1.967	-0.302
51021	MRPS16	mitochondrial ribosomal protein S16	3.338	0.16
118491	CFAP70	cilia and flagella associated protein 70	2.196	-0.395
310	ANXA7	annexin A7	3.642	-0.247
118490	MSS51	MSS51 mitochondrial translational activator	2.553	-1.426
58529	MYOZ1	myozenin 1	1.852	-1.903
79933	SYNPO2L	synaptopodin 2 like	4.306	-0.503
729096	BMS1P4	BMS1 pseudogene 4	1.76	0.214
118487	CHCHD1	coiled-coil-helix-coiled-coil-helix domain containing 1	2.695	0.304
8509	NDST2	N-deacetylase and N-sulfotransferase 2	2.735	-0.172
818	CAMK2G	calcium/calmodulin dependent protein kinase II gamma	2.811	-0.178
132	ADK	adenosine kinase	2.882	0.208
102723439	LOC102723439	uncharacterized LOC102723439	1.373	0.468
23522	KAT6B	lysine acetyltransferase 6B	3.119	0.374
51207	DUSP13	dual specificity phosphatase 13	2.501	1.227
142891	SAMD8	sterile alpha motif domain containing 8	3.172	0.448
83938	LRMDA	leucine rich melanocyte differentiation associated	2.299	1.289
3778	KCNMA1	potassium calcium-activated channel subfamily M alpha 1	2.116	-1.001
6229	RPS24	ribosomal protein S24	4.026	0.6
101929506	LOC101929506	uncharacterized LOC101929506	1.489	0.627
101060691	NUTM2B-AS1	NUTM2B antisense RNA 1	2.442	0.263
8512	MBL1P	mannose binding lectin 1, pseudogene	1.591	-0.891
6441	SFTPD	surfactant protein D	1.388	-0.612
219348	PLAC9	placenta associated 9	2.503	-0.529
84293	PRXL2A	peroxiredoxin like 2A	3.459	0.642
92211	CDHR1	cadherin related family member 1	1.493	0.608
5995	RGR	retinal G protein coupled receptor	1.058	2.459
23063	WAPL	WAPL cohesin release factor	3.091	0.164
6623	SNCG	synuclein gamma	2.31	0.413
10974	ADIRF	adipogenesis regulatory factor	2.512	0.348
728190	NUTM2A-AS1	NUTM2A antisense RNA 1	2.086	0.412
9562	MINPP1	multiple inositol-polyphosphate phosphatase 1	2.367	-0.208
118932	ANKRD22	ankyrin repeat domain 22	0.881	-1.772
9023	CH25H	cholesterol 25-hydroxylase	1.584	-2.218
105378419	LOC105378419	uncharacterized LOC105378419	1.159	-1.105
101926887	LOC101926887	uncharacterized LOC101926887	1.199	-1.234
439996	IFIT1B	interferon induced protein with tetratricopeptide repeats 1B	1.166	0.563
27063	ANKRD1	ankyrin repeat domain 1	5.276	-0.694
105378427	XLOC_008559	uncharacterized LOC105378427	1.382	1.301
143279	HECTD2	HECT domain E3 ubiquitin protein ligase 2	2.406	-0.402
105378433	LOC105378433	uncharacterized LOC105378433	1.057	-1.164
143282	FGFBP3	fibroblast growth factor binding protein 3	1.418	-0.392
3416	IDE	insulin degrading enzyme	3.238	0.37
3832	KIF11	kinesin family member 11	1.682	0.514
55165	CEP55	centrosomal protein 55	1.142	2.388
118924	FRA10AC1	FRA10A associated CGG repeat 1	2.813	0.217
51196	PLCE1	phospholipase C epsilon 1	3.255	-1.18
100128054	PLCE1-AS1	PLCE1 antisense RNA 1	1.43	-0.915
9124	PDLIM1	PDZ and LIM domain 1	3.976	-0.405
26123	TCTN3	tectonic family member 3	2.739	-0.29
7093	TLL2	tolloid like 2	2.672	-0.951
105378443	LOC105378443	uncharacterized LOC105378443	1.796	0.289
118788	PIK3AP1	phosphoinositide-3-kinase adaptor protein 1	2.114	0.466
102723665	LOC102723665	uncharacterized LOC102723665	2.148	-0.394
84986	ARHGAP19	Rho GTPase activating protein 19	2.416	-0.204
23223	RRP12	ribosomal RNA processing 12 homolog	2.983	-0.643
644215	LOC644215	uncharacterized LOC644215	1.22	-0.438
5223	PGAM1	phosphoglycerate mutase 1	3.44	-0.195
84287	ZDHHC16	zinc finger DHHC-type palmitoyltransferase 16	2.73	0.497
80019	UBTD1	ubiquitin domain containing 1	2.634	0.349
112817	HOGA1	4-hydroxy-2-oxoglutarate aldolase 1	2.921	0.776
118812	MORN4	MORN repeat containing 4	2.521	-0.571
55361	PI4K2A	phosphatidylinositol 4-kinase type 2 alpha	3.012	-0.367
83742	MARVELD1	MARVEL domain containing 1	2.678	-0.723
118813	ZFYVE27	zinc finger FYVE-type containing 27	2.834	-0.66
6425	SFRP5	secreted frizzled related protein 5	2.228	-1.717
27291	R3HCC1L	R3H domain and coiled-coil containing 1 like	2.461	0.16
3257	HPS1	HPS1 biogenesis of lysosomal organelles complex 3 subunit 1	2.986	-0.257
101927300	GOT1-DT	GOT1 divergent transcript	2.317	-0.451
1355	COX15	cytochrome c oxidase assembly homolog COX15	3.172	-0.186
51076	CUTC	cutC copper transporter	2.987	0.267
1244	ABCC2	ATP binding cassette subfamily C member 2	1.174	0.745
6319	SCD	stearoyl-CoA desaturase	2.801	1.861
56652	TWNK	twinkle mtDNA helicase	2.423	0.233
84445	LZTS2	leucine zipper tumor suppressor 2	3.118	-0.174
79955	PDZD7	PDZ domain containing 7	1.741	-0.31
81621	KAZALD1	Kazal type serine peptidase inhibitor domain 1	2.398	-1.039
8945	BTRC	beta-transducin repeat containing E3 ubiquitin protein ligase	3.276	0.185
27343	POLL	DNA polymerase lambda	2.713	-0.241
100289509	KCNIP2-AS1	KCNIP2 antisense RNA 1	2.769	1.676
30819	KCNIP2	potassium voltage-gated channel interacting protein 2	3.695	1.539
79803	HPS6	HPS6 biogenesis of lysosomal organelles complex 2 subunit 3	2.488	-0.376
23082	PPRC1	PPARG related coactivator 1	2.826	-0.234
79176	FBXL15	F-box and leucine rich repeat protein 15	2.356	-0.381
10121	ACTR1A	actin related protein 1A	3.534	0.216
81603	TRIM8	tripartite motif containing 8	3.292	0.384
105378460	LOC105378460	uncharacterized LOC105378460	1.861	0.543
403	ARL3	ADP ribosylation factor like GTPase 3	2.963	0.419
100528007	BORCS7-ASMT	BORCS7-ASMT readthrough (NMD candidate)	2.825	0.341
119032	BORCS7	BLOC-1 related complex subunit 7	2.793	-0.269
57412	AS3MT	arsenite methyltransferase	2.778	0.369
54805	CNNM2	cyclin and CBS domain divalent metal cation transport mediator 2	2.986	-0.256
6877	TAF5	TATA-box binding protein associated factor 5	2.483	0.321
9148	NEURL1	neuralized E3 ubiquitin protein ligase 1	1.012	-0.892
79991	STN1	STN1 subunit of CST complex	2.978	0.307
119392	SFR1	SWI5 dependent homologous recombination repair protein 1	2.117	-0.254
119391	GSTO2	glutathione S-transferase omega 2	1.752	-0.599
85450	ITPRIP	inositol 1,4,5-trisphosphate receptor interacting protein	3.4	-0.556
159686	CFAP58	cilia and flagella associated protein 58	2.198	-0.341
4601	MXI1	MAX interactor 1, dimerization protein	3.392	0.22
10285	SMNDC1	survival motor neuron domain containing 1	2.839	-0.178
1847	DUSP5	dual specificity phosphatase 5	2.74	-1.034
9126	SMC3	structural maintenance of chromosomes 3	3.06	0.344
100616113	MIR4680	microRNA 4680	1.008	-1.088
92482	BBIP1	BBSome interacting protein 1	2.591	0.206
57678	GPAM	glycerol-3-phosphate acyltransferase, mitochondrial	3.007	0.57
143187	VTI1A	vesicle transport through interaction with t-SNAREs 1A	2.664	0.29
6934	TCF7L2	transcription factor 7 like 2	2.653	-0.205
107984270	LOC107984270	uncharacterized LOC107984270	1.472	-1.481
3026	HABP2	hyaluronan binding protein 2	3.226	-0.663
840	CASP7	caspase 7	2.563	0.323
9937	DCLRE1A	DNA cross-link repair 1A	2.552	0.335
153	ADRB1	adrenoceptor beta 1	2.816	0.708
3983	ABLIM1	actin binding LIM protein 1	4.689	0.375
142940	TRUB1	TruB pseudouridine synthase family member 1	2.911	-0.681
26033	ATRNL1	attractin like 1	2.197	-2.984
2674	GFRA1	GDNF family receptor alpha 1	2.393	0.745
105378499	HSPA12A-AS1	HSPA12A antisense RNA 1	1.59	0.659
259217	HSPA12A	heat shock protein family A (Hsp70) member 12A	2.789	0.634
57698	SHTN1	shootin 1	2.269	0.5
255082	CASC2	cancer susceptibility 2	1.493	-0.696
8661	EIF3A	eukaryotic translation initiation factor 3 subunit A	3.908	0.33
404636	DENND10	DENN domain containing 10	2.633	0.165
2869	GRK5	G protein-coupled receptor kinase 5	3.184	0.493
7073	TIAL1	TIA1 cytotoxic granule associated RNA binding protein like 1	3.232	0.161
22876	INPP5F	inositol polyphosphate-5-phosphatase F	2.701	-0.353
79892	MCMBP	minichromosome maintenance complex binding protein	3.035	0.103
11196	SEC23IP	SEC23 interacting protein	2.919	0.188
10579	TACC2	transforming acidic coiled-coil containing protein 2	4.135	0.297
387715	ARMS2	age-related maculopathy susceptibility 2	0.894	-2.193
5654	HTRA1	HtrA serine peptidase 1	3.383	-0.739
105378526	LOC105378526		1.586	-0.861
119587	CPXM2	carboxypeptidase X, M14 family member 2	2.666	-1.674
4942	OAT	ornithine aminotransferase	3.097	-0.283
101927944	FAM53B-AS1	FAM53B antisense RNA 1	1.357	0.89
399818	EEF1AKMT2	EEF1A lysine methyltransferase 2	2.559	-0.262
23172	ABRAXAS2	abraxas 2, BRISC complex subunit	2.734	0.183
54764	ZRANB1	zinc finger RANBP2-type containing 1	3.276	0.344
1488	CTBP2	C-terminal binding protein 2	3.15	0.132
399821	EDRF1-DT	EDRF1 divergent transcript	1.117	0.405
26098	EDRF1	erythroid differentiation regulatory factor 1	2.663	0.131
56647	BCCIP	BRCA2 and CDKN1A interacting protein	3.101	0.177
92565	FANK1	fibronectin type III and ankyrin repeat domains 1	1.314	-0.557
105378550	LOC105378550	uncharacterized LOC105378550	0.918	-0.663
1793	DOCK1	dedicator of cytokinesis 1	3.144	-0.274
642938	INSYN2A	inhibitory synaptic factor 2A	1.222	-1.759
4288	MKI67	marker of proliferation Ki-67	1.778	2.21
102724883	LOC102724883	uncharacterized LOC102724883	0.99	-0.54
10539	GLRX3	glutaredoxin 3	3.075	0.399
55844	PPP2R2D	protein phosphatase 2 regulatory subunit Bdelta	3.279	0.346
282973	JAKMIP3	Janus kinase and microtubule interacting protein 3	2.163	0.565
107984282	LOC107984282	uncharacterized LOC107984282	2.825	0.815
3632	INPP5A	inositol polyphosphate-5-phosphatase A	3.37	0.162
101	ADAM8	ADAM metallopeptidase domain 8	1.842	-0.78
118472	ZNF511	zinc finger protein 511	2.623	0.243
282969	FUOM	fucose mutarotase	1.772	0.348
196743	PAOX	polyamine oxidase	1.765	0.282
100133161	LINC01001	long intergenic non-protein coding RNA 1001	2.211	-0.606
101930129	LOC101930129	uncharacterized LOC101930129	1.237	0.63
51272	BET1L	Bet1 golgi vesicular membrane trafficking protein like	2.998	-0.241
5719	PSMD13	proteasome 26S subunit, non-ATPase 13	3.332	0.159
171389	NLRP6	NLR family pyrin domain containing 6	0.93	-1.184
80162	PGGHG	protein-glucosylgalactosylhydroxylysine glucosidase	2.822	-0.452
10581	IFITM2	interferon induced transmembrane protein 2	3.297	0.492
101059906	LOC101059906		1.039	-0.508
8045	RASSF7	Ras association domain family member 7	1.815	0.418
143666	LOC143666	uncharacterized LOC143666	1.375	0.525
3665	IRF7	interferon regulatory factor 7	2.411	-0.479
1815	DRD4	dopamine receptor D4	0.965	-1.822
283232	TMEM80	transmembrane protein 80	2.458	-0.576
6888	TALDO1	transaldolase 1	3.211	0.256
347862	GATD1	glutamine amidotransferase class 1 domain containing 1	2.964	-0.299
51286	CEND1	cell cycle exit and neuronal differentiation 1	1.068	0.549
79751	SLC25A22	solute carrier family 25 member 22	2.115	-0.409
7106	TSPAN4	tetraspanin 4	2.82	-0.526
66005	CHID1	chitinase domain containing 1	2.972	-0.299
54472	TOLLIP	toll interacting protein	3.13	-0.165
1850	DUSP8	dual specificity phosphatase 8	2.942	-0.681
4046	LSP1	lymphocyte specific protein 1	2.847	-0.911
100133545	MRPL23-AS1	MRPL23 antisense RNA 1	1.062	-0.98
3481	IGF2	insulin like growth factor 2	3.434	-0.672
723961	INS-IGF2	INS-IGF2 readthrough	3.414	-0.686
51214	IGF2-AS	IGF2 antisense RNA	0.905	-1.053
29125	C11orf21	chromosome 11 open reading frame 21	3.011	0.543
3784	KCNQ1	potassium voltage-gated channel subfamily Q member 1	3.093	0.209
1028	CDKN1C	cyclin dependent kinase inhibitor 1C	2.916	-0.948
5002	SLC22A18	solute carrier family 22 member 18	2.438	-0.668
114879	OSBPL5	oxysterol binding protein like 5	2.756	-0.181
7748	ZNF195	zinc finger protein 195	2.55	0.232
107984301	LOC107984301	uncharacterized LOC107984301	1.052	-1.644
116969	ART5	ADP-ribosyltransferase 5	1.476	1.013
6786	STIM1	stromal interaction molecule 1	3.127	-0.532
100616453	MIR4687	microRNA 4687	1.2	-0.958
3043	HBB	hemoglobin subunit beta	3.326	-2.511
3045	HBD	hemoglobin subunit delta	1.811	-4.302
85363	TRIM5	tripartite motif containing 5	2.498	0.288
84067	FHIP1B	FHF complex subunit HOOK interacting protein 1B	2.987	-0.451
6609	SMPD1	sphingomyelin phosphodiesterase 1	3.212	0.226
322	APBB1	amyloid beta precursor protein binding family B member 1	3.352	0.306
3263	HPX	hemopexin	1.06	-0.864
1200	TPP1	tripeptidyl peptidase 1	3.599	0.19
8642	DCHS1	dachsous cadherin-related 1	3.013	-0.626
63875	MRPL17	mitochondrial ribosomal protein L17	2.886	0.286
283298	OLFML1	olfactomedin like 1	2.422	-0.42
8495	PPFIBP2	PPFIA binding protein 2	2.641	0.258
8665	EIF3F	eukaryotic translation initiation factor 3 subunit F	3.451	-0.257
7275	TUB	TUB bipartite transcription factor	3.109	-0.301
4004	LMO1	LIM domain only 1	1.254	1.252
6157	RPL27A	ribosomal protein L27a	3.833	0.333
105376541	NRIP3-DT	NRIP3 divergent transcript	1.105	-1.533
57758	SCUBE2	signal peptide, CUB domain and EGF like domain containing 2	2.333	-2.28
440026	TMEM41B	transmembrane protein 41B	2.76	-0.276
10527	IPO7	importin 7	3.804	0.311
7702	ZNF143	zinc finger protein 143	2.604	0.345
7465	WEE1	WEE1 G2 checkpoint kinase	3.309	-0.65
81846	SBF2	SET binding factor 2	3.05	0.137
272	AMPD3	adenosine monophosphate deaminase 3	2.083	0.391
10894	LYVE1	lymphatic vessel endothelial hyaluronan receptor 1	3.017	0.982
9646	CTR9	CTR9 homolog, Paf1/RNA polymerase II complex component	3.09	0.134
729013	ZBED5-AS1	ZBED5 antisense RNA 1	2.372	0.297
374378	GALNT18	polypeptide N-acetylgalactosaminyltransferase 18	2.924	-0.273
283106	CSNK2A3	casein kinase 2 alpha 3	2.617	0.259
55031	USP47	ubiquitin specific peptidase 47	3.67	0.314
9645	MICAL2	microtubule associated monooxygenase, calponin and LIM domain containing 2	3.441	-0.471
55742	PARVA	parvin alpha	3.622	0.258
7003	TEAD1	TEA domain transcription factor 1	3.661	0.536
406	BMAL1	basic helix-loop-helix ARNT like 1	2.702	0.566
22800	RRAS2	RAS related 2	3.096	-0.994
55553	SOX6	SRY-box transcription factor 6	2.674	-0.407
4925	NUCB2	nucleobindin 2	3.255	0.348
374383	NCR3LG1	natural killer cell cytotoxicity receptor 3 ligand 1	1.97	-0.685
107984316	LOC107984316	replaced by ID 374383	1.91	-0.899
3767	KCNJ11	potassium inwardly rectifying channel subfamily J member 11	2.715	0.583
6288	SAA1	serum amyloid A1	1.403	3.654
11234	HPS5	HPS5 biogenesis of lysosomal organelles complex 2 subunit 2	2.771	-0.185
3939	LDHA	lactate dehydrogenase A	3.865	0.805
55293	UEVLD	UEV and lactate/malate dehyrogenase domains	2.844	0.415
8048	CSRP3	cysteine and glycine rich protein 3	4.585	-0.541
105376580	CSRP3-AS1	CSRP3 and E2F8 antisense RNA 1	2.073	-0.762
79733	E2F8	E2F transcription factor 8	2.027	0.513
89797	NAV2	neuron navigator 2	3.224	-0.513
100126784	NAV2-AS6	NAV2 antisense RNA 6	1.896	-1.07
10553	HTATIP2	HIV-1 Tat interactive protein 2	2.576	0.915
10196	PRMT3	protein arginine methyltransferase 3	2.645	0.424
203859	ANO5	anoctamin 5	3.492	0.345
387758	FIBIN	fin bud initiation factor homolog	3.006	-0.837
91057	CCDC34	coiled-coil domain containing 34	1.889	0.647
55366	LGR4	leucine rich repeat containing G protein-coupled receptor 4	3.094	0.745
55327	LIN7C	lin-7 homolog C, crumbs cell polarity complex component	2.599	-0.295
497258	BDNF-AS	BDNF antisense RNA	2.052	-0.437
106456574	LINC01616	long intergenic non-protein coding RNA 1616	1.599	-1.691
3739	KCNA4	potassium voltage-gated channel subfamily A member 4	2.361	-0.969
196294	IMMP1L	inner mitochondrial membrane peptidase subunit 1	2.24	0.269
26610	ELP4	elongator acetyltransferase complex subunit 4	2.601	0.19
5954	RCN1	reticulocalbin 1	3.039	0.558
10480	EIF3M	eukaryotic translation initiation factor 3 subunit M	3.357	0.319
493860	CCDC73	coiled-coil domain containing 73	2.528	0.522
105376615	LOC105376615	uncharacterized LOC105376615	0.889	0.74
966	CD59	CD59 molecule (CD59 blood group)	4.291	0.488
101929918	LOC101929918	uncharacterized LOC101929918	1.248	-0.486
25841	ABTB2	ankyrin repeat and BTB domain containing 2	3.058	-0.692
102723539	LOC102723539		2.1	-0.455
26298	EHF	ETS homologous factor	1.449	1.467
24147	FJX1	four-jointed box kinase 1	1.546	-0.652
29099	COMMD9	COMM domain containing 9	2.828	0.237
79899	PRR5L	proline rich 5 like	1.677	-0.621
119710	IFTAP	intraflagellar transport associated protein	2.82	0.396
8539	API5	apoptosis inhibitor 5	3.176	0.123
55761	TTC17	tetratricopeptide repeat domain 17	3.164	0.14
107984328	LOC107984328	uncharacterized LOC107984328	1.504	0.355
221120	ALKBH3	alkB homolog 3, alpha-ketoglutarate dependent dioxygenase	2.381	0.686
84680	ACCS	1-aminocyclopropane-1-carboxylate synthase homolog (inactive)	2.511	-0.451
2132	EXT2	exostosin glycosyltransferase 2	3.128	-0.145
57586	SYT13	synaptotagmin 13	2.349	1.018
8534	CHST1	carbohydrate sulfotransferase 1	2.063	0.421
1408	CRY2	cryptochrome circadian regulator 2	3.582	-0.415
9409	PEX16	peroxisomal biogenesis factor 16	2.376	-0.408
90993	CREB3L1	cAMP responsive element binding protein 3 like 1	2.992	0.56
4192	MDK	midkine	2.21	-1.387
55626	AMBRA1	autophagy and beclin 1 regulator 1	2.792	-0.247
9776	ATG13	autophagy related 13	3.283	-0.187
392	ARHGAP1	Rho GTPase activating protein 1	3.633	-0.753
79797	ZNF408	zinc finger protein 408	2.307	-0.502
9793	CKAP5	cytoskeleton associated protein 5	3.506	0.326
100507401	LRP4-AS1	LRP4 antisense RNA 1	1.454	0.56
4038	LRP4	LDL receptor related protein 4	3.125	0.532
79096	CSTPP1	centriolar satellite-associated tubulin polyglutamylase complex regulator 1	2.644	-0.305
107984329	LOC107984329		1.22	-0.824
1643	DDB2	damage specific DNA binding protein 2	2.483	0.257
10062	NR1H3	nuclear receptor subfamily 1 group H member 3	2.399	0.321
8567	MADD	MAP kinase activating death domain	3.312	0.295
91252	SLC39A13	solute carrier family 39 member 13	3.114	-0.257
5702	PSMC3	proteasome 26S subunit, ATPase 3	3.526	0.208
399888	FAM180B	family with sequence similarity 180 member B	0.991	-2.75
114900	C1QTNF4	C1q and TNF related 4	1.117	-0.814
23360	FNBP4	formin binding protein 4	3.369	0.532
85456	TNKS1BP1	tankyrase 1 binding protein 1	3.347	-0.25
6749	SSRP1	structure specific recognition protein 1	3.191	0.169
51075	TMX2	thioredoxin related transmembrane protein 2	3.209	0.152
9404	LPXN	leupaxin	2.302	-0.281
80829	ZFP91	ZFP91 zinc finger protein, atypical E3 ubiquitin ligase	3.443	0.274
386607	ZFP91-CNTF	ZFP91-CNTF readthrough (NMD candidate)	2.61	0.458
23220	DTX4	deltex E3 ubiquitin ligase 4	2.245	-0.767
5007	OSBP	oxysterol binding protein	3.334	0.166
219988	PATL1	PAT1 homolog 1, processing body mRNA decay factor	3.093	0.176
11251	PTGDR2	prostaglandin D2 receptor 2	2.469	-0.739
79073	TMEM109	transmembrane protein 109	3.385	-0.185
54972	TMEM132A	transmembrane protein 132A	2.323	-0.348
923	CD6	CD6 molecule	1.243	-1.378
921	CD5	CD5 molecule	1.092	-0.764
220001	VWCE	von Willebrand factor C and EGF domains	1.498	-0.465
26007	TKFC	triokinase and FMN cyclase	2.648	-0.511
79869	CPSF7	cleavage and polyadenylation specific factor 7	3.31	-0.227
54949	SDHAF2	succinate dehydrogenase complex assembly factor 2	2.854	0.421
220004	PPP1R32	protein phosphatase 1 regulatory subunit 32	1.682	-0.264
9066	SYT7	synaptotagmin 7	2.927	0.621
113157	RPLP0P2	ribosomal protein lateral stalk subunit P0 pseudogene 2	1.454	-0.497
3992	FADS1	fatty acid desaturase 1	3.083	0.327
3995	FADS3	fatty acid desaturase 3	3.282	0.27
7439	BEST1	bestrophin 1	4.035	0.82
107984334	LOC107984334	uncharacterized LOC107984334	1.756	-0.894
2495	FTH1	ferritin heavy chain 1	4.177	0.785
10647	SCGB1D2	secretoglobin family 1D member 2	0.893	1.381
64852	TUT1	terminal uridylyl transferase 1, U6 snRNA-specific	2.635	-0.334
256364	EML3	EMAP like 3	2.793	-0.272
26229	B3GAT3	beta-1,3-glucuronyltransferase 3	2.459	-0.268
80789	INTS5	integrator complex subunit 5	2.52	-0.376
79081	LBHD1	LBH domain containing 1	2.411	0.454
102288414	C11orf98	chromosome 11 open reading frame 98	2.346	0.542
751071	CSKMT	citrate synthase lysine methyltransferase	1.594	-0.353
790955	UQCC3	ubiquinol-cytochrome c reductase complex assembly factor 3	2.294	0.292
51035	UBXN1	UBX domain protein 1	3.184	0.245
221091	LRRN4CL	LRRN4 C-terminal like	2.052	-0.724
100534595	HNRNPUL2-BSCL2	HNRNPUL2-BSCL2 readthrough (NMD candidate)	3.262	0.208
2785	GNG3	G protein subunit gamma 3	1.05	-0.467
221092	HNRNPUL2	heterogeneous nuclear ribonucleoprotein U like 2	3.485	0.172
374395	TMEM179B	transmembrane protein 179B	2.508	0.152
79064	TMEM223	transmembrane protein 223	2.599	0.452
54663	WDR74	WD repeat domain 74	2.586	0.205
9297	SNORD29	small nucleolar RNA, C/D box 29	1.2	0.614
6520	SLC3A2	solute carrier family 3 member 2	2.907	-0.323
117245	PLAAT5	phospholipase A and acyltransferase 5	1.712	0.812
11145	PLAAT3	phospholipase A and acyltransferase 3	3.287	0.381
25923	ATL3	atlastin GTPase 3	2.895	-0.325
2011	MARK2	microtubule affinity regulating kinase 2	3.079	0.258
283248	RCOR2	REST corepressor 2	2.079	0.473
55611	OTUB1	OTU deubiquitinase, ubiquitin aldehyde binding 1	3.153	-0.119
101927673	LOC101927673		1.517	-0.463
10963	STIP1	stress induced phosphoprotein 1	3.419	0.294
2286	FKBP2	FKBP prolyl isomerase 2	2.643	0.608
114841035	LOC114841035	Uncharacterized protein LOC114841035	2.665	0.578
26472	PPP1R14B	protein phosphatase 1 regulatory inhibitor subunit 14B	2.797	0.857
105369340	PPP1R14B-AS1	PPP1R14B antisense RNA 1	1.218	0.858
51504	TRMT112	tRNA methyltransferase activator subunit 11-2	3.024	0.237
25824	PRDX5	peroxiredoxin 5	3.7	0.227
283234	CCDC88B	coiled-coil domain containing 88B	2.302	0.318
9379	NRXN2	neurexin 2	1.648	-1.599
5837	PYGM	glycogen phosphorylase, muscle associated	3.515	0.706
7536	SF1	splicing factor 1	3.682	-0.398
4221	MEN1	menin 1	2.564	0.147
23130	ATG2A	autophagy related 2A	2.887	-0.211
100528018	ARL2-SNX15	ARL2-SNX15 readthrough (NMD candidate)	2.771	0.204
29907	SNX15	sorting nexin 15	2.265	0.217
29901	SAC3D1	SAC3 domain containing 1	1.975	0.409
113130	CDCA5	cell division cycle associated 5	1.431	0.694
738	VPS51	VPS51 subunit of GARP complex	3.304	-0.382
741	ZNHIT2	zinc finger HIT-type containing 2	2.056	-0.308
2197	FAU	FAU ubiquitin like and ribosomal protein S30 fusion	3.582	-0.21
728975	CAPN1-AS1	CAPN1 antisense RNA 1	2.172	0.993
23649	POLA2	DNA polymerase alpha 2, accessory subunit	2.305	0.367
105369344	LOC105369344	uncharacterized LOC105369344	1.288	0.477
283130	SLC25A45	solute carrier family 25 member 45	2.329	-0.768
83786	FRMD8	FERM domain containing 8	2.732	-0.599
101927789	FAUP4	FAU pseudogene 4	1.517	0.415
378938	MALAT1	metastasis associated lung adenocarcinoma transcript 1	4.09	0.678
109136579	TALAM1	TALAM1 transcript, MALAT1 antisense RNA	4.076	0.66
109136578	MASCRNA	MALAT1-associated small cytoplasmic RNA	1.217	-1.049
57410	SCYL1	SCY1 like pseudokinase 1	3.261	0.164
4054	LTBP3	latent transforming growth factor beta binding protein 3	3.588	-0.914
23625	FAM89B	family with sequence similarity 89 member B	2.818	0.279
10089	KCNK7	potassium two pore domain channel subfamily K member 7	0.878	-0.736
4296	MAP3K11	mitogen-activated protein kinase kinase kinase 11	3.033	-0.299
399909	PCNX3	pecanex 3	2.847	-0.15
5970	RELA	RELA proto-oncogene, NF-kB subunit	3.113	-0.175
254122	SNX32	sorting nexin 32	3.023	0.189
1072	CFL1	cofilin 1	3.678	0.221
30008	EFEMP2	EGF containing fibulin extracellular matrix protein 2	3.293	-0.347
11007	CCDC85B	coiled-coil domain containing 85B	2.849	-0.568
83638	C11orf68	chromosome 11 open reading frame 68	2.992	-0.273
10589	DRAP1	DR1 associated protein 1	3.089	0.52
55690	PACS1	phosphofurin acidic cluster sorting protein 1	3.49	-0.361
64837	KLC2	kinesin light chain 2	3.009	0.372
105369352	KLC2-AS1	KLC2 antisense RNA 1	2.188	0.279
107984340	LOC107984340	uncharacterized LOC107984340	2.552	0.566
10897	YIF1A	Yip1 interacting factor homolog A, membrane trafficking protein	2.816	-0.261
9610	RIN1	Ras and Rab interactor 1	1.788	-0.507
25855	BRMS1	BRMS1 transcriptional repressor and anoikis regulator	2.658	0.268
3177	SLC29A2	solute carrier family 29 member 2	2.911	0.453
65003	MRPL11	mitochondrial ribosomal protein L11	2.87	0.274
246330	PELI3	pellino E3 ubiquitin protein ligase family member 3	2.323	0.264
10072	DPP3	dipeptidyl peptidase 3	2.539	0.443
582	BBS1	Bardet-Biedl syndrome 1	2.802	-0.256
254359	ZDHHC24	zinc finger DHHC-type containing 24	2.414	-0.302
55231	CCDC87	coiled-coil domain containing 87	0.966	-0.584
10432	RBM14	RNA binding motif protein 14	2.88	-0.429
83759	RBM4B	RNA binding motif protein 4B	2.605	0.168
6712	SPTBN2	spectrin beta, non-erythrocytic 2	1.968	-0.564
79703	C11orf80	chromosome 11 open reading frame 80	1.852	-0.958
9986	RCE1	Ras converting CAAX endopeptidase 1	2.037	-0.444
91683	SYT12	synaptotagmin 12	1.008	-1.104
29984	RHOD	ras homolog family member D	2.72	0.644
100130987	LOC100130987	uncharacterized LOC100130987	1.095	-0.596
5883	RAD9A	RAD9 checkpoint clamp component A	2.416	-0.201
5499	PPP1CA	protein phosphatase 1 catalytic subunit alpha	3.263	0.184
374403	TBC1D10C	TBC1 domain family member 10C	1.608	-0.941
57571	CARNS1	carnosine synthase 1	2.874	-0.88
6199	RPS6KB2	ribosomal protein S6 kinase B2	2.748	0.216
57010	CABP4	calcium binding protein 4	1.387	0.656
9049	AIP	aryl hydrocarbon receptor interacting protein	2.939	0.175
9600	PITPNM1	phosphatidylinositol transfer protein membrane associated 1	3.026	0.255
10263	CDK2AP2	cyclin dependent kinase 2 associated protein 2	3.084	0.402
390213	DOC2GP	double C2 domain gamma, pseudogene	0.927	0.824
105369360	LINC02754	long intergenic non-protein coding RNA 2754	1.138	-1.296
81622	UNC93B1	unc-93 homolog B1, TLR signaling regulator	2.175	-0.579
221	ALDH3B1	aldehyde dehydrogenase 3 family member B1	2.175	-0.348
10312	TCIRG1	T cell immune regulator 1, ATPase H+ transporting V0 subunit a3	2.971	-0.269
4041	LRP5	LDL receptor related protein 5	3.306	-0.27
55291	PPP6R3	protein phosphatase 6 regulatory subunit 3	3.48	0.213
9633	TESMIN	testis expressed metallothionein like protein	0.865	0.59
219927	MRPL21	mitochondrial ribosomal protein L21	2.996	0.262
116535	MRGPRF	MAS related GPR family member F	1.938	0.442
219931	TPCN2	two pore segment channel 2	2.566	-0.241
107984345	SMIM38	small integral membrane protein 38	1.647	-0.523
595	CCND1	cyclin D1	3.657	-0.622
55107	ANO1	anoctamin 1	2.9	-0.488
8500	PPFIA1	PTPRF interacting protein alpha 1	3.103	0.273
1717	DHCR7	7-dehydrocholesterol reductase	2.878	0.239
285407	ALG1L9P	ALG1 like 9, pseudogene	1.058	-0.465
100133315	XNDC1N	XRCC1 N-terminal domain containing 1, N-terminal like	1.217	-0.621
100128494	LOC100128494	uncharacterized LOC100128494	2.945	0.192
3636	INPPL1	inositol polyphosphate phosphatase like 1	3.573	0.287
81570	CLPB	caseinolytic mitochondrial matrix peptidase chaperone subunit B	2.717	0.138
10809	STARD10	StAR related lipid transfer domain containing 10	2.911	0.624
105369380	LOC105369380		1.037	-0.479
89849	ATG16L2	autophagy related 16 like 2	2.903	-0.289
5029	P2RY2	purinergic receptor P2Y2	2.851	0.403
100287837	ARHGEF17-AS1	ARHGEF17 antisense RNA 1	1.592	-0.532
58473	PLEKHB1	pleckstrin homology domain containing B1	2.661	-0.43
51642	MRPL48	mitochondrial ribosomal protein L48	2.664	0.563
51287	COA4	cytochrome c oxidase assembly factor 4 homolog	2.905	0.438
80227	PAAF1	proteasomal ATPase associated factor 1	2.667	-0.258
51400	PPME1	protein phosphatase methylesterase 1	3.014	-0.193
254225	RNF169	ring finger protein 169	2.624	0.202
10825	NEU3	neuraminidase 3	2.904	-0.437
11309	SLCO2B1	solute carrier organic anion transporter family member 2B1	2.952	-0.72
105369388	LOC105369388	uncharacterized LOC105369388	1.98	-0.427
283212	KLHL35	kelch like family member 35	1.05	-1.064
4135	MAP6	microtubule associated protein 6	2.453	-0.361
84649	DGAT2	diacylglycerol O-acyltransferase 2	2.486	0.597
7405	UVRAG	UV radiation resistance associated	2.829	0.161
5612	THAP12	THAP domain containing 12	2.883	-0.183
726	CAPN5	calpain 5	2.192	-0.488
5058	PAK1	p21 (RAC1) activated kinase 1	2.509	-0.658
100532726	NDUFC2-KCTD14	NDUFC2-KCTD14 readthrough	2.804	0.283
7069	THRSP	thyroid hormone responsive	1.646	2.63
105369401	LOC105369401	uncharacterized LOC105369401	1.086	0.743
100289388	KCTD21-AS1	KCTD21 antisense RNA 1	1.647	0.495
283219	KCTD21	potassium channel tetramerization domain containing 21	2.49	0.457
9846	GAB2	GRB2 associated binding protein 2	3.148	-0.294
79731	NARS2	asparaginyl-tRNA synthetase 2, mitochondrial	2.72	0.304
26011	TENM4	teneurin transmembrane protein 4	1.874	-1.178
220382	FAM181B	family with sequence similarity 181 member B	1.127	-1.424
100506233	RAB30-DT	RAB30 divergent transcript	1.917	0.354
106736475	PCF11-AS1	PCF11 antisense RNA 1	1.636	-0.514
55863	TMEM126B	transmembrane protein 126B	2.946	0.166
84233	TMEM126A	transmembrane protein 126A	2.93	0.327
220388	CCDC89	coiled-coil domain containing 89	1.304	-0.529
54843	SYTL2	synaptotagmin like 2	2.454	-0.775
11098	PRSS23	serine protease 23	2.911	-0.449
107984429	LOC107984429	uncharacterized LOC107984429	1.382	-0.64
107984428	LOC107984428	uncharacterized LOC107984428	2.121	-0.379
65084	TMEM135	transmembrane protein 135	2.651	-0.389
50507	NOX4	NADPH oxidase 4	2.116	-0.899
26973	CHORDC1	cysteine and histidine rich domain containing 1	2.857	0.324
120114	FAT3	FAT atypical cadherin 3	1.213	-1.29
120103	SLC36A4	solute carrier family 36 member 4	2.312	0.513
56935	SMCO4	single-pass membrane protein with coiled-coil domains 4	3.012	0.44
85459	CEP295	centrosomal protein 295	2.63	0.283
619383	SCARNA9	small Cajal body-specific RNA 9	1.009	0.889
79101	TAF1D	TATA-box binding protein associated factor, RNA polymerase I subunit D	2.802	0.255
684959	SNORA25	small nucleolar RNA, H/ACA box 25	1.074	-0.863
654320	SNORA8	small nucleolar RNA, H/ACA box 8	1.382	-0.993
677822	SNORA40	small nucleolar RNA, H/ACA box 40	1.043	0.788
9440	MED17	mediator complex subunit 17	2.853	-0.301
10888	GPR83	G protein-coupled receptor 83	0.918	-0.678
2526	FUT4	fucosyltransferase 4	2.059	-0.521
105369438	PIWIL4-AS1	PIWIL4 antisense RNA 1	1.211	-0.395
143689	PIWIL4	piwi like RNA-mediated gene silencing 4	1.768	-0.779
154810	AMOTL1	angiomotin like 1	3.422	-0.644
51503	CWC15	CWC15 spliceosome associated protein homolog	3.121	0.447
10929	SRSF8	serine and arginine rich splicing factor 8	2.899	-0.218
143686	SESN3	sestrin 3	2.729	-0.588
9702	CEP57	centrosomal protein 57	2.874	0.172
5241	PGR	progesterone receptor	2.904	0.23
253935	ANGPTL5	angiopoietin like 5	1.807	-0.708
330	BIRC3	baculoviral IAP repeat containing 3	2.604	0.78
329	BIRC2	baculoviral IAP repeat containing 2	3.13	0.192
84259	DCUN1D5	defective in cullin neddylation 1 domain containing 5	2.793	0.384
79659	DYNC2H1	dynein cytoplasmic 2 heavy chain 1	2.253	-0.394
80310	PDGFD	platelet derived growth factor D	3.084	-0.651
837	CASP4	caspase 4	2.549	0.274
440068	CARD17P	caspase recruitment domain family member 17, pseudogene	0.74	-1.88
60496	AASDHPPT	aminoadipate-semialdehyde dehydrogenase-phosphopantetheinyl transferase	3.055	-0.167
2977	GUCY1A2	guanylate cyclase 1 soluble subunit alpha 2	2.572	0.534
91801	ALKBH8	alkB homolog 8, tRNA methyltransferase	2.512	0.33
4863	NPAT	nuclear protein, coactivator of histone transcription	2.585	0.196
23086	EXPH5	exophilin 5	1.26	1.398
1662	DDX10	DEAD-box helicase 10	2.521	0.237
5962	RDX	radixin	3.455	0.383
399948	COLCA1	colorectal cancer associated 1	1.369	0.852
120376	POU2AF3	POU class 2 homeobox associating factor 3	1.408	0.61
143903	LAYN	layilin	2.011	-0.283
5519	PPP2R1B	protein phosphatase 2 scaffold subunit Abeta	2.525	-0.203
100528019	HSPB2-C11orf52	HSPB2-C11orf52 readthrough (NMD candidate)	2.066	0.408
91894	C11orf52	chromosome 11 open reading frame 52	1.299	0.831
85458	DIXDC1	DIX domain containing 1	3.158	-0.362
1737	DLAT	dihydrolipoamide S-acetyltransferase	3.666	0.367
55216	NKAPD1	NKAP domain containing 1	2.988	0.416
6392	SDHD	succinate dehydrogenase complex subunit D	3.593	-0.21
3606	IL18	interleukin 18	1.642	0.54
83875	BCO2	beta-carotene oxygenase 2	3.467	0.384
4684	NCAM1	neural cell adhesion molecule 1	4.119	0.432
100288346	NCAM1-AS1	NCAM1 antisense RNA1	1.706	0.252
9183	ZW10	zw10 kinetochore protein	2.553	0.151
57646	USP28	ubiquitin specific peptidase 28	3.716	0.247
101928875	LOC101928875		1.241	0.732
25996	REXO2	RNA exonuclease 2	3.492	0.327
283143	LINC00900	long intergenic non-protein coding RNA 900	1.298	-1.137
335	APOA1	apolipoprotein A1	3.152	-2.422
104326055	APOA1-AS	APOA1 antisense RNA	2.223	-2.154
5049	PAFAH1B2	platelet activating factor acetylhydrolase 1b catalytic subunit 2	3.243	-0.208
51092	SIDT2	SID1 transmembrane family member 2	2.973	-0.337
100652768	LOC100652768	uncharacterized LOC100652768	2.106	-0.486
257160	RNF214	ring finger protein 214	2.715	0.184
22897	CEP164	centrosomal protein 164	2.559	-0.222
57453	DSCAML1	DS cell adhesion molecule like 1	1.709	-0.554
486	FXYD2	FXYD domain containing ion transport regulator 2	0.874	0.462
53826	FXYD6	FXYD domain containing ion transport regulator 6	3.172	-0.36
6327	SCN2B	sodium voltage-gated channel beta subunit 2	3.122	-0.607
196264	MPZL3	myelin protein zero like 3	2.011	0.341
916	CD3E	CD3 epsilon subunit of T-cell receptor complex	1.545	-0.749
100131626	LOC100131626	uncharacterized LOC100131626	1.499	0.507
101929089	TTC36-AS1	TTC36 and KMT2A antisense RNA 1	1.622	-0.249
143941	TTC36	tetratricopeptide repeat domain 36	1.214	-0.831
84866	TMEM25	transmembrane protein 25	2.406	0.284
23187	PHLDB1	pleckstrin homology like domain family B member 1	3.69	-0.255
102466719	MIR6716	microRNA 6716	1.414	-0.409
11181	TREH	trehalase	2.744	-0.474
1656	DDX6	DEAD-box helicase 6	3.63	-0.167
338657	CENATAC	centrosomal AT-AC splicing factor	2.676	-0.364
6230	RPS25	ribosomal protein S25	3.833	0.566
2542	SLC37A4	solute carrier family 37 member 4	2.314	0.305
10525	HYOU1	hypoxia up-regulated 1	3.37	0.346
3145	HMBS	hydroxymethylbilane synthase	2.543	0.565
1798	DPAGT1	dolichyl-phosphate N-acetylglucosaminephosphotransferase 1	2.627	0.297
9854	C2CD2L	C2CD2 like	2.635	0.173
79671	NLRX1	NLR family member X1	3.021	-0.307
4162	MCAM	melanoma cell adhesion molecule	3.609	-0.441
114902	C1QTNF5	C1q and TNF related 5	2.224	-0.544
83552	MFRP	membrane frizzled-related protein	2.224	-0.544
5818	NECTIN1	nectin cell adhesion molecule 1	2.738	0.762
219902	TLCD5	TLC domain containing 5	2.819	-0.345
6309	SC5D	sterol-C5-desaturase	2.985	0.307
399959	MIR100HG	mir-100-let-7a-2-mir-125b-1 cluster host gene	3.306	-0.505
84959	UBASH3B	ubiquitin associated and SH3 domain containing B	1.77	0.529
341056	LOC341056	SUMO1 activating enzyme subunit 1 pseudogene	1.558	-0.347
55800	SCN3B	sodium voltage-gated channel beta subunit 3	2.14	-0.532
84897	TBRG1	transforming growth factor beta regulator 1	3.066	0.159
54414	SIAE	sialic acid acetylesterase	3.535	0.242
23584	VSIG2	V-set and immunoglobulin domain containing 2	1.899	-0.427
90952	ESAM	endothelial cell adhesion molecule	3.233	-0.286
100507283	MSANTD2-AS1	MSANTD2 antisense RNA 1	1.537	0.328
63876	PKNOX2	PBX/knotted 1 homeobox 2	2.174	0.35
9638	FEZ1	fasciculation and elongation protein zeta 1	2.776	0.49
9538	EI24	EI24 autophagy associated transmembrane protein	3.276	0.278
3703	STT3A	STT3 oligosaccharyltransferase complex catalytic subunit A	3.254	0.202
219844	HYLS1	HYLS1 centriolar and ciliogenesis associated	2.088	0.742
83480	PUS3	pseudouridine synthase 3	2.304	0.297
50937	CDON	cell adhesion associated, oncogene regulated	2.394	0.588
84623	KIRREL3	kirre like nephrin family adhesion molecule 3	1.542	-0.872
105369565	LOC105369565	uncharacterized LOC105369565	1.317	1.007
105369568	LOC105369568	uncharacterized LOC105369568	1.184	0.653
2313	FLI1	Fli-1 proto-oncogene, ETS transcription factor	2.858	0.379
9743	ARHGAP32	Rho GTPase activating protein 32	2.487	0.376
399975	LOC399975	uncharacterized LOC399975	1.337	0.457
56980	PRDM10	PR/SET domain 10	2.339	0.266
29068	ZBTB44	zinc finger and BTB domain containing 44	3.149	0.305
11095	ADAMTS8	ADAM metallopeptidase with thrombospondin type 1 motif 8	1.635	-0.945
170689	ADAMTS15	ADAM metallopeptidase with thrombospondin type 1 motif 15	2.915	0.721
399979	SNX19	sorting nexin 19	3.484	0.136
50863	NTM	neurotrimin	2.034	-0.701
100128239	LINC02731	long intergenic non-protein coding RNA 2731	1.106	-0.737
83700	JAM3	junctional adhesion molecule 3	3.098	-0.547
23310	NCAPD3	non-SMC condensin II complex subunit D3	2.969	-0.437
109623486	SNORD153	small nucleolar RNA, C/D box 153	1.086	-1.382
112936	VPS26B	VPS26 retromer complex component B	3.177	0.232
27034	ACAD8	acyl-CoA dehydrogenase family member 8	3.195	-0.277
107987374	LOC107987374	replaced by ID 100133545	1.046	-0.912
105369592	IQSEC3-AS1	IQSEC3 antisense RNA 1	2.081	0.854
6540	SLC6A13	solute carrier family 6 member 13	2.038	-0.616
283358	B4GALNT3	beta-1,4-N-acetyl-galactosaminyltransferase 3	3.245	0.477
65125	WNK1	WNK lysine deficient protein kinase 1	4.171	0.537
144699	FBXL14	F-box and leucine rich repeat protein 14	2.257	-0.31
100874235	CACNA1C-AS2	CACNA1C antisense RNA 2	1.853	0.248
2288	FKBP4	FKBP prolyl isomerase 4	3.254	0.518
2305	FOXM1	forkhead box M1	1.667	0.966
7004	TEAD4	TEA domain transcription factor 4	2.287	0.615
10867	TSPAN9	tetraspanin 9	3.876	-0.738
105369606	LINC02827	long intergenic non-protein coding RNA 2827	1.236	-2.06
57097	PARP11	poly(ADP-ribose) polymerase family member 11	2.246	-0.279
103752584	CCND2-AS1	CCND2 antisense RNA 1	1.868	-0.21
894	CCND2	cyclin D2	3.826	-0.646
57103	TIGAR	TP53 induced glycolysis regulatory phosphatase	2.634	0.343
10566	AKAP3	A-kinase anchoring protein 3	1.845	1.042
101929549	GAU1	GALNT8 antisense upstream 1	1.194	0.638
26290	GALNT8	polypeptide N-acetylgalactosaminyltransferase 8	1.181	0.641
3741	KCNA5	potassium voltage-gated channel subfamily A member 5	2.161	-1.278
4908	NTF3	neurotrophin 3	1.399	-0.576
7450	VWF	von Willebrand factor	4.227	-0.357
928	CD9	CD9 molecule	3.278	-0.683
678655	CD27-AS1	CD27 antisense RNA 1	2.433	-0.66
51258	MRPL51	mitochondrial ribosomal protein L51	3.359	0.467
25900	IFFO1	intermediate filament family orphan 1	2.853	-0.218
4839	NOP2	NOP2 nucleolar protein	2.703	0.245
57121	LPAR5	lysophosphatidic acid receptor 5	2.252	0.458
50813	COPS7A	COP9 signalosome subunit 7A	3.29	-0.138
8079	MLF2	myeloid leukemia factor 2	3.529	0.185
3902	LAG3	lymphocyte activating 3	1	-0.689
10536	P3H3	prolyl 3-hydroxylase 3	2.831	-0.841
2784	GNB3	G protein subunit beta 3	2.469	-0.963
83461	CDCA3	cell division cycle associated 3	2.281	-0.598
8078	USP5	ubiquitin specific peptidase 5	3.265	-0.122
171220	DSTNP2	DSTN pseudogene 2	2.71	0.635
2026	ENO2	enolase 2	2.756	-0.61
113246	C12orf57	chromosome 12 open reading frame 57	3.167	-0.346
10436	EMG1	EMG1 N1-specific pseudouridine methyltransferase	3.03	0.185
10162	LPCAT3	lysophosphatidylcholine acyltransferase 3	2.804	0.399
715	C1R	complement C1r	3.681	0.481
51279	C1RL	complement C1r subcomponent like	2.551	0.3
283316	CD163L1	CD163 molecule like 1	2.028	-0.993
144195	SLC2A14	solute carrier family 2 member 14	1.869	-0.837
6515	SLC2A3	solute carrier family 2 member 3	2.689	-0.813
25977	NECAP1	NECAP endocytosis associated 1	2.802	-0.187
50856	CLEC4A	C-type lectin domain family 4 member A	1.521	-0.451
642559	POU5F1P3	POU class 5 homeobox 1 pseudogene 3	1.002	-0.831
440078	FAM66C	family with sequence similarity 66 member C	1.413	-0.757
55138	FAM90A1	family with sequence similarity 90 member A1	0.977	-0.6
653113	FAM86FP	family with sequence similarity 86, member A pseudogene	1.35	-0.381
101927966	LOC101927966	40S ribosomal protein S24-like	1.514	-0.571
1911	PHC1	polyhomeotic homolog 1	3.068	-0.101
4074	M6PR	mannose-6-phosphate receptor, cation dependent	3.308	0.219
144571	A2M-AS1	A2M antisense RNA 1	2.819	-0.338
2	A2M	alpha-2-macroglobulin	4.431	0.285
5858	PZP	PZP alpha-2-macroglobulin like	2.733	0.348
100499405	LINC00987	long intergenic non-protein coding RNA 987	2.121	0.471
408186	LOC408186	alpha-2-macroglobulin like 1 pseudogene	1.306	1.697
3820	KLRB1	killer cell lectin like receptor B1	1.132	-1.333
969	CD69	CD69 molecule	1.318	-0.941
51267	CLEC1A	C-type lectin domain family 1 member A	2.182	-0.402
64581	CLEC7A	C-type lectin domain containing 7A	1.965	0.65
4973	OLR1	oxidized low density lipoprotein receptor 1	1.186	-1.064
3824	KLRD1	killer cell lectin like receptor D1	1.998	-1.037
100528032	KLRC4-KLRK1	KLRC4-KLRK1 readthrough	1.374	-0.668
22914	KLRK1	killer cell lectin like receptor K1	1.343	-0.671
10748	KLRA1P	killer cell lectin like receptor A1, pseudogene	1.609	-0.691
100129361	SMIM10L1	small integral membrane protein 10 like 1	3.095	0.289
118426	BORCS5	BLOC-1 related complex subunit 5	2.34	-0.297
2842	GPR19	G protein-coupled receptor 19	1.828	-0.297
81575	APOLD1	apolipoprotein L domain containing 1	3.555	-1.294
387841	RPL13AP20	ribosomal protein L13a pseudogene 20	2.843	0.329
50865	HEBP1	heme binding protein 1	2.967	0.206
79887	PLBD1	phospholipase B domain containing 1	3.08	-0.215
55766	H2AJ	H2A.J histone	2.807	0.218
51729	WBP11	WW domain binding protein 11	3.382	-0.14
397	ARHGDIB	Rho GDP dissociation inhibitor beta	3.214	0.242
2059	EPS8	epidermal growth factor receptor pathway substrate 8	3.154	0.33
102724146	LOC102724146	uncharacterized LOC102724146	2.126	0.34
11171	STRAP	serine/threonine kinase receptor associated protein	3.518	0.139
4257	MGST1	microsomal glutathione S-transferase 1	2.561	1.629
728622	SKP1P2	S-phase kinase associated protein 1 pseudogene 2	2.493	-0.289
54477	PLEKHA5	pleckstrin homology domain containing A5	3.423	0.272
105369685	LOC105369685	uncharacterized LOC105369685	2.036	0.842
105369689	LOC105369689	uncharacterized LOC105369689	1.535	0.673
10060	ABCC9	ATP binding cassette subfamily C member 9	3.42	0.46
9847	C2CD5	C2 calcium dependent domain containing 5	3.008	0.219
55500	ETNK1	ethanolamine kinase 1	2.765	-0.459
6660	SOX5	SRY-box transcription factor 5	1.755	0.379
586	BCAT1	branched chain amino acid transaminase 1	2.265	0.511
144363	ETFRF1	electron transfer flavoprotein regulatory factor 1	3.026	0.378
8082	SSPN	sarcospan	3.32	-0.53
55726	INTS13	integrator complex subunit 13	2.791	0.404
51768	TM7SF3	transmembrane 7 superfamily member 3	2.939	-0.253
23012	STK38L	serine/threonine kinase 38 like	3.45	-0.58
341346	SMCO2	single-pass membrane protein with coiled-coil domains 2	1.288	0.47
55297	CCDC91	coiled-coil domain containing 91	3.084	0.344
101928705	LOC101928705		1.668	0.364
100506606	LOC100506606	uncharacterized LOC100506606	2.2	0.614
51290	ERGIC2	ERGIC and golgi 2	3.12	0.366
65981	CAPRIN2	caprin family member 2	3.072	0.37
144203	OVOS2	alpha-2-macroglobulin like 1 pseudogene	1.677	3.064
160518	DENND5B	DENN domain containing 5B	3.225	0.379
196394	AMN1	antagonist of mitotic exit network 1 homolog	2.507	0.328
440093	H3-5	H3.5 histone	2.634	-0.281
105369725	LOC105369725	uncharacterized LOC105369725	1.111	0.841
55196	RESF1	retroelement silencing factor 1	2.88	0.458
636	BICD1	BICD cargo adaptor 1	2.494	-0.582
10059	DNM1L	dynamin 1 like	3.416	0.237
5318	PKP2	plakophilin 2	4.194	0.274
84920	ALG10	ALG10 alpha-1,2-glucosyltransferase	2.208	-0.33
144245	ALG10B	ALG10 alpha-1,2-glucosyltransferase B	2.315	-0.396
55605	KIF21A	kinesin family member 21A	3.335	0.323
101927019	LOC101927019	uncharacterized LOC101927019	1.362	0.481
10138	YAF2	YY1 associated factor 2	3.207	-0.326
85437	ZCRB1	zinc finger CCHC-type and RNA binding motif containing 1	3.08	0.358
144165	PRICKLE1	prickle planar cell polarity protein 1	2.946	-0.456
196527	ANO6	anoctamin 6	3.412	0.213
81539	SLC38A1	solute carrier family 38 member 1	3.91	0.655
55089	SLC38A4	solute carrier family 38 member 4	1.096	1.964
347902	AMIGO2	adhesion molecule with Ig like domain 2	2.019	-0.352
91523	PCED1B	PC-esterase domain containing 1B	1.682	-0.364
100233209	PCED1B-AS1	PCED1B antisense RNA 1	1.093	0.448
79657	RPAP3	RNA polymerase II associated protein 3	2.824	0.336
51564	HDAC7	histone deacetylase 7	3.334	-0.437
5213	PFKM	phosphofructokinase, muscle	4.357	0.284
140461	ASB8	ankyrin repeat and SOCS box containing 8	3.309	0.223
904	CCNT1	cyclin T1	2.885	-0.213
255411	TEX49	testis expressed 49	3.241	-0.595
112	ADCY6	adenylate cyclase 6	3.807	-0.336
9416	DDX23	DEAD-box helicase 23	3.18	0.119
85478	CCDC65	coiled-coil domain containing 65	1.011	-0.624
377	ARF3	ADP ribosylation factor 3	3.161	-0.164
7480	WNT10B	Wnt family member 10B	0.969	-1.403
23109	DDN	dendrin	1.575	1.41
5571	PRKAG1	protein kinase AMP-activated non-catalytic subunit gamma 1	3.44	0.189
55716	LMBR1L	limb development membrane protein 1 like	2.94	-0.388
10376	TUBA1B	tubulin alpha 1b	3.809	0.373
84790	TUBA1C	tubulin alpha 1c	3.464	0.692
10024	TROAP	trophinin associated protein	1.111	1.793
79962	DNAJC22	DnaJ heat shock protein family (Hsp40) member C22	1.011	-1.349
23416	KCNH3	potassium voltage-gated channel subfamily H member 3	1.655	0.301
91010	FMNL3	formin like 3	3.142	-0.341
100286844	BCDIN3D-AS1	BCDIN3D antisense RNA 1	2.056	-0.425
23017	FAIM2	Fas apoptotic inhibitory molecule 2	2.088	1.025
29127	RACGAP1	Rac GTPase activating protein 1	2.121	0.595
2819	GPD1	glycerol-3-phosphate dehydrogenase 1	2.563	1.39
91012	CERS5	ceramide synthase 5	2.67	-0.472
107984505	LOC107984505	uncharacterized LOC107984505	0.891	-0.605
4891	SLC11A2	solute carrier family 11 member 2	2.914	0.301
25875	LETMD1	LETM1 domain containing 1	2.941	-0.319
9802	DAZAP2	DAZ associated protein 2	3.765	-0.19
11226	GALNT6	polypeptide N-acetylgalactosaminyltransferase 6	1.354	0.661
9498	SLC4A8	solute carrier family 4 member 8	1.568	-1.609
692159	TAMALIN-AS1	TAMALIN antisense RNA 1	1.566	-1.729
160622	TAMALIN	trafficking regulator and scaffold protein tamalin	3.045	-0.96
60673	ATG101	autophagy related 101	2.653	0.347
113523638	SMIM41	small integral membrane protein 41	1.049	-1.408
26628	OR7E47P	olfactory receptor family 7 subfamily E member 47 pseudogene	0.937	-1.468
3875	KRT18	keratin 18	1.93	1.193
283335	TNS2-AS1	TNS2 antisense RNA 1	2.516	-0.416
84926	SPRYD3	SPRY domain containing 3	3.303	-0.189
3489	IGFBP6	insulin like growth factor binding protein 6	2.816	-0.502
51380	CSAD	cysteine sulfinic acid decarboxylase	2.847	-0.459
3695	ITGB7	integrin subunit beta 7	1.286	-0.53
5916	RARG	retinoic acid receptor gamma	2.6	-0.331
9700	ESPL1	extra spindle pole bodies like 1, separase	1.118	1.313
8086	AAAS	aladin WD repeat nucleoporin	3.002	-0.196
5094	PCBP2	poly(rC) binding protein 2	3.898	-0.157
102157401	PCBP2-OT1	PCBP2 overlapping transcript 1	2.518	-0.176
7786	MAP3K12	mitogen-activated protein kinase kinase kinase 12	2.854	-0.213
8620	NPFF	neuropeptide FF-amide peptide precursor	1.569	-0.593
517	ATP5MC2	ATP synthase membrane subunit c locus 2	3.777	-0.199
100616400	MIR3198-2	microRNA 3198-2	1.126	-1.358
112935960	SCAT2	S-phase cancer associated transcript 2	0.924	-0.651
3178	HNRNPA1	heterogeneous nuclear ribonucleoprotein A1	3.667	-0.252
25946	ZNF385A	zinc finger protein 385A	2.458	0.617
3678	ITGA5	integrin subunit alpha 5	3.519	0.46
5502	PPP1R1A	protein phosphatase 1 regulatory inhibitor subunit 1A	3.213	1.313
9840	TESPA1	thymocyte expressed, positive selection associated 1	1.587	-0.925
196410	METTL7B	methyltransferase like 7B	2.621	1.308
100528022	BLOC1S1-RDH5	BLOC1S1-RDH5 readthrough	2.696	0.302
967	CD63	CD63 molecule	3.96	0.494
105369779	CD63-AS1	CD63 antisense RNA 1	2.603	0.467
29095	ORMDL2	ORMDL sphingolipid biosynthesis regulator 2	2.466	0.256
85406	DNAJC14	DnaJ heat shock protein family (Hsp40) member C14	2.814	0.178
440104	TMEM198B	transmembrane protein 198B (pseudogene)	2.763	-0.621
4327	MMP19	matrix metallopeptidase 19	2.452	-0.393
5869	RAB5B	RAB5B, member RAS oncogene family	3.555	0.185
5036	PA2G4	proliferation-associated 2G4	3.411	0.349
6171	RPL41	ribosomal protein L41	3.431	0.304
4637	MYL6	myosin light chain 6	3.872	0.239
10193	RNF41	ring finger protein 41	3.183	0.208
79035	NABP2	nucleic acid binding protein 2	2.533	0.192
283373	ANKRD52	ankyrin repeat domain 52	3.269	0.164
93058	COQ10A	coenzyme Q10A	3.578	0.472
10330	CNPY2	canopy FGF signaling regulator 2	2.761	0.192
8914	TIMELESS	timeless circadian regulator	2.136	0.539
27165	GLS2	glutaminase 2	1.355	-0.403
106635541	SNORA105C	small nucleolar RNA, H/ACA box 105C	1.515	-0.767
5939	RBMS2	RNA binding motif single stranded interacting protein 2	3.25	-0.279
26789	SNORD59A	small nucleolar RNA, C/D box 59A	1.145	-0.481
5557	PRIM1	DNA primase subunit 1	1.809	0.469
8608	RDH16	retinol dehydrogenase 16	1.236	-0.52
11247	NXPH4	neurexophilin 4	1.881	-1.312
6472	SHMT2	serine hydroxymethyltransferase 2	2.879	0.184
22864	R3HDM2	R3H domain containing 2	3.347	-0.488
2735	GLI1	GLI family zinc finger 1	1.603	-0.808
10540	DCTN2	dynactin subunit 2	3.479	0.133
196403	DTX3	deltex E3 ubiquitin ligase 3	3.033	-0.159
6302	TSPAN31	tetraspanin 31	3.037	-0.158
1019	CDK4	cyclin dependent kinase 4	3.003	-0.253
25895	EEF1AKMT3	EEF1A lysine methyltransferase 3	1.871	-0.576
283387	LOC283387	uncharacterized LOC283387	0.922	-0.637
91419	ATP23	ATP23 metallopeptidase and ATP synthase assembly factor homolog	1.918	0.803
11260	XPOT	exportin for tRNA	3.016	0.292
29110	TBK1	TANK binding kinase 1	2.786	0.211
283349	RASSF3	Ras association domain family member 3	3.396	0.364
2799	GNS	glucosamine (N-acetyl)-6-sulfatase	3.719	0.385
100507065	MSRB3-AS1	MSRB3 antisense RNA 1	1.258	-1.589
105369809	LOC105369809	uncharacterized LOC105369809	1.534	0.709
84298	LLPH	LLP homolog, long-term synaptic facilitation factor	2.761	0.277
51643	TMBIM4	transmembrane BAX inhibitor motif containing 4	3.056	-0.187
23426	GRIP1	glutamate receptor interacting protein 1	1.468	2.086
55832	CAND1	cullin associated and neddylation dissociated 1	3.085	-0.151
56890	MDM1	Mdm1 nuclear protein	2.386	0.319
10818	FRS2	fibroblast growth factor receptor substrate 2	2.733	-0.219
10576	CCT2	chaperonin containing TCP1 subunit 2	3.352	0.288
117177	RAB3IP	RAB3A interacting protein	2.92	0.508
4848	CNOT2	CCR4-NOT transcription complex subunit 2	3.069	0.158
5801	PTPRR	protein tyrosine phosphatase receptor type R	1.239	-0.832
7103	TSPAN8	tetraspanin 8	1.247	-0.791
8549	LGR5	leucine rich repeat containing G protein-coupled receptor 5	1.066	-1.543
23011	RAB21	RAB21, member RAS oncogene family	3.625	-0.248
64786	TBC1D15	TBC1 domain family member 15	2.972	0.122
11010	GLIPR1	GLI pathogenesis related 1	2.6	0.259
11103	KRR1	KRR1 small subunit processome component homolog	2.957	0.162
22822	PHLDA1	pleckstrin homology like domain family A member 1	3.191	-1.768
79738	BBS10	Bardet-Biedl syndrome 10	2.708	-0.194
1466	CSRP2	cysteine and glycine rich protein 2	2.478	0.757
89795	NAV3	neuron navigator 3	2.125	0.481
283310	OTOGL	otogelin like	1.276	0.71
79611	ACSS3	acyl-CoA synthetase short chain family member 3	3.046	0.363
29080	CCDC59	coiled-coil domain containing 59	2.587	0.335
400058	MKRN9P	makorin ring finger protein 9, pseudogene	1.327	0.347
1848	DUSP6	dual specificity phosphatase 6	2.977	-0.706
282809	POC1B	POC1 centriolar protein B	2.511	0.171
338758	ATP2B1-AS1	ATP2B1 antisense RNA 1	1.227	-0.674
4060	LUM	lumican	3.914	-1.678
694	BTG1	BTG anti-proliferation factor 1	3.379	-0.316
643339	LOC643339	uncharacterized LOC643339	1.191	0.938
11163	NUDT4	nudix hydrolase 4	3.766	0.592
144481	SOCS2-AS1	SOCS2 antisense RNA 1	1.313	-1.636
8835	SOCS2	suppressor of cytokine signaling 2	2.856	-1.136
8738	CRADD	CASP2 and RIPK1 domain containing adaptor with death domain	2.916	-0.677
101928731	CRADD-AS1	CRADD antisense RNA 1	1.143	-1.947
105369911	LOC105369911	uncharacterized LOC105369911	1.388	-0.878
57458	TMCC3	transmembrane and coiled-coil domain family 3	2.423	-0.708
55967	NDUFA12	NADH:ubiquinone oxidoreductase subunit A12	3.564	0.551
55785	FGD6	FYVE, RhoGEF and PH domain containing 6	2.798	0.396
100132594	PGAM1P5	phosphoglycerate mutase 1 pseudogene 5	1.566	-0.557
144193	AMDHD1	amidohydrolase domain containing 1	1.218	0.658
4048	LTA4H	leukotriene A4 hydrolase	3.153	0.134
196475	RMST	rhabdomyosarcoma 2 associated transcript	1.386	-1.133
121456	SLC9A7P1	solute carrier family 9 member 7 pseudogene 1	1.434	-1.372
643770	LINC02453	long intergenic non-protein coding RNA 2453	1.213	-0.954
56899	ANKS1B	ankyrin repeat and sterile alpha motif domain containing 1B	2.038	-0.407
55592	GOLGA2P5	GOLGA2 pseudogene 5	1.644	0.517
27340	UTP20	UTP20 small subunit processome component	2.694	0.312
56994	CHPT1	choline phosphotransferase 1	3.46	0.258
79158	GNPTAB	N-acetylglucosamine-1-phosphate transferase subunits alpha and beta	3.252	0.226
55332	DRAM1	DNA damage regulated autophagy modulator 1	2.361	0.302
51019	WASHC3	WASH complex subunit 3	2.896	0.33
3479	IGF1	insulin like growth factor 1	2.67	-0.846
7184	HSP90B1	heat shock protein 90 beta family member 1	4.104	0.427
728568	UQCC6	ubiquinol-cytochrome c reductase complex assembly factor 6	2.338	0.237
6996	TDG	thymine DNA glycosylase	2.583	-0.223
83468	GLT8D2	glycosyltransferase 8 domain containing 2	2.583	-0.82
4801	NFYB	nuclear transcription factor Y subunit beta	3.146	0.622
7296	TXNRD1	thioredoxin reductase 1	3.651	0.746
493861	EID3	EP300 interacting inhibitor of differentiation 3	1.354	-0.599
50515	CHST11	carbohydrate sulfotransferase 11	2.345	-0.581
105369950	LOC105369950		1.314	1.484
387882	C12orf75	chromosome 12 open reading frame 75	1.425	-1.006
55703	POLR3B	RNA polymerase III subunit B	2.62	0.285
55188	RIC8B	RIC8 guanine nucleotide exchange factor B	2.998	0.383
121551	ABTB3	ankyrin repeat and BTB domain containing 3	1.583	1.085
728739	LOC728739	programmed cell death 2 pseudogene	1.101	0.457
9671	WSCD2	WSC domain containing 2	1.071	1.883
1240	CMKLR1	chemerin chemokine-like receptor 1	2.71	-0.924
9733	SART3	spliceosome associated factor 3, U4/U6 recycling protein	3.039	-0.17
338773	TMEM119	transmembrane protein 119	2.074	-1.288
101929204	LOC101929204	uncharacterized LOC101929204	1.909	-0.577
32	ACACB	acetyl-CoA carboxylase beta	3.812	0.373
105369974	LOC105369974	uncharacterized LOC105369974	1.473	-0.765
84915	FAM222A	family with sequence similarity 222 member A	2.463	0.676
84260	TCHP	trichoplein keratin filament binding	2.708	0.185
88455	ANKRD13A	ankyrin repeat domain 13A	2.93	0.532
400073	C12orf76	chromosome 12 open reading frame 76	1.916	-0.282
28981	IFT81	intraflagellar transport 81	2.531	0.528
488	ATP2A2	ATPase sarcoplasmic/endoplasmic reticulum Ca2+ transporting 2	4.94	0.75
51434	ANAPC7	anaphase promoting complex subunit 7	3.052	0.241
10094	ARPC3	actin related protein 2/3 complex subunit 3	3.157	0.272
51699	VPS29	VPS29 retromer complex component	3.207	0.411
160760	PPTC7	protein phosphatase targeting COQ7	3.569	0.319
84329	HVCN1	hydrogen voltage gated channel 1	2.404	0.474
5501	PPP1CC	protein phosphatase 1 catalytic subunit gamma	3.667	0.527
160762	CCDC63	coiled-coil domain containing 63	1.321	-0.946
23316	CUX2	cut like homeobox 2	1.013	-2.47
6311	ATXN2	ataxin 2	3.104	0.151
80724	ACAD10	acyl-CoA dehydrogenase family member 10	3.133	-0.291
10961	ERP29	endoplasmic reticulum protein 29	3.225	0.405
6128	RPL6	ribosomal protein L6	3.817	0.338
387885	CFAP73	cilia and flagella associated protein 73	1.947	-0.284
84934	RITA1	RBPJ interacting and tubulin associated 1	2.625	0.377
196463	PLBD2	phospholipase B domain containing 2	3.218	0.229
113675	SDSL	serine dehydratase like	2.43	-1.351
105369998	LOC105369998	uncharacterized LOC105369998	0.956	-1.801
6926	TBX3	T-box transcription factor 3	2.901	0.354
643246	MAP1LC3B2	microtubule associated protein 1 light chain 3 beta 2	2.778	-0.175
79794	SPRING1	SREBF pathway regulator in golgi 1	2.58	-0.179
8739	HRK	harakiri, BCL2 interacting protein	1.458	-2.129
26259	FBXW8	F-box and WD repeat domain containing 8	2.604	-0.367
100506551	LOC100506551	uncharacterized LOC100506551	1.175	0.68
23014	FBXO21	F-box protein 21	3.296	-0.53
5985	RFC5	replication factor C subunit 5	2.631	0.192
55884	WSB2	WD repeat and SOCS box containing 2	3.364	0.286
51347	TAOK3	TAO kinase 3	3.077	0.255
64426	SUDS3	SDS3 homolog, SIN3A corepressor complex component	3.05	-0.152
84530	SRRM4	serine/arginine repetitive matrix 4	1.957	-0.443
26353	HSPB8	heat shock protein family B (small) member 8	4.322	-0.313
105370027	LOC105370027	uncharacterized LOC105370027	1.245	-0.732
387890	TMEM233	transmembrane protein 233	1.691	-1.525
5564	PRKAB1	protein kinase AMP-activated non-catalytic subunit beta 1	2.669	-0.469
6175	RPLP0	ribosomal protein lateral stalk subunit P0	3.952	0.399
100506649	PXN-AS1	PXN antisense RNA 1	2.122	-0.343
5829	PXN	paxillin	3.672	-0.328
23409	SIRT4	sirtuin 4	1.956	0.436
4440	MSI1	musashi RNA binding protein 1	2.159	-0.466
51499	TRIAP1	TP53 regulated inhibitor of apoptosis 1	2.479	0.166
100506668	NRAV	negative regulator of antiviral response	2.061	0.422
9921	RNF10	ring finger protein 10	3.872	0.185
9761	MLEC	malectin	3.884	0.383
121665	SPPL3	signal peptide peptidase like 3	2.942	-0.172
283385	MORN3	MORN repeat containing 3	1.062	-0.833
144404	TMEM120B	transmembrane protein 120B	2.835	0.348
54509	RHOF	ras homolog family member F, filopodia associated	2.508	0.465
338799	LINC01089	long intergenic non-protein coding RNA 1089	2.454	-0.416
144406	CFAP251	cilia and flagella associated protein 251	1.886	-1.397
6249	CLIP1	CAP-Gly domain containing linker protein 1	3.578	0.494
65117	RSRC2	arginine and serine rich coiled-coil 2	3.255	0.389
9735	KNTC1	kinetochore associated 1	2.136	0.389
9026	HIP1R	huntingtin interacting protein 1 related	2.953	0.42
57605	PITPNM2	phosphatidylinositol transfer protein membrane associated 2	3.001	0.263
10198	MPHOSPH9	M-phase phosphoprotein 9	2.823	0.182
91574	MTRFR	mitochondrial translation release factor in rescue	2.463	0.173
8099	CDK2AP1	cyclin dependent kinase 2 associated protein 1	3.137	0.202
55206	SBNO1	strawberry notch homolog 1	3.096	0.145
387893	KMT5A	lysine methyltransferase 5A	2.747	0.403
11066	SNRNP35	small nuclear ribonucleoprotein U11/U12 subunit 35	3.085	0.483
353116	RILPL1	Rab interacting lysosomal protein like 1	3.337	0.565
10959	TMED2	transmembrane p24 trafficking protein 2	3.531	0.156
57696	DDX55	DEAD-box helicase 55	2.414	-0.213
2967	GTF2H3	general transcription factor IIH subunit 3	2.573	-0.32
196385	DNAH10	dynein axonemal heavy chain 10	1.536	0.388
80212	CCDC92	coiled-coil domain containing 92	3.27	0.386
144348	ZNF664	zinc finger protein 664	3.628	0.298
105370047	LOC105370047	uncharacterized LOC105370047	1.132	-0.617
65985	AACS	acetoacetyl-CoA synthetase	2.67	0.309
114795	TMEM132B	transmembrane protein 132B	1.968	1.927
121260	SLC15A4	solute carrier family 15 member 4	2.747	-0.26
440119	FZD10-AS1	FZD10 antisense divergent transcript	1.083	-1.163
105755954	ADGRD1-AS1	ADGRD1 antisense RNA 1	1.672	0.648
4326	MMP17	matrix metallopeptidase 17	1.591	-0.487
8408	ULK1	unc-51 like autophagy activating kinase 1	3.453	-0.305
80324	PUS1	pseudouridine synthase 1	2.274	-0.19
57634	EP400	E1A binding protein p400	3.101	-0.175
347918	EP400P1	EP400 pseudogene 1	1.786	-0.224
317781	DDX51	DEAD-box helicase 51	2.671	-0.288
79050	NOC4L	nucleolar complex associated 4 homolog	2.373	-0.314
5827	PXMP2	peroxisomal membrane protein 2	2.796	0.429
100289635	ZNF605	zinc finger protein 605	2.834	0.401
7574	ZNF26	zinc finger protein 26	2.358	-0.276
7699	ZNF140	zinc finger protein 140	2.488	-0.15
101060200	ZNF891	zinc finger protein 891	1.492	0.27
7556	ZNF10	zinc finger protein 10	2.523	-0.191
10795	ZNF268	zinc finger protein 268	2.585	-0.203
7278	TUBA3C	tubulin alpha 3c	2.263	1.292
55269	PSPC1	paraspeckle component 1	2.844	0.145
7750	ZMYM2	zinc finger MYM-type containing 2	3.347	0.222
53342	IL17D	interleukin 17D	2.16	-0.745
64328	XPO4	exportin 4	3.333	-0.414
26524	LATS2	large tumor suppressor kinase 2	3.073	-0.3
10284	SAP18	Sin3A associated protein 18	3.602	-0.166
101928764	LOC101928764	coiled-coil domain-containing protein 144B	1.186	-0.922
221154	MICU2	mitochondrial calcium uptake 2	3.375	0.366
100506622	LINC00540	long intergenic non-protein coding RNA 540	1.61	0.929
542767	PCOTH	prostate and testis expressed opposite C1QTNF9B and MIPEP	1.535	0.364
221178	SPATA13	spermatogenesis associated 13	2.826	0.367
143	PARP4	poly(ADP-ribose) polymerase family member 4	3.082	0.187
55835	CENPJ	centromere protein J	2.434	0.308
646405	TPTE2P1	TPTE2 pseudogene 1	1.055	-0.58
5042	PABPC3	poly(A) binding protein cytoplasmic 3	2.268	-0.331
387914	SHISA2	shisa family member 2	1.203	-3.524
6049	RNF6	ring finger protein 6	2.936	0.236
6144	RPL21	ribosomal protein L21	3.322	0.566
2971	GTF3A	general transcription factor IIIA	3.586	0.64
219402	MTIF3	mitochondrial translational initiation factor 3	3.423	0.772
51082	POLR1D	RNA polymerase I and III subunit D	3.088	0.396
255967	PAN3	poly(A) specific ribonuclease subunit PAN3	2.811	-0.258
100288730	PAN3-AS1	PAN3 antisense RNA 1	1.32	-0.317
23281	MTUS2	microtubule associated scaffold protein 2	3.569	0.772
6541	SLC7A1	solute carrier family 7 member 1	2.946	0.44
5412	UBL3	ubiquitin like 3	3.086	-0.243
171222	UBE2L5	ubiquitin conjugating enzyme E2 L5	1.836	0.615
241	ALOX5AP	arachidonate 5-lipoxygenase activating protein	2.222	0.677
105370152	LOC105370152	uncharacterized LOC105370152	0.944	-1.277
100507099	FRY-AS1	FRY antisense RNA 1	0.889	-0.739
10129	FRY	FRY microtubule binding protein	3.736	-0.259
675	BRCA2	BRCA2 DNA repair associated	1.051	0.768
90634	N4BP2L1	NEDD4 binding protein 2 like 1	2.527	-0.214
10443	N4BP2L2	NEDD4 binding protein 2 like 2	3.487	0.258
23047	PDS5B	PDS5 cohesin associated factor B	2.807	0.208
26960	NBEA	neurobeachin	3.156	0.413
8900	CCNA1	cyclin A1	0.967	-1.5
400120	SERTM1	serine rich and transmembrane domain containing 1	1.299	1.065
4093	SMAD9	SMAD family member 9	2.529	-0.783
29880	ALG5	ALG5 dolichyl-phosphate beta-glucosyltransferase	2.405	0.326
55578	SUPT20H	SPT20 homolog, SAGA complex component	2.93	0.143
7223	TRPC4	transient receptor potential cation channel subfamily C member 4	1.619	1.809
101929077	LINC02334	long intergenic non-protein coding RNA 2334	1.58	2.046
100874188	LINC00571	long intergenic non-protein coding RNA 571	1.044	0.946
387921	NHLRC3	NHL repeat containing 3	2.75	-0.279
10186	LHFPL6	LHFPL tetraspan subfamily member 6	3.478	-0.291
2308	FOXO1	forkhead box O1	3.033	-0.534
10240	MRPS31	mitochondrial ribosomal protein S31	2.857	0.449
10166	SLC25A15	solute carrier family 25 member 15	2.22	0.491
100616668	TPTE2P5	TPTE2 pseudogene 5	1.598	-0.344
11193	WBP4	WW domain binding protein 4	3.056	0.257
9617	MTRF1	mitochondrial translation release factor 1	2.534	0.451
23078	VWA8	von Willebrand factor A domain containing 8	3.378	0.455
105370183	LINC00390	long intergenic non-protein coding RNA 390	1.09	1.231
101929212	SMIM2-AS1	SMIM2 antisense RNA 1	1.563	0.836
79024	SMIM2	small integral membrane protein 2	1.209	0.727
2963	GTF2F2	general transcription factor IIF subunit 2	2.999	0.187
7178	TPT1	tumor protein, translationally-controlled 1	4.802	0.473
100190939	TPT1-AS1	TPT1 antisense RNA 1	2.369	-0.479
100874259	SLC25A30-AS1	SLC25A30 antisense RNA 1	1.139	0.689
23091	ZC3H13	zinc finger CCCH-type containing 13	3.28	0.292
3936	LCP1	lymphocyte cytosolic protein 1	2.826	0.483
2098	ESD	esterase D	3.404	0.373
3356	HTR2A	5-hydroxytryptamine receptor 2A	0.842	-2.156
107984570	LINC00444	long intergenic non-protein coding RNA 444	1.377	0.312
8803	SUCLA2	succinate-CoA ligase ADP-forming subunit beta	3.677	0.245
55270	NUDT15	nudix hydrolase 15	2.683	0.277
29079	MED4	mediator complex subunit 4	3.031	0.221
9445	ITM2B	integral membrane protein 2B	4.135	-0.257
10161	LPAR6	lysophosphatidic acid receptor 6	2.744	0.416
57105	CYSLTR2	cysteinyl leukotriene receptor 2	2.659	0.385
81602	CDADC1	cytidine and dCMP deaminase domain containing 1	2.485	0.173
107303344	SETDB2-PHF11	SETDB2-PHF11 readthrough	2.636	0.202
283518	KCNRG	potassium channel regulator	1.582	0.255
10301	DLEU1	deleted in lymphocytic leukemia 1	2.319	0.715
220108	FAM124A	family with sequence similarity 124 member A	2.454	0.508
26512	INTS6	integrator complex subunit 6	2.859	0.252
540	ATP7B	ATPase copper transporting beta	2.48	-0.584
341676	NEK5	NIMA related kinase 5	1.595	-0.577
101929657	LOC101929657	uncharacterized LOC101929657	0.879	-0.687
100887750	MRPS31P5	mitochondrial ribosomal protein S31 pseudogene 5	2.426	-0.237
55901	THSD1	thrombospondin type 1 domain containing 1	2.516	-0.228
51028	VPS36	vacuolar protein sorting 36 homolog	3.27	0.203
81550	TDRD3	tudor domain containing 3	2.796	0.322
64881	PCDH20	protocadherin 20	2.057	1.446
5101	PCDH9	protocadherin 9	2.979	-0.344
440145	MZT1	mitotic spindle organizing protein 1	2.387	-0.678
22894	DIS3	DIS3 homolog, exosome endoribonuclease and 3'-5' exoribonuclease	3.039	0.23
10464	PIBF1	progesterone immunomodulatory binding factor 1	2.61	0.235
647288	CTAGE11P	CTAGE family member 11, pseudogene	1.165	0.713
9882	TBC1D4	TBC1 domain family member 4	3.733	0.268
7347	UCHL3	ubiquitin C-terminal hydrolase L3	2.622	0.325
23077	MYCBP2	MYC binding protein 2	3.265	0.293
100874212	MYCBP2-AS1	MYCBP2 antisense RNA 1	1.635	0.552
100874222	OBI1-AS1	OBI1 antisense RNA 1	2.029	0.254
10253	SPRY2	sprouty RTK signaling antagonist 2	3.176	-0.38
103724386	LINC00377	long intergenic non-protein coding RNA 377	1.518	-2.099
2262	GPC5	glypican 5	1.102	1.231
160897	GPR180	G protein-coupled receptor 180	2.47	0.454
22873	DZIP1	DAZ interacting zinc finger protein 1	2.438	-0.312
5611	DNAJC3	DnaJ heat shock protein family (Hsp40) member C3	3.157	0.225
5911	RAP2A	RAP2A, member of RAS oncogene family	2.982	-0.264
10160	FARP1	FERM, ARH/RhoGEF and pleckstrin domain protein 1	3.172	-0.353
8428	STK24	serine/threonine kinase 24	3.238	0.17
100861541	DOCK9-DT	DOCK9 divergent transcript	1.374	-0.48
100289373	UBAC2-AS1	UBAC2 antisense RNA 1	1.437	-0.463
337867	UBAC2	UBA domain containing 2	3.068	-0.258
5095	PCCA	propionyl-CoA carboxylase subunit alpha	3.132	0.488
9358	ITGBL1	integrin subunit beta like 1	2.525	-1.379
2259	FGF14	fibroblast growth factor 14	2.532	-0.701
7174	TPP2	tripeptidyl peptidase 2	3.126	0.269
54841	BIVM	basic, immunoglobulin-like variable motif containing	3.036	0.18
100533467	BIVM-ERCC5	BIVM-ERCC5 readthrough	2.967	0.299
2073	ERCC5	ERCC excision repair 5, endonuclease	2.777	0.195
121952	METTL21EP	methyltransferase like 21E, pseudogene	2.202	-1.299
112268109	LOC112268109		2.259	-0.291
55082	ARGLU1	arginine and glutamate rich 1	3.609	-0.29
728215	NALF1	NALCN channel auxiliary factor 1	1.209	-0.884
3981	LIG4	DNA ligase 4	2.719	0.341
112268112	LOC112268112		1.341	-0.746
101927646	LOC101927646	uncharacterized LOC101927646	0.855	-0.888
100874203	COL4A2-AS1	COL4A2 antisense RNA 1	1.865	-0.753
55647	RAB20	RAB20, member RAS oncogene family	2.519	-0.675
3621	ING1	inhibitor of growth family member 1	2.458	0.213
8451	CUL4A	cullin 4A	3.699	0.156
107984583	LOC107984583		1.241	0.743
113622	ADPRHL1	ADP-ribosylhydrolase like 1	4.069	-0.404
55002	TMCO3	transmembrane and coiled-coil domains 3	3.126	-0.288
7027	TFDP1	transcription factor Dp-1	3.098	0.159
650669	GAS6-AS1	GAS6 antisense RNA 1	2.56	0.221
2621	GAS6	growth arrest specific 6	3.804	-0.241
8881	CDC16	cell division cycle 16	3.093	0.221
503638	DUXAP9	double homeobox A pseudogene 9	1.531	-0.961
503639	DUXAP10	double homeobox A pseudogene 10	1.194	-1.106
91875	TTC5	tetratricopeptide repeat domain 5	2.401	-0.354
328	APEX1	apurinic/apyrimidinic endodeoxyribonuclease 1	3.25	0.359
90809	PIP4P1	phosphatidylinositol-4,5-bisphosphate 4-phosphatase 1	2.708	-0.16
6035	RNASE1	ribonuclease A family member 1, pancreatic	3.573	0.518
6036	RNASE2	ribonuclease A family member 2	1.221	3.26
64745	METTL17	methyltransferase like 17	2.989	0.23
57447	NDRG2	NDRG family member 2	3.985	0.205
102465428	MIR6717	microRNA 6717	1.655	0.559
107984643	LOC107984643	uncharacterized LOC107984643	1.56	-0.215
57680	CHD8	chromodomain helicase DNA binding protein 8	3.153	0.149
84932	RAB2B	RAB2B, member RAS oncogene family	2.73	-0.224
28755	TRAC	T cell receptor alpha constant	2.135	1.724
1603	DAD1	defender against cell death 1	3.181	0.266
63874	ABHD4	abhydrolase domain containing 4, N-acyl phospholipase B	2.906	0.326
122704	MRPL52	mitochondrial ribosomal protein L52	2.851	0.292
26020	LRP10	LDL receptor related protein 10	3.487	0.183
161253	REM2	RRAD and GEM like GTPase 2	0.874	-0.723
10419	PRMT5	protein arginine methyltransferase 5	3.055	0.231
5693	PSMB5	proteasome 20S subunit beta 5	3.394	0.259
55017	C14orf119	chromosome 14 open reading frame 119	2.89	0.168
51310	SLC22A17	solute carrier family 22 member 17	2.54	-0.538
10278	EFS	embryonal Fyn-associated substrate	2.289	-0.565
116173	CMTM5	CKLF like MARVEL transmembrane domain containing 5	2.307	1.203
4624	MYH6	myosin heavy chain 6	5.167	0.942
80344	DCAF11	DDB1 and CUL4 associated factor 11	3.424	0.34
5721	PSME2	proteasome activator subunit 2	3.047	0.395
102465801	MIR7703	microRNA 7703	1.459	0.855
9985	REC8	REC8 meiotic recombination protein	2.208	-0.501
100528064	NEDD8-MDP1	NEDD8-MDP1 readthrough	2.85	0.471
145553	MDP1	magnesium dependent phosphatase 1	2.029	-0.289
4738	NEDD8	NEDD8 ubiquitin like modifier	3.28	0.224
5875	RABGGTA	Rab geranylgeranyltransferase subunit alpha	2.65	0.266
115817	DHRS1	dehydrogenase/reductase 1	2.212	-0.432
56413	LTB4R2	leukotriene B4 receptor 2	1.333	-0.362
1241	LTB4R	leukotriene B4 receptor	2.136	-0.301
4776	NFATC4	nuclear factor of activated T cells 4	2.837	0.244
57523	NYNRIN	NYN domain and retroviral integrase containing	2.881	-0.495
1215	CMA1	chymase 1	1.148	-1.723
1511	CTSG	cathepsin G	1.341	-0.872
2999	GZMH	granzyme H	1.276	-1.049
29091	STXBP6	syntaxin binding protein 6	2.799	0.582
5587	PRKD1	protein kinase D1	2.253	-0.34
23256	SCFD1	sec1 family domain containing 1	3.047	0.216
25831	HECTD1	HECT domain E3 ubiquitin protein ligase 1	3.721	0.375
394	ARHGAP5	Rho GTPase activating protein 5	3.48	0.465
84837	ARHGAP5-AS1	ARHGAP5 antisense RNA 1 (head to head)	2.12	0.364
64067	NPAS3	neuronal PAS domain protein 3	1.458	-0.808
112399	EGLN3	egl-9 family hypoxia inducible factor 3	3.709	-0.787
107987210	LOC107987210	replaced by ID 102724945	1.296	-1.45
105370446	LOC105370446	uncharacterized LOC105370446	1.752	-1.969
11177	BAZ1A	bromodomain adjacent to zinc finger domain 1A	2.581	0.309
280655	IGBP1P1	immunoglobulin (CD79A) binding protein 1 pseudogene 1	1.45	0.469
6729	SRP54	signal recognition particle 54	3.104	0.161
9692	PRORP	protein only RNase P catalytic subunit	2.923	0.328
5687	PSMA6	proteasome 20S subunit alpha 6	3.349	0.164
253959	RALGAPA1	Ral GTPase activating protein catalytic subunit alpha 1	2.878	0.301
84312	BRMS1L	BRMS1 like transcriptional repressor	2.72	0.27
145282	MIPOL1	mirror-image polydactyly 1	2.034	0.244
10484	SEC23A	SEC23 homolog A, COPII coat complex component	3.405	0.365
105370458	SEC23A-AS1	SEC23A antisense RNA 1	0.993	0.917
4253	MIA2	MIA SH3 domain ER export factor 2	2.95	0.432
105370469	LRFN5-DT	LRFN5 divergent transcript	1.372	-0.718
122525	C14orf28	chromosome 14 open reading frame 28	2.395	0.247
55015	PRPF39	pre-mRNA processing factor 39	3.086	0.185
2287	FKBP3	FKBP prolyl isomerase 3	3.411	0.577
6235	RPS29	ribosomal protein S29	3.329	-0.476
107987206	LOC107987206	replaced by ID 6029	1.752	-0.987
6029	RN7SL1	RNA component of signal recognition particle 7SL1	1.74	-0.994
6166	RPL36AL	ribosomal protein L36a like	3.327	0.419
4247	MGAT2	alpha-1,6-mannosyl-glycoprotein 2-beta-N-acetylglucosaminyltransferase	2.652	-0.265
23588	KLHDC2	kelch domain containing 2	3.398	0.107
9147	NEMF	nuclear export mediator factor	3.225	0.12
105378179	LOC105378179	uncharacterized LOC105378179	1.935	-0.607
378706	RN7SL2	RNA component of signal recognition particle 7SL2	1.846	-0.831
79609	VCPKMT	valosin containing protein lysine methyltransferase	2.277	-0.361
27109	DMAC2L	distal membrane arm assembly component 2 like	2.654	-0.387
8814	CDKL1	cyclin dependent kinase like 1	2.498	-0.207
5836	PYGL	glycogen phosphorylase L	2.413	0.504
114088	TRIM9	tripartite motif containing 9	1.703	-0.602
51637	RTRAF	RNA transcription, translation and transport factor	3.606	0.418
105378180	LOC105378180	uncharacterized LOC105378180	1.746	-0.455
283554	GPR137C	G protein-coupled receptor 137C	1.88	-0.505
10979	FERMT2	FERM domain containing kindlin 2	3.584	0.32
652	BMP4	bone morphogenetic protein 4	2.578	-1.212
1033	CDKN3	cyclin dependent kinase inhibitor 3	1.703	1.483
729451	SAMD4A-AS1	SAMD4A antisense RNA 1	2.426	1.047
93487	MAPK1IP1L	mitogen-activated protein kinase 1 interacting protein 1 like	3.373	-0.228
3958	LGALS3	galectin 3	3.648	0.273
22863	ATG14	autophagy related 14	3.123	-0.169
100129075	KTN1-AS1	KTN1 antisense RNA 1	1.443	-0.444
3895	KTN1	kinectin 1	4.036	0.481
102723670	LOC102723670	uncharacterized LOC102723670	1.048	0.687
57161	PELI2	pellino E3 ubiquitin protein ligase family member 2	2.266	-0.371
55745	AP5M1	adaptor related protein complex 5 subunit mu 1	3.127	0.171
5684	PSMA3	proteasome 20S subunit alpha 3	3.225	0.294
5926	ARID4A	AT-rich interaction domain 4A	2.829	0.259
26520	TIMM9	translocase of inner mitochondrial membrane 9	2.555	0.232
23002	DAAM1	dishevelled associated activator of morphogenesis 1	3.248	0.43
105370524	PCNX4-DT	PCNX4 divergent transcript	1.254	-0.685
64430	PCNX4	pecanex 4	3.209	-0.351
4331	MNAT1	MNAT1 component of CDK activating kinase	2.614	0.169
57570	TRMT5	tRNA methyltransferase 5	2.491	-0.198
161291	TMEM30B	transmembrane protein 30B	1.83	-2.29
3091	HIF1A	hypoxia inducible factor 1 subunit alpha	3.314	0.353
6617	SNAPC1	small nuclear RNA activating complex polypeptide 1	2.485	0.326
105370531	LOC105370531	LINE-1 retrotransposable element ORF1 protein-like	2.032	0.295
57381	RHOJ	ras homolog family member J	2.752	0.31
5529	PPP2R5E	protein phosphatase 2 regulatory subunit B'epsilon	3.043	0.18
23224	SYNE2	spectrin repeat containing nuclear envelope protein 2	3.829	0.421
2100	ESR2	estrogen receptor 2	1.565	0.47
4522	MTHFD1	methylenetetrahydrofolate dehydrogenase, cyclohydrolase and formyltetrahydrofolate synthetase 1	3.322	0.324
9495	AKAP5	A-kinase anchoring protein 5	1.334	-0.577
102465841	MIR7855	microRNA 7855	1.444	0.506
107984655	LOC107984655	uncharacterized LOC107984655	1.265	0.335
100506321	LOC100506321	uncharacterized LOC100506321	1.778	0.689
64398	PALS1	protein associated with LIN7 1, MAGUK p55 family member	2.866	0.231
1965	EIF2S1	eukaryotic translation initiation factor 2 subunit alpha	3.296	0.239
57475	PLEKHH1	pleckstrin homology, MyTH4 and FERM domain containing H1	2.457	0.661
5283	PIGH	phosphatidylinositol glycan anchor biosynthesis class H	2.34	0.223
10490	VTI1B	vesicle transport through interaction with t-SNAREs 1B	3.35	0.339
8816	DCAF5	DDB1 and CUL4 associated factor 5	3.482	0.23
55218	EXD2	exonuclease 3'-5' domain containing 2	2.826	0.179
55334	SLC39A9	solute carrier family 39 member 9	2.92	-0.216
9766	SUSD6	sushi domain containing 6	3.113	-0.51
100289511	LOC100289511	uncharacterized LOC100289511	2.169	0.448
6430	SRSF5	serine and arginine rich splicing factor 5	3.853	-0.284
64093	SMOC1	SPARC related modular calcium binding 1	1.66	-1.364
55333	SYNJ2BP	synaptojanin 2 binding protein	3.4	0.277
8747	ADAM21	ADAM metallopeptidase domain 21	1.126	-0.608
8748	ADAM20	ADAM metallopeptidase domain 20	1.345	-0.435
10001	MED6	mediator complex subunit 6	2.538	0.198
23508	TTC9	tetratricopeptide repeat domain 9	2.211	-0.829
4293	MAP3K9	mitogen-activated protein kinase kinase kinase 9	2.082	0.425
22990	PCNX1	pecanex 1	3.374	0.219
26037	SIPA1L1	signal induced proliferation associated 1 like 1	2.577	-0.381
58517	RBM25	RNA binding motif protein 25	3.378	0.144
5663	PSEN1	presenilin 1	2.995	0.185
89932	PAPLN	papilin, proteoglycan like sulfated glycoprotein	2.418	-0.811
8650	NUMB	NUMB endocytic adaptor protein	3.154	0.161
122970	ACOT4	acyl-CoA thioesterase 4	1.505	-0.508
641372	ACOT6	acyl-CoA thioesterase 6	1.218	0.556
83544	DNAL1	dynein axonemal light chain 1	2.652	-0.241
91748	MIDEAS	mitotic deacetylase associated SANT domain protein	3.02	-0.312
145482	PTGR2	prostaglandin reductase 2	3.173	0.24
57862	ZNF410	zinc finger protein 410	2.757	-0.237
5826	ABCD4	ATP binding cassette subfamily D member 4	2.863	-0.214
10577	NPC2	NPC intracellular cholesterol transporter 2	3.156	0.294
4053	LTBP2	latent transforming growth factor beta binding protein 2	3.867	-1.361
9870	AREL1	apoptosis resistant E3 ubiquitin protein ligase 1	3.015	0.187
283571	PROX2	prospero homeobox 2	1.997	-0.522
83694	RPS6KL1	ribosomal protein S6 kinase like 1	2.646	-0.237
8892	EIF2B2	eukaryotic translation initiation factor 2B subunit beta	2.789	0.306
27030	MLH3	mutL homolog 3	2.781	0.195
79696	ZC2HC1C	zinc finger C2HC-type containing 1C	2.295	0.421
10972	TMED10	transmembrane p24 trafficking protein 10	3.815	0.169
731223	LINC01220	long intergenic non-protein coding RNA 1220	0.904	-0.988
23093	TTLL5	tubulin tyrosine ligase like 5	2.661	0.323
112752	IFT43	intraflagellar transport 43	2.622	-0.59
105370573	LOC105370573	uncharacterized LOC105370573	1.684	-0.871
57156	TMEM63C	transmembrane protein 63C	1.834	1.989
10598	AHSA1	activator of HSP90 ATPase activity 1	3.513	0.316
81892	SLIRP	SRA stem-loop interacting RNA binding protein	3.085	0.358
22938	SNW1	SNW domain containing 1	3.149	0.204
1734	DIO2	iodothyronine deiodinase 2	2.947	-1.173
145508	CEP128	centrosomal protein 128	1.811	0.565
85439	STON2	stonin 2	2.219	-0.541
6400	SEL1L	SEL1L adaptor subunit of ERAD E3 ubiquitin ligase	3.432	0.284
55812	SPATA7	spermatogenesis associated 7	2.357	0.3
79882	ZC3H14	zinc finger CCCH-type containing 14	3.111	0.324
123016	TTC8	tetratricopeptide repeat domain 8	2.489	-0.277
1112	FOXN3	forkhead box N3	3.611	0.565
5700	PSMC1	proteasome 26S subunit, ATPase 1	3.231	0.187
9252	RPS6KA5	ribosomal protein S6 kinase A5	2.553	0.399
55671	PPP4R3A	protein phosphatase 4 regulatory subunit 3A	3.195	0.3
123036	TC2N	tandem C2 domains, nuclear	2.25	1.027
9321	TRIP11	thyroid hormone receptor interactor 11	3.117	0.29
4287	ATXN3	ataxin 3	2.599	-0.288
53981	CPSF2	cleavage and polyadenylation specific factor 2	3.107	0.234
9950	GOLGA5	golgin A5	3.01	0.288
3705	ITPK1	inositol-tetrakisphosphate 1-kinase	3.442	0.602
64112	MOAP1	modulator of apoptosis 1	3.435	-0.203
26175	LYSET	lysosomal enzyme trafficking factor	2.545	0.456
84520	GON7	GON7 subunit of KEOPS complex	2.487	0.467
51676	ASB2	ankyrin repeat and SOCS box containing 2	3.641	0.893
107984663	LOC107984663	uncharacterized LOC107984663	1.502	1.13
122509	IFI27L1	interferon alpha inducible protein 27 like 1	2.311	-0.21
5104	SERPINA5	serpin family A member 5	1.807	1.786
112268127	LOC112268127	uncharacterized LOC112268127	0.83	1.274
12	SERPINA3	serpin family A member 3	2.937	2.503
283596	SNHG10	small nucleolar RNA host gene 10	1.889	-0.379
51218	GLRX5	glutaredoxin 5	3.255	0.372
56967	C14orf132	chromosome 14 open reading frame 132	2.683	-2.253
10914	PAPOLA	poly(A) polymerase alpha	3.638	0.413
388011	LINC01550	long intergenic non-protein coding RNA 1550	1.684	0.972
64919	BCL11B	BCL11 transcription factor B	1.017	-1.109
84193	SETD3	SET domain containing 3, actin histidine methyltransferase	3.549	0.209
317762	CCDC85C	coiled-coil domain containing 85C	3.178	0.284
84439	HHIPL1	HHIP like 1	1.87	-0.499
10858	CYP46A1	cytochrome P450 family 46 subfamily A member 1	2.155	-0.76
2009	EML1	EMAP like 1	2.974	0.46
102724682	LOC102724682	uncharacterized LOC102724682	1.922	0.275
51466	EVL	Enah/Vasp-like	3.114	-0.353
123099	DEGS2	delta 4-desaturase, sphingolipid 2	2.007	-0.71
7528	YY1	YY1 transcription factor	3.286	0.247
123096	SLC25A29	solute carrier family 25 member 29	3.084	-0.323
7453	WARS1	tryptophanyl-tRNA synthetase 1	3.602	0.291
57596	BEGAIN	brain enriched guanylate kinase associated	1.637	-1.362
55384	MEG3	maternally expressed 3	3.123	-0.883
5527	PPP2R5C	protein phosphatase 2 regulatory subunit B'gamma	3.592	0.379
107984658	LOC107984658	uncharacterized LOC107984658	2.668	0.244
3320	HSP90AA1	heat shock protein 90 alpha family class A member 1	4.414	0.259
91833	WDR20	WD repeat domain 20	2.751	0.174
5891	MOK	MOK protein kinase	2.465	-0.203
55778	ZNF839	zinc finger protein 839	2.665	-0.136
51550	CINP	cyclin dependent kinase 2 interacting protein	2.629	0.507
81693	AMN	amnion associated transmembrane protein	2.594	-0.252
91828	EXOC3L4	exocyst complex component 3 like 4	1.195	-0.9
105370687	LOC105370687	uncharacterized LOC105370687	1.92	-0.315
4140	MARK3	microtubule affinity regulating kinase 3	3.528	0.859
84334	COA8	cytochrome c oxidase assembly factor 8	2.867	0.478
3831	KLC1	kinesin light chain 1	3.637	0.207
7517	XRCC3	X-ray repair cross complementing 3	2.497	-0.581
79038	ZFYVE21	zinc finger FYVE-type containing 21	2.953	-0.243
23368	PPP1R13B	protein phosphatase 1 regulatory subunit 13B	3.52	0.384
9556	ATP5MJ	ATP synthase membrane subunit j	3.68	0.396
647286	RD3L	RD3 like	2.822	0.637
26153	KIF26A	kinesin family member 26A	2.607	-0.746
107987209	LOC107987209	uncharacterized LOC107987209	2.222	-0.472
10572	SIVA1	SIVA1 apoptosis inducing factor	2.734	-0.43
122618	PLD4	phospholipase D family member 4	1.343	-0.932
55038	CDCA4	cell division cycle associated 4	1.769	-0.344
102723354	LINC02298	long intergenic non-protein coding RNA 2298	0.926	-0.817
2972	BRF1	BRF1 RNA polymerase III transcription initiation factor subunit	2.72	-0.142
90135	BTBD6	BTB domain containing 6	3.016	0.376
23241	PACS2	phosphofurin acidic cluster sorting protein 2	3.29	0.26
1397	CRIP2	cysteine rich protein 2	4.164	-0.271
283643	TEDC1	tubulin epsilon and delta complex 1	1.789	-0.392
80757	TMEM121	transmembrane protein 121	1.243	-0.616
3493	IGHA1	immunoglobulin heavy constant alpha 1	2.426	-1.037
283755	HERC2P3	HERC2 pseudogene 3	2.845	0.894
646396	REREP3	arginine-glutamic acid dipeptide repeats pseudogene 3	0.955	0.646
400322	HERC2P2	HERC2 pseudogene 2	3.356	0.656
339005	WHAMMP3	WHAMM pseudogene 3	2.12	0.209
123606	NIPA1	NIPA magnesium transporter 1	2.572	0.34
114791	TUBGCP5	tubulin gamma complex associated protein 5	2.775	0.243
653061	GOLGA8S	golgin A8 family member S	1.891	-0.25
105370728	LOC105370728	uncharacterized LOC105370728	2.426	0.84
4692	NDN	necdin, MAGE family member	2.964	-0.474
100033432	SNORD116-21	small nucleolar RNA, C/D box 116-21	1.098	0.882
3653	IPW	imprinted in Prader-Willi syndrome	3.24	-0.248
7337	UBE3A	ubiquitin protein ligase E3A	3.594	0.189
57194	ATP10A	ATPase phospholipid transporting 10A (putative)	2.247	-1.061
107984780	LINC02248	long intergenic non-protein coding RNA 2248	1.977	1.69
105370740	LOC105370740	uncharacterized LOC105370740	1.395	1.626
8924	HERC2	HECT and RLD domain containing E3 ubiquitin protein ligase 2	3.539	0.404
283768	GOLGA8G	golgin A8 family member G	0.91	-0.596
440248	HERC2P9	HERC2 pseudogene 9	3.054	0.687
646278	PDCD6IPP2	PDCD6IP pseudogene 2	2.249	0.478
56160	NSMCE3	NSE3 homolog, SMC5-SMC6 complex component	2.696	0.211
101927788	LOC101927788	uncharacterized LOC101927788	1.206	-0.359
105376704	LOC105376704	uncharacterized LOC105376704	1.036	-0.683
727909	GOLGA8Q	golgin A8 family member Q	1.934	0.341
102725021	ARHGAP11B-DT	ARHGAP11B divergent transcript	1.525	0.288
89839	ARHGAP11B	Rho GTPase activating protein 11B	1.132	0.6
390561	HERC2P10	HERC2 pseudogene 10	1.29	0.38
22909	FAN1	FANCD2 and FANCI associated nuclease 1	3.137	0.173
54893	MTMR10	myotubularin related protein 10	3.153	0.291
105376710	LOC105376710	uncharacterized LOC105376710	0.937	-0.546
9824	ARHGAP11A	Rho GTPase activating protein 11A	1.715	0.402
6263	RYR3	ryanodine receptor 3	1.62	-0.591
57099	AVEN	apoptosis and caspase activation inhibitor	2.795	0.637
56851	EMC7	ER membrane protein complex subunit 7	3.07	0.444
9990	SLC12A6	solute carrier family 12 member 6	3.201	0.447
55505	NOP10	NOP10 ribonucleoprotein	3.043	0.492
254531	LPCAT4	lysophosphatidylcholine acyltransferase 4	2.961	0.668
9716	AQR	aquarius intron-binding spliceosomal factor	2.883	0.111
54989	ZNF770	zinc finger protein 770	3.143	0.37
102724214	LOC102724214	uncharacterized LOC102724214	1.867	-1.157
4212	MEIS2	Meis homeobox 2	3.016	0.325
161742	SPRED1	sprouty related EVH1 domain containing 1	2.779	-0.382
10125	RASGRP1	RAS guanyl releasing protein 1	1.491	-0.619
440275	EIF2AK4	eukaryotic translation initiation factor 2 alpha kinase 4	3.026	0.297
6727	SRP14	signal recognition particle 14	3.693	0.419
701	BUB1B	BUB1 mitotic checkpoint serine/threonine kinase B	1.337	1.06
100131244	ANKRD63	ankyrin repeat domain 63	0.974	1.723
388115	CCDC9B	coiled-coil domain containing 9B	3.639	0.353
90417	KNSTRN	kinetochore localized astrin (SPAG5) binding protein	2.375	0.36
3712	IVD	isovaleryl-CoA dehydrogenase	3.546	-0.314
22893	BAHD1	bromo adjacent homology domain containing 1	2.926	-0.187
113189	CHST14	carbohydrate sulfotransferase 14	2.483	-0.459
57082	KNL1	kinetochore scaffold 1	1.184	1.082
5888	RAD51	RAD51 recombinase	1.139	0.523
2644	GCHFR	GTP cyclohydrolase I feedback regulator	1.512	0.567
643338	C15orf62	chromosome 15 open reading frame 62	1.786	-0.249
84936	ZFYVE19	zinc finger FYVE-type containing 19	2.609	0.384
6692	SPINT1	serine peptidase inhibitor, Kunitz type 1	1.279	1.235
57617	VPS18	VPS18 core subunit of CORVET and HOPS complexes	2.885	-0.214
54567	DLL4	delta like canonical Notch ligand 4	2.728	-0.662
54617	INO80	INO80 complex ATPase subunit	2.899	0.26
51203	NUSAP1	nucleolar and spindle associated protein 1	1.7	0.739
51103	NDUFAF1	NADH:ubiquinone oxidoreductase complex assembly factor 1	3.036	0.412
8681	JMJD7-PLA2G4B	JMJD7-PLA2G4B readthrough	2.459	-0.24
100137049	PLA2G4B	phospholipase A2 group IVB	2.344	-0.359
30844	EHD4	EH domain containing 4	3.415	0.276
255189	PLA2G4F	phospholipase A2 group IVF	1.902	2.414
25963	TMEM87A	transmembrane protein 87A	2.966	-0.16
825	CAPN3	calpain 3	2.664	-0.553
8773	SNAP23	synaptosome associated protein 23	3.177	-0.331
146059	CDAN1	codanin 1	2.521	-0.325
197131	UBR1	ubiquitin protein ligase E3 component n-recognin 1	3.242	-0.319
80021	TMEM62	transmembrane protein 62	2.484	0.297
27229	TUBGCP4	tubulin gamma complex associated protein 4	2.828	0.193
7158	TP53BP1	tumor protein p53 binding protein 1	3.194	0.246
117155	CATSPER2	cation channel sperm associated 2	1.484	-0.502
80237	ELL3	elongation factor for RNA polymerase II 3	1.597	0.317
10169	SERF2	small EDRK-rich factor 2	3.752	0.231
100529067	SERF2-C15ORF63	SERF2-C15orf63 readthrough	3.119	0.788
100302254	MIR1282	microRNA 1282	2.914	0.869
619189	SERINC4	serine incorporator 4	2.705	-0.146
25764	HYPK	huntingtin interacting protein K	2.735	0.53
79968	WDR76	WD repeat domain 76	1.661	0.312
8669	EIF3J	eukaryotic translation initiation factor 3 subunit J	3.282	0.409
113218500	MIR10393	microRNA 10393	2.902	-0.587
100419583	LOC100419583	ring finger protein 4 pseudogene	3.289	0.221
653381	SORD2P	sorbitol dehydrogenase 2, pseudogene	2.192	0.528
6652	SORD	sorbitol dehydrogenase	2.51	0.579
50506	DUOX2	dual oxidase 2	1.55	-1.019
90527	DUOXA1	dual oxidase maturation factor 1	1.217	-0.64
53905	DUOX1	dual oxidase 1	1.926	-0.885
2628	GATM	glycine amidinotransferase	3.043	-0.874
79029	SPATA5L1	spermatogenesis associated 5 like 1	2.393	-0.301
283651	HMGN2P46	high mobility group nucleosomal binding domain 2 pseudogene 46	2.027	-0.957
58472	SQOR	sulfide quinone oxidoreductase	2.677	0.284
80031	SEMA6D	semaphorin 6D	2.739	0.357
283652	SLC24A5	solute carrier family 24 member 5	1.733	-0.548
50804	MYEF2	myelin expression factor 2	2.693	-0.437
1854	DUT	deoxyuridine triphosphatase	3.003	-0.326
22995	CEP152	centrosomal protein 152	1.901	0.487
9728	SECISBP2L	SECIS binding protein 2 like	3.293	0.204
9318	COPS2	COP9 signalosome subunit 2	3.387	0.259
2585	GALK2	galactokinase 2	2.677	0.302
100306975	NDUFAF4P1	NADH:ubiquinone oxidoreductase complex assembly factor 4 pseudogene 1	1.106	0.443
196951	FAM227B	family with sequence similarity 227 member B	2.332	0.182
2252	FGF7	fibroblast growth factor 7	2.64	1.307
56986	DTWD1	DTW domain containing 1	2.695	0.194
3067	HDC	histidine decarboxylase	1.38	-1.06
9101	USP8	ubiquitin specific peptidase 8	3.124	0.402
54822	TRPM7	transient receptor potential cation channel subfamily M member 7	3.372	0.377
100422556	LOC100422556	LEO1 homolog, Paf1/RNA polymerase II complex component pseudogene	1.788	0.637
112268148	LOC112268148	uncharacterized LOC112268148	2.009	0.451
123169	LEO1	LEO1 homolog, Paf1/RNA polymerase II complex component	2.545	0.305
10681	GNB5	G protein subunit beta 5	2.433	-0.346
51187	RSL24D1	ribosomal L24 domain containing 1	3.057	-0.219
100533483	DNAAF4-CCPG1	DNAAF4-CCPG1 readthrough (NMD candidate)	3.251	0.169
145788	PIERCE2	piercer of microtubule wall 2	1.885	0.895
26108	PYGO1	pygopus family PHD finger 1	2.089	0.562
374618	TEX9	testis expressed 9	1.302	-0.951
55329	MNS1	meiosis specific nuclear structural 1	1.779	-0.575
145783	TCF12-DT	TCF12 divergent transcript	1.893	0.333
84952	CGNL1	cingulin like 1	3.205	-0.658
145781	GCOM1	GCOM1, MYZAP-POLR2M combined locus	4.173	0.253
81488	POLR2M	RNA polymerase II subunit M	2.887	-0.505
8854	ALDH1A2	aldehyde dehydrogenase 1 family member A2	2.695	-0.637
79811	SLTM	SAFB like transcription modulator	3.415	0.545
9133	CCNB2	cyclin B2	1.09	1.577
145773	FAM81A	family with sequence similarity 81 member A	1.923	1.224
2958	GTF2A2	general transcription factor IIA subunit 2	2.991	0.308
302	ANXA2	annexin A2	3.552	0.307
101928784	RORA-AS1	RORA antisense RNA 1	1.418	-0.62
54832	VPS13C	vacuolar protein sorting 13 homolog C	3.222	0.254
388125	C2CD4B	C2 calcium dependent domain containing 4B	1.363	-0.907
105370854	LOC105370854	uncharacterized LOC105370854	2.763	-0.352
7168	TPM1	tropomyosin 1	5.347	0.301
114294	LACTB	lactamase beta	2.945	0.647
51065	RPS27L	ribosomal protein S27 like	3.19	0.423
84191	CIAO2A	cytosolic iron-sulfur assembly component 2A	2.97	0.389
79856	SNX22	sorting nexin 22	2.87	0.274
5479	PPIB	peptidylprolyl isomerase B	3.07	0.313
23060	ZNF609	zinc finger protein 609	3.011	0.226
4947	OAZ2	ornithine decarboxylase antizyme 2	3.414	-0.244
348093	RBPMS2	RNA binding protein, mRNA processing factor 2	3.735	0.362
80301	PLEKHO2	pleckstrin homology domain containing O2	2.696	-0.238
348094	ANKDD1A	ankyrin repeat and death domain containing 1A	1.674	-0.396
123263	MTFMT	mitochondrial methionyl-tRNA formyltransferase	2.667	0.184
51285	RASL12	RAS like family 12	2.768	0.499
390594	KBTBD13	kelch repeat and BTB domain containing 13	2.32	0.853
10081	PDCD7	programmed cell death 7	2.705	-0.187
10845	CLPX	caseinolytic mitochondrial matrix peptidase chaperone subunit X	3.256	0.19
54878	DPP8	dipeptidyl peptidase 8	3.285	0.373
10260	DENND4A	DENN domain containing 4A	2.802	0.319
84465	MEGF11	multiple EGF like domains 11	2.229	-0.282
115752	DIS3L	DIS3 like exosome 3'-5' exoribonuclease	3.169	0.346
4091	SMAD6	SMAD family member 6	2.841	-0.622
105376718	LOC105376718	uncharacterized LOC105376718	1.255	-1.21
54982	CLN6	CLN6 transmembrane ER protein	2.359	-0.435
22801	ITGA11	integrin subunit alpha 11	3.005	0.593
55323	LARP6	La ribonucleoprotein 6, translational regulator	3.073	0.462
56906	THAP10	THAP domain containing 10	2.186	-0.369
196993	CT62	cancer/testis associated 62	1.378	0.658
79875	THSD4	thrombospondin type 1 domain containing 4	3.813	-0.407
4649	MYO9A	myosin IXA	3.048	0.316
5315	PKM	pyruvate kinase M1/2	4.404	0.291
56965	PARP6	poly(ADP-ribose) polymerase family member 6	3.051	0.462
60677	CELF6	CUGBP Elav-like family member 6	2.242	-0.497
80381	CD276	CD276 molecule	3.012	0.498
388135	INSYN1	inhibitory synaptic factor 1	3.189	0.952
4016	LOXL1	lysyl oxidase like 1	2.94	-0.681
5371	PML	PML nuclear body scaffold	3.005	-0.437
57611	ISLR2	immunoglobulin superfamily containing leucine rich repeat 2	2.131	-1.144
283731	LOC283731	uncharacterized LOC283731	1.129	-0.652
3671	ISLR	immunoglobulin superfamily containing leucine rich repeat	2.882	-1.46
1583	CYP11A1	cytochrome P450 family 11 subfamily A member 1	1.687	-1.329
84993	UBL7	ubiquitin like 7	3.076	-0.225
10620	ARID3B	AT-rich interaction domain 3B	1.985	-0.235
102723750	LOC102723750	uncharacterized LOC102723750	1.939	-1.036
1445	CSK	C-terminal Src kinase	2.805	0.407
79748	LMAN1L	lectin, mannose binding 1 like	2.222	1.562
594855	CPLX3	complexin 3	2.362	2.016
25989	ULK3	unc-51 like kinase 3	3.02	0.271
4351	MPI	mannose phosphate isomerase	3.336	0.265
57184	FAM219B	family with sequence similarity 219 member B	3.236	0.246
192683	SCAMP5	secretory carrier membrane protein 5	2.308	-1.287
54939	COMMD4	COMM domain containing 4	2.647	-0.336
79661	NEIL1	nei like DNA glycosylase 1	2.865	-0.393
4123	MAN2C1	mannosidase alpha class 2C member 1	3.392	-0.532
5780	PTPN9	protein tyrosine phosphatase non-receptor type 9	2.839	-0.443
105370902	LOC105370902	uncharacterized LOC105370902	1.087	-0.586
1464	CSPG4	chondroitin sulfate proteoglycan 4	3.153	-0.564
92912	UBE2Q2	ubiquitin conjugating enzyme E2 Q2	3.133	-0.326
26263	FBXO22	F-box protein 22	2.636	0.26
2108	ETFA	electron transfer flavoprotein subunit alpha	3.904	0.213
49855	SCAPER	S-phase cyclin A associated protein in the ER	3.106	0.4
9051	PSTPIP1	proline-serine-threonine phosphatase interacting protein 1	1.695	0.645
3419	IDH3A	isocitrate dehydrogenase (NAD(+)) 3 catalytic subunit alpha	3.759	0.518
23205	ACSBG1	acyl-CoA synthetase bubblegum family member 1	3.417	0.449
5685	PSMA4	proteasome 20S subunit alpha 4	3.281	0.436
1136	CHRNA3	cholinergic receptor nicotinic alpha 3 subunit	1.502	-2.083
11173	ADAMTS7	ADAM metallopeptidase with thrombospondin type 1 motif 7	2.884	0.485
390616	ANKRD34C	ankyrin repeat domain 34C	1.7	-1.666
23423	TMED3	transmembrane p24 trafficking protein 3	2.743	0.332
100528021	ST20-MTHFS	ST20-MTHFS readthrough	2.136	0.256
10588	MTHFS	methenyltetrahydrofolate synthetase	2.142	0.239
2184	FAH	fumarylacetoacetate hydrolase	2.726	0.296
100996492	CTXND1	cortexin domain containing 1	2.602	0.729
107984749	LOC107984749		1.01	-0.452
23184	MESD	mesoderm development LRP chaperone	2.989	0.247
59274	TLNRD1	talin rod domain containing 1	2.495	-0.447
3603	IL16	interleukin 16	2.483	-0.416
80765	STARD5	StAR related lipid transfer domain containing 5	1.964	-0.412
79631	EFL1	elongation factor like GTPase 1	2.75	0.525
642402	GOLGA6L17P	golgin A6 family like 17, pseudogene	1.812	0.323
6218	RPS17	ribosomal protein S17	3.748	0.546
64506	CPEB1	cytoplasmic polyadenylation element binding protein 1	1.678	-0.933
283693	ACTG1P17	actin gamma 1 pseudogene 17	0.835	-0.635
100505616	SNHG21	small nucleolar RNA host gene 21	1.852	0.41
123722	FSD2	fibronectin type III and SPRY domain containing 2	3.429	0.775
9455	HOMER2	homer scaffold protein 2	3.128	0.262
83640	RAMAC	RNA guanine-7 methyltransferase activating subunit	2.351	0.249
53346	TM6SF1	transmembrane 6 superfamily member 1	2.284	-0.297
57188	ADAMTSL3	ADAMTS like 3	2.841	-0.322
648809	EFL1P1	elongation factor like GTPase 1 pseudogene 1	1.514	0.483
440299	DNM1P41	dynamin 1 pseudogene 41	1.385	-0.481
100505679	UBE2Q2P16	UBE2Q2 pseudogene 16	1.012	-0.776
440300	LOC440300	chondroitin sulfate proteoglycan 4 pseudogene	2.252	-0.478
102724093	LOC102724093	golgin subfamily A member 6-like protein 4	2.126	-0.232
105376722	LOC105376722	uncharacterized LOC105376722	1.898	-1.244
112267869	LOC112267869		0.945	-0.586
388165	UBE2Q2P1	UBE2Q2 pseudogene 1	1.915	0.337
54993	ZSCAN2	zinc finger and SCAN domain containing 2	2.318	0.252
54581	SCAND2P	SCAN domain containing 2 pseudogene	2.529	-0.254
84942	WDR73	WD repeat domain 73	2.818	-0.222
23478	SEC11A	SEC11 homolog A, signal peptidase complex subunit	3.165	0.174
57538	ALPK3	alpha kinase 3	4.17	-0.505
100133220	GOLGA6L3P	golgin A6 family like 3, pseudogene	1.743	0.272
102724393	LOC102724393		1.951	-0.968
26589	MRPL46	mitochondrial ribosomal protein L46	3.187	0.33
64963	MRPS11	mitochondrial ribosomal protein S11	2.97	0.211
176	ACAN	aggrecan	1.369	-1.418
145864	HAPLN3	hyaluronan and proteoglycan link protein 3	2.166	-0.835
55215	FANCI	FA complementation group I	2.318	0.274
5428	POLG	DNA polymerase gamma, catalytic subunit	3.148	0.203
254559	MIR9-3HG	MIR9-3 host gene	1.542	-1.149
51458	RHCG	Rh family C glycoprotein	1.11	-2.806
374654	KIF7	kinesin family member 7	2.397	-0.768
3418	IDH2	isocitrate dehydrogenase (NADP(+)) 2	4.29	0.436
10509	SEMA4B	semaphorin 4B	2.927	0.413
390637	GDPGP1	GDP-D-glucose phosphorylase 1	2.051	-0.351
51335	NGRN	neugrin, neurite outgrowth associated	3.714	0.373
8826	IQGAP1	IQ motif containing GTPase activating protein 1	3.392	0.232
64784	CRTC3	CREB regulated transcription coactivator 3	3.138	-0.176
641	BLM	BLM RecQ like helicase	2.594	1.664
5045	FURIN	furin, paired basic amino acid cleaving enzyme	3.432	0.429
4122	MAN2A2	mannosidase alpha class 2A member 2	3.624	0.771
374659	HDDC3	HD domain containing 3	2.391	0.456
55898	UNC45A	unc-45 myosin chaperone A	2.943	-0.233
26276	VPS33B	VPS33B late endosome and lysosome associated	2.288	-0.137
28232	SLCO3A1	solute carrier organic anion transporter family member 3A1	3.261	0.358
8128	ST8SIA2	ST8 alpha-N-acetyl-neuraminide alpha-2,8-sialyltransferase 2	2.416	-0.844
100507217	CHASERR	CHD2 adjacent suppressive regulatory RNA	2.842	-0.242
1106	CHD2	chromodomain helicase DNA binding protein 2	3.385	0.177
56963	RGMA	repulsive guidance molecule BMP co-receptor a	2.821	0.406
440311	LOC440311	NOP53 ribosome biogenesis factor pseudogene	2.351	-0.422
145820	LINC00924	long intergenic non-protein coding RNA 924	1.69	0.645
104472848	IRAIN	IGF1R antisense imprinted non-protein coding RNA	1.468	-0.859
3480	IGF1R	insulin like growth factor 1 receptor	3.378	-0.365
145814	PGPEP1L	pyroglutamyl-peptidase I like	1.594	-0.638
107984740	LOC107984740		0.811	-1.215
55180	LINS1	lines homolog 1	2.322	-0.164
79705	LRRK1	leucine rich repeat kinase 1	2.242	-0.391
55829	SELENOS	selenoprotein S	3.003	0.211
6627	SNRPA1	small nuclear ribonucleoprotein polypeptide A'	2.635	0.379
5046	PCSK6	proprotein convertase subtilisin/kexin type 6	3.174	-0.414
107984751	LOC107984751		1.231	0.655
107987228	LOC107987228	uncharacterized LOC107987228	1.858	0.678
105371028	LOC105371028		1.334	1.436
101927505	LINC02348	long intergenic non-protein coding RNA 2348	0.978	1.001
123283	TARS3	threonyl-tRNA synthetase 3	3.222	0.441
100128108	UBE2Q2P13	UBE2Q2 pseudogene 13	1.267	-0.752
105371030	LOC105371030		0.88	-0.981
100288486	DDX11L9	DEAD/H-box helicase 11 like 9 (pseudogene)	1.016	0.962
100287029	DDX11L10	DEAD/H-box helicase 11 like 10 (pseudogene)	0.989	0.89
64285	RHBDF1	rhomboid 5 homolog 1	3.028	-0.386
8131	NPRL3	NPR3 like, GATOR1 complex subunit	2.889	-0.285
3040	HBA2	hemoglobin subunit alpha 2	3.092	-2.273
3039	HBA1	hemoglobin subunit alpha 1	3	-2.177
55692	LUC7L	LUC7 like	2.995	-0.312
8786	RGS11	regulator of G protein signaling 11	2.778	-0.699
8312	AXIN1	axin 1	2.703	0.249
4833	NME4	NME/NM23 nucleoside diphosphate kinase 4	3.122	-0.184
26063	DECR2	2,4-dienoyl-CoA reductase 2	2.377	-0.404
9727	RAB11FIP3	RAB11 family interacting protein 3	3.167	-0.364
6650	CAPN15	calpain 15	2.808	-0.317
283948	NHLRC4	NHL repeat containing 4	1.217	-0.718
9091	PIGQ	phosphatidylinositol glycan anchor biosynthesis class Q	2.732	-0.428
84326	METTL26	methyltransferase like 26	2.749	-0.216
105371038	LOC105371038	uncharacterized LOC105371038	1.737	1.055
197335	WDR90	WD repeat domain 90	2.467	-0.705
89941	RHOT2	ras homolog family member T2	3.352	-0.24
9028	RHBDL1	rhomboid like 1	1.616	-0.529
146330	FBXL16	F-box and leucine rich repeat protein 16	0.903	-1.585
79006	METRN	meteorin, glial cell differentiation regulator	2.752	-0.665
65990	ANTKMT	adenine nucleotide translocase lysine methyltransferase	2.271	-0.518
124093	CCDC78	coiled-coil domain containing 78	1.58	-0.672
63922	CHTF18	chromosome transmission fidelity factor 18	2.053	-0.556
64788	LMF1	lipase maturation factor 1	2.547	-0.733
30812	SOX8	SRY-box transcription factor 8	1.935	-1.598
146336	SSTR5-AS1	SSTR5 antisense RNA 1	2.385	1.358
6755	SSTR5	somatostatin receptor 5	2.232	1.223
64499	TPSB2	tryptase beta 2	2.257	-0.64
7177	TPSAB1	tryptase alpha/beta 1	2.159	-0.512
23430	TPSD1	tryptase delta 1	1.355	-0.85
7329	UBE2I	ubiquitin conjugating enzyme E2 I	3.244	0.197
105371044	LOC105371044	uncharacterized LOC105371044	0.887	-0.681
645811	CCDC154	coiled-coil domain containing 154	1.552	-0.741
9894	TELO2	telomere maintenance 2	2.825	-0.487
79652	TMEM204	transmembrane protein 204	3.035	-0.781
57585	CRAMP1	cramped chromatin regulator homolog 1	2.997	-0.19
23162	MAPK8IP3	mitogen-activated protein kinase 8 interacting protein 3	3.487	-0.291
4832	NME3	NME/NM23 nucleoside diphosphate kinase 3	2.512	-0.734
65993	MRPS34	mitochondrial ribosomal protein S34	3.005	0.481
10101	NUBP2	NUBP iron-sulfur cluster assembly factor 2, cytosolic	2.754	-0.211
81889	FAHD1	fumarylacetoacetate hydrolase domain containing 1	2.793	0.517
6123	RPL3L	ribosomal protein L3 like	3.838	0.206
4716	NDUFB10	NADH:ubiquinone oxidoreductase subunit B10	3.776	0.377
6187	RPS2	ribosomal protein S2	3.702	0.295
10607	TBL3	transducin beta like 3	2.755	-0.267
7249	TSC2	TSC complex subunit 2	3.397	-0.286
5310	PKD1	polycystin 1, transient receptor potential channel interacting	3.659	-0.432
105371049	PKD1-AS1	PKD1 antisense RNA 1	1.895	-0.757
100507303	SNHG19	small nucleolar RNA host gene 19	1.543	-0.51
57524	CASKIN1	CASK interacting protein 1	2.09	0.77
64223	MLST8	MTOR associated protein, LST8 homolog	2.801	0.174
283870	BRICD5	BRICHOS domain containing 5	2.116	-0.437
283871	PGP	phosphoglycolate phosphatase	3.049	0.202
1877	E4F1	E4F transcription factor 1	2.634	-0.22
1775	DNASE1L2	deoxyribonuclease 1 like 2	1.08	-0.621
107984839	LOC107984839	uncharacterized LOC107984839	1.135	-1.459
51005	AMDHD2	amidohydrolase domain containing 2	2.37	-0.365
752014	CEMP1	cementum protein 1	1.781	-0.388
84256	FLYWCH1	FLYWCH-type zinc finger 1	3.119	-0.335
9088	PKMYT1	protein kinase, membrane associated tyrosine/threonine 1	1.61	0.369
64386	MMP25	matrix metallopeptidase 25	1.956	-0.921
100507419	MMP25-AS1	MMP25 antisense RNA 1	1.798	-0.735
9235	IL32	interleukin 32	2.812	-0.469
81854	ZNF205-AS1	ZNF205 antisense RNA 1	1.48	0.257
7760	ZNF213	zinc finger protein 213	2.511	-0.245
7752	ZNF200	zinc finger protein 200	2.289	-0.194
7727	ZNF174	zinc finger protein 174	2.47	0.407
146434	ZNF597	zinc finger protein 597	2.176	-0.226
197358	NLRC3	NLR family CARD domain containing 3	2.2	-0.383
101929732	LOC101929732	uncharacterized LOC101929732	1.055	-0.451
102724927	LINC02861	long intergenic non-protein coding RNA 2861	1.025	0.471
115	ADCY9	adenylate cyclase 9	3.352	0.547
6345	SRL	sarcalumenin	4.428	0.314
84662	GLIS2	GLIS family zinc finger 2	2.722	-0.604
100529144	CORO7-PAM16	CORO7-PAM16 readthrough	2.472	-0.173
79585	CORO7	coronin 7	2.33	-0.476
9093	DNAJA3	DnaJ heat shock protein family (Hsp40) member A3	3.4	0.236
3163	HMOX2	heme oxygenase 2	3.321	0.919
29965	CDIP1	cell death inducing p53 target 1	3.207	-0.193
124401	ANKS3	ankyrin repeat and sterile alpha motif domain containing 3	2.372	-0.272
26048	ZNF500	zinc finger protein 500	2.386	-0.327
84656	GLYR1	glyoxylate reductase 1 homolog	3.522	0.263
29855	UBN1	ubinuclein 1	3.297	0.26
5493	PPL	periplakin	2.628	1.182
105371064	LOC105371064	uncharacterized LOC105371064	0.954	1.27
9717	SEC14L5	SEC14 like lipid binding 5	2.78	1.37
146556	C16orf89	chromosome 16 open reading frame 89	2.355	-1.285
54715	RBFOX1	RNA binding fox-1 homolog 1	3.244	0.341
7874	USP7	ubiquitin specific peptidase 7	3.504	0.355
101927009	LINC02177	long intergenic non-protein coding RNA 2177	1.403	2.49
2903	GRIN2A	glutamate ionotropic receptor NMDA type subunit 2A	2.578	2.045
4682	NUBP1	NUBP iron-sulfur cluster assembly factor 1, cytosolic	2.804	0.325
780776	TVP23A	trans-golgi network vesicle protein 23 homolog A	2.452	0.298
4261	CIITA	class II major histocompatibility complex transactivator	2.995	0.257
28955	DEXI	Dexi homolog	2.942	0.344
23274	CLEC16A	C-type lectin domain containing 16A	3.002	0.333
8651	SOCS1	suppressor of cytokine signaling 1	1.642	-0.803
116028	RMI2	RecQ mediated genome instability 2	1.446	-0.819
400499	LOC400499	putative uncharacterized protein LOC400499	1.908	-0.695
105371084	RSL1D1-DT	RSL1D1 divergent transcript	2.151	0.532
2935	GSPT1	G1 to S phase transition 1	3.53	0.351
55313	CPPED1	calcineurin like phosphoesterase domain containing 1	2.806	0.19
101927311	LINC02185	long intergenic non-protein coding RNA 2185	1.291	0.842
100129781	MIR193BHG	MIR193b-365a host gene	1.697	-0.43
105371094	LOC105371094	uncharacterized LOC105371094	2.107	0.932
23420	NOMO1	NODAL modulator 1	3.584	0.284
109951030	PKD1P3-NPIPA1	PKD1P3-NPIPA1 readthrough	3.079	-0.323
100288162	LOC100288162	uncharacterized LOC100288162	1.853	-0.436
23042	PDXDC1	pyridoxal dependent decarboxylase domain containing 1	3.435	0.242
123803	NTAN1	N-terminal asparagine amidase	2.617	0.757
54700	RRN3	RRN3 homolog, RNA polymerase I transcription factor	3.09	-0.464
100505915	LOC100505915	uncharacterized LOC100505915	1.524	0.285
9665	MARF1	meiosis regulator and mRNA stability factor 1	3.291	0.195
54820	NDE1	nudE neurodevelopment protein 1	2.767	-0.529
4629	MYH11	myosin heavy chain 11	3.573	-0.861
123811	CEP20	centrosomal protein 20	2.944	0.15
4363	ABCC1	ATP binding cassette subfamily C member 1	3.049	0.195
339044	PKD1P1	polycystin 1, transient receptor potential channel interacting pseudogene 1	3.104	-0.293
110006323	PKD1P4-NPIPA8	PKD1P4-NPIPA8 readthrough	2.991	-0.35
110006322	PKD1P5-LOC105376752	PKD1P5-LOC105376752 readthrough	3.161	-0.304
283820	NOMO2	NODAL modulator 2	3.564	0.284
162073	ITPRIPL2	ITPRIP like 2	2.863	-0.368
51760	SYT17	synaptotagmin 17	1.564	-0.725
51573	GDE1	glycerophosphodiester phosphodiesterase 1	3.624	0.367
57020	VPS35L	VPS35 endosomal protein sorting factor like	2.986	-0.216
400506	KNOP1	lysine rich nucleolar protein 1	2.495	0.602
124152	IQCK	IQ motif containing K	2.696	0.247
51704	GPRC5B	G protein-coupled receptor class C group 5 member B	3.448	0.377
57149	LYRM1	LYR motif containing 1	3.058	0.471
1428	CRYM	crystallin mu	3.526	-0.956
51108	METTL9	methyltransferase like 9	3.175	0.121
10261	IGSF6	immunoglobulin superfamily member 6	1.754	0.783
730092	RRN3P1	RRN3 pseudogene 1	2.197	-0.265
255762	PDZD9	PDZ domain containing 9	2.657	0.334
105371129	LOC105371129	uncharacterized LOC105371129	1.453	0.369
55718	POLR3E	RNA polymerase III subunit E	3.024	0.182
1039	CDR2	cerebellar degeneration related protein 2	2.429	-0.321
100131998	RRN3P3	RRN3 pseudogene 3	1.995	-0.305
91949	COG7	component of oligomeric golgi complex 7	2.725	-0.199
4706	NDUFAB1	NADH:ubiquinone oxidoreductase subunit AB1	3.787	0.322
79728	PALB2	partner and localizer of BRCA2	2.248	0.229
5347	PLK1	polo like kinase 1	1.555	0.387
50615	IL21R	interleukin 21 receptor	0.955	-0.919
23247	KATNIP	katanin interacting protein	2.859	-0.58
100128079	LOC100128079	uncharacterized LOC100128079	1.136	-0.38
146395	GSG1L	GSG1 like	2.279	-3.62
23214	XPO6	exportin 6	2.965	-0.215
1201	CLN3	CLN3 lysosomal/endosomal transmembrane protein, battenin	2.54	0.206
26471	NUPR1	nuclear protein 1, transcriptional regulator	2.931	0.609
6799	SULT1A2	sulfotransferase family 1A member 2	1.879	-0.34
100507607	NPIPB9	nuclear pore complex interacting protein family member B9	2.264	-0.339
100616256	MIR4721	microRNA 4721	2.029	-0.388
25970	SH2B1	SH2B adaptor protein 1	3.224	-0.134
487	ATP2A1	ATPase sarcoplasmic/endoplasmic reticulum Ca2+ transporting 1	1.496	-0.662
27040	LAT	linker for activation of T cells	1.815	-0.552
653390	RRN3P2	RRN3 pseudogene 2	2.174	-0.279
107984833	LOC107984833		1.123	-0.768
552900	BOLA2	bolA family member 2	2.128	0.48
388242	LOC388242	SAGA complex associated factor 29 pseudogene	1.283	-0.713
6693	SPN	sialophorin	1.937	-1.122
4150	MAZ	MYC associated zinc finger protein	3.002	0.466
112268170	LOC112268170	translation initiation factor IF-2-like	2.474	0.451
112476	PRRT2	proline rich transmembrane protein 2	2.289	-0.659
10423	CDIPT	CDP-diacylglycerol--inositol 3-phosphatidyltransferase	3.257	-0.371
26470	SEZ6L2	seizure related 6 homolog like 2	1.455	-1.138
253980	KCTD13	potassium channel tetramerization domain containing 13	2.296	-0.311
9344	TAOK2	TAO kinase 2	3.329	-0.184
8479	HIRIP3	HIRA interacting protein 3	2.884	0.199
283899	INO80E	INO80 complex subunit E	2.993	-0.233
5531	PPP4C	protein phosphatase 4 catalytic subunit	2.886	-0.21
6911	TBX6	T-box transcription factor 6	1.433	0.449
654483	BOLA2B	bolA family member 2B	2.153	0.668
613038	LOC613038	SAGA complex associated factor 29 pseudogene	1.296	-0.744
1731	SEPTIN1	septin 1	1.687	-0.589
22928	SEPHS2	selenophosphate synthetase 2	3.009	0.241
79724	ZNF768	zinc finger protein 768	3.172	0.449
65988	ZNF747	zinc finger protein 747	2.677	-0.231
107984875	ZNF747-DT	ZNF747 divergent transcript	1.729	0.363
115509	ZNF689	zinc finger protein 689	2.426	-0.246
730183	LOC730183	uncharacterized LOC730183	1.386	0.412
100862671	TMEM265	transmembrane protein 265	1.934	-0.324
90835	CFAP119	cilia and flagella associated protein 119	1.547	0.366
101928736	MIR762HG	MIR762 host gene	2.189	0.212
1489	CTF1	cardiotrophin 1	2.689	-0.822
112755	STX1B	syntaxin 1B	1.739	-1.395
6810	STX4	syntaxin 4	2.912	0.314
101928762	LOC101928762	uncharacterized LOC101928762	1.917	-0.499
9726	ZNF646	zinc finger protein 646	2.685	-0.242
339105	PRSS53	serine protease 53	1.745	-0.509
283933	ZNF843	zinc finger protein 843	1.549	-0.751
79798	ARMC5	armadillo repeat containing 5	2.457	-0.423
7041	TGFB1I1	transforming growth factor beta 1 induced transcript 1	2.683	-0.405
6524	SLC5A2	solute carrier family 5 member 2	2.176	-0.6
64755	RUSF1	RUS family member 1	2.98	-0.539
107983990	LOC107983990	uncharacterized LOC107983990	1.601	0.435
10308	ZNF267	zinc finger protein 267	2.266	0.306
100289574	HERC2P4	HERC2 pseudogene 4	1.253	0.487
55737	VPS35	VPS35 retromer complex component	3.536	0.121
84706	GPT2	glutamic--pyruvic transaminase 2	2.754	0.966
81533	ITFG1	integrin alpha FG-GAP repeat containing 1	3.444	0.223
5257	PHKB	phosphorylase kinase regulatory subunit beta	3.501	0.257
83752	LONP2	lon peptidase 2, peroxisomal	3.479	0.174
6477	SIAH1	siah E3 ubiquitin protein ligase 1	2.857	-0.145
9683	N4BP1	NEDD4 binding protein 1	2.932	0.26
869	CBLN1	cerebellin 1 precursor	2.068	-0.834
102724859	LOC102724859	uncharacterized LOC102724859	1.322	-0.569
23090	ZNF423	zinc finger protein 423	2.426	-0.415
255919	CNEP1R1	CTD nuclear envelope phosphatase 1 regulatory subunit 1	2.59	-0.159
29117	BRD7	bromodomain containing 7	3.156	0.173
64127	NOD2	nucleotide binding oligomerization domain containing 2	1.497	0.543
5934	RBL2	RB transcriptional corepressor like 2	3.391	0.173
643911	CRNDE	colorectal neoplasia differentially expressed	2.657	-0.8
79190	IRX6	iroquois homeobox 6	2.893	-1.456
4313	MMP2	matrix metallopeptidase 2	3.776	-0.638
2775	GNAO1	G protein subunit alpha o1	2.779	0.582
4493	MT1E	metallothionein 1E	2.772	-0.674
4498	MT1JP	metallothionein 1J, pseudogene	1.103	-0.958
4495	MT1G	metallothionein 1G	1.821	-1.129
9688	NUP93	nucleoporin 93	2.779	-0.143
80011	PSME3IP1	proteasome activator subunit 3 interacting protein 1	3.236	0.256
89970	RSPRY1	ring finger and SPRY domain containing 1	2.771	0.153
6376	CX3CL1	C-X3-C motif chemokine ligand 1	3.048	-0.79
57017	COQ9	coenzyme Q9	3.714	0.486
5432	POLR2C	RNA polymerase II subunit C	3.19	-0.208
57567	ZNF319	zinc finger protein 319	2.518	-0.257
29070	CCDC113	coiled-coil domain containing 113	2.414	-0.757
221191	PRSS54	serine protease 54	1.426	-0.894
105371295	LINC02137	long intergenic non-protein coding RNA 2137	2.286	1.679
23019	CNOT1	CCR4-NOT transcription complex subunit 1	3.509	0.204
644649	APOOP5	apolipoprotein O pseudogene 5	1.637	-0.441
146227	BEAN1	brain expressed associated with NEDD4 1	1.777	0.758
7084	TK2	thymidine kinase 2	2.887	-0.39
123920	CMTM3	CKLF like MARVEL transmembrane domain containing 3	2.63	-0.485
1783	DYNC1LI2	dynein cytoplasmic 1 light intermediate chain 2	3.644	-0.182
8883	NAE1	NEDD8 activating enzyme E1 subunit 1	2.938	0.293
57546	PDP2	pyruvate dehydrogenase phosphatase catalytic subunit 2	2.276	0.416
107984821	LOC107984821	uncharacterized LOC107984821	1.88	0.631
8824	CES2	carboxylesterase 2	3.554	0.633
865	CBFB	core-binding factor subunit beta	2.959	-0.449
80262	PHAF1	phagosome assembly factor 1	2.713	-0.131
84752	B3GNT9	UDP-GlcNAc:betaGal beta-1,3-N-acetylglucosaminyltransferase 9	2.58	-0.434
55336	FBXL8	F-box and leucine rich repeat protein 8	1.907	-0.483
79767	ELMO3	engulfment and cell motility 3	1.603	-0.361
26231	FBXL9P	F-box and leucine rich repeat protein, pseudogene	1.445	-0.709
25894	PLEKHG4	pleckstrin homology and RhoGEF domain containing G4	1.631	-0.407
29800	ZDHHC1	zinc finger DHHC-type containing 1	2.144	-0.482
3291	HSD11B2	hydroxysteroid 11-beta dehydrogenase 2	1.167	-0.882
101927837	ATP6V0D1-DT	ATP6V0D1 divergent transcript	1.762	-0.521
10664	CTCF	CCCTC-binding factor	3.056	0.204
65057	ACD	ACD shelterin complex subunit and telomerase recruitment factor	2.333	-0.493
84080	ENKD1	enkurin domain containing 1	2.406	-0.254
388284	C16orf86	chromosome 16 open reading frame 86	1.942	-0.382
57610	RANBP10	RAN binding protein 10	2.984	-0.453
80152	CENPT	centromere protein T	2.949	-0.181
5699	PSMB10	proteasome 20S subunit beta 10	2.759	-0.542
3931	LCAT	lecithin-cholesterol acyltransferase	2.649	-0.597
6560	SLC12A4	solute carrier family 12 member 4	3.498	-0.24
64174	DPEP2	dipeptidase 2	1.813	-0.79
55794	DDX28	DEAD-box helicase 28	2.509	-0.293
54496	PRMT7	protein arginine methyltransferase 7	2.862	-0.225
146198	ZFP90	ZFP90 zinc finger protein	2.683	-0.158
3038	HAS3	hyaluronan synthase 3	2.09	-0.212
113455421	DERPC	DERPC proline and glycine rich nuclear protein	2.796	-0.172
54921	CHTF8	chromosome transmission fidelity factor 8	2.796	-0.172
6645	SNTB2	syntrophin beta 2	2.696	-0.281
27183	VPS4A	vacuolar protein sorting 4 homolog A	3.433	0.21
64146	PDF	peptide deformylase, mitochondrial	2.24	0.142
7014	TERF2	telomeric repeat binding factor 2	2.752	-0.153
1728	NQO1	NAD(P)H quinone dehydrogenase 1	2.592	1.765
11060	WWP2	WW domain containing E3 ubiquitin protein ligase 2	2.93	-0.207
283970	PDXDC2P-NPIPB14P	PDXDC2P-NPIPB14P readthrough	2.763	0.204
118460	EXOSC6	exosome component 6	2.651	-0.369
16	AARS1	alanyl-tRNA synthetase 1	3.453	0.264
55308	DDX19A	DEAD-box helicase 19A	3.073	0.12
197258	FCSK	fucose kinase	2.572	-0.377
92154	MTSS2	MTSS I-BAR domain containing 2	3.303	0.579
794	CALB2	calbindin 2	1.203	2.358
23035	PHLPP2	PH domain and leucine rich repeat protein phosphatase 2	2.406	-0.255
342371	ATXN1L	ataxin 1 like	3.151	-0.334
55565	ZNF821	zinc finger protein 821	2.063	-0.569
9798	IST1	IST1 factor associated with ESCRT-III	3.415	-0.154
3240	HP	haptoglobin	2.88	1.257
3250	HPR	haptoglobin-related protein	3.398	1.195
5713	PSMD7	proteasome 26S subunit, non-ATPase 7	3.588	0.437
2734	GLG1	golgi glycoprotein 1	3.711	-0.157
55159	RFWD3	ring finger and WD repeat domain 3	2.387	-0.193
84937	ZNRF1	zinc and ring finger 1	2.731	0.427
9564	BCAR1	BCAR1 scaffold protein, Cas family member	3.278	-0.178
10428	CFDP1	craniofacial development protein 1	2.861	0.195
124491	TMEM170A	transmembrane protein 170A	2.499	-0.277
4166	CHST6	carbohydrate sulfotransferase 6	1.826	-1.12
23563	CHST5	carbohydrate sulfotransferase 5	1.206	-0.884
79583	TMEM231	transmembrane protein 231	2.378	-0.581
11345	GABARAPL2	GABA type A receptor associated protein like 2	3.64	-0.307
3735	KARS1	lysyl-tRNA synthetase 1	3.555	0.203
57687	VAT1L	vesicle amine transport 1 like	2.981	-1.005
100996425	ARLNC1	androgen receptor regulated long noncoding RNA 1	0.988	-0.695
56942	CMC2	C-X9-C motif containing 2	3.014	0.336
123775	C16orf46	chromosome 16 open reading frame 46	1.708	0.326
2653	GCSH	glycine cleavage system protein H	2.754	0.309
10200	MPHOSPH6	M-phase phosphoprotein 6	2.38	0.377
23417	MLYCD	malonyl-CoA decarboxylase	3.689	-0.33
123872	DNAAF1	dynein axonemal assembly factor 1	2.153	-0.336
9013	TAF1C	TATA-box binding protein associated factor, RNA polymerase I subunit C	3.055	-0.23
9914	ATP2C2	ATPase secretory pathway Ca2+ transporting 2	1.497	-0.493
23406	COTL1	coactosin like F-actin binding protein 1	2.573	0.378
9100	USP10	ubiquitin specific peptidase 10	3.142	0.198
101928474	LOC101928474	uncharacterized LOC101928474	1.514	-1.053
55625	ZDHHC7	zinc finger DHHC-type palmitoyltransferase 7	3.224	0.189
23199	GSE1	Gse1 coiled-coil protein	3.228	0.221
107984830	LOC107984830	uncharacterized LOC107984830	1.273	0.897
64779	MTHFSD	methenyltetrahydrofolate synthetase domain containing	2.475	-0.173
2303	FOXC2	forkhead box C2	1.862	-0.4
79791	FBXO31	F-box protein 31	3.261	-0.193
81631	MAP1LC3B	microtubule associated protein 1 light chain 3 beta	3.674	0.26
54758	KLHDC4	kelch domain containing 4	2.517	-0.179
161882	ZFPM1	zinc finger protein, FOG family member 1	2.118	-0.477
333929	SNAI3	snail family transcriptional repressor 3	1.794	0.71
115992	RNF166	ring finger protein 166	2.654	-0.311
9780	PIEZO1	piezo type mechanosensitive ion channel component 1	2.997	-0.408
100289580	LOC100289580	uncharacterized LOC100289580	1.372	-0.487
100129697	LOC100129697	uncharacterized LOC100129697	1.66	-0.724
197322	ACSF3	acyl-CoA synthetase family member 3	2.648	-0.191
29123	ANKRD11	ankyrin repeat domain containing 11	3.409	0.362
105371414	LOC105371414	uncharacterized LOC105371414	1.512	0.371
100287036	LOC100287036	uncharacterized LOC100287036	1.2	1.442
6687	SPG7	SPG7 matrix AAA peptidase subunit, paraplegin	3.473	0.212
5119	CHMP1A	charged multivesicular body protein 1A	3.068	-0.227
8558	CDK10	cyclin dependent kinase 10	2.79	-0.231
124044	SPATA2L	spermatogenesis associated 2 like	1.824	-0.511
9605	VPS9D1	VPS9 domain containing 1	2.607	0.153
100128881	VPS9D1-AS1	VPS9D1 antisense RNA 1	1.784	0.292
92822	ZNF276	zinc finger protein 276	2.785	-0.203
22980	TCF25	transcription factor 25	3.307	-0.193
4157	MC1R	melanocortin 1 receptor	1.878	-0.549
10381	TUBB3	tubulin beta 3 class III	2.274	0.638
54849	DEF8	differentially expressed in FDCP 8 homolog	3.036	-0.323
79007	DBNDD1	dysbindin domain containing 1	2.081	0.534
100130015	URAHP	urate (hydroxyiso-) hydrolase, pseudogene	2.272	-0.354
101927999	LOC101927999	putative uncharacterized protein FLJ44672	2.006	-0.685
102723753	LOC102723753	HECT and RLD domain containing E3 ubiquitin protein ligase 2 pseudogene	1.676	0.69
105377826	LINC02887	long intergenic non-protein coding RNA 2887	1.443	-0.384
101929828	LOC101929828	uncharacterized LOC101929828	0.997	0.511
8447	DOC2B	double C2 domain beta	2.48	-0.538
79850	TLCD3A	TLC domain containing 3A	2.001	-0.463
50628	GEMIN4	gem nuclear organelle associated protein 4	2.646	-0.253
51031	GLOD4	glyoxalase domain containing 4	2.829	-0.26
64359	NXN	nucleoredoxin	2.626	0.525
29	ABR	ABR activator of RhoGEF and GTPase	3.742	0.264
105371481	LOC105371481	uncharacterized LOC105371481	1.819	0.576
105371480	LOC105371480	uncharacterized LOC105371480	2.076	0.478
1398	CRK	CRK proto-oncogene, adaptor protein	3.294	-0.213
5306	PITPNA	phosphatidylinositol transfer protein alpha	3.301	0.183
124935	SLC43A2	solute carrier family 43 member 2	2.369	-1.028
8578	SCARF1	scavenger receptor class F member 1	2.79	-0.348
83547	RILP	Rab interacting lysosomal protein	3.066	0.24
727910	TLCD2	TLC domain containing 2	2.087	0.773
407004	MIR22	microRNA 22	1.292	-0.56
124997	WDR81	WD repeat domain 81	2.804	-0.3
6117	RPA1	replication protein A1	3.311	-0.248
1801	DPH1	diphthamide biosynthesis 1	2.878	-0.148
9905	SGSM2	small G protein signaling modulator 2	3.115	-0.332
101927864	LOC101927864	uncharacterized LOC101927864	2.296	-0.189
5048	PAFAH1B1	platelet activating factor acetylhydrolase 1b regulatory subunit 1	3.789	0.101
23108	RAP1GAP2	RAP1 GTPase activating protein 2	3.268	0.245
101927911	LOC101927911	uncharacterized LOC101927911	1.689	0.687
443	ASPA	aspartoacylase	1.976	-0.574
7442	TRPV1	transient receptor potential cation channel subfamily V member 1	2.564	-0.473
1497	CTNS	cystinosin, lysosomal cystine transporter	2.762	-0.19
105371493	LOC105371493	uncharacterized LOC105371493	1.641	-0.323
105371492	CTNS-AS1	CTNS antisense RNA 1	2.06	-0.349
30851	TAX1BP3	Tax1 binding protein 3	3.258	-0.36
83460	EMC6	ER membrane protein complex subunit 6	2.516	0.551
5026	P2RX5	purinergic receptor P2X 5	2.353	0.644
55421	NCBP3	nuclear cap binding subunit 3	3.117	-0.334
5023	P2RX1	purinergic receptor P2X 1	1.609	-1.068
489	ATP2A3	ATPase sarcoplasmic/endoplasmic reticulum Ca2+ transporting 3	2.5	-0.562
23140	ZZEF1	zinc finger ZZ-type and EF-hand domain containing 1	3.337	0.265
201305	SPNS3	SPNS lysolipid transporter 3, sphingosine-1-phosphate (putative)	1.243	-1.03
10514	MYBBP1A	MYB binding protein 1a	2.916	-0.176
342527	SMTNL2	smoothelin like 2	2.448	1.327
27043	PELP1	proline, glutamate and leucine rich protein 1	3.083	-0.497
409	ARRB2	arrestin beta 2	2.77	0.578
400569	MED11	mediator complex subunit 11	2.479	0.456
58191	CXCL16	C-X-C motif chemokine ligand 16	2.266	-0.367
84225	ZMYND15	zinc finger MYND-type containing 15	1.328	-1.037
5694	PSMB6	proteasome 20S subunit beta 6	3.427	0.252
50488	MINK1	misshapen like kinase 1	3.237	0.288
1145	CHRNE	cholinergic receptor nicotinic epsilon subunit	1.93	-0.704
100130311	C17orf107	chromosome 17 open reading frame 107	1.511	-1.472
26001	RNF167	ring finger protein 167	3.295	0.397
5216	PFN1	profilin 1	3.567	0.296
9552	SPAG7	sperm associated antigen 7	3.441	0.215
388324	INCA1	inhibitor of CDK, cyclin A1 interacting protein 1	1.778	0.249
10749	KIF1C	kinesin family member 1C	4.467	0.544
102724009	KIF1C-AS1	KIF1C antisense RNA 1	2.932	0.727
105371502	LOC105371502		1.158	-0.759
105371501	LOC105371501	uncharacterized LOC105371501	1.399	-1.21
9135	RABEP1	rabaptin, RAB GTPase binding effector protein 1	3.466	0.173
708	C1QBP	complement C1q binding protein	3.309	0.202
728392	LOC728392	uncharacterized LOC728392	2.102	-0.403
23302	WSCD1	WSC domain containing 1	2.222	0.759
83394	PITPNM3	PITPNM family member 3	1.504	-0.554
9851	KIAA0753	KIAA0753	2.479	-0.159
239	ALOX12	arachidonate 12-lipoxygenase, 12S type	1.862	-0.242
100529209	RNASEK-C17orf49	RNASEK-C17orf49 readthrough	3.002	0.159
440400	RNASEK	ribonuclease K	2.908	0.185
255877	BCL6B	BCL6B transcription repressor	2.86	-0.87
37	ACADVL	acyl-CoA dehydrogenase very long chain	4.457	0.355
442898	MIR324	microRNA 324	1.466	-0.853
79142	PHF23	PHD finger protein 23	2.691	0.294
23399	CTDNEP1	CTD nuclear envelope phosphatase 1	3.318	0.152
1366	CLDN7	claudin 7	1.364	0.695
6517	SLC2A4	solute carrier family 2 member 4	3.714	0.292
51087	YBX2	Y-box binding protein 2	1.618	0.436
1984	EIF5A	eukaryotic translation initiation factor 5A	3.594	0.284
2874	GPS2	G protein pathway suppressor 2	3.087	0.495
9744	ACAP1	ArfGAP with coiled-coil, ankyrin repeat and PH domains 1	2.338	-0.252
284114	TMEM102	transmembrane protein 102	1.624	0.393
2256	FGF11	fibroblast growth factor 11	2.377	0.504
1140	CHRNB1	cholinergic receptor nicotinic beta 1 subunit	2.41	0.301
5430	POLR2A	RNA polymerase II subunit A	3.546	-0.344
8742	TNFSF12	TNF superfamily member 12	2.79	-0.199
26168	SENP3	SUMO specific peptidase 3	2.757	0.154
652965	SNORA48	small nucleolar RNA, H/ACA box 48	1.038	-0.654
652966	SNORD10	small nucleolar RNA, C/D box 10	1.259	-1.036
26781	SNORA67	small nucleolar RNA, H/ACA box 67	1.591	-0.811
100996842	LOC100996842	uncharacterized LOC100996842	1.971	0.391
9526	MPDU1	mannose-P-dolichol utilization defect 1	2.744	0.324
6665	SOX15	SRY-box transcription factor 15	1.703	-0.862
9513	FXR2	FMR1 autosomal homolog 2	3.573	0.315
112483	SAT2	spermidine/spermine N1-acetyltransferase family member 2	3.038	0.326
482	ATP1B2	ATPase Na+/K+ transporting subunit beta 2	2.405	-0.551
118432	RPL29P2	ribosomal protein L29 pseudogene 2	0.954	-0.552
284023	RNF227	ring finger protein 227	1.749	-0.461
3000	GUCY2D	guanylate cyclase 2D, retinal	1.107	0.765
5187	PER1	period circadian regulator 1	3.678	-0.66
6844	VAMP2	vesicle associated membrane protein 2	3.442	-0.385
84314	TMEM107	transmembrane protein 107	2.094	-0.409
80169	CTC1	CST telomere replication complex component 1	2.816	-0.197
5198	PFAS	phosphoribosylformylglycinamidine synthase	2.514	-0.152
6154	RPL26	ribosomal protein L26	3.891	0.466
107987245	LOC107987245	uncharacterized LOC107987245	1.793	-0.39
9482	STX8	syntaxin 8	2.802	0.435
201140	DHRS7C	dehydrogenase/reductase 7C	2.568	2.485
9340	GLP2R	glucagon like peptide 2 receptor	0.906	1.178
8522	GAS7	growth arrest specific 7	3.537	-0.392
100128560	MYHAS	myosin heavy chain gene cluster antisense RNA	0.896	-0.987
388335	TMEM220	transmembrane protein 220	2.298	0.407
100506898	MAGOH2P	mago homolog 2, pseudogene	1.237	0.599
6416	MAP2K4	mitogen-activated protein kinase kinase 4	3.047	0.157
284034	LINC00670	long intergenic non-protein coding RNA 670	1.33	-1.922
93649	MYOCD	myocardin	3.285	-0.504
9912	ARHGAP44	Rho GTPase activating protein 44	2.543	0.32
60528	ELAC2	elaC ribonuclease Z 2	3.354	0.171
107985014	LOC107985014	uncharacterized LOC107985014	1.282	-0.664
5376	PMP22	peripheral myelin protein 22	3.675	0.314
201158	TVP23C	trans-golgi network vesicle protein 23 homolog C	2.301	-0.194
374286	FBXW10B	F-box and WD repeat domain containing 10B	1.819	0.473
10626	TRIM16	tripartite motif containing 16	2.754	0.757
9611	NCOR1	nuclear receptor corepressor 1	3.416	0.248
9487	PIGL	phosphatidylinositol glycan anchor biosynthesis class L	2.451	-0.221
201161	CENPV	centromere protein V	1.928	0.579
7314	UBB	ubiquitin B	4.185	-0.358
51393	TRPV2	transient receptor potential cation channel subfamily V member 2	2.375	-0.309
388341	LRRC75A	leucine rich repeat containing 75A	2.809	-0.446
9720	CCDC144A	coiled-coil domain containing 144A	1.802	0.648
201164	PLD6	phospholipase D family member 6	2.356	0.457
8533	COPS3	COP9 signalosome subunit 3	3.265	0.321
10743	RAI1	retinoic acid induced 1	3.003	0.278
6720	SREBF1	sterol regulatory element binding transcription factor 1	2.779	0.602
146691	TOM1L2	target of myb1 like 2 membrane trafficking protein	4.052	-0.356
83450	DRC3	dynein regulatory complex subunit 3	2.07	-0.432
91647	ATPAF2	ATP synthase mitochondrial F1 complex assembly factor 2	2.79	0.187
79018	GID4	GID complex subunit 4 homolog	2.882	0.332
1819	DRG2	developmentally regulated GTP binding protein 2	2.74	-0.223
105371566	LOC105371566	uncharacterized LOC105371566	1.605	-0.564
3996	LLGL1	LLGL scribble cell polarity complex component 1	2.653	-0.323
2314	FLII	FLII actin remodeling protein	3.757	0.306
125170	MIEF2	mitochondrial elongation factor 2	2.863	-0.529
7156	TOP3A	DNA topoisomerase III alpha	2.614	-0.247
140775	SMCR8	SMCR8-C9orf72 complex subunit	2.977	0.225
6470	SHMT1	serine hydroxymethyltransferase 1	2.344	0.397
654346	LGALS9C	galectin 9C	1.223	-0.539
220594	USP32P2	ubiquitin specific peptidase 32 pseudogene 2	2.47	-0.464
147166	TRIM16L	tripartite motif containing 16 like	2.647	0.927
10517	FBXW10	F-box and WD repeat domain containing 10	0.892	0.755
644815	FAM83G	family with sequence similarity 83 member G	1.967	0.536
22905	EPN2	epsin 2	3.261	0.307
5598	MAPK7	mitogen-activated protein kinase 7	2.626	-0.386
4239	MFAP4	microfibril associated protein 4	3.516	-1.486
92521	SPECC1	sperm antigen with calponin homology and coiled-coil domains 1	2.533	-0.375
105371582	LINC02088	long intergenic non-protein coding RNA 2088	1.072	-0.457
100287072	LOC100287072	ribosomal protein S6 kinase B1 pseudogene	1.606	0.312
23326	USP22	ubiquitin specific peptidase 22	3.795	-0.513
8834	TMEM11	transmembrane protein 11	2.781	0.524
23666	UBBP4	ubiquitin B pseudogene 4	3.292	-0.335
105371705	LOC105371705	uncharacterized LOC105371705	1.676	-0.619
8844	KSR1	kinase suppressor of ras 1	2.603	-0.321
201229	LYRM9	LYR motif containing 9	2.445	-0.437
7448	VTN	vitronectin	3.246	-0.896
23098	SARM1	sterile alpha and TIR motif containing 1	2.562	-0.418
113235	SLC46A1	solute carrier family 46 member 1	2.495	-0.278
9094	UNC119	unc-119 lipid binding chaperone	2.607	0.347
94005	PIGS	phosphatidylinositol glycan anchor biosynthesis class S	3.153	0.178
10615	SPAG5	sperm associated antigen 5	1.644	0.546
124923	RSKR	ribosomal protein S6 kinase related	2.294	-0.556
9703	BLTP2	bridge-like lipid transfer protein family member 2	3.54	0.432
83871	RAB34	RAB34, member RAS oncogene family	2.574	-0.431
116238	TLCD1	TLC domain containing 1	1.673	0.413
55731	FAM222B	family with sequence similarity 222 member B	2.813	0.297
2319	FLOT2	flotillin 2	3.343	0.197
147015	DHRS13	dehydrogenase/reductase 13	1.647	0.398
9220	TIAF1	replaced by ID 399687	3.114	-0.405
116236	ABHD15	abhydrolase domain containing 15	2.422	0.484
90313	TP53I13	tumor protein p53 inducible protein 13	2.81	-0.24
85464	SSH2	slingshot protein phosphatase 2	3.181	0.257
6532	SLC6A4	solute carrier family 6 member 4	1.362	-2.089
9527	GOSR1	golgi SNAP receptor complex member 1	3.017	-0.294
55803	ADAP2	ArfGAP with dual PH domains 2	2.202	0.566
84440	RAB11FIP4	RAB11 family interacting protein 4	2.371	0.537
55352	COPRS	coordinator of PRMT5 and differentiation stimulator	2.906	0.168
105371730	LOC105371730	uncharacterized LOC105371730	1.577	0.731
55288	RHOT1	ras homolog family member T1	3.161	0.531
8851	CDK5R1	cyclin dependent kinase 5 regulatory subunit 1	1.948	-0.689
4642	MYO1D	myosin ID	2.847	-0.733
26022	TMEM98	transmembrane protein 98	2.498	-0.443
107985038	LOC107985038	uncharacterized LOC107985038	1.707	1.54
6347	CCL2	C-C motif chemokine ligand 2	2.378	1.031
6356	CCL11	C-C motif chemokine ligand 11	1.814	2.157
5892	RAD51D	RAD51 paralog D	2.201	-0.248
54475	NLE1	notchless homolog 1	2.074	-0.482
105371932	LOC105371932	uncharacterized LOC105371932	1.486	-0.707
79148	MMP28	matrix metallopeptidase 28	1.957	-0.889
6352	CCL5	C-C motif chemokine ligand 5	1.789	-1.132
6348	CCL3	C-C motif chemokine ligand 3	1.156	-1.276
6351	CCL4	C-C motif chemokine ligand 4	1.212	-0.792
102724862	TBC1D3I	TBC1 domain family member 3I	1.703	0.355
101060321	TBC1D3G	TBC1 domain family member 3G	1.704	0.303
84218	TBC1D3F	TBC1 domain family member 3F	1.555	0.355
80179	MYO19	myosin XIX	2.592	0.209
79154	DHRS11	dehydrogenase/reductase 11	2.566	-0.507
107985031	LOC107985031	uncharacterized LOC107985031	1.222	-0.671
79922	MRM1	mitochondrial rRNA methyltransferase 1	2.351	0.255
26574	AATF	apoptosis antagonizing transcription factor	2.929	0.203
31	ACACA	acetyl-CoA carboxylase alpha	2.926	0.337
11056	DDX52	DExD-box helicase 52	2.739	0.245
101060389	TBC1D3D	TBC1 domain family member 3D	1.711	0.306
414060	TBC1D3C	TBC1 domain family member 3C	1.7	0.321
101929950	LOC101929950	puromycin-sensitive aminopeptidase-like protein	1.936	0.363
102723859	TBC1D3E	TBC1 domain family member 3E	2.216	0.323
729873	TBC1D3	TBC1 domain family member 3	1.595	0.329
440434	NPEPPSP1	NPEPPS pseudogene 1	2.409	0.289
30837	SOCS7	suppressor of cytokine signaling 7	2.976	-0.248
80725	SRCIN1	SRC kinase signaling inhibitor 1	1.893	-1.53
284106	CISD3	CDGSH iron sulfur domain 3	3.064	0.333
7703	PCGF2	polycomb group ring finger 2	2.741	-0.121
9349	RPL23	ribosomal protein L23	3.886	0.452
100505576	LINC00672	long intergenic non-protein coding RNA 672	1.761	-1.212
105371767	LOC105371767	uncharacterized LOC105371767	0.897	-1.392
57125	PLXDC1	plexin domain containing 1	3.106	-0.494
6143	RPL19	ribosomal protein L19	4.056	0.183
342667	STAC2	SH3 and cysteine rich domain 2	1.379	2.726
84961	FBXL20	F-box and leucine rich repeat protein 20	2.823	-0.266
5469	MED1	mediator complex subunit 1	3.137	0.248
51755	CDK12	cyclin dependent kinase 12	3.004	0.181
10948	STARD3	StAR related lipid transfer domain containing 3	2.789	-0.378
93210	PGAP3	post-GPI attachment to proteins phospholipase 3	2.664	-0.643
2064	ERBB2	erb-b2 receptor tyrosine kinase 2	3.445	0.225
84299	MIEN1	migration and invasion enhancer 1	2.838	0.577
2886	GRB7	growth factor receptor bound protein 7	1.324	1.01
22806	IKZF3	IKAROS family zinc finger 3	1.568	-0.758
55876	GSDMB	gasdermin B	2.191	-0.607
94103	ORMDL3	ORMDL sphingolipid biosynthesis regulator 3	3.269	-0.587
339287	MSL1	MSL complex subunit 1	3.311	0.158
22794	CASC3	CASC3 exon junction complex subunit	3.286	-0.147
51195	RAPGEFL1	Rap guanine nucleotide exchange factor like 1	2.332	0.449
5914	RARA	retinoic acid receptor alpha	2.779	-0.363
105371934	LOC105371934	uncharacterized LOC105371934	1.005	-0.645
101929693	RARA-AS1	RARA antisense RNA 1	1.569	-0.337
125111	GJD3	gap junction protein delta 3	2.22	-0.404
7153	TOP2A	DNA topoisomerase II alpha	1.696	2.001
1236	CCR7	C-C motif chemokine receptor 7	1.142	0.721
3728	JUP	junction plakoglobin	3.827	0.391
55175	KLHL11	kelch like family member 11	2.431	-0.425
83538	ODAD4	outer dynein arm docking complex subunit 4	1.399	-0.443
7266	DNAJC7	DnaJ heat shock protein family (Hsp40) member C7	3.337	0.232
201181	ZNF385C	zinc finger protein 385C	1.529	-0.536
110806298	C17orf113	chromosome 17 open reading frame 113	1.646	-0.718
79132	DHX58	DExH-box helicase 58	2.248	-0.393
2648	KAT2A	lysine acetyltransferase 2A	3.152	-0.333
84514	GHDC	GH3 domain containing	2.455	-0.472
6777	STAT5B	signal transducer and activator of transcription 5B	3.25	-0.173
6776	STAT5A	signal transducer and activator of transcription 5A	2.793	-0.205
6774	STAT3	signal transducer and activator of transcription 3	3.779	0.76
284119	CAVIN1	caveolae associated protein 1	3.996	-0.324
4669	NAGLU	N-acetyl-alpha-glucosaminidase	2.58	0.271
108783654	HSD17B1-AS1	HSD17B1 antisense RNA 1	2.316	0.18
80347	COASY	Coenzyme A synthase	2.987	0.205
6945	MLX	MAX dimerization protein MLX	3.373	0.579
29893	PSMC3IP	PSMC3 interacting protein	2.47	0.377
162427	RETREG3	reticulophagy regulator family member 3	2.913	-0.186
7283	TUBG1	tubulin gamma 1	2.982	0.511
2826	CCR10	C-C motif chemokine receptor 10	1.359	-0.499
100190938	RAMP2-AS1	RAMP2 antisense RNA 1	2.015	-0.776
10266	RAMP2	receptor activity modifying protein 2	2.797	-0.577
65266	WNK4	WNK lysine deficient protein kinase 4	1.022	-0.756
124817	CNTD1	cyclin N-terminal domain containing 1	2.685	0.198
8678	BECN1	beclin 1	3.305	0.235
10197	PSME3	proteasome activator subunit 3	3.221	0.173
8639	AOC3	amine oxidase copper containing 3	2.855	-0.412
90586	AOC4P	amine oxidase copper containing 4, pseudogene	1.635	-0.736
1659	DHX8	DEAH-box helicase 8	2.992	-0.093
2118	ETV4	ETS variant transcription factor 4	1.64	-0.82
84336	TMEM101	transmembrane protein 101	2.585	-0.194
124801	LSM12	LSM12 homolog	2.679	0.267
78995	HROB	homologous recombination factor with OB-fold	1.366	0.544
339201	ASB16-AS1	ASB16 antisense RNA 1	2.133	-0.458
10900	RUNDC3A	RUN domain containing 3A	1.236	-0.878
2896	GRN	granulin precursor	3.604	-0.237
124808	CCDC43	coiled-coil domain containing 43	2.908	0.301
105371792	LOC105371792	uncharacterized LOC105371792	1.428	0.284
80174	DBF4B	DBF4 zinc finger B	2.406	-0.42
4185	ADAM11	ADAM metallopeptidase domain 11	2.711	1.529
105371793	LOC105371793	uncharacterized LOC105371793	0.823	0.69
146909	KIF18B	kinesin family member 18B	1.223	2.162
10882	C1QL1	complement C1q like 1	1.459	1.585
79877	DCAKD	dephospho-CoA kinase domain containing	2.845	-0.468
4836	NMT1	N-myristoyltransferase 1	3.409	0.16
113026	PLCD3	phospholipase C delta 3	3.267	0.626
79777	ACBD4	acyl-CoA binding domain containing 4	2.428	-0.417
147081	LINC02210	long intergenic non-protein coding RNA 2210	2.48	0.193
104909134	LINC02210-CRHR1	LINC02210-CRHR1 readthrough	1.445	0.595
7473	WNT3	Wnt family member 3	1.583	0.443
996	CDC27	cell division cycle 27	3.224	0.208
653479	MRPL45P2	mitochondrial ribosomal protein L45 pseudogene 2	2.017	0.29
9520	NPEPPS	aminopeptidase puromycin sensitive	3.361	0.334
112268184	KPNB1-DT	KPNB1 divergent transcript	2.744	0.283
3837	KPNB1	karyopherin subunit beta 1	3.709	0.306
114881	OSBPL7	oxysterol binding protein like 7	2.439	-0.589
90506	LRRC46	leucine rich repeat containing 46	1.316	-0.33
90507	SCRN2	secernin 2	2.88	-0.49
80320	SP6	Sp6 transcription factor	1.505	-1.293
80279	CDK5RAP3	CDK5 regulatory subunit associated protein 3	3.256	-0.148
51226	COPZ2	COPI coat complex subunit zeta 2	2.755	-0.534
10951	CBX1	chromobox 1	3.067	0.185
10241	CALCOCO2	calcium binding and coiled-coil domain 2	3.867	0.645
105371814	LOC105371814	uncharacterized LOC105371814	1.928	0.38
516	ATP5MC1	ATP synthase membrane subunit c locus 1	3.625	0.303
65264	UBE2Z	ubiquitin conjugating enzyme E2 Z	3.21	-0.162
11267	SNF8	SNF8 subunit of ESCRT-II	3.071	0.268
162466	PHOSPHO1	phosphoethanolamine/phosphocholine phosphatase 1	1.35	-1.015
105371816	LOC105371816		0.96	-0.718
5245	PHB1	prohibitin 1	3.508	0.204
11143	KAT7	lysine acetyltransferase 7	3.245	-0.134
255061	TAC4	tachykinin precursor 4	1.001	-1.279
729220	FLJ45513	uncharacterized LOC729220	1.033	-0.52
3675	ITGA3	integrin subunit alpha 3	2.861	0.732
105371818	LOC105371818	uncharacterized LOC105371818	1.556	0.358
51264	MRPL27	mitochondrial ribosomal protein L27	2.897	0.392
55379	LRRC59	leucine rich repeat containing 59	3.005	0.203
1101	CHAD	chondroadherin	1.509	-0.546
55040	EPN3	epsin 3	2.516	1.15
64847	SPATA20	spermatogenesis associated 20	3.374	-0.34
91369	ANKRD40	ankyrin repeat domain 40	3.343	0.255
654364	NME1-NME2	NME1-NME2 readthrough	3.068	0.599
4830	NME1	NME/NM23 nucleoside diphosphate kinase 1	2.346	0.415
4831	NME2	NME/NM23 nucleoside diphosphate kinase 2	3.039	0.606
252983	STXBP4	syntaxin binding protein 4	2.2	0.216
58488	PCTP	phosphatidylcholine transfer protein	2.732	0.2
8161	COIL	coilin	2.537	0.124
8165	AKAP1	A-kinase anchoring protein 1	3.857	0.468
51649	MRPS23	mitochondrial ribosomal protein S23	3.374	0.311
404093	CUEDC1	CUE domain containing 1	3.189	0.292
101929185	LOC101929185	uncharacterized LOC101929185	3.134	-0.554
140735	DYNLL2	dynein light chain LC8-type 2	3.976	-0.194
54903	MKS1	MKS transition zone complex subunit 1	2.382	-0.191
4353	MPO	myeloperoxidase	0.963	-0.816
100506779	TSPOAP1-AS1	TSPOAP1, SUPT4H1 and RNF43 antisense RNA 1	2.023	0.326
101927688	SEPTIN4-AS1	SEPTIN4 antisense RNA 1	1.784	0.53
5414	SEPTIN4	septin 4	3.152	0.621
5889	RAD51C	RAD51 paralog C	2.74	0.263
4591	TRIM37	tripartite motif containing 37	2.944	0.527
55771	PRR11	proline rich 11	1.638	0.603
284161	GDPD1	glycerophosphodiester phosphodiesterase domain containing 1	1.646	0.423
51651	PTRH2	peptidyl-tRNA hydrolase 2	2.305	0.436
653653	LOC653653	adaptor related protein complex 1 subunit sigma 2 pseudogene	2.523	0.649
762	CA4	carbonic anhydrase 4	2.871	-0.807
84669	USP32	ubiquitin specific peptidase 32	2.972	0.475
103689912	TBX2-AS1	TBX2 antisense RNA 1	1.803	-0.776
57508	INTS2	integrator complex subunit 2	2.714	-0.269
11011	TLK2	tousled like kinase 2	2.934	0.294
112268202	LOC112268202		1.116	-0.843
107985020	LOC107985020	uncharacterized LOC107985020	1.497	-1.367
9902	MRC2	mannose receptor C type 2	3.292	-1.114
26115	TANC2	tetratricopeptide repeat, ankyrin repeat and coiled-coil containing 2	2.568	-0.572
1534	CYB561	cytochrome b561	2.452	0.371
1636	ACE	angiotensin I converting enzyme	2.751	-0.828
81033	KCNH6	potassium voltage-gated channel subfamily H member 6	1.272	0.476
51204	TACO1	translational activator of cytochrome c oxidase I	3.01	0.239
4215	MAP3K3	mitogen-activated protein kinase kinase kinase 3	3.389	-0.506
80774	LIMD2	LIM domain containing 2	2.28	-0.474
57003	CCDC47	coiled-coil domain containing 47	3.52	0.342
117246	FTSJ3	FtsJ RNA 2'-O-methyltransferase 3	3.117	0.231
107984986	LOC107984986		1.293	-0.393
92340	PRR29	proline rich 29	2.619	-0.572
3384	ICAM2	intercellular adhesion molecule 2	2.839	-0.394
2081	ERN1	endoplasmic reticulum to nucleus signaling 1	2.692	-0.724
105376843	SNHG25	small nucleolar RNA host gene 25	1.087	-0.664
55852	TEX2	testis expressed 2	3.415	0.346
284021	MILR1	mast cell immunoglobulin like receptor 1	1.846	0.642
100616387	MIR3064	microRNA 3064	2.412	-0.492
101929240	LOC101929240	U5 small nuclear ribonucleoprotein 200 kDa helicase-like	2.004	-0.402
146880	ARHGAP27P1	Rho GTPase activating protein 27 pseudogene 1	2.173	-0.304
440456	PLEKHM1P1	pleckstrin homology and RUN domain containing M1 pseudogene 1	2.456	-0.156
100507002	LOC100507002	uncharacterized LOC100507002	1.045	0.642
201134	CEP112	centrosomal protein 112	2.687	0.66
5718	PSMD12	proteasome 26S subunit, non-ATPase 12	3.168	0.245
25926	NOL11	nucleolar protein 11	2.872	0.151
2186	BPTF	bromodomain PHD finger transcription factor	3.23	0.243
284018	C17orf58	chromosome 17 open reading frame 58	2.126	0.423
51321	AMZ2	archaelysin family metallopeptidase 2	3.311	0.208
9120	SLC16A6	solute carrier family 16 member 6	1.55	-1.799
693220	MIR635	microRNA 635	1.326	-0.574
54757	FAM20A	FAM20A golgi associated secretory pathway pseudokinase	3.872	-0.527
105371874	LOC105371874	uncharacterized LOC105371874	1.685	-0.667
10350	ABCA9	ATP binding cassette subfamily A member 9	3.2	0.402
104355297	ABCA9-AS1	ABCA9 antisense RNA 1	1.389	0.661
5608	MAP2K6	mitogen-activated protein kinase kinase 6	2.138	0.462
6752	SSTR2	somatostatin receptor 2	1.7	1.021
9382	COG1	component of oligomeric golgi complex 1	3.083	0.197
84923	FAM104A	family with sequence similarity 104 member A	2.856	0.283
55028	C17orf80	chromosome 17 open reading frame 80	2.947	0.156
6169	RPL38	ribosomal protein L38	3.663	0.385
85001	MGC16275	uncharacterized protein MGC16275	1.823	-0.281
94015	TTYH2	tweety family member 2	3.049	0.5
342510	CD300E	CD300e molecule	1.519	1.208
9368	NHERF1	NHERF family PDZ scaffold protein 1	2.626	1.01
54868	TMEM104	transmembrane protein 104	2.565	0.266
2905	GRIN2C	glutamate ionotropic receptor NMDA type subunit 2C	1.562	-0.715
283987	HID1	HID1 domain containing	2.694	-0.484
3396	MRPL58	mitochondrial ribosomal protein L58	2.884	0.375
23510	KCTD2	potassium channel tetramerization domain containing 2	3.175	-0.307
9121	SLC16A5	solute carrier family 16 member 5	2.754	-0.7
79637	ARMC7	armadillo repeat containing 7	2.256	-0.229
107985034	LOC107985034	uncharacterized LOC107985034	1.704	0.264
51155	JPT1	Jupiter microtubule associated homolog 1	2.317	0.45
6613	SUMO2	small ubiquitin like modifier 2	3.173	0.254
23163	GGA3	golgi associated, gamma adaptin ear containing, ARF binding protein 3	2.958	0.16
100287042	MIF4GD-DT	MIF4GD divergent transcript	1.767	0.26
60386	SLC25A19	solute carrier family 25 member 19	2.113	0.643
2885	GRB2	growth factor receptor bound protein 2	3.308	0.286
57513	CASKIN2	CASK interacting protein 2	3.119	-0.266
283989	TSEN54	tRNA splicing endonuclease subunit 54	2.143	-0.245
80022	MYO15B	myosin XVB	3.363	-0.539
9400	RECQL5	RecQ like helicase 5	2.616	-0.242
643008	SMIM5	small integral membrane protein 5	2.448	0.814
3691	ITGB4	integrin subunit beta 4	2.533	-0.409
2584	GALK1	galactokinase 1	2.281	0.471
3021	H3-3B	H3.3 histone B	3.597	-0.31
201294	UNC13D	unc-13 homolog D	2.421	-0.758
91107	TRIM47	tripartite motif containing 47	2.639	0.524
85302	FBF1	Fas binding factor 1	2.232	-0.469
1018	CDK3	cyclin dependent kinase 3	1.771	-0.379
100507218	RNF157-AS1	RNF157 antisense RNA 1	1.337	1.16
114804	RNF157	ring finger protein 157	2.483	1.325
105371896	LOC105371896	uncharacterized LOC105371896	1.08	-3.49
5635	PRPSAP1	phosphoribosyl pyrophosphate synthetase associated protein 1	2.84	0.28
768206	PRCD	photoreceptor disc component	2.306	-0.533
10610	ST6GALNAC2	ST6 N-acetylgalactosaminide alpha-2,6-sialyltransferase 2	2.189	0.517
6427	SRSF2	serine and arginine rich splicing factor 2	3.48	-0.302
693221	MIR636	microRNA 636	1.068	-1.241
79157	MFSD11	major facilitator superfamily domain containing 11	2.948	-0.214
654434	SNHG20	small nucleolar RNA host gene 20	1.994	-0.507
100131096	TNRC6C-AS1	replaced by ID 11322	2.218	-0.831
11322	TMC6	transmembrane channel like 6	3.121	-0.425
125061	AFMID	arylformamidase	2.623	0.292
332	BIRC5	baculoviral IAP repeat containing 5	1.066	1.928
9489	PGS1	phosphatidylglycerophosphate synthase 1	2.824	-0.205
8632	DNAH17	dynein axonemal heavy chain 17	1.686	-0.294
112268196	LOC112268196		2.519	-0.208
57602	USP36	ubiquitin specific peptidase 36	2.944	-0.423
7077	TIMP2	TIMP metallopeptidase inhibitor 2	3.798	-0.904
3959	LGALS3BP	galectin 3 binding protein	4.15	-0.432
64772	ENGASE	endo-beta-N-acetylglucosaminidase	3.021	-0.242
2548	GAA	alpha glucosidase	3.258	-0.307
9775	EIF4A3	eukaryotic translation initiation factor 4A3	2.857	-0.194
6448	SGSH	N-sulfoglucosamine sulfohydrolase	2.745	-0.343
284129	SLC26A11	solute carrier family 26 member 11	2.245	-0.397
57521	RPTOR	regulatory associated protein of MTOR complex 1	2.984	-0.205
400627	LOC400627	uncharacterized LOC400627	0.982	0.483
79643	CHMP6	charged multivesicular body protein 6	2.636	-0.237
107987250	LOC107987250		2.101	-0.817
146705	TEPSIN	TEPSIN adaptor related protein complex 4 accessory protein	2.538	-0.25
71	ACTG1	actin gamma 1	3.981	-0.338
80233	FAAP100	FA core complex associated protein 100	2.706	-0.158
339229	OXLD1	oxidoreductase like domain containing 1	2.39	-0.221
9146	HGS	hepatocyte growth factor-regulated tyrosine kinase substrate	3.144	-0.201
6182	MRPL12	mitochondrial ribosomal protein L12	3.339	0.242
348262	MCRIP1	MAPK regulated corepressor interacting protein 1	3.103	-0.239
5034	P4HB	prolyl 4-hydroxylase subunit beta	3.985	0.218
5831	PYCR1	pyrroline-5-carboxylate reductase 1	2.009	0.597
79058	ASPSCR1	ASPSCR1 tether for SLC2A4, UBX domain containing	2.658	0.163
201254	CENPX	centromere protein X	2.373	0.313
201255	LRRC45	leucine rich repeat containing 45	2.168	0.285
113523640	DCXR-DT	DCXR divergent transcript	1.08	1.502
64118	DUS1L	dihydrouridine synthase 1 like	2.993	0.185
9123	SLC16A3	solute carrier family 16 member 3	2.285	-0.434
1453	CSNK1D	casein kinase 1 delta	3.388	-0.248
924	CD7	CD7 molecule	1.109	-0.734
26502	NARF	nuclear prelamin A recognition factor	3.086	0.226
3607	FOXK2	forkhead box K2	3.097	0.237
79672	FN3KRP	fructosamine 3 kinase related protein	2.689	-0.186
388574	RPL23AP87	ribosomal protein L23a pseudogene 87	1.535	0.661
105379280	LOC105379280	uncharacterized LOC105379280	1.68	-1.16
260334	TUBB8B	tubulin beta 8B	1.483	0.616
9097	USP14	ubiquitin specific peptidase 14	3.26	0.19
81035	COLEC12	collectin subfamily member 12	2.908	-0.331
116	ADCYAP1	adenylate cyclase activating polypeptide 1	1.243	-1.826
84034	EMILIN2	elastin microfibril interfacer 2	2.984	0.511
9663	LPIN2	lipin 2	2.776	0.274
727896	CHORDC1P4	CHORDC1 pseudogene 4	1.992	0.306
10627	MYL12A	myosin light chain 12A	4.8	-0.725
104968399	MYL12-AS1	MYL12A and MYL12B antisense RNA 1	4.004	-0.504
9229	DLGAP1	DLG associated protein 1	1.546	-2.193
649446	DLGAP1-AS1	DLGAP1 antisense RNA 1	2.182	0.529
339290	LINC00667	long intergenic non-protein coding RNA 667	3.024	0.245
7541	ZBTB14	zinc finger and BTB domain containing 14	2.46	0.216
91133	L3MBTL4	L3MBTL histone methyl-lysine binding protein 4	1.614	-0.524
105371976	LOC105371976	uncharacterized LOC105371976	1.173	-0.583
23255	MTCL1	microtubule crosslinking factor 1	2.662	-0.462
4729	NDUFV2	NADH:ubiquinone oxidoreductase core subunit V2	3.796	0.486
57045	TWSG1	twisted gastrulation BMP signaling modulator 1	2.739	-0.609
10928	RALBP1	ralA binding protein 1	3.324	0.267
11031	RAB31	RAB31, member RAS oncogene family	3.018	-0.746
9218	VAPA	VAMP associated protein A	3.593	-0.128
147495	APCDD1	APC down-regulated 1	3	0.442
2774	GNAL	G protein subunit alpha L	2.452	0.242
101927511	LOC101927511	uncharacterized LOC101927511	0.956	-0.81
3613	IMPA2	inositol monophosphatase 2	2.776	0.897
10939	AFG3L2	AFG3 like matrix AAA peptidase subunit 2	3.68	0.29
107985154	LOC107985154	uncharacterized LOC107985154	2.322	0.303
10650	PRELID3A	PRELI domain containing 3A	1.582	-0.369
105371998	LOC105371998	uncharacterized LOC105371998	2.021	0.253
56984	PSMG2	proteasome assembly chaperone 2	2.843	-0.174
5771	PTPN2	protein tyrosine phosphatase non-receptor type 2	2.496	0.323
8731	RNMT	RNA guanine-7 methyltransferase	3.212	-0.178
114799	ESCO1	establishment of sister chromatid cohesion N-acetyltransferase 1	2.576	0.278
100128893	GATA6-AS1	GATA6 antisense RNA 1 (head to head)	2.753	-0.364
2627	GATA6	GATA binding protein 6	3.444	-0.455
105372018	LOC105372018	uncharacterized LOC105372018	1.56	-0.731
85019	TMEM241	transmembrane protein 241	1.872	-0.507
8780	RIOK3	RIO kinase 3	3.336	-0.197
114876	OSBPL1A	oxysterol binding protein like 1A	3.486	0.231
284252	KCTD1	potassium channel tetramerization domain containing 1	2.364	0.553
361	AQP4	aquaporin 4	2.35	2.672
83539	CHST9	carbohydrate sulfotransferase 9	2.342	1.328
1824	DSC2	desmocollin 2	3.067	0.328
1828	DSG1	desmoglein 1	1.806	1.048
1829	DSG2	desmoglein 2	3.352	0.248
100652770	DSG2-AS1	DSG2 antisense RNA 1	1.795	0.517
9331	B4GALT6	beta-1,4-galactosyltransferase 6	2.248	0.632
22878	TRAPPC8	trafficking protein particle complex subunit 8	3.134	0.351
64762	GAREM1	GRB2 associated regulator of MAPK1 subtype 1	2.696	0.593
105372061	LOC105372061	uncharacterized LOC105372061	1.513	0.487
10982	MAPRE2	microtubule associated protein RP/EB family member 2	3.851	-0.427
100101467	ZSCAN30	zinc finger and SCAN domain containing 30	2.649	-0.18
10778	ZNF271P	zinc finger protein 271, pseudogene	3.117	0.454
107985139	LOC107985139		2.113	0.444
7572	ZNF24	zinc finger protein 24	3.375	0.223
2589	GALNT1	polypeptide N-acetylgalactosaminyltransferase 1	3.18	0.415
83608	C18orf21	chromosome 18 open reading frame 21	2.466	0.44
55197	RPRD1A	regulation of nuclear pre-mRNA domain containing 1A	3.227	0.263
55250	ELP2	elongator acetyltransferase complex subunit 2	3.271	-0.173
25941	TPGS2	tubulin polyglutamylase complex subunit 2	3.346	-0.346
101927943	SETBP1-DT	SETBP1 divergent transcript	1.304	-0.64
26040	SETBP1	SET binding protein 1	2.544	-0.381
29906	ST8SIA5	ST8 alpha-N-acetyl-neuraminide alpha-2,8-sialyltransferase 5	2.706	-0.764
9063	PIAS2	protein inhibitor of activated STAT 2	2.919	-0.239
105372098	LOC105372098	uncharacterized LOC105372098	1.552	0.362
84064	HDHD2	haloacid dehalogenase like hydrolase domain containing 2	3.046	0.345
51124	IER3IP1	immediate early response 3 interacting protein 1	2.991	0.159
105372106	LOC105372106	uncharacterized LOC105372106	1.091	-1.303
4092	SMAD7	SMAD family member 7	2.864	-0.992
54808	DYM	dymeclin	3.153	0.183
100526842	RPL17-C18orf32	RPL17-C18orf32 readthrough	3.379	0.402
6139	RPL17	ribosomal protein L17	3.301	0.489
100124516	SNORD58C	small nucleolar RNA, C/D box 58C	1.212	-0.574
26791	SNORD58A	small nucleolar RNA, C/D box 58A	0.872	-0.612
26790	SNORD58B	small nucleolar RNA, C/D box 58B	1.662	0.886
10449	ACAA2	acetyl-CoA acyltransferase 2	3.797	0.391
677769	SCARNA17	small Cajal body-specific RNA 17	1.488	0.649
83876	MRO	maestro	2.053	0.675
4200	ME2	malic enzyme 2	3.406	0.392
4089	SMAD4	SMAD family member 4	3.33	-0.211
8932	MBD2	methyl-CpG binding domain protein 2	3.139	0.616
9352	TXNL1	thioredoxin like 1	3.403	0.368
23335	WDR7	WD repeat domain 7	2.877	0.284
5205	ATP8B1	ATPase phospholipid transporting 8B1	2.617	-0.423
105372141	LOC105372141	uncharacterized LOC105372141	1.184	0.375
115701	ALPK2	alpha kinase 2	3.786	0.443
10892	MALT1	MALT1 paracaspase	2.795	0.337
55205	ZNF532	zinc finger protein 532	3.343	0.293
90701	SEC11C	SEC11 homolog C, signal peptidase complex subunit	2.525	0.515
54877	ZCCHC2	zinc finger CCHC-type containing 2	2.795	0.221
23239	PHLPP1	PH domain and leucine rich repeat protein phosphatase 1	2.511	-0.184
2531	KDSR	3-ketodihydrosphingosine reductase	3.004	-0.215
9525	VPS4B	vacuolar protein sorting 4 homolog B	2.837	-0.191
101927404	LOC101927404	uncharacterized LOC101927404	2.231	0.355
92126	DSEL	dermatan sulfate epimerase like	2.362	-0.611
10666	CD226	CD226 molecule	1.504	-0.47
29090	TIMM21	translocase of inner mitochondrial membrane 21	3.34	0.331
1528	CYB5A	cytochrome b5 type A	3.011	0.351
284273	PTGR3	prostaglandin reductase 3	3.361	0.411
105372208	LOC105372208		1.568	-3.4
105372210	LOC105372210	uncharacterized LOC105372210	1.631	-3.447
9658	ZNF516	zinc finger protein 516	2.78	-0.312
100131655	ZNF236-DT	ZNF236 divergent transcript	1.123	-0.84
7776	ZNF236	zinc finger protein 236	2.471	0.318
2587	GALR1	galanin receptor 1	0.838	-2.183
374868	ATP9B	ATPase phospholipid transporting 9B (putative)	2.497	-0.248
284240	LOC284240	uncharacterized LOC284240	1.361	-1.555
26251	KCNG2	potassium voltage-gated channel modifier subfamily G member 2	2.295	-0.524
80148	SLC66A2	solute carrier family 66 member 2	2.799	-0.432
440498	HSBP1L1	heat shock factor binding protein 1 like 1	2.121	0.385
10907	TXNL4A	thioredoxin like 4A	2.98	0.383
22850	ADNP2	ADNP homeobox 2	2.726	-0.368
84552	PARD6G	par-6 family cell polarity regulator gamma	1.872	-0.424
399844	LINC01002	long intergenic non-protein coding RNA 1002	1.956	-0.732
107985295	LOC107985295	uncharacterized LOC107985295	1.257	0.572
25759	SHC2	SHC adaptor protein 2	2.779	-0.58
91978	TPGS1	tubulin polyglutamylase complex subunit 1	1.925	-0.456
5442	POLRMT	RNA polymerase mitochondrial	3.027	-0.242
10272	FSTL3	follistatin like 3	3.532	-0.854
79948	PLPPR3	phospholipid phosphatase related 3	2.458	-0.248
1991	ELANE	elastase, neutrophil expressed	1.143	1.449
91300	R3HDM4	R3H domain containing 4	2.73	-0.241
116444	GRIN3B	glutamate ionotropic receptor NMDA type subunit 3B	1.981	-0.339
105372235	LOC105372235	uncharacterized LOC105372235	1.074	-0.755
91304	TMEM259	transmembrane protein 259	3.533	-0.19
10347	ABCA7	ATP binding cassette subfamily A member 7	2.33	0.388
2879	GPX4	glutathione peroxidase 4	3.589	0.39
513	ATP5F1D	ATP synthase F1 subunit delta	3.555	-0.258
90007	MIDN	midnolin	3.25	-0.46
1153	CIRBP	cold inducible RNA binding protein	3.899	-0.347
2593	GAMT	guanidinoacetate N-methyltransferase	3.025	-0.286
26528	DAZAP1	DAZ associated protein 1	3.317	0.484
148223	C19orf25	chromosome 19 open reading frame 25	2.487	-0.289
339366	ADAMTSL5	ADAMTS like 5	3.005	-0.893
399664	MEX3D	mex-3 RNA binding family member D	2.077	-0.697
148229	ATP8B3	ATPase phospholipid transporting 8B3	1.204	0.675
100288123	LOC100288123	uncharacterized LOC100288123	1.527	-0.34
81926	ABHD17A	abhydrolase domain containing 17A, depalmitoylase	2.97	-0.366
113178	SCAMP4	secretory carrier membrane protein 4	2.647	-0.299
113179	ADAT3	adenosine deaminase tRNA specific 3	1.322	-0.502
8943	AP3D1	adaptor related protein complex 3 subunit delta 1	3.534	0.18
8175	SF3A2	splicing factor 3a subunit 2	2.796	-0.302
374872	PEAK3	PEAK family member 3	1.133	-1.173
56928	SPPL2B	signal peptide peptidase like 2B	2.938	-0.456
360200	TMPRSS9	transmembrane serine protease 9	1.534	-1.064
148252	DIRAS1	DIRAS family GTPase 1	3.653	0.65
148254	ZNF555	zinc finger protein 555	2.433	0.298
79816	TLE6	TLE family member 6, subcortical maternal complex member	1.196	0.63
7089	TLE2	TLE family member 2, transcriptional corepressor	3.077	0.155
2769	GNA15	G protein subunit alpha 15	1.579	0.427
8698	S1PR4	sphingosine-1-phosphate receptor 4	1.181	-0.745
51343	FZR1	fizzy and cell division cycle 20 related 1	2.847	-0.425
100128569	TEKTIP1	tektin bundle interacting protein 1	1.713	-0.546
10362	HMG20B	high mobility group 20B	2.86	0.44
6915	TBXA2R	thromboxane A2 receptor	1.945	-0.67
404665	CACTIN-AS1	CACTIN antisense RNA 1	1.916	-0.187
23396	PIP5K1C	phosphatidylinositol-4-phosphate 5-kinase type 1 gamma	3.273	-0.199
1613	DAPK3	death associated protein kinase 3	3.364	-0.732
693222	MIR637	microRNA 637	1.604	-0.988
51588	PIAS4	protein inhibitor of activated STAT 4	2.508	0.171
5605	MAP2K2	mitogen-activated protein kinase kinase 2	3.346	0.2
51548	SIRT6	sirtuin 6	2.332	-0.269
170961	ANKRD24	ankyrin repeat domain 24	1.511	-1.122
10036	CHAF1A	chromatin assembly factor 1 subunit A	2.451	0.262
80700	UBXN6	UBX domain protein 6	3.448	0.274
440503	PLIN5	perilipin 5	3.229	0.409
10501	SEMA6B	semaphorin 6B	2.566	0.775
56005	MYDGF	myeloid derived growth factor	2.648	0.286
91039	DPP9	dipeptidyl peptidase 9	3.247	0.237
10226	PLIN3	perilipin 3	2.789	0.404
29128	UHRF1	ubiquitin like with PHD and ring finger domains 1	0.997	1.062
23030	KDM4B	lysine demethylase 4B	3.052	0.232
25873	RPL36	ribosomal protein L36	3.5	0.275
163154	PRR22	proline rich 22	1.48	-0.5
56931	DUS3L	dihydrouridine synthase 3 like	2.523	-0.223
828	CAPS	calcyphosine	2.129	-0.46
8498	RANBP3	RAN binding protein 3	3.106	0.201
84266	ALKBH7	alkB homolog 7	3.079	-0.585
2962	GTF2F1	general transcription factor IIF subunit 1	3.08	0.199
100500888	MIR3940	microRNA 3940	1.661	0.623
10382	TUBB4A	tubulin beta 4A class IVa	2.275	0.728
8740	TNFSF14	TNF superfamily member 14	1.409	1.408
718	C3	complement C3	3.742	1.121
9322	TRIP10	thyroid hormone receptor interactor 10	3.461	0.597
107985302	LOC107985302		1.924	0.252
7409	VAV1	vav guanine nucleotide exchange factor 1	1.802	0.445
79230	ZNF557	zinc finger protein 557	2.09	-0.403
23370	ARHGEF18	Rho/Rac guanine nucleotide exchange factor 18	2.585	-0.304
92960	PEX11G	peroxisomal biogenesis factor 11 gamma	1.52	-0.846
57192	MCOLN1	mucolipin TRP cation channel 1	2.62	0.219
57662	CAMSAP3	calmodulin regulated spectrin associated protein family member 3	1.271	1.191
56949	XAB2	XPA binding protein 2	2.948	-0.208
100131801	PET100	PET100 cytochrome c oxidase chaperone	2.798	0.748
126006	PCP2	Purkinje cell protein 2	1.216	0.947
6813	STXBP2	syntaxin binding protein 2	1.955	0.593
199675	MCEMP1	mast cell expressed membrane protein 1	0.884	1.745
115704	EVI5L	ecotropic viral integration site 5 like	2.907	0.333
80131	LRRC8E	leucine rich repeat containing 8 VRAC subunit E	1.417	0.841
100507588	TGFBR3L	transforming growth factor beta receptor 3 like	1.498	0.811
10469	TIMM44	translocase of inner mitochondrial membrane 44	3.171	0.44
84467	FBN3	fibrillin 3	1.092	-1.737
256949	KANK3	KN motif and ankyrin repeat domains 3	2.774	-0.418
9230	RAB11B	RAB11B, member RAS oncogene family	3.51	-0.315
84330	ZNF414	zinc finger protein 414	2.211	-0.306
374879	ZNF699	zinc finger protein 699	2.17	-0.316
100529215	ZNF559-ZNF177	ZNF559-ZNF177 readthrough	2.119	-0.307
7730	ZNF177	zinc finger protein 177	2.07	-0.333
112268250	LOC112268250	uncharacterized LOC112268250	1.1	-0.829
79088	ZNF426	zinc finger protein 426	2.709	-0.136
101928238	ZNF426-DT	ZNF426 divergent transcript	1.46	-0.755
7675	ZNF121	zinc finger protein 121	2.75	-0.271
729648	ZNF812P	zinc finger protein 812, pseudogene	1.668	-0.615
105372270	LOC105372270	uncharacterized LOC105372270	1.408	-1.102
54850	FBXL12	F-box and leucine rich repeat protein 12	2.59	-0.497
5300	PIN1	peptidylprolyl cis/trans isomerase, NIMA-interacting 1	3.088	-0.196
55337	SHFL	shiftless antiviral inhibitor of ribosomal frameshifting	2.601	-0.401
83854	ANGPTL6	angiopoietin like 6	1.712	-0.51
5032	P2RY11	purinergic receptor P2Y11	2.204	-0.224
8666	EIF3G	eukaryotic translation initiation factor 3 subunit G	3.41	0.207
1786	DNMT1	DNA methyltransferase 1	2.867	0.234
7087	ICAM5	intercellular adhesion molecule 5	0.911	-1.06
100125288	ZGLP1	zinc finger GATA like protein 1	1.403	-0.555
125950	RAVER1	ribonucleoprotein, PTB binding 1	2.779	-0.278
3385	ICAM3	intercellular adhesion molecule 3	2.45	0.55
7297	TYK2	tyrosine kinase 2	3.185	0.137
11140	CDC37	cell division cycle 37, HSP90 cochaperone	3.669	0.334
100302213	MIR1181	microRNA 1181	1.477	1.025
5141	PDE4A	phosphodiesterase 4A	2.813	0.73
9817	KEAP1	kelch like ECH associated protein 1	3.23	0.183
53637	S1PR5	sphingosine-1-phosphate receptor 5	0.869	-0.958
65095	KRI1	KRI1 homolog	2.846	0.169
1032	CDKN2D	cyclin dependent kinase inhibitor 2D	2.338	0.596
3609	ILF3	interleukin enhancer binding factor 3	3.669	0.105
81890	QTRT1	queuine tRNA-ribosyltransferase catalytic subunit 1	2.703	-0.471
1785	DNM2	dynamin 2	3.627	0.357
11018	TMED1	transmembrane p24 trafficking protein 1	2.821	0.227
10498	CARM1	coactivator associated arginine methyltransferase 1	3.039	0.139
6597	SMARCA4	SWI/SNF related, matrix associated, actin dependent regulator of chromatin, subfamily a, member 4	3.194	0.144
147841	SPC24	SPC24 component of NDC80 kinetochore complex	1.671	1.206
25959	KANK2	KN motif and ankyrin repeat domains 2	4.031	0.433
57572	DOCK6	dedicator of cytokinesis 6	3.205	-0.256
374882	TMEM205	transmembrane protein 205	3.014	0.223
126075	CCDC159	coiled-coil domain containing 159	2.528	-0.191
64748	PLPPR2	phospholipid phosphatase related 2	2.599	-0.284
57139	RGL3	ral guanine nucleotide dissociation stimulator like 3	2.481	0.396
51295	ECSIT	ECSIT signaling integrator	3.444	0.247
199692	ZNF627	zinc finger protein 627	2.412	-0.358
126068	ZNF441	zinc finger protein 441	2.543	-0.451
7620	ZNF69	zinc finger protein 69	1.975	0.495
101928464	ZNF433-AS1	ZNF433 and ZNF878 antisense RNA 1	1.872	0.361
284391	ZNF844	zinc finger protein 844	2.928	-0.491
388507	ZNF788P	zinc finger family member 788, pseudogene	2.096	-0.337
7695	ZNF136	zinc finger protein 136	2.294	-0.211
51710	ZNF44	zinc finger protein 44	2.972	-0.183
79973	ZNF442	zinc finger protein 442	1.832	-0.861
163051	ZNF709	zinc finger protein 709	1.889	-0.431
57474	ZNF490	zinc finger protein 490	2.092	-0.351
105372279	LOC105372279	uncharacterized LOC105372279	1.702	-0.553
4125	MAN2B1	mannosidase alpha class 2B member 1	2.863	0.296
51398	WDR83OS	WD repeat domain 83 opposite strand	3.068	-0.386
30000	TNPO2	transportin 2	3.268	-0.3
79002	TRIR	telomerase RNA component interacting RNase	3.268	0.27
439	GET3	guided entry of tail-anchored proteins factor 3, ATPase	3.081	0.149
2639	GCDH	glutaryl-CoA dehydrogenase	2.998	0.273
811	CALR	calreticulin	3.931	0.302
5886	RAD23A	RAD23 homolog A, nucleotide excision repair protein	3.556	0.233
90480	GADD45GIP1	GADD45G interacting protein 1	3.211	0.219
112939	NACC1	nucleus accumbens associated 1	3.028	0.381
8677	STX10	syntaxin 10	2.732	0.448
9592	IER2	immediate early response 2	2.917	-1.126
84245	MRI1	methylthioribose-1-phosphate isomerase 1	2.689	-0.246
284454	MIR23AHG	miR-23a/27a/24-2 cluster host gene	2.806	-0.775
90379	DCAF15	DDB1 and CUL4 associated factor 15	2.722	-0.282
5989	RFX1	regulatory factor X1	2.579	-0.345
342979	PALM3	paralemmin 3	0.963	-0.977
90378	SAMD1	sterile alpha motif domain containing 1	2.874	0.349
55723	ASF1B	anti-silencing function 1B histone chaperone	1.152	0.852
100507373	ADGRL1-AS1	ADGRL1 antisense RNA 1	1.884	0.279
22859	ADGRL1	adhesion G protein-coupled receptor L1	2.805	0.461
5585	PKN1	protein kinase N1	3.495	0.257
84449	ZNF333	zinc finger protein 333	2.583	-0.163
85360	SYDE1	synapse defective Rho GTPase homolog 1	2.766	-0.272
26993	AKAP8L	A-kinase anchoring protein 8 like	3.225	0.239
4051	CYP4F3	cytochrome P450 family 4 subfamily F member 3	1.275	-1.963
388514	CYP4F24P	cytochrome P450 family 4 subfamily F member 24, pseudogene	1.697	-1.152
7171	TPM4	tropomyosin 4	3.474	0.409
84941	HSH2D	hematopoietic SH2 domain containing	1.255	-1.049
26017	FAM32A	family with sequence similarity 32 member A	3.011	0.379
8907	AP1M1	adaptor related protein complex 1 subunit mu 1	3.049	-0.2
10365	KLF2	KLF transcription factor 2	3.207	-0.866
58513	EPS15L1	epidermal growth factor receptor pathway substrate 15 like 1	3.357	0.521
84167	C19orf44	chromosome 19 open reading frame 44	2.503	-0.247
10523	CHERP	calcium homeostasis endoplasmic reticulum protein	2.882	-0.287
9441	MED26	mediator complex subunit 26	2.228	-0.268
23309	SIN3B	SIN3 transcription regulator family member B	3.149	-0.283
9002	F2RL3	F2R like thrombin or trypsin receptor 3	2.299	-1.341
93323	HAUS8	HAUS augmin like complex subunit 8	1.877	0.334
4650	MYO9B	myosin IXB	3.175	0.238
55850	USE1	unconventional SNARE in the ER 1	2.589	0.227
79629	OCEL1	occludin/ELL domain containing 1	2.287	0.53
2063	NR2F6	nuclear receptor subfamily 2 group F member 6	2.948	0.302
83878	USHBP1	USH1 protein network component harmonin binding protein 1	2.723	-0.344
29086	BABAM1	BRISC and BRCA1 A complex member 1	3.215	0.265
126549	ANKLE1	ankyrin repeat and LEM domain containing 1	1.121	-0.578
64981	MRPL34	mitochondrial ribosomal protein L34	3.233	0.461
79016	DDA1	DET1 and DDB1 associated 1	2.927	0.214
83483	PLVAP	plasmalemma vesicle associated protein	2.864	-0.997
115861	NXNL1	nucleoredoxin like 1	0.879	-0.794
55201	MAP1S	microtubule associated protein 1S	2.606	-0.477
115098	CCDC124	coiled-coil domain containing 124	3.037	0.238
23031	MAST3	microtubule associated serine/threonine kinase 3	2.396	-0.285
5296	PIK3R2	phosphoinositide-3-kinase regulatory subunit 2	2.95	0.26
10437	IFI30	IFI30 lysosomal thiol reductase	2.45	1.219
80726	IQCN	IQ motif containing N	1.466	-1.112
3727	JUND	JunD proto-oncogene, AP-1 transcription factor subunit	3.345	-0.363
25804	LSM4	LSM4 homolog, U6 small nuclear RNA and mRNA degradation associated	3.074	0.188
9518	GDF15	growth differentiation factor 15	1.228	-1.508
170463	SSBP4	single stranded DNA binding protein 4	2.647	-0.302
8178	ELL	elongation factor for RNA polymerase II	2.539	-0.412
23770	FKBP8	FKBP prolyl isomerase 8	3.58	-0.245
55049	REX1BD	required for excision 1-B domain containing	2.733	-0.661
25789	TMEM59L	transmembrane protein 59 like	1.815	-0.683
55295	KLHL26	kelch like family member 26	2.29	-0.499
23373	CRTC1	CREB regulated transcription coactivator 1	2.657	-0.359
1311	COMP	cartilage oligomeric matrix protein	2.364	-3.139
5976	UPF1	UPF1 RNA helicase and ATPase	3.334	-0.156
10715	CERS1	ceramide synthase 1	1.398	-1.47
2657	GDF1	growth differentiation factor 1	1.046	-1.51
10147	SUGP2	SURP and G-patch domain containing 2	3.554	0.141
93436	ARMC6	armadillo repeat containing 6	2.663	-0.262
54929	TMEM161A	transmembrane protein 161A	2.639	-0.378
4207	BORCS8-MEF2B	BORCS8-MEF2B readthrough	1.95	-0.36
100271849	MEF2B	myocyte enhancer factor 2B	1.47	-0.57
729991	BORCS8	BLOC-1 related complex subunit 8	2.425	-0.261
126382	NR2C2AP	nuclear receptor 2C2 associated protein	2.175	-0.241
404037	HAPLN4	hyaluronan and proteoglycan link protein 4	0.866	-1.28
53345	TM6SF2	transmembrane 6 superfamily member 2	1.185	-1.352
23383	MAU2	MAU2 sister chromatid cohesion factor	3.256	-0.425
374887	YJEFN3	YjeF N-terminal domain containing 3	2.279	-0.427
9170	LPAR2	lysophosphatidic acid receptor 2	1.514	-0.641
57130	ATP13A1	ATPase 13A1	2.853	-0.168
7561	ZNF14	zinc finger protein 14	2.237	-0.331
284440	LINC00663	long intergenic non-protein coding RNA 663	2.228	-0.391
112267872	LOC112267872		1.636	-0.25
56242	ZNF253	zinc finger protein 253	2.43	0.242
81931	ZNF93	zinc finger protein 93	1.703	0.46
91120	ZNF682	zinc finger protein 682	2.374	0.603
105372310	LOC105372310	uncharacterized LOC105372310	1.413	0.373
199777	ZNF626	zinc finger protein 626	2.224	-0.292
148203	ZNF738	zinc finger protein 738	2.112	-0.287
353088	ZNF429	zinc finger protein 429	2.438	-0.172
7594	ZNF43	zinc finger protein 43	2.459	0.25
112268249	LOC112268249		1.083	0.504
388523	ZNF728	zinc finger protein 728	1.92	0.418
100132815	IPO5P1	importin 5 pseudogene 1	2.263	-0.487
100101266	HAVCR1P1	hepatitis A virus cellular receptor 1 pseudogene 1	1.498	-0.567
105372352	UQCRFS1-DT	UQCRFS1 divergent transcript	1.224	-0.552
10775	POP4	POP4 homolog, ribonuclease P/MRP subunit	2.779	0.402
898	CCNE1	cyclin E1	1.813	0.694
8725	URI1	URI1 prefoldin like chaperone	3.143	0.258
9745	ZNF536	zinc finger protein 536	2.159	-1.062
57616	TSHZ3	teashirt zinc finger homeobox 3	2.379	-0.405
9141	PDCD5	programmed cell death 5	3.153	0.531
388531	RGS9BP	regulator of G protein signaling 9 binding protein	1.67	1.307
91442	FAAP24	FA core complex associated protein 24	1.088	0.472
85415	RHPN2	rhophilin Rho GTPase binding protein 2	1.666	0.586
55094	GPATCH1	G-patch domain containing 1	2.376	0.163
4037	LRP3	LDL receptor related protein 3	2.866	-0.461
1054	CEBPG	CCAAT enhancer binding protein gamma	2.925	0.28
9710	GARRE1	granule associated Rac and RHOG effector 1	2.981	-0.285
126374	WTIP	WT1 interacting protein	2.786	-0.578
100129800	ZNF807P	zinc finger protein 807, pseudogene	2.268	0.203
55900	ZNF302	zinc finger protein 302	3.204	0.197
339318	ZNF181	zinc finger protein 181	2.91	0.28
5349	FXYD3	FXYD domain containing ion transport regulator 3	0.952	0.634
5348	FXYD1	FXYD domain containing ion transport regulator 1	3.556	-0.657
7392	USF2	upstream transcription factor 2, c-fos interacting	3.536	0.159
933	CD22	CD22 molecule	1.114	-0.922
26330	GAPDHS	glyceraldehyde-3-phosphate dehydrogenase, spermatogenic	1.719	-0.763
100506469	TMEM147-AS1	TMEM147 antisense RNA 1	2.221	-0.407
79171	RBM42	RNA binding motif protein 42	2.969	-0.23
79713	IGFLR1	IGF like family receptor 1	1.899	0.327
199746	U2AF1L4	U2 small nuclear RNA auxiliary factor 1 like 4	2.536	-0.362
148137	PROSER3	proline and serine rich 3	2.361	-0.369
115703	ARHGAP33	Rho GTPase activating protein 33	2.419	-0.737
333	APLP1	amyloid beta precursor like protein 1	2.65	-0.545
101927572	LOC101927572	uncharacterized LOC101927572	1.051	-0.61
25999	CLIP3	CAP-Gly domain containing linker protein 3	2.417	-0.464
199745	THAP8	THAP domain containing 8	1.968	0.497
284403	WDR62	WD repeat domain 62	2.986	0.823
7705	ZNF146	zinc finger protein 146	3.155	0.267
107985304	LOC107985304	uncharacterized LOC107985304	2.446	0.352
339324	ZNF260	zinc finger protein 260	2.664	0.2
84911	ZNF382	zinc finger protein 382	2.585	0.234
92283	ZNF461	zinc finger protein 461	2.259	-0.188
163081	ZNF567	zinc finger protein 567	2.214	0.268
388536	ZNF790	zinc finger protein 790	2.237	0.19
92285	ZNF585B	zinc finger protein 585B	2.698	-0.165
101927720	ZNF793-AS1	ZNF793 antisense RNA 1 (head to head)	1.985	0.562
100507433	ZNF571-AS1	ZNF571 antisense RNA 1	2.119	-0.558
163255	ZNF540	zinc finger protein 540	2.509	-0.295
644554	LOC644554	uncharacterized LOC644554	1.922	0.349
10653	SPINT2	serine peptidase inhibitor, Kunitz type 2	2.255	-0.895
64073	C19orf33	chromosome 19 open reading frame 33	1.463	0.857
9424	KCNK6	potassium two pore domain channel subfamily K member 6	2.755	-0.768
57828	CATSPERG	cation channel sperm associated auxiliary subunit gamma	1.257	-0.536
5714	PSMD8	proteasome 26S subunit, non-ATPase 8	3.846	0.349
147965	FAM98C	family with sequence similarity 98 member C	2.288	-0.348
81	ACTN4	actinin alpha 4	3.62	-0.247
107985291	LOC107985291	uncharacterized LOC107985291	1.456	-0.529
147968	CAPN12	calpain 12	2.254	-0.771
3960	LGALS4	galectin 4	1.363	-1.369
3191	HNRNPL	heterogeneous nuclear ribonucleoprotein L	3.425	-0.182
22933	SIRT2	sirtuin 2	3.348	0.25
6183	MRPS12	mitochondrial ribosomal protein S12	2.821	0.279
115290	FBXO17	F-box protein 17	1.975	-0.615
10298	PAK4	p21 (RAC1) activated kinase 4	2.649	-0.219
57622	LRFN1	leucine rich repeat and fibronectin type III domain containing 1	1.106	-0.535
55095	SAMD4B	sterile alpha motif domain containing 4B	3.242	-0.282
7538	ZFP36	ZFP36 ring finger protein	3.362	-0.746
9149	DYRK1B	dual specificity tyrosine phosphorylation regulated kinase 1B	2.903	-0.703
8857	FCGBP	Fc gamma binding protein	2.11	2.132
339327	ZNF546	zinc finger protein 546	2.427	-0.309
4294	MAP3K10	mitogen-activated protein kinase kinase kinase 10	2.665	0.344
208	AKT2	AKT serine/threonine kinase 2	3.509	0.077
126526	C19orf47	chromosome 19 open reading frame 47	3.359	0.303
23646	PLD3	phospholipase D family member 3	3.519	-0.285
147746	HIPK4	homeodomain interacting protein kinase 4	1.273	-0.592
8425	LTBP4	latent transforming growth factor beta binding protein 4	3.981	-1.478
9253	NUMBL	NUMB like endocytic adaptor protein	2.635	-0.286
100529262	MIA-RAB4B	MIA-RAB4B readthrough (NMD candidate)	2.1	-0.264
100529264	RAB4B-EGLN2	RAB4B-EGLN2 readthrough (NMD candidate)	2.781	0.201
53916	RAB4B	RAB4B, member RAS oncogene family	2.088	-0.239
112398	EGLN2	egl-9 family hypoxia inducible factor 2	2.73	0.25
55101	DMAC2	distal membrane arm assembly component 2	3.403	0.237
1089	CEACAM4	CEA cell adhesion molecule 4	1.521	-1.261
10567	RABAC1	Rab acceptor 1	2.729	-0.314
2901	GRIK5	glutamate ionotropic receptor kainate type subunit 5	2.078	0.62
64763	ZNF574	zinc finger protein 574	2.453	-0.245
2077	ERF	ETS2 repressor factor	2.959	-0.414
1954	MEGF8	multiple EGF like domains 8	3.545	-0.213
57126	CD177	CD177 molecule	1.13	1.266
126298	IRGQ	immunity related GTPase Q	3.121	-0.28
126299	ZNF428	zinc finger protein 428	2.63	-0.316
199731	CADM4	cell adhesion molecule 4	2.439	0.484
7596	ZNF45	zinc finger protein 45	2.479	0.166
7638	ZNF221	zinc finger protein 221	1.617	0.296
101928063	ZNF230-DT	ZNF230 divergent transcript	1.816	0.273
10780	ZNF234	zinc finger protein 234	2.597	0.268
7770	ZNF227	zinc finger protein 227	2.476	0.166
353355	ZNF233	zinc finger protein 233	2.371	0.428
7771	ZNF112	zinc finger protein 112	2.291	0.317
26974	ZNF285	zinc finger protein 285	2.167	0.341
7772	ZNF229	zinc finger protein 229	2.43	0.412
5817	PVR	PVR cell adhesion molecule	3.251	0.83
4059	BCAM	basal cell adhesion molecule (Lutheran blood group)	3.539	-0.438
10452	TOMM40	translocase of outer mitochondrial membrane 40	2.969	0.159
1209	CLPTM1	CLPTM1 regulator of GABA type A receptor forward trafficking	3.464	0.191
79090	TRAPPC6A	trafficking protein particle complex subunit 6A	2.22	-0.406
388552	BLOC1S3	biogenesis of lysosomal organelles complex 1 subunit 3	2.176	-0.435
90332	EXOC3L2	exocyst complex component 3 like 2	1.607	-1.065
1158	CKM	creatine kinase, M-type	4.997	0.448
147700	KLC3	kinesin light chain 3	1.337	0.315
10849	POLR1G	RNA polymerase I subunit G	2.549	0.294
2067	ERCC1	ERCC excision repair 1, endonuclease non-catalytic subunit	3.338	0.374
6253	RTN2	reticulon 2	2.469	0.484
7408	VASP	vasodilator stimulated phosphoprotein	3.011	0.251
80207	OPA3	outer mitochondrial membrane lipid metabolism regulator OPA3	3.184	0.357
24139	EML2	EMAP like 2	2.983	-0.371
147912	SIX5	SIX homeobox 5	2.765	-0.263
109729182	DM1-AS	DM1 locus antisense RNA	2.762	0.388
1760	DMPK	DM1 protein kinase	3.956	0.311
8189	SYMPK	symplekin scaffold protein	3.093	-0.277
26145	IRF2BP1	interferon regulatory factor 2 binding protein 1	2.64	-0.279
339344	MYPOP	Myb related transcription factor, partner of profilin	2.387	0.385
4858	NOVA2	NOVA alternative splicing regulator 2	2.516	-0.482
729440	CCDC61	coiled-coil domain containing 61	2.203	-0.238
5536	PPP5C	protein phosphatase 5 catalytic subunit	3.34	0.142
105372426	LOC105372426	uncharacterized LOC105372426	2.071	-0.575
57469	PNMA8B	PNMA family member 8B	1.773	-0.843
94235	GNG8	G protein subunit gamma 8	1.359	-0.711
25865	PRKD2	protein kinase D2	2.69	-0.421
79147	FKRP	fukutin related protein	2.824	-0.319
2909	ARHGAP35	Rho GTPase activating protein 35	3.662	0.199
54958	TMEM160	transmembrane protein 160	2.098	-1.113
23211	ZC3H4	zinc finger CCCH-type containing 4	2.891	-0.263
255783	INAFM1	InaF motif containing 1	2.225	-0.577
105372427	LOC105372427		1.606	-1.775
11133	KPTN	kaptin, actin binding protein	2.105	0.297
100505681	NAPA-AS1	NAPA antisense RNA 1	2.26	0.323
84215	ZNF541	zinc finger protein 541	1.742	-0.935
29998	BICRA	BRD4 interacting chromatin remodeling complex associated protein	2.521	-0.27
29997	NOP53	NOP53 ribosome biogenesis factor	3.505	-0.219
106144593	NOP53-AS1	NOP53 antisense RNA 1	1.158	-1.072
56344	CABP5	calcium binding protein 5	2.07	-0.785
8605	PLA2G4C	phospholipase A2 group IVC	3.007	-0.392
106144526	PLA2G4C-AS1	PLA2G4C antisense RNA 1	1.812	-0.427
3978	LIG1	DNA ligase 1	2.149	-0.272
100505812	CARD8-AS1	CARD8 antisense RNA 1	1.811	0.279
2014	EMP3	epithelial membrane protein 3	2.664	0.4
107984140	LOC107984140		1.192	-1.511
770	CA11	carbonic anhydrase 11	2.047	0.702
126147	NTN5	netrin 5	1.022	-1.033
54922	RASIP1	Ras interacting protein 1	2.85	-0.823
2523	FUT1	fucosyltransferase 1 (H blood group)	2.204	-0.73
51171	HSD17B14	hydroxysteroid 17-beta dehydrogenase 14	1.759	-0.685
23645	PPP1R15A	protein phosphatase 1 regulatory subunit 15A	3.541	-0.434
100874085	NUCB1-AS1	NUCB1 antisense RNA 1	2.5	0.238
2512	FTL	ferritin light chain	4.097	0.565
3743	KCNA7	potassium voltage-gated channel subfamily A member 7	1.532	2.287
64130	LIN7B	lin-7 homolog B, crumbs cell polarity complex component	2.327	-0.275
8541	PPFIA3	PTPRF interacting protein alpha 3	2.001	-0.567
54795	TRPM4	transient receptor potential cation channel subfamily M member 4	3.026	-0.548
8463	TEAD2	TEA domain transcription factor 2	3.129	0.665
57030	SLC17A7	solute carrier family 17 member 7	1.839	0.382
6205	RPS11	ribosomal protein S11	4.034	0.205
2217	FCGRT	Fc gamma receptor and transporter	3.179	-0.406
5639	PRRG2	proline rich and Gla domain 2	1.019	0.758
57479	PRR12	proline rich 12	2.875	-0.19
58506	SCAF1	SR-related CTD associated factor 1	3.127	-0.433
3661	IRF3	interferon regulatory factor 3	2.859	-0.229
60385	TSKS	testis specific serine kinase substrate	1.281	-0.557
100506033	PTOV1-AS1	PTOV1 antisense RNA 1	2.309	0.293
101928378	PTOV1-AS2	PTOV1 antisense RNA 2	2.547	-0.185
84335	AKT1S1	AKT1 substrate 1	3.057	0.218
79735	TBC1D17	TBC1 domain family member 17	3.173	-0.298
259307	IL4I1	interleukin 4 induced 1	1.49	0.39
114132	SIGLEC11	sialic acid binding Ig like lectin 11	1.289	0.695
400709	SIGLEC16	sialic acid binding Ig like lectin 16	1.452	0.96
3748	KCNC3	potassium voltage-gated channel subfamily C member 3	2.085	0.291
256236	NAPSB	napsin B aspartic peptidase, pseudogene	1.33	-1.296
284361	EMC10	ER membrane protein complex subunit 10	3.586	-0.459
342918	C19orf81	chromosome 19 open reading frame 81	0.874	-0.956
50944	SHANK1	SH3 and multiple ankyrin repeat domains 1	1.068	-0.833
6320	CLEC11A	C-type lectin domain containing 11A	2.1	-0.93
84798	C19orf48	multidrug resistance-related protein	2.136	-0.398
90353	CTU1	cytosolic thiouridylase subunit 1	1.684	-0.549
27180	SIGLEC9	sialic acid binding Ig like lectin 9	1.507	1.147
27036	SIGLEC7	sialic acid binding Ig like lectin 7	1.119	0.707
945	CD33	CD33 molecule	1.745	0.555
125875	CLDND2	claudin domain containing 2	1.486	-0.522
4818	NKG7	natural killer cell granule protein 7	1.569	-1.345
946	SIGLEC6	sialic acid binding Ig like lectin 6	0.91	-0.861
147650	SPACA6	sperm acrosome associated 6	2.206	0.328
84765	ZNF577	zinc finger protein 577	2.784	0.213
79898	ZNF613	zinc finger protein 613	2.201	0.183
5518	PPP2R1A	protein phosphatase 2 scaffold subunit Aalpha	4.026	-0.451
147657	ZNF480	zinc finger protein 480	2.769	0.401
84436	ZNF528	zinc finger protein 528	2.788	-0.245
147658	ZNF534	zinc finger protein 534	1.342	-0.601
147660	ZNF578	zinc finger protein 578	2.019	-0.812
125893	ZNF816	zinc finger protein 816	2.057	0.199
4696	NDUFA3	NADH:ubiquinone oxidoreductase subunit A3	3.374	0.274
29844	TFPT	TCF3 fusion partner	2.327	0.216
147798	TMC4	transmembrane channel like 4	2.021	-0.486
79042	TSEN34	tRNA splicing endonuclease subunit 34	2.681	-0.404
6203	RPS9	ribosomal protein S9	3.72	-0.194
79168	LILRA6	leukocyte immunoglobulin like receptor A6	1.746	0.667
104355426	LENG8-AS1	LENG8 antisense RNA 1	1.676	-0.291
114823	LENG8	leukocyte receptor cluster member 8	3.852	-0.415
94059	LENG9	leukocyte receptor cluster member 9	2.419	-0.418
148170	CDC42EP5	CDC42 effector protein 5	1.999	-0.544
10859	LILRB1	leukocyte immunoglobulin like receptor B1	1.751	0.459
112724	RDH13	retinol dehydrogenase 13	2.92	-0.251
7138	TNNT1	troponin T1, slow skeletal type	3.519	-0.505
352909	DNAAF3	dynein axonemal assembly factor 3	2.871	-1.749
101930593	DNAAF3-AS1	DNAAF3 antisense RNA 1	2.242	-1.716
5794	PTPRH	protein tyrosine phosphatase receptor type H	1.945	-1.226
255043	TMEM86B	transmembrane protein 86B	1.674	-0.7
22870	PPP6R1	protein phosphatase 6 regulatory subunit 1	3.235	0.185
23640	HSPBP1	HSPA (Hsp70) binding protein 1	2.783	-0.273
84446	BRSK1	BR serine/threonine kinase 1	2.213	-1.292
84787	KMT5C	lysine methyltransferase 5C	2.133	-0.41
57106	NAT14	N-acetyltransferase 14 (putative)	1.967	-0.412
284297	SSC5D	scavenger receptor cysteine rich family member with 5 domains	2.716	-1.774
147807	ZNF524	zinc finger protein 524	2.323	0.235
107983998	LOC107983998	uncharacterized LOC107983998	2.143	-0.544
51157	ZNF580	zinc finger protein 580	2.627	-0.375
29924	EPN1	epsin 1	3.647	0.347
55311	ZNF444	zinc finger protein 444	2.75	-0.3
79149	ZSCAN5A	zinc finger and SCAN domain containing 5A	1.977	0.435
112268243	ZSCAN5A-AS1	ZSCAN5A antisense RNA 1	0.935	-0.954
100128252	ZNF667-AS1	ZNF667 antisense RNA 1 (head to head)	2.656	-0.177
101928982	ZFP28-DT	ZFP28 divergent transcript	1.102	-0.709
388566	ZNF470	zinc finger protein 470	2.358	-0.184
58491	ZNF71	zinc finger protein 71	2.274	0.192
23619	ZIM2	zinc finger imprinted 2	1.128	0.799
9422	ZNF264	zinc finger protein 264	2.737	-0.361
6795	AURKC	aurora kinase C	1.64	-0.46
390980	ZNF805	zinc finger protein 805	2.524	-0.417
105372476	ZNF460-AS1	ZNF460 antisense RNA 1	1.186	-0.409
10794	ZNF460	zinc finger protein 460	1.709	-0.475
57343	ZNF304	zinc finger protein 304	2.757	-0.183
147694	ZNF548	zinc finger protein 548	2.637	-0.26
256051	ZNF549	zinc finger protein 549	2.315	-0.283
90233	ZNF551	zinc finger protein 551	2.298	-0.211
2282	FKBP1AP1	FKBP prolyl isomerase 1A pseudogene 1	2.214	0.51
100874260	UBE2CP5	ubiquitin conjugating enzyme E2 C pseudogene 5	1.943	-0.231
730051	ZNF814	zinc finger protein 814	2.556	-0.36
65982	ZSCAN18	zinc finger and SCAN domain containing 18	3.319	-0.609
79673	ZNF329	zinc finger protein 329	2.539	0.171
10782	ZNF274	zinc finger protein 274	2.953	-0.204
105372482	ZNF8-DT	ZNF8 divergent transcript	2.066	0.282
7554	ZNF8	zinc finger protein 8	2.554	-0.192
108903150	ZNF8-ERVK3-1	ZNF8-ERVK3-1 readthrough	2.558	0.136
1	A1BG	alpha-1-B glycoprotein	1.325	-0.667
162968	ZNF497	zinc finger protein 497	1.344	-0.624
113218487	MIR10394	microRNA 10394	2.609	-0.298
7691	ZNF132	zinc finger protein 132	2.342	-0.201
388569	ZNF324B	zinc finger protein 324B	1.865	-0.348
84878	ZBTB45	zinc finger and BTB domain containing 45	2.341	-0.42
10155	TRIM28	tripartite motif containing 28	3.419	-0.201
100131691	MZF1-AS1	MZF1 antisense RNA 1	1.877	0.32
7593	MZF1	myeloid zinc finger 1	2.48	-0.416
65996	CENPBD2P	CENPB DNA-binding domains containing 2, pseudogene	2.731	0.19
85364	ZCCHC3	zinc finger CCHC-type containing 3	2.706	-0.177
6666	SOX12	SRY-box transcription factor 12	2.556	0.864
10616	RBCK1	RANBP2-type and C3HC4-type zinc finger containing 1	3.216	-0.144
1457	CSNK2A1	casein kinase 2 alpha 1	3.509	0.207
140809	SRXN1	sulfiredoxin 1	3.105	0.336
400831	C20orf202	chromosome 20 open reading frame 202	1.002	0.875
100507495	SDCBP2-AS1	SDCBP2 antisense RNA 1	2.124	0.392
107984088	LOC107984088	uncharacterized LOC107984088	1.051	-0.75
102724545	LOC102724545	uncharacterized LOC102724545	1.388	-1.143
100134015	UBOX5-AS1	UBOX5 antisense RNA 1	1.168	-0.689
22888	UBOX5	U-box domain containing 5	2.339	-0.449
60493	FASTKD5	FAST kinase domains 5	3.078	0.405
9762	LZTS3	leucine zipper tumor suppressor family member 3	2.838	0.603
65992	DDRGK1	DDRGK domain containing 1	2.82	0.375
8455	ATRN	attractin	3.374	0.162
1059	CENPB	centromere protein B	3.238	-0.204
57506	MAVS	mitochondrial antiviral signaling protein	3.691	0.302
80025	PANK2	pantothenate kinase 2	2.819	0.171
54498	SMOX	spermine oxidase	2.034	-0.367
5621	PRNP	prion protein	3.846	0.2
9962	SLC23A2	solute carrier family 23 member 2	2.819	-0.358
5111	PCNA	proliferating cell nuclear antigen	2.727	0.377
56261	GPCPD1	glycerophosphocholine phosphodiesterase 1	3.071	-0.833
1114	CHGB	chromogranin B	2.385	0.682
51605	TRMT6	tRNA methyltransferase 6 non-catalytic subunit	2.561	0.319
84515	MCM8	minichromosome maintenance 8 homologous recombination repair factor	2.605	0.482
54675	CRLS1	cardiolipin synthase 1	3.31	0.251
164312	LRRN4	leucine rich repeat neuronal 4	2.009	0.649
650	BMP2	bone morphogenetic protein 2	2.213	-0.979
56255	TMX4	thioredoxin related transmembrane protein 4	3.693	0.415
24141	LAMP5	lysosomal associated membrane protein family member 5	0.899	-2.029
8195	MKKS	MKKS centrosomal shuttling protein	3.186	0.498
55617	TASP1	taspase 1	2.247	-0.184
51575	ESF1	ESF1 nucleolar pre-rRNA processing protein homolog	2.694	0.221
79133	NDUFAF5	NADH:ubiquinone oxidoreductase complex assembly factor 5	2.949	0.198
140733	MACROD2	mono-ADP ribosylhydrolase 2	1.83	0.462
55614	KIF16B	kinesin family member 16B	2.802	0.298
6629	SNRPB2	small nuclear ribonucleoprotein polypeptide B2	2.871	0.255
5126	PCSK2	proprotein convertase subtilisin/kexin type 2	1.848	-1.098
11034	DSTN	destrin, actin depolymerizing factor	4.193	0.206
92667	MGME1	mitochondrial genome maintenance exonuclease 1	2.697	0.282
100303755	PET117	PET117 cytochrome c oxidase chaperone	2.246	0.362
57325	KAT14	lysine acetyltransferase 14	2.756	0.206
55184	DZANK1	double zinc ribbon and ankyrin repeat domains 1	1.675	-0.245
51126	NAA20	N-alpha-acetyltransferase 20, NatB catalytic subunit	3.087	0.177
57186	RALGAPA2	Ral GTPase activating protein catalytic subunit alpha 2	2.962	0.333
55857	KIZ	kizuna centrosomal protein	2.831	0.248
22803	XRN2	5'-3' exoribonuclease 2	3.193	0.322
7056	THBD	thrombomodulin	3.071	-0.616
63908	NAPB	NSF attachment protein beta	2.53	-0.201
79953	SYNDIG1	synapse differentiation inducing 1	2.923	-0.324
30813	VSX1	visual system homeobox 1	1.212	-0.734
955	ENTPD6	ectonucleoside triphosphate diphosphohydrolase 6	3.472	0.449
5834	PYGB	glycogen phosphorylase B	4.119	-0.362
22981	NINL	ninein like	2.505	0.64
26152	ZNF337	zinc finger protein 337	2.875	-0.205
107985400	LOC107985400	uncharacterized LOC107985400	1.716	-0.592
101926935	LOC101926935	uncharacterized LOC101926935	1.447	-0.521
81502	HM13	histocompatibility minor 13	2.97	0.176
3397	ID1	inhibitor of DNA binding 1	3.328	-0.423
84701	COX4I2	cytochrome c oxidase subunit 4I2	2.306	-0.296
22974	TPX2	TPX2 microtubule nucleation factor	1.583	1.436
128853	DUSP15	dual specificity phosphatase 15	1.847	-1.282
140706	CCM2L	CCM2 like scaffold protein	2.529	-0.352
3055	HCK	HCK proto-oncogene, Src family tyrosine kinase	2.098	0.522
107985403	LOC107985403		1.906	-0.324
128854	TSPY26P	testis specific protein Y-linked 26, pseudogene	1.314	-1.149
5326	PLAGL2	PLAG1 like zinc finger 2	2.776	-0.331
23509	POFUT1	protein O-fucosyltransferase 1	3.202	0.122
100302183	MIR1825	microRNA 1825	1.537	0.315
149951	COMMD7	COMM domain containing 7	3.026	0.186
1789	DNMT3B	DNA methyltransferase 3 beta	1.802	-0.361
388795	EFCAB8	EF-hand calcium binding domain 8	2.019	-0.567
63941	NECAB3	N-terminal EF-hand calcium binding protein 3	3.163	-0.449
11264	PXMP4	peroxisomal membrane protein 4	2.646	-0.21
128866	CHMP4B	charged multivesicular body protein 4B	3.565	0.283
101926888	RALY-AS1	RALY antisense RNA 1	0.841	-0.667
22913	RALY	RALY heterogeneous nuclear ribonucleoprotein	3.42	0.217
8894	EIF2S2	eukaryotic translation initiation factor 2 subunit beta	3.26	0.48
191	AHCY	adenosylhomocysteinase	3.34	0.436
83737	ITCH	itchy E3 ubiquitin protein ligase	3.213	0.229
83658	DYNLRB1	dynein light chain roadblock-type 1	3.383	0.186
23054	NCOA6	nuclear receptor coactivator 6	3.126	0.151
55902	ACSS2	acyl-CoA synthetase short chain family member 2	3.537	0.439
26133	TRPC4AP	transient receptor potential cation channel subfamily C member 4 associated protein	3.311	-0.182
10544	PROCR	protein C receptor	2.353	0.435
10893	MMP24	matrix metallopeptidase 24	2.15	-0.338
11190	CEP250	centrosomal protein 250	2.798	0.435
102725201	CEP250-AS1	CEP250 antisense RNA 1	1.202	0.316
8904	CPNE1	copine 1	3.089	-0.129
51282	SCAND1	SCAN domain containing 1	2.686	-0.513
25980	AAR2	AAR2 splicing factor	2.838	-0.185
22839	DLGAP4	DLG associated protein 4	3.312	-0.462
10398	MYL9	myosin light chain 9	4.557	0.195
60436	TGIF2	TGFB induced factor homeobox 2	2.426	-0.263
100527943	TGIF2-RAB5IF	TGIF2-RAB5IF readthrough	2.617	0.297
55969	RAB5IF	RAB5 interacting factor	2.672	0.244
57446	NDRG3	NDRG family member 3	3.178	0.21
5933	RBL1	RB transcriptional corepressor like 1	2.192	0.218
6185	RPN2	ribophorin II	3.543	0.42
56259	CTNNBL1	catenin beta like 1	2.982	0.328
85449	KIAA1755	KIAA1755	2.496	-1.185
388796	SNHG17	small nucleolar RNA host gene 17	2.059	-0.426
128439	SNHG11	small nucleolar RNA host gene 11	2.079	-0.253
57148	RALGAPB	Ral GTPase activating protein non-catalytic subunit beta	3.274	0.221
101927117	PLCG1-AS1	PLCG1 antisense RNA 1	1.942	0.219
5335	PLCG1	phospholipase C gamma 1	3.423	-0.143
23051	ZHX3	zinc fingers and homeoboxes 3	3.195	0.253
90187	EMILIN3	elastin microfibril interfacer 3	2.666	-0.841
11122	PTPRT	protein tyrosine phosphatase receptor type T	1.423	-1.283
6431	SRSF6	serine and arginine rich splicing factor 6	3.534	-0.271
10110	SGK2	serum/glucocorticoid regulated kinase 2	1.055	0.827
51098	IFT52	intraflagellar transport 52	2.311	-0.301
4605	MYBL2	MYB proto-oncogene like 2	0.977	1.101
140730	RIMS4	regulating synaptic membrane exocytosis 4	0.949	-2.148
80336	PABPC1L	poly(A) binding protein cytoplasmic 1 like	2.204	-0.471
10953	TOMM34	translocase of outer mitochondrial membrane 34	2.609	-0.273
6385	SDC4	syndecan 4	3.455	-0.443
767557	SYS1-DBNDD2	SYS1-DBNDD2 readthrough (NMD candidate)	3.476	0.295
55861	DBNDD2	dysbindin domain containing 2	3.494	0.288
107985405	LOC107985405	uncharacterized LOC107985405	2.257	-0.334
7125	TNNC2	troponin C2, fast skeletal type	0.94	-0.657
140831	ZSWIM3	zinc finger SWIM-type containing 3	1.881	-0.245
90204	ZSWIM1	zinc finger SWIM-type containing 1	2.48	-0.19
63935	PCIF1	phosphorylated CTD interacting factor 1	2.98	-0.326
64405	CDH22	cadherin 22	1.292	1.476
63916	ELMO2	engulfment and cell motility 2	3.045	0.222
102723442	LINC01754	long intergenic non-protein coding RNA 1754	1.274	-1.666
57169	ZNFX1	zinc finger NFX1-type containing 1	3.243	-0.11
101927486	LOC101927486	uncharacterized LOC101927486	0.923	-0.854
23315	SLC9A8	solute carrier family 9 member A8	2.794	-0.331
6615	SNAI1	snail family transcriptional repressor 1	1.839	-1.056
387522	PEDS1-UBE2V1	PEDS1-UBE2V1 readthrough	3.099	0.412
7335	UBE2V1	ubiquitin conjugating enzyme E2 V1	3.076	0.404
387521	PEDS1	plasmanylethanolamine desaturase 1	2.804	0.527
101927512	LINC01275	long intergenic non-protein coding RNA 1275	1.327	0.644
284751	LINC01270	long intergenic non-protein coding RNA 1270	1.399	-0.566
101927586	LINC01271	long intergenic non-protein coding RNA 1271	1.116	-0.781
5770	PTPN1	protein tyrosine phosphatase non-receptor type 1	3.294	-0.433
140876	RIPOR3	RIPOR family member 3	2.864	0.717
55653	BCAS4	breast carcinoma amplified sequence 4	1.592	-0.494
4773	NFATC2	nuclear factor of activated T cells 2	2.351	-0.418
5203	PFDN4	prefoldin subunit 4	2.455	0.382
55816	DOK5	docking protein 5	2.466	-1.004
116151	FAM210B	family with sequence similarity 210 member B	3.423	0.469
6790	AURKA	aurora kinase A	2.23	0.503
57091	CASS4	Cas scaffold protein family member 4	1.495	-0.486
655	BMP7	bone morphogenetic protein 7	2.194	2.142
55544	RBM38	RNA binding motif protein 38	3.213	0.355
5105	PCK1	phosphoenolpyruvate carboxykinase 1	1.452	2.188
81030	ZBP1	Z-DNA binding protein 1	1.085	-0.91
105416157	NKILA	NF-kappaB interacting lncRNA	1.792	-0.397
164284	APCDD1L	APC down-regulated 1 like	1.638	-2.094
100534593	STX16-NPEPL1	STX16-NPEPL1 readthrough (NMD candidate)	2.987	-0.171
8675	STX16	syntaxin 16	3.334	-0.422
79716	NPEPL1	aminopeptidase like 1	2.747	-0.315
2778	GNAS	GNAS complex locus	4.54	-0.118
1522	CTSZ	cathepsin Z	3.589	0.414
514	ATP5F1E	ATP synthase F1 subunit epsilon	3.513	0.283
100533975	SLMO2-ATP5E	SLMO2-ATP5E readthrough	3.529	0.288
128611	ZNF831	zinc finger protein 831	1.062	-1.032
116154	PHACTR3	phosphatase and actin regulator 3	2.091	1.533
10388	SYCP2	synaptonemal complex protein 2	2	0.455
60437	CDH26	cadherin 26	1.664	0.382
149986	LSM14B	LSM family member 14B	3.151	0.281
81928	CABLES2	Cdk5 and Abl enzyme substrate 2	2.618	0.264
140628	GATA5	GATA binding protein 5	1.605	1.28
253868	CRMA	cardiomyocyte maturation associated lncRNA	2.955	-0.642
128826	MIR1-1HG	MIR1-1 host gene	2.575	-0.596
55257	MRGBP	MRG domain binding protein	2.556	0.215
100132911	DPH3P1	diphthamide biosynthesis 3 pseudogene 1	1.647	-0.413
105372717	LOC105372717	uncharacterized LOC105372717	1.135	-0.736
63910	SLC17A9	solute carrier family 17 member 9	1.615	0.649
768096	HAR1A	highly accelerated region 1A	0.889	-1.987
55738	ARFGAP1	ADP ribosylation factor GTPase activating protein 1	3.049	-0.212
79144	PPDPF	pancreatic progenitor cell differentiation and proliferation factor	3.673	-1.061
5753	PTK6	protein tyrosine kinase 6	0.977	-0.604
85441	HELZ2	helicase with zinc finger 2	2.801	-0.734
50861	STMN3	stathmin 3	2.291	-0.763
8771	TNFRSF6B	TNF receptor superfamily member 6b	1.527	-0.464
84619	ZGPAT	zinc finger CCCH-type and G-patch domain containing	2.634	0.179
54923	LIME1	Lck interacting transmembrane adaptor 1	2.081	-0.364
140685	ZBTB46	zinc finger and BTB domain containing 46	2.81	-0.246
140701	ABHD16B	abhydrolase domain containing 16B	1.918	-0.492
57473	ZNF512B	zinc finger protein 512B	2.934	-0.225
140700	SAMD10	sterile alpha motif domain containing 10	2.015	0.3
6919	TCEA2	transcription elongation factor A2	2.737	-0.661
54345	SOX18	SRY-box transcription factor 18	2.9	-0.785
102723996	LOC102723996	ICOS ligand	2.081	-0.684
105379487	LINC01670	long intergenic non-protein coding RNA 1670	0.967	-1.039
102724219	LOC102724219	uncharacterized LOC102724219	2.052	-0.57
102724334	LOC102724334	histone H2B type F-S-like	1.246	0.436
102724428	LOC102724428	salt inducible kinase 1B (putative)	2.899	-1.218
102724701	LOC102724701	uncharacterized LOC102724701	2.152	-0.677
102724843	LOC102724843	uncharacterized LOC102724843	2.209	-0.7
105379493	CH507-145C22.1	uncharacterized CH507-145C22.1	1.225	-1.259
102724560	LOC102724560	cystathionine beta-synthase like	2.283	0.94
105379499	LOC105379499	uncharacterized LOC105379499	1.282	-1.237
102723360	LOC102723360	uncharacterized LOC102723360	2.059	-0.588
102723553	LOC102723553	small integral membrane protein 11B	2.43	0.182
109864282	RNA28SN2	RNA, 28S ribosomal N2	3.599	-0.7
105379506	LOC105379506		0.937	-0.815
102723570	CDC27P9	cell division cycle 27 pseudogene 9	0.953	-1.069
109910382	RNA28SN3	RNA, 28S ribosomal N3	3.571	-0.702
105379508	LOC105379508		0.941	-0.896
102723584	CDC27P10	cell division cycle 27 pseudogene 10	0.944	-1.066
106632264	RNA28SN1	RNA, 28S ribosomal N1	3.605	-0.691
105379507	LOC105379507	uncharacterized LOC105379507	0.945	-0.89
102723603	CDC27P11	cell division cycle 27 pseudogene 11	1.073	-1.138
101930100	LOC101930100	uncharacterized LOC101930100	1.212	-0.452
85319	BAGE2	BAGE family member 2, pseudogene	0.87	0.736
107987295	LINC02246	long intergenic non-protein coding RNA 2246	1.659	0.321
29761	USP25	ubiquitin specific peptidase 25	3.289	0.39
54149	C21orf91	chromosome 21 open reading frame 91	2.581	-0.592
140578	CHODL	chondrolectin	1.025	-0.812
54148	MRPL39	mitochondrial ribosomal protein L39	3.032	0.277
522	ATP5PF	ATP synthase peripheral stalk subunit F6	4.048	0.465
351	APP	amyloid beta precursor protein	4.276	-0.172
107985474	LOC107985474	uncharacterized LOC107985474	0.955	0.707
116159	CYYR1	cysteine and tyrosine rich 1	3.027	0.41
9510	ADAMTS1	ADAM metallopeptidase with thrombospondin type 1 motif 1	3.472	-0.513
10069	RWDD2B	RWD domain containing 2B	2.699	0.344
10600	USP16	ubiquitin specific peptidase 16	3.195	0.184
10694	CCT8	chaperonin containing TCP1 subunit 8	3.54	0.207
56911	MAP3K7CL	MAP3K7 C-terminal like	2.418	-2.021
193629	LINC00189	long intergenic non-protein coding RNA 189	1.434	-0.962
7074	TIAM1	TIAM Rac1 associated GEF 1	1.842	-0.57
6647	SOD1	superoxide dismutase 1	3.814	0.248
84996	URB1-AS1	URB1 antisense RNA 1 (head to head)	2.17	0.353
110091775	CFAP298-TCP10L	CFAP298-TCP10L readthrough	2.354	0.166
3454	IFNAR1	interferon alpha and beta receptor subunit 1	3.096	0.212
757	TMEM50B	transmembrane protein 50B	3.191	-0.275
54943	DNAJC28	DnaJ heat shock protein family (Hsp40) member C28	2.134	0.801
2618	GART	phosphoribosylglycinamide formyltransferase, phosphoribosylglycinamide synthetase, phosphoribosylaminoimidazole synthetase	3.097	0.213
107985481	LOC107985481		2.311	0.271
6453	ITSN1	intersectin 1	3.227	0.448
539	ATP5PO	ATP synthase peripheral stalk subunit OSCP	4.125	0.252
101928126	LOC101928126	uncharacterized LOC101928126	1.606	1.042
64968	MRPS6	mitochondrial ribosomal protein S6	2.791	0.508
114036	LINC00310	long intergenic non-protein coding RNA 310	0.981	0.764
54065	SMIM11	small integral membrane protein 11	2.268	0.353
1827	RCAN1	regulator of calcineurin 1	3.485	-0.758
54093	SETD4	SET domain containing 4	2.603	-0.185
100133286	CBR1-AS1	CBR1 antisense RNA 1	1.686	0.428
873	CBR1	carbonyl reductase 1	2.629	0.578
100506428	CBR3-AS1	CBR3 antisense RNA 1	2.095	-0.291
9980	DOP1B	DOP1 leucine zipper like protein B	2.733	0.573
23515	MORC3	MORC family CW-type zinc finger 3	2.937	0.256
3141	HLCS	holocarboxylase synthetase	2.505	0.494
10311	VPS26C	VPS26 endosomal protein sorting factor C	3.213	0.218
2078	ERG	ETS transcription factor ERG	2.84	0.257
102724740	LINC02940	long intergenic non-protein coding RNA 2940	1.292	0.795
8624	PSMG1	proteasome assembly chaperone 1	2.518	0.198
103091865	BRWD1-AS2	BRWD1 antisense RNA 2	1.043	-0.487
3150	HMGN1	high mobility group nucleosome binding domain 1	3.175	-0.561
7485	GET1	guided entry of tail-anchored proteins factor 1	2.571	-0.395
150082	LCA5L	lebercilin LCA5 like	1.366	-0.487
10317	B3GALT5	beta-1,3-galactosyltransferase 5	1.239	-2.134
5121	PCP4	Purkinje cell protein 4	1.706	0.642
49854	ZBTB21	zinc finger and BTB domain containing 21	2.449	-0.446
7033	TFF3	trefoil factor 3	1.462	-0.927
101928284	PDE9A-AS1	PDE9A antisense RNA 1	1.239	-1.073
4731	NDUFV3	NADH:ubiquinone oxidoreductase subunit V3	3.424	0.461
5316	PKNOX1	PBX/knotted 1 homeobox 1	2.542	-0.376
875	CBS	cystathionine beta-synthase	2.296	0.974
101928399	LINC01679	long intergenic non-protein coding RNA 1679	1.537	-0.578
150094	SIK1	salt inducible kinase 1	2.846	-1.293
54145	H2BC12L	H2B clustered histone 12 like	1.246	0.446
105372824	LOC105372824	uncharacterized LOC105372824	1.169	-0.923
1476	CSTB	cystatin B	3.226	0.457
56894	AGPAT3	1-acylglycerol-3-phosphate O-acyltransferase 3	3.522	0.353
7109	TRAPPC10	trafficking protein particle complex subunit 10	2.969	0.217
23308	ICOSLG	inducible T cell costimulator ligand	2.217	-0.626
5211	PFKL	phosphofructokinase, liver type	3.235	-0.376
755	CFAP410	cilia and flagella associated protein 410	2.603	-0.503
54082	TSPEAR-AS1	TSPEAR antisense RNA 1	1.509	1.337
114043	TSPEAR-AS2	TSPEAR antisense RNA 2	1.223	1.677
6612	SUMO3	small ubiquitin like modifier 3	3.295	0.228
754	PTTG1IP	PTTG1 interacting protein	3.76	0.25
84536	LINC01547	long intergenic non-protein coding RNA 1547	1.55	-0.805
85395	SLX9	SLX9 ribosome biogenesis factor	2.64	0.227
80781	COL18A1	collagen type XVIII alpha 1 chain	3.632	-0.567
1292	COL6A2	collagen type VI alpha 2 chain	4.039	-0.498
4047	LSS	lanosterol synthase	3.312	0.259
114044	MCM3AP-AS1	MCM3AP antisense RNA 1	2.399	0.203
8888	MCM3AP	minichromosome maintenance complex component 3 associated protein	3.294	0.208
23181	DIP2A	disco interacting protein 2 homolog A	3.145	-0.215
3275	PRMT2	protein arginine methyltransferase 2	3.319	-0.211
102723780	FRG1FP	FSHD region gene 1 family member F, pseudogene	1.757	0.351
503637	DUXAP8	double homeobox A pseudogene 8	1.172	-1.009
100130418	CECR7	cat eye syndrome chromosome region, candidate 7	1.57	0.625
23786	BCL2L13	BCL2 like 13	3.543	0.383
637	BID	BH3 interacting domain death agonist	2.669	0.281
51807	TUBA8	tubulin alpha 8	3.488	0.462
728229	TMEM191B	transmembrane protein 191B	1.059	-1.115
728233	PI4KAP1	phosphatidylinositol 4-kinase alpha pseudogene 1	2.567	-0.304
5625	PRODH	proline dehydrogenase 1	2.572	1.378
9993	DGCR2	DiGeorge syndrome critical region gene 2	3.309	-0.193
8220	ESS2	ess-2 splicing factor homolog	2.535	-0.144
8218	CLTCL1	clathrin heavy chain like 1	2.763	-0.398
112268289	LOC112268289	uncharacterized LOC112268289	1.476	-0.58
128977	C22orf39	chromosome 22 open reading frame 39	3.121	-0.265
7353	UFD1	ubiquitin recognition factor in ER associated degradation 1	2.897	0.297
7122	CLDN5	claudin 5	2.852	-1.227
421	ARVCF	ARVCF delta catenin family member	3.016	-0.393
5902	RANBP1	RAN binding protein 1	2.734	0.181
65078	RTN4R	reticulon 4 receptor	1.43	-0.942
91179	SCARF2	scavenger receptor class F member 2	2.304	-1.14
51586	MED15	mediator complex subunit 15	3.106	-0.275
5297	PI4KA	phosphatidylinositol 4-kinase alpha	3.274	0.171
9127	P2RX6	purinergic receptor P2X 6	2.077	-0.82
29797	POM121L8P	POM121 transmembrane nucleoporin like 8, pseudogene	1.118	0.721
23119	HIC2	HIC ZBTB transcriptional repressor 2	2.149	-0.54
7332	UBE2L3	ubiquitin conjugating enzyme E2 L3	3.338	0.292
150223	YDJC	YdjC chitooligosaccharide deacetylase homolog	1.912	-0.387
29799	YPEL1	yippee like 1	2.601	-0.395
100286925	PPM1F-AS1	PPM1F antisense RNA 1	2.087	-0.476
101929255	LOC101929255	uncharacterized LOC101929255	0.907	-0.631
25812	POM121L1P	POM121 transmembrane nucleoporin like 1, pseudogene	1.106	0.553
9609	RAB36	RAB36, member RAS oncogene family	1.432	-0.691
613	BCR	BCR activator of RhoGEF and GTPase	2.917	0.19
26226	FBXW4P1	F-box and WD repeat domain containing 4 pseudogene 1	1.691	-0.508
150248	C22orf15	chromosome 22 open reading frame 15	2.758	0.315
400916	CHCHD10	coiled-coil-helix-coiled-coil-helix domain containing 10	3.831	0.349
4320	MMP11	matrix metallopeptidase 11	2.356	0.894
653689	GSTT2B	glutathione S-transferase theta 2B	2.068	0.832
2953	GSTT2	glutathione S-transferase theta 2 (gene/pseudogene)	1.921	0.699
29774	POM121L9P	POM121 transmembrane nucleoporin like 9, pseudogene	1.48	1.276
101730217	SPECC1L-ADORA2A	SPECC1L-ADORA2A readthrough (NMD candidate)	2.774	0.225
83606	GUCD1	guanylyl cyclase domain containing 1	3.589	0.295
6634	SNRPD3	small nuclear ribonucleoprotein D3 polypeptide	3.372	0.279
388886	LRRC75B	leucine rich repeat containing 75B	2.042	-0.293
644165	BCRP3	BCR pseudogene 3	1.543	0.323
646074	POM121L10P	POM121 transmembrane nucleoporin like 10, pseudogene	1.416	0.509
100128531	KIAA1671-AS1	KIAA1671 antisense RNA 1	0.982	0.838
91355	LRP5L	LDL receptor related protein 5 like (pseudogene)	2.272	-0.629
84700	MYO18B	myosin XVIIIB	4.059	-0.389
23544	SEZ6L	seizure related 6 homolog like	2.032	-4.466
402055	SRRD	SRR1 domain containing	2.852	0.188
8459	TPST2	tyrosylprotein sulfotransferase 2	2.957	0.465
4330	MN1	MN1 proto-oncogene, transcriptional regulator	2.663	-0.973
23760	PITPNB	phosphatidylinositol transfer protein beta	3.249	-0.396
284900	TTC28-AS1	TTC28 antisense RNA 1	2.46	-0.379
83999	KREMEN1	kringle containing transmembrane protein 1	3.428	-0.418
25807	RHBDD3	rhomboid domain containing 3	2.593	-0.285
10633	RASL10A	RAS like family 10 member A	1.546	-1.093
8563	THOC5	THO complex subunit 5	2.978	0.338
29796	UQCR10	ubiquinol-cytochrome c reductase, complex III subunit X	3.684	0.315
8897	MTMR3	myotubularin related protein 3	3.278	-0.335
3976	LIF	LIF interleukin 6 family cytokine	1.403	0.878
83874	TBC1D10A	TBC1 domain family member 10A	2.365	-0.372
10291	SF3A1	splicing factor 3a subunit 1	3.352	-0.176
200312	RNF215	ring finger protein 215	2.203	-0.287
23541	SEC14L2	SEC14 like lipid binding 2	1.499	0.37
51537	MTFP1	mitochondrial fission process 1	2.418	1.058
150290	DUSP18	dual specificity phosphatase 18	1.905	-0.283
105372995	LOC105372995	uncharacterized LOC105372995	1.656	0.733
3985	LIMK2	LIM domain kinase 2	2.758	-0.205
113791	PIK3IP1	phosphoinositide-3-kinase interacting protein 1	3.048	-0.775
23598	PATZ1	POZ/BTB and AT hook containing zinc finger 1	2.71	-0.495
9814	SFI1	SFI1 centrin binding protein	2.312	-0.255
6523	SLC5A1	solute carrier family 5 member 1	3.911	0.545
51493	RTCB	RNA 2',3'-cyclic phosphate and 5'-OH ligase	3.175	0.136
10043	TOM1	target of myb1 membrane trafficking protein	3.13	0.315
23551	RASD2	RASD family member 2	2.327	0.801
23543	RBFOX2	RNA binding fox-1 homolog 2	3.805	0.139
23780	APOL2	apolipoprotein L2	3.142	0.296
8542	APOL1	apolipoprotein L1	2.812	0.398
25828	TXN2	thioredoxin 2	3.428	0.211
4689	NCF4	neutrophil cytosolic factor 4	2.137	0.625
4357	MPST	mercaptopyruvate sulfurtransferase	2.97	0.36
4242	MFNG	MFNG O-fucosylpeptide 3-beta-N-acetylglucosaminyltransferase	2.407	-0.292
29775	CARD10	caspase recruitment domain family member 10	2.741	-0.596
11135	CDC42EP1	CDC42 effector protein 1	2.81	-0.44
11078	TRIOBP	TRIO and F-actin binding protein	3.46	0.144
3005	H1-0	H1.0 linker histone	3.506	0.715
23464	GCAT	glycine C-acetyltransferase	2.906	0.369
51386	EIF3L	eukaryotic translation initiation factor 3 subunit L	3.797	-0.22
85377	MICALL1	MICAL like 1	2.727	0.219
5435	POLR2F	RNA polymerase II, I and III subunit F	2.84	0.306
23539	SLC16A8	solute carrier family 16 member 8	1.296	-0.839
80115	BAIAP2L2	BAR/IMD domain containing adaptor protein 2 like 2	1.557	-0.799
8398	PLA2G6	phospholipase A2 group VI	2.614	-0.419
23764	MAFF	MAF bZIP transcription factor F	2.447	-0.702
25829	TMEM184B	transmembrane protein 184B	3.208	-0.266
102800317	TPTEP2-CSNK1E	TPTEP2-CSNK1E readthrough	3.085	-0.269
1454	CSNK1E	casein kinase 1 epsilon	3.071	-0.277
3761	KCNJ4	potassium inwardly rectifying channel subfamily J member 4	3.057	-0.994
10521	DDX17	DEAD-box helicase 17	4.13	-0.242
11144	DMC1	DNA meiotic recombinase 1	1.66	-1.522
646851	FAM227A	family with sequence similarity 227 member A	1.851	-0.671
9567	GTPBP1	GTP binding protein 1	3.259	-0.26
9582	APOBEC3B	apolipoprotein B mRNA editing enzyme catalytic subunit 3B	1.218	0.524
23492	CBX7	chromobox 7	3.599	-0.272
5155	PDGFB	platelet derived growth factor subunit B	2.892	-0.229
116936	SNORD139	small nucleolar RNA, C/D box 139	1.064	-0.719
468	ATF4	activating transcription factor 4	3.624	0.55
91582	RPS19BP1	ribosomal protein S19 binding protein 1	2.93	0.297
113828	FAM83F	family with sequence similarity 83 member F	2.216	1.149
27352	SGSM3	small G protein signaling modulator 3	3.095	-0.151
10478	SLC25A17	solute carrier family 25 member 17	2.247	-0.456
9978	RBX1	ring-box 1	3.012	-0.306
101927279	EP300-AS1	EP300 antisense RNA 1	1.456	1.084
83746	L3MBTL2	L3MBTL histone methyl-lysine binding protein 2	2.84	-0.145
100506544	L3MBTL2-AS1	L3MBTL2 antisense RNA 1	1.967	0.185
5905	RANGAP1	Ran GTPase activating protein 1	3.148	0.191
105373044	LOC105373044	uncharacterized LOC105373044	1.735	0.805
27351	DESI1	desumoylating isopeptidase 1	3.268	0.583
2547	XRCC6	X-ray repair cross complementing 6	3.746	0.183
107985567	LOC107985567	protein LLP homolog	2.027	0.24
150365	MEI1	meiotic double-stranded break formation protein 1	1.211	-1.442
112637020	SREBF2-AS1	SREBF2 antisense RNA 1	1.89	0.62
4700	NDUFA6	NADH:ubiquinone oxidoreductase subunit A6	3.691	0.465
1565	CYP2D6	cytochrome P450 family 2 subfamily D member 6	1.355	-0.536
1564	CYP2D7	cytochrome P450 family 2 subfamily D member 7 (gene/pseudogene)	1.349	-0.396
6942	TCF20	transcription factor 20	2.75	0.225
94009	SERHL	serine hydrolase like (pseudogene)	1.862	-0.401
101927372	LOC101927372	uncharacterized LOC101927372	1.869	-0.816
253190	SERHL2	serine hydrolase like 2	2.047	-0.373
91695	RRP7BP	ribosomal RNA processing 7 homolog B, pseudogene	2.357	-0.211
84271	POLDIP3	DNA polymerase delta interacting protein 3	3.176	-0.153
26286	ARFGAP3	ADP ribosylation factor GTPase activating protein 3	2.955	0.157
706	TSPO	translocator protein	3.042	-0.376
29780	PARVB	parvin beta	3.272	0.561
64098	PARVG	parvin gamma	2.938	0.396
55615	PRR5	proline rich 5	1.622	-0.541
112885	PHF21B	PHD finger protein 21B	1.304	-2.022
55007	FAM118A	family with sequence similarity 118 member A	2.984	0.69
2192	FBLN1	fibulin 1	3.637	-0.976
5465	PPARA	peroxisome proliferator activated receptor alpha	3.581	0.319
150383	CDPF1	cysteine rich DPF motif domain containing 1	2.251	-0.249
51512	GTSE1	G2 and S-phase expressed 1	1.375	1.066
55687	TRMU	tRNA mitochondrial 2-thiouridylase	2.991	0.205
105373075	LOC105373075	uncharacterized LOC105373075	1.635	1.256
415116	PIM3	Pim-3 proto-oncogene, serine/threonine kinase	3.124	0.315
54456	MOV10L1	Mov10 like RISC complex RNA helicase 1	0.831	-1.227
83642	SELENOO	selenoprotein O	2.568	-0.264
105373095	SELENOO-AS1	SELENOO antisense RNA 1	2.568	-0.268
85378	TUBGCP6	tubulin gamma complex associated protein 6	3.095	-0.242
83933	HDAC10	histone deacetylase 10	2.413	-0.578
6300	MAPK12	mitogen-activated protein kinase 12	2.577	-0.388
414918	DENND6B	DENN domain containing 6B	1.937	-0.729
91289	LMF2	lipase maturation factor 2	2.972	-0.324
29781	NCAPH2	non-SMC condensin II complex subunit H2	2.965	-0.246
440836	ODF3B	outer dense fiber of sperm tails 3B	2.285	-0.923
107985568	LOC107985568	uncharacterized LOC107985568	2.535	-0.741
386593	CHKB-CPT1B	CHKB-CPT1B readthrough (NMD candidate)	3.837	-0.371
1375	CPT1B	carnitine palmitoyltransferase 1B	3.8	-0.384
410	ARSA	arylsulfatase A	2.992	-0.42
85358	SHANK3	SH3 and multiple ankyrin repeat domains 3	3.506	-0.265
284942	RPL23AP82	ribosomal protein L23a pseudogene 82	1.959	0.78
107987388	LOC107987388	replaced by ID 102724151	1.012	0.409
109864272	RNA28SN4	RNA, 28S ribosomal N4	3.607	-0.689
102724621	LOC102724621	cell division cycle protein 27 homolog	0.974	-1.13
102724865	LOC102724865	replaced by ID 100420178	1.752	-0.259
102724788	LOC102724788	replaced by ID 5625	2.671	1.365
8225	GTPBP6	GTP binding protein 6 (putative)	3.118	0.297
283981	LINC00685	long intergenic non-protein coding RNA 685	1.876	-0.611
101928032	LOC101928032	uncharacterized LOC101928032	1.483	-1.429
101928055	LOC101928055	replaced by ID 101928032	2.054	-0.498
751580	LINC00106	long intergenic non-protein coding RNA 106	1.264	-0.548
80161	ASMTL-AS1	ASMTL antisense RNA 1	2.291	-0.264
8623	ASMTL	acetylserotonin O-methyltransferase like	3.011	-0.339
286530	P2RY8	P2Y receptor family member 8	2.386	-1.322
8227	AKAP17A	A-kinase anchoring protein 17A	2.965	-0.248
438	ASMT	acetylserotonin O-methyltransferase	1.581	0.443
101928092	LOC101928092	uncharacterized LOC101928092	1.317	-0.679
4267	CD99	CD99 molecule (Xg blood group)	3.698	0.506
7499	XG	Xg glycoprotein (Xg blood group)	1.761	-2.473
8908	GYG2	glycogenin 2	1.579	1.31
414	ARSD	arylsulfatase D	2.613	-0.313
25878	MXRA5	matrix remodeling associated 5	3.118	-1.452
5613	PRKX	protein kinase cAMP-dependent X-linked catalytic subunit	2.512	-0.329
101928228	LOC101928228	uncharacterized LOC101928228	1.279	1.423
107985675	LOC107985675	uncharacterized LOC107985675	1.671	0.259
3730	ANOS1	anosmin 1	2.482	-0.404
357	SHROOM2	shroom family member 2	1.647	-0.596
1183	CLCN4	chloride voltage-gated channel 4	3.197	0.312
4281	MID1	midline 1	2.641	-0.77
10943	MSL3	MSL complex subunit 3	2.682	0.194
9367	RAB9A	RAB9A, member RAS oncogene family	2.761	0.513
6399	TRAPPC2	trafficking protein particle complex subunit 2	2.284	-0.447
54960	GEMIN8	gem nuclear organelle associated protein 8	2.622	-0.212
140462	ASB9	ankyrin repeat and SOCS box containing 9	1.546	-1.243
140456	ASB11	ankyrin repeat and SOCS box containing 11	3.292	0.526
100532742	PIR-FIGF	PIR-FIGF readthrough	2.315	0.484
8544	PIR	pirin	2.231	0.691
660	BMX	BMX non-receptor tyrosine kinase	2.03	-0.849
114004397	CA5BP1-CA5B	CA5BP1-CA5B readthrough	1.987	-0.275
11238	CA5B	carbonic anhydrase 5B	1.85	-0.514
8551	INE2	inactivation escape 2	1.145	-0.786
94056	SYAP1	synapse associated protein 1	2.978	0.195
5931	RBBP7	RB binding protein 7, chromatin remodeling factor	3.568	0.192
9185	REPS2	RALBP1 associated Eps domain containing 2	2.37	0.761
6322	SCML1	Scm polycomb group protein like 1	2.673	0.281
5256	PHKA2	phosphorylase kinase regulatory subunit alpha 2	3.262	0.357
101928415	LOC101928415	uncharacterized LOC101928415	1.841	-0.514
5160	PDHA1	pyruvate dehydrogenase E1 subunit alpha 1	4.134	0.483
30011	SH3KBP1	SH3 domain containing kinase binding protein 1	3.273	0.968
256714	MAP7D2	MAP7 domain containing 2	1.448	0.814
6197	RPS6KA3	ribosomal protein S6 kinase A3	3.198	0.408
22866	CNKSR2	connector enhancer of kinase suppressor of Ras 2	2.077	-0.549
23676	SMPX	small muscle protein X-linked	4.077	0.352
23597	ACOT9	acyl-CoA thioesterase 9	3.373	-0.214
105373148	LOC105373148	uncharacterized LOC105373148	1.235	-0.939
6303	SAT1	spermidine/spermine N1-acetyltransferase 1	3.6	0.417
79135	APOO	apolipoprotein O	3.031	0.438
100130302	SUPT20HL1	SUPT20H like 1	0.891	-1.434
5422	POLA1	DNA polymerase alpha 1, catalytic subunit	2.53	0.216
11141	IL1RAPL1	interleukin 1 receptor accessory protein like 1	1.431	0.605
2710	GK	glycerol kinase	2.494	-0.21
1536	CYBB	cytochrome b-245 beta chain	2.711	0.797
94122	SYTL5	synaptotagmin like 5	1.698	-3.293
105373174	LOC105373174		1.309	-1.243
100874211	MID1IP1-AS1	MID1IP1 antisense RNA 1	0.991	1.041
58526	MID1IP1	MID1 interacting protein 1	2.845	0.916
10159	ATP6AP2	ATPase H+ transporting accessory protein 2	3.17	-0.284
159013	CXorf38	chromosome X open reading frame 38	2.47	-0.244
9282	MED14	mediator complex subunit 14	3.072	-0.157
100873985	MED14OS	MED14 opposite strand	1.079	-0.477
80258	EFHC2	EF-hand domain containing 2	2.554	0.862
139341	FUNDC1	FUN14 domain containing 1	2.822	0.233
79742	DIPK2B	divergent protein kinase domain 2B	3.065	0.388
84679	SLC9A7	solute carrier family 9 member A7	2.278	0.628
9767	JADE3	jade family PHD finger 3	2.516	0.313
107985720	LOC107985720	uncharacterized LOC107985720	1.229	-0.401
7317	UBA1	ubiquitin like modifier activating enzyme 1	3.776	-0.215
8552	INE1	inactivation escape 1	1.424	-0.606
5127	CDK16	cyclin dependent kinase 16	3.577	0.255
8237	USP11	ubiquitin specific peptidase 11	3.325	-0.862
7592	ZNF41	zinc finger protein 41	3.028	0.159
203414	LINC01560	long intergenic non-protein coding RNA 1560	1.781	-0.335
7076	TIMP1	TIMP metallopeptidase inhibitor 1	3.28	0.447
8409	UXT	ubiquitously expressed prefoldin like chaperone	2.874	0.201
100133957	UXT-AS1	UXT antisense RNA 1	1.807	0.439
7569	ZNF182	zinc finger protein 182	2.386	0.246
24140	FTSJ1	FtsJ RNA 2'-O-methyltransferase 1	2.636	0.255
10682	EBP	EBP cholestenol delta-isomerase	2.823	0.279
107985695	LOC107985695	uncharacterized LOC107985695	0.903	-0.886
10084	PQBP1	polyglutamine binding protein 1	2.892	0.291
7355	SLC35A2	solute carrier family 35 member A2	2.414	-0.214
11040	PIM2	Pim-2 proto-oncogene, serine/threonine kinase	2.034	-0.303
55593	OTUD5	OTU deubiquitinase 5	3.013	-0.134
7030	TFE3	transcription factor binding to IGHM enhancer 3	3.024	0.265
90060	CCDC120	coiled-coil domain containing 120	1.854	-0.312
79917	MAGIX	MAGI family member, X-linked	1.813	0.352
5355	PLP2	proteolipid protein 2	2.909	0.694
4007	PRICKLE3	prickle planar cell polarity protein 3	2.614	0.344
28952	CCDC22	coiled-coil domain containing 22	2.595	-0.376
50943	FOXP3	forkhead box P3	1.126	-0.865
158572	USP27X-DT	USP27X divergent transcript	1.462	-0.313
1184	CLCN5	chloride voltage-gated channel 5	2.225	0.268
170685	NUDT10	nudix hydrolase 10	1.115	-0.935
9500	MAGED1	MAGE family member D1	3.43	-0.324
727866	FAM156B	family with sequence similarity 156 member B	2.693	-0.445
29057	FAM156A	family with sequence similarity 156 member A	2.603	-0.465
54328	GPR173	G protein-coupled receptor 173	2.093	-1.188
102723508	KANTR	KANTR integral membrane protein	2.023	-0.467
8243	SMC1A	structural maintenance of chromosomes 1A	3.375	0.249
3028	HSD17B10	hydroxysteroid 17-beta dehydrogenase 10	3.108	0.229
23133	PHF8	PHD finger protein 8	2.889	-0.145
65267	WNK3	WNK lysine deficient protein kinase 3	1.789	0.699
90121	TSR2	TSR2 ribosome maturation factor	3.142	-0.191
10916	MAGED2	MAGE family member D2	3.577	-0.313
7216	TRO	trophinin	2.253	-0.432
212	ALAS2	5'-aminolevulinate synthase 2	0.976	-2.714
90736	FAM104B	family with sequence similarity 104 member B	2.446	0.36
100463488	MTRNR2L10	MT-RNR2 like 10 (pseudogene)	2.954	-1.672
106635544	SNORA109	small nucleolar RNA, H/ACA box 109	2.974	0.391
158880	USP51	ubiquitin specific peptidase 51	1.963	-0.349
29978	UBQLN2	ubiquilin 2	3.206	-0.152
550643	NBDY	negative regulator of P-body association	2.607	-0.312
158584	FAAH2	fatty acid amide hydrolase 2	1.684	0.318
158586	ZXDB	zinc finger X-linked duplicated B	2.53	-0.422
7789	ZXDA	zinc finger X-linked duplicated A	2.236	-0.269
105377211	LOC105377211	uncharacterized LOC105377211	1.022	0.588
139886	SPIN4	spindlin family member 4	1.619	-0.77
23229	ARHGEF9	Cdc42 guanine nucleotide exchange factor 9	3.359	-0.392
142689	ASB12	ankyrin repeat and SOCS box containing 12	1.838	0.463
340554	ZC3H12B	zinc finger CCCH-type containing 12B	1.64	-0.727
81887	LAS1L	LAS1 like ribosome biogenesis factor	2.847	-0.227
11326	VSIG4	V-set and immunoglobulin domain containing 4	2.935	1.127
9843	HEPH	hephaestin	3.121	-0.973
60401	EDA2R	ectodysplasin A2 receptor	2.281	-1.28
4983	OPHN1	oligophrenin 1	2.498	0.215
286451	YIPF6	Yip1 domain family member 6	3.115	0.211
1896	EDA	ectodysplasin A	2.568	0.594
347517	RAB41	RAB41, member RAS oncogene family	1.214	0.355
24137	KIF4A	kinesin family member 4A	1.086	0.81
105373244	LOC105373244	uncharacterized LOC105373244	1.957	-1.225
1741	DLG3	discs large MAGUK scaffold protein 3	2.711	0.392
4303	FOXO4	forkhead box O4	3.069	0.366
9968	MED12	mediator complex subunit 12	3.001	-0.309
54413	NLGN3	neuroligin 3	1.605	-0.849
340526	RTL5	retrotransposon Gag like 5	2.273	-0.28
5303	PIN4	peptidylprolyl cis/trans isomerase, NIMA-interacting 4	2.573	0.305
55869	HDAC8	histone deacetylase 8	2.594	0.139
4674	NAP1L2	nucleosome assembly protein 1 like 2	2.511	-0.4
100302692	FTX	FTX transcript, XIST regulator	2.075	-0.338
22	ABCB7	ATP binding cassette subfamily B member 7	3.094	0.172
646127	TERF1P7	TERF1 pseudogene 7	1.704	-0.437
51260	PBDC1	polysaccharide biosynthesis domain containing 1	2.505	0.342
546	ATRX	ATRX chromatin remodeler	3.336	0.32
84061	MAGT1	magnesium transporter 1	3.422	-0.227
1349	COX7B	cytochrome c oxidase subunit 7B	4.06	0.433
51616	TAF9B	TATA-box binding protein associated factor 9b	2.919	-0.317
10800	CYSLTR1	cysteinyl leukotriene receptor 1	1.526	-0.581
203430	RTL3	retrotransposon Gag like 3	1.539	-1.938
2846	LPAR4	lysophosphatidic acid receptor 4	1.392	-0.747
79366	HMGN5	high mobility group nucleosome binding domain 5	1.873	0.55
27330	RPS6KA6	ribosomal protein S6 kinase A6	1.447	0.858
7552	ZNF711	zinc finger protein 711	2.1	-0.83
140886	PABPC5	poly(A) binding protein cytoplasmic 5	1.426	-0.525
4675	NAP1L3	nucleosome assembly protein 1 like 3	2.479	-1.761
286499	FAM133A	family with sequence similarity 133 member A	1.301	-1.67
1730	DIAPH2	diaphanous related formin 2	2.736	0.395
57526	PCDH19	protocadherin 19	1.814	-0.92
64102	TNMD	tenomodulin	1.943	-4.854
7105	TSPAN6	tetraspanin 6	2.422	-0.286
79979	TRMT2B	tRNA methyltransferase 2 homolog B	2.823	0.282
59353	TMEM35A	transmembrane protein 35A	0.857	-0.811
2491	CENPI	centromere protein I	1.325	0.398
1821	DRP2	dystrophin related protein 2	0.873	-1.057
100529097	RPL36A-HNRNPH2	RPL36A-HNRNPH2 readthrough	3.287	0.254
6173	RPL36A	ribosomal protein L36a	2.835	0.412
3188	HNRNPH2	heterogeneous nuclear ribonucleoprotein H2	3.104	0.161
100131755	ARMCX4	armadillo repeat containing X-linked 4	2.581	-0.301
84460	ZMAT1	zinc finger matrin-type 1	2.807	-0.431
340542	BEX5	brain expressed X-linked 5	1.291	0.635
100528062	ARMCX5-GPRASP2	ARMCX5-GPRASP2 readthrough	2.763	-0.246
9737	GPRASP1	G protein-coupled receptor associated sorting protein 1	3.01	-0.722
114928	GPRASP2	G protein-coupled receptor associated sorting protein 2	2.591	-0.356
55859	BEX1	brain expressed X-linked 1	2.312	-1.246
90843	TCEAL8	transcription elongation factor A like 8	3.106	0.168
56849	TCEAL7	transcription elongation factor A like 7	1.966	-0.361
51186	TCEAL9	transcription elongation factor A like 9	2.813	0.225
79921	TCEAL4	transcription elongation factor A like 4	3.331	0.365
105373302	LOC105373302		1.341	0.828
85012	TCEAL3	transcription elongation factor A like 3	2.752	0.261
9338	TCEAL1	transcription elongation factor A like 1	2.663	0.354
644353	ZCCHC18	zinc finger CCHC-type containing 18	2.531	-0.357
203447	NRK	Nik related kinase	2.51	-1.014
139221	PWWP3B	PWWP domain containing 3B	2.75	-0.432
55086	RADX	RPA1 related single stranded DNA binding protein, X-linked	1.806	-1.001
79710	MORC4	MORC family CW-type zinc finger 4	2.367	-0.307
55285	RBM41	RNA binding motif protein 41	2.778	0.525
54830	NUP62CL	nucleoporin 62 C-terminal like	1.562	-1.267
1831	TSC22D3	TSC22 domain family member 3	3.699	-0.857
5716	PSMD10	proteasome 26S subunit, non-ATPase 10	2.625	-0.277
115201	ATG4A	autophagy related 4A cysteine peptidase	2.845	0.296
1287	COL4A5	collagen type IV alpha 5 chain	2.752	-0.592
105373312	LOC105373312	uncharacterized LOC105373312	1.501	0.558
91851	CHRDL1	chordin like 1	2.441	-1.483
79868	ALG13	ALG13 UDP-N-acetylglucosaminyltransferase subunit	2.924	-0.199
154796	AMOT	angiomotin	2.435	-0.423
90293	KLHL13	kelch like family member 13	2.655	-0.678
54521	WDR44	WD repeat domain 44	2.805	0.167
3597	IL13RA1	interleukin 13 receptor subunit alpha 1	3.031	0.288
100303728	SLC25A5-AS1	SLC25A5 antisense RNA 1	2.222	-0.254
292	SLC25A5	solute carrier family 25 member 5	3.472	-0.433
23157	SEPTIN6	septin 6	2.783	-0.457
65109	UPF3B	UPF3B regulator of nonsense mediated mRNA decay	2.368	0.244
7737	RNF113A	ring finger protein 113A	2.291	0.231
4694	NDUFA1	NADH:ubiquinone oxidoreductase subunit A1	3.972	0.505
23439	ATP1B4	ATPase Na+/K+ transporting family member beta 4	1.957	-3.171
2892	GRIA3	glutamate ionotropic receptor AMPA type subunit 3	2.029	-1.545
57187	THOC2	THO complex subunit 2	3.035	0.277
10178	TENM1	teneurin transmembrane protein 1	1.684	-0.807
6594	SMARCA1	SWI/SNF related, matrix associated, actin dependent regulator of chromatin, subfamily a, member 1	3.205	0.225
4952	OCRL	OCRL inositol polyphosphate-5-phosphatase	2.936	0.205
51114	ZDHHC9	zinc finger DHHC-type palmitoyltransferase 9	2.83	0.597
10813	UTP14A	UTP14A small subunit processome component	2.547	0.198
9131	AIFM1	apoptosis inducing factor mitochondria associated 1	3.663	0.338
10495	ENOX2	ecto-NOX disulfide-thiol exchanger 2	2.787	-0.242
3547	IGSF1	immunoglobulin superfamily member 1	2.604	-1.283
90167	FRMD7	FERM domain containing 7	1.422	-1.102
90161	HS6ST2	heparan sulfate 6-O-sulfotransferase 2	1.333	-1.172
2239	GPC4	glypican 4	2.613	0.276
2719	GPC3	glypican 3	2.339	-0.561
3251	HPRT1	hypoxanthine phosphoribosyltransferase 1	2.675	-0.322
100506757	LINC00629	long intergenic non-protein coding RNA 629	1.631	0.877
159090	PABIR2	PABIR family member 2	2.869	-0.238
8933	RTL8C	retrotransposon Gag like 8C	3.777	-0.182
26071	RTL8A	retrotransposon Gag like 8A	2.886	0.387
7626	ZNF75D	zinc finger protein 75D	2.548	0.32
203523	ZNF449	zinc finger protein 449	2.515	0.403
399668	SMIM10L2A	small integral membrane protein 10 like 2A	1.981	0.78
93380	MMGT1	membrane magnesium transporter 1	3.062	-0.167
10479	SLC9A6	solute carrier family 9 member A6	2.868	0.184
27336	HTATSF1	HIV-1 Tat specific factor 1	3.556	0.172
23641	LDOC1	LDOC1 regulator of NFKB signaling	1.959	-0.677
139065	SLITRK4	SLIT and NTRK like family member 4	2.213	-2.423
389898	UBE2NL	ubiquitin conjugating enzyme E2 N like (gene/pseudogene)	1.586	-0.358
2334	AFF2	ALF transcription elongation factor 2	1.216	-0.928
100131434	EOLA1-DT	EOLA1 divergent transcript	2.254	-0.693
100506164	HSFX1	heat shock transcription factor family, X-linked 1	1.636	-0.312
100272228	EOLA2-DT	EOLA2 divergent transcript	2.132	-0.301
4534	MTM1	myotubularin 1	2.635	0.291
8776	MTMR1	myotubularin related protein 1	2.827	0.13
83692	CD99L2	CD99 molecule like 2	3.547	0.237
203547	VMA21	vacuolar ATPase assembly factor VMA21	2.793	-0.221
2564	GABRE	gamma-aminobutyric acid type A receptor subunit epsilon	3.29	-0.492
50814	NSDHL	NAD(P) dependent steroid dehydrogenase-like	2.725	0.525
29944	PNMA3	PNMA family member 3	1.983	0.809
84968	PNMA6A	PNMA family member 6A	1.621	0.627
139735	ZFP92	ZFP92 zinc finger protein	1.788	0.528
633	BGN	biglycan	3.838	-0.753
92002	CCNQ	cyclin Q	2.851	0.641
139728	PNCK	pregnancy up-regulated nonubiquitous CaM kinase	1.961	0.434
5365	PLXNB3	plexin B3	2.261	-0.407
26576	SRPK3	SRSF protein kinase 3	3.052	-0.359
3421	IDH3G	isocitrate dehydrogenase (NAD(+)) 3 non-catalytic subunit gamma	3.256	0.142
57595	PDZD4	PDZ domain containing 4	2.258	-1.072
554	AVPR2	arginine vasopressin receptor 2	2.156	-0.53
8260	NAA10	N-alpha-acetyltransferase 10, NatA catalytic subunit	2.977	0.344
3654	IRAK1	interleukin 1 receptor associated kinase 1	3.016	0.537
4204	MECP2	methyl-CpG binding protein 2	3.332	-0.142
105373386	LOC105373386	uncharacterized LOC105373386	1.141	-0.661
2010	EMD	emerin	3.097	-0.19
6134	RPL10	ribosomal protein L10	4.028	-0.212
26778	SNORA70	small nucleolar RNA, H/ACA box 70	1.793	-0.963
9130	FAM50A	family with sequence similarity 50 member A	3.058	0.482
8266	UBL4A	ubiquitin like 4A	3.203	0.228
2539	G6PD	glucose-6-phosphate dehydrogenase	2.394	0.404
139716	GAB3	GRB2 associated binding protein 3	3.134	-0.456
4354	MPP1	MAGUK p55 scaffold protein 1	2.986	0.195
8263	F8A1	coagulation factor VIII associated 1	2.472	0.321
65991	FUNDC2	FUN14 domain containing 2	3.687	0.509
100272147	CMC4	C-X9-C motif containing 4	2.831	0.197
4515	MTCP1	mature T cell proliferation 1	2.286	0.282
79184	BRCC3	BRCA1/BRCA2-containing complex subunit 3	2.758	0.331
116442	RAB39B	RAB39B, member RAS oncogene family	1.047	-0.714
474383	F8A2	coagulation factor VIII associated 2	1.762	-0.255
474384	F8A3	coagulation factor VIII associated 3	1.763	-0.26
727856	DDX11L16	DEAD/H-box helicase 11 like 16 (pseudogene)	1.407	0.757
107987337	ZFY-AS1	ZFY antisense RNA 1	0.833	-1.3
283788	LOC283788	FSHD region gene 1 pseudogene	2.616	0.624
100507412	LOC100507412	uncharacterized LOC100507412	1.217	-0.77
100008589	RNA28SN5	RNA, 28S ribosomal N5	3.605	-0.692
112268313	LOC112268313		1.075	-1.302
112268317	LOC112268317	extensin-like	1.518	-1.635
101929819	LOC101929819	putative uncharacterized protein FLJ44672	1.629	-0.562
107987399	LOC107987399	replaced by ID 101929819	0.859	-0.642
107987398	LOC107987398	replaced by ID 101929819	1.809	-0.408
4549	RNR1	s-rRNA	5.142	0.431
4577	TRNV	tRNA-Val	2.757	1.469
4535	ND1	NADH dehydrogenase subunit 1	5.855	0.61
4565	TRNI	tRNA-Ile	3.03	-0.74
4572	TRNQ	tRNA-Gln	2.626	1.03
4569	TRNM	tRNA-Met	2.786	1.645
4536	ND2	NADH dehydrogenase subunit 2	5.913	0.724
4578	TRNW	tRNA-Trp	3.072	-1.395
4553	TRNA	tRNA-Ala	2.902	0.608
4512	COX1	cytochrome c oxidase subunit I	6.503	0.471
4555	TRND	tRNA-Asp	3.413	-1.281
4513	COX2	cytochrome c oxidase subunit II	5.936	0.85
4566	TRNK	tRNA-Lys	2.234	0.833
4509	ATP8	ATP synthase F0 subunit 8	5.233	0.99
4508	ATP6	ATP synthase F0 subunit 6	6.095	0.598
4514	COX3	cytochrome c oxidase subunit III	6.064	0.393
4563	TRNG	tRNA-Gly	3.401	-1.227
4537	ND3	NADH dehydrogenase subunit 3	5.413	0.462
4539	ND4L	NADH dehydrogenase subunit 4L	5.319	0.647
4538	ND4	NADH dehydrogenase subunit 4	6.355	0.409
4564	TRNH	tRNA-His	3.049	0.875
4575	TRNS2	tRNA-Ser	3.186	0.991
4568	TRNL2	tRNA-Leu	2.991	1.058
4540	ND5	NADH dehydrogenase subunit 5	5.887	0.471
4519	CYTB	cytochrome b	5.958	0.43
