GeneID	Symbol	Description	log2(fold change)(Control vs DCM)	-log10(Pvalue)(Control vs DCM)
100287102	DDX11L1	DEAD/H-box helicase 11 like 1 (pseudogene)	0.894	1.928
100996442	LOC100996442	WAS protein family homolog 2-like	0.254	1.37
729737	LOC729737	uncharacterized LOC729737	-0.421	1.622
102725121	DDX11L17	DEAD/H-box helicase 11 like 17 (pseudogene)	1.061	1.783
100132287	LOC100132287	uncharacterized LOC100132287	-0.594	4.103
113219467	MIR12136	microRNA 12136	0.446	1.787
100133331	LOC100133331	replaced by ID 100288069	-0.598	4.091
107984841	LOC107984841	replaced by ID 100288069	-0.4	1.913
643837	LINC01128	long intergenic non-protein coding RNA 1128	0.682	5.57
107984850	LOC107984850	uncharacterized LOC107984850	1.088	2.485
100130417	LINC02593	long intergenic non-protein coding RNA 2593	-2.313	4.788
107985728	LOC107985728	collagen alpha-1(III) chain-like	-2.278	4.482
148398	SAMD11	sterile alpha motif domain containing 11	-0.345	1.763
84069	PLEKHN1	pleckstrin homology domain containing N1	0.616	3.336
84808	PERM1	PPARGC1 and ESRR induced regulator, muscle 1	0.557	2.469
57801	HES4	hes family bHLH transcription factor 4	-0.831	7.251
375790	AGRN	agrin	-0.769	5.128
54991	C1orf159	chromosome 1 open reading frame 159	-0.423	5.611
7293	TNFRSF4	TNF receptor superfamily member 4	-0.768	1.508
109623456	SNORD167	small nucleolar RNA, C/D box 167	-0.49	2.002
126789	PUSL1	pseudouridine synthase like 1	0.191	1.327
54973	INTS11	integrator complex subunit 11	0.18	2.463
80772	CPTP	ceramide-1-phosphate transfer protein	0.504	3.089
1855	DVL1	dishevelled segment polarity protein 1	0.645	8.343
54587	MXRA8	matrix remodeling associated 8	-0.802	3.519
81669	CCNL2	cyclin L2	-0.279	7.033
64856	VWA1	von Willebrand factor A domain containing 1	-0.448	1.788
55210	ATAD3A	ATPase family AAA domain containing 3A	0.335	5.629
29101	SSU72	SSU72 homolog, RNA polymerase II CTD phosphatase	0.485	6.292
142678	MIB2	MIB E3 ubiquitin protein ligase 2	-0.243	3.061
8510	MMP23B	matrix metallopeptidase 23B	-0.646	3.31
984	CDK11B	cyclin dependent kinase 11B	0.197	1.931
8511	MMP23A	matrix metallopeptidase 23A (pseudogene)	-0.683	2.983
728642	CDK11A	cyclin dependent kinase 11A	0.226	1.77
112268218	LOC112268218	uncharacterized LOC112268218	-0.277	1.843
65220	NADK	NAD kinase	-0.222	1.413
339456	TMEM52	transmembrane protein 52	1.256	6.897
2563	GABRD	gamma-aminobutyric acid type A receptor subunit delta	-1.179	2.645
5590	PRKCZ	protein kinase C zeta	0.463	4.368
6497	SKI	SKI proto-oncogene	-0.365	5.408
79906	MORN1	MORN repeat containing 1	-0.277	1.694
100129534	LOC100129534	small nuclear ribonucleoprotein polypeptide N pseudogene	-0.389	1.532
9651	PLCH2	phospholipase C eta 2	-0.805	2.116
8764	TNFRSF14	TNF receptor superfamily member 14	-0.362	2.493
127281	PRXL2B	peroxiredoxin like 2B	0.351	2.456
63976	PRDM16	PR/SET domain 16	0.358	2.507
105378606	LOC105378606	uncharacterized LOC105378606	0.7	1.395
1953	MEGF6	multiple EGF like domains 6	-0.496	1.805
57212	TP73-AS1	TP73 antisense RNA 1	-0.274	5.734
57470	LRRC47	leucine rich repeat containing 47	-0.3	4.14
100133612	LINC01134	long intergenic non-protein coding RNA 1134	1.89	5.492
55966	AJAP1	adherens junctions associated protein 1	-1.454	3.205
261734	NPHP4	nephrocystin 4	-0.41	2.718
26038	CHD5	chromodomain helicase DNA binding protein 5	-2.572	9.141
83715	ESPN	espin	-0.496	1.885
8718	TNFRSF25	TNF receptor superfamily member 25	-0.434	2.564
79707	NOL9	nucleolar protein 9	-0.184	2.337
3104	ZBTB48	zinc finger and BTB domain containing 48	-0.341	4.518
107984913	LOC107984913	uncharacterized LOC107984913	1.04	4.701
148479	PHF13	PHD finger protein 13	-0.299	2.137
55735	DNAJC11	DnaJ heat shock protein family (Hsp40) member C11	0.252	3.061
23261	CAMTA1	calmodulin binding transcription activator 1	-0.24	4.057
105376689	LOC105376689	translation initiation factor IF-2	-0.681	3.152
50651	SLC45A1	solute carrier family 45 member 1	0.372	2.195
102724552	RERE-AS1	RERE antisense RNA 1	-0.567	1.454
2023	ENO1	enolase 1	0.244	1.464
80045	GPR157	G protein-coupled receptor 157	0.314	1.804
9563	H6PD	hexose-6-phosphate dehydrogenase/glucose 1-dehydrogenase	-0.184	1.487
100506022	LINC02606	long intergenic non-protein coding RNA 2606	-0.864	4.789
199953	TMEM201	transmembrane protein 201	-0.394	4.644
22883	CLSTN1	calsyntenin 1	-0.257	4.139
105376717	LOC105376717	uncharacterized LOC105376717	0.38	1.727
116362	RBP7	retinol binding protein 7	0.394	1.687
10277	UBE4B	ubiquitination factor E4B	0.232	1.743
5226	PGD	phosphogluconate dehydrogenase	0.604	13.169
100526739	CENPS-CORT	CENPS-CORT readthrough	0.295	1.835
1676	DFFA	DNA fragmentation factor subunit alpha	0.125	1.614
148345	C1orf127	chromosome 1 open reading frame 127	0.605	1.719
23435	TARDBP	TAR DNA binding protein	0.169	1.913
105376736	EXOSC10-AS1	EXOSC10 antisense RNA 1	0.706	3.006
2475	MTOR	mechanistic target of rapamycin kinase	0.212	3.243
100873935	MTOR-AS1	MTOR antisense RNA 1	0.423	2.752
26232	FBXO2	F-box protein 2	0.588	2.328
93611	FBXO44	F-box protein 44	-0.188	1.45
10459	MAD2L2	mitotic arrest deficient 2 like 2	0.265	1.643
57085	AGTRAP	angiotensin II receptor associated protein	-0.428	2.94
100379251	NPPA-AS1	NPPA antisense RNA 1	-4.123	10.414
4878	NPPA	natriuretic peptide A	-4.833	11.705
4879	NPPB	natriuretic peptide B	-3.669	7.238
9927	MFN2	mitofusin 2	-0.233	2.249
55187	VPS13D	vacuolar protein sorting 13 homolog D	0.634	2.901
9249	DHRS3	dehydrogenase/reductase 3	-0.393	2.262
343069	HNRNPCL1	heterogeneous nuclear ribonucleoprotein C like 1	0.7	2.967
440563	HNRNPCL2	heterogeneous nuclear ribonucleoprotein C like 2	1.018	3.561
102724856	LOC102724856	uncharacterized LOC102724856	-0.671	1.857
10630	PDPN	podoplanin	0.364	1.31
200197	TMEM51-AS1	TMEM51 antisense RNA 1	-0.499	1.91
114827	FHAD1	forkhead associated phosphopeptide binding domain 1	-1.528	3.698
101927417	FHAD1-AS1	FHAD1 antisense RNA 1	-3.449	14.845
79180	EFHD2	EF-hand domain family member D2	-0.201	1.634
84301	DDI2	DNA damage inducible 1 homolog 2	0.301	3.028
6248	RSC1A1	regulator of solute carriers 1	0.381	2.755
54751	FBLIM1	filamin binding LIM protein 1	0.693	6.225
440567	UQCRHL	ubiquinol-cytochrome c reductase hinge protein like	0.465	4.752
348487	FAM131C	family with sequence similarity 131 member C	0.972	3.854
26099	SZRD1	SUZ RNA binding domain containing 1	0.238	3.934
84809	CROCCP2	CROCC pseudogene 2	-0.403	2.048
9696	CROCC	ciliary rootlet coiled-coil, rootletin	-0.285	2.094
6390	SDHB	succinate dehydrogenase complex iron sulfur subunit B	0.378	3.232
11240	PADI2	peptidyl arginine deiminase 2	-0.793	1.789
23569	PADI4	peptidyl arginine deiminase 4	-1.965	3.958
8659	ALDH4A1	aldehyde dehydrogenase 4 family member A1	-0.515	3.722
126917	IFFO2	intermediate filament family orphan 2	-0.374	3.28
23065	EMC1	ER membrane protein complex subunit 1	-0.158	1.622
246181	AKR7L	aldo-keto reductase family 7 like (gene/pseudogene)	-0.99	9.69
22977	AKR7A3	aldo-keto reductase family 7 member A3	-0.921	6.845
8574	AKR7A2	aldo-keto reductase family 7 member A2	-0.289	2.295
832	CAPZB	capping actin protein of muscle Z-line subunit beta	0.15	2.098
100532736	MICOS10-NBL1	MICOS10-NBL1 readthrough	-0.461	3.097
644068	RPS14P3	ribosomal protein S14 pseudogene 3	-0.74	6.071
4681	NBL1	NBL1, DAN family BMP antagonist	-0.526	3.468
5320	PLA2G2A	phospholipase A2 group IIA	2.407	5.723
65018	PINK1	PTEN induced kinase 1	0.251	3.59
102464833	MIR6084	microRNA 6084	-0.909	2.633
100861548	PINK1-AS	PINK1 antisense RNA	0.216	3.255
50809	HP1BP3	heterochromatin protein 1 binding protein 3	0.159	1.473
8672	EIF4G3	eukaryotic translation initiation factor 4 gamma 3	0.216	2.406
84196	USP48	ubiquitin specific peptidase 48	0.263	6.773
401944	LDLRAD2	low density lipoprotein receptor class A domain containing 2	-0.451	3.227
3339	HSPG2	heparan sulfate proteoglycan 2	-0.363	2.148
112268223	CDC42-AS1	CDC42 antisense RNA 1	-1.278	3.15
105376856	LOC105376856	uncharacterized LOC105376856	-0.885	1.303
9923	ZBTB40	zinc finger and BTB domain containing 40	0.211	1.686
713	C1QB	complement C1q B chain	0.654	1.888
2048	EPHB2	EPH receptor B2	0.675	1.594
23028	KDM1A	lysine demethylase 1A	0.28	7.341
100996511	LINC01355	long intergenic non-protein coding RNA 1355	-0.364	1.78
10236	HNRNPR	heterogeneous nuclear ribonucleoprotein R	0.18	2.078
148898	ZNF436-AS1	ZNF436 antisense RNA 1	-0.478	3.526
55616	ASAP3	ArfGAP with SH3 domain, ankyrin repeat and PH domain 3	0.315	2.224
3399	ID3	inhibitor of DNA binding 3	-0.64	6.64
6135	RPL11	ribosomal protein L11	0.385	3.08
6924	ELOA	elongin A	0.296	7.05
100506963	ELOA-AS1	ELOA antisense RNA 1	0.248	3.576
57095	PITHD1	PITH domain containing 1	0.236	3.819
2582	GALE	UDP-galactose-4-epimerase	0.298	1.945
107984931	LOC107984931	uncharacterized LOC107984931	0.413	2.513
163702	IFNLR1	interferon lambda receptor 1	0.403	1.397
57185	NIPAL3	NIPA like domain containing 3	0.352	3.796
10250	SRRM1	serine and arginine repetitive matrix 1	-0.267	2.513
25932	CLIC4	chloride intracellular channel 4	0.398	2.277
864	RUNX3	RUNX family transcription factor 3	-0.754	2.429
57035	RSRP1	arginine and serine rich protein 1	-0.246	1.418
55219	MACO1	macoilin 1	0.266	4.309
57190	SELENON	selenoprotein N	0.26	3.118
164091	PAQR7	progestin and adipoQ receptor family member 7	-0.345	1.87
5051	PAFAH2	platelet activating factor acetylhydrolase 2	-0.414	3.627
79927	FAM110D	family with sequence similarity 110 member D	-0.387	1.846
10256	CNKSR1	connector enhancer of kinase suppressor of Ras 1	-0.684	3.095
101928303	ZPLD2P	zona pellucida like domain containing 2, pseudogene	-0.597	2.562
64793	CEP85	centrosomal protein 85	0.363	1.536
83442	SH3BGRL3	SH3 domain binding glutamate rich protein like 3	0.318	1.377
3151	HMGN2	high mobility group nucleosomal binding domain 2	-1.075	21.295
10726	NUDC	nuclear distribution C, dynein complex regulator	0.257	2.57
115572	TENT5B	terminal nucleotidyltransferase 5B	0.725	1.76
84065	TMEM222	transmembrane protein 222	-0.351	6.011
84958	SYTL1	synaptotagmin like 1	-0.822	3.22
8547	FCN3	ficolin 3	1.639	6.73
10163	WASF2	WASP family member 2	-0.243	1.717
27245	AHDC1	AT-hook DNA binding motif containing 1	-0.231	1.673
2537	IFI6	interferon alpha inducible protein 6	-0.776	2.271
199870	FAM76A	family with sequence similarity 76 member A	-0.199	1.491
5511	PPP1R8	protein phosphatase 1 regulatory subunit 8	0.115	1.992
2140	EYA3	EYA transcriptional coactivator and phosphatase 3	0.196	1.529
22826	DNAJC8	DnaJ heat shock protein family (Hsp40) member C8	0.3	4.253
1104	RCC1	regulator of chromosome condensation 1	0.756	6.508
115273	RAB42	RAB42, member RAS oncogene family	0.598	1.762
6883	TAF12	TATA-box binding protein associated factor 12	0.288	3.94
2035	EPB41	erythrocyte membrane protein band 4.1	0.215	1.836
399474	TMEM200B	transmembrane protein 200B	-0.382	3.42
6429	SRSF4	serine and arginine rich splicing factor 4	0.165	2.477
10076	PTPRU	protein tyrosine phosphatase receptor type U	0.532	3.387
7805	LAPTM5	lysosomal protein transmembrane 5	0.546	1.969
9672	SDC3	syndecan 3	-0.335	2.284
51538	ZCCHC17	zinc finger CCHC-type containing 17	-0.329	2.02
2170	FABP3	fatty acid binding protein 3	0.248	1.393
553115	PEF1	penta-EF-hand domain containing 1	-0.284	3.346
107985471	PEF1-AS1	PEF1 and COL16A1 antisense RNA 1	-0.907	2.664
105378628	LOC105378628		-1.21	3.965
1307	COL16A1	collagen type XVI alpha 1 chain	-1.455	9.265
101929444	LOC101929444	uncharacterized LOC101929444	-1.471	12.018
576	ADGRB2	adhesion G protein-coupled receptor B2	-0.668	2.84
8073	PTP4A2	protein tyrosine phosphatase 4A2	0.513	11.407
10657	KHDRBS1	KH RNA binding domain containing, signal transduction associated 1	-0.249	4.85
200081	TXLNA	taxilin alpha	-0.164	2.486
56063	TMEM234	transmembrane protein 234	-0.177	1.757
149069	DCDC2B	doublecortin domain containing 2B	-0.334	1.654
8668	EIF3I	eukaryotic translation initiation factor 3 subunit I	0.194	2.078
84734	FAM167B	family with sequence similarity 167 member B	1.238	5.66
3932	LCK	LCK proto-oncogene, Src family tyrosine kinase	-0.678	1.355
81629	TSSK3	testis specific serine kinase 3	-0.284	1.551
100128071	FAM229A	family with sequence similarity 229 member A	-1.371	9.179
653121	ZBTB8A	zinc finger and BTB domain containing 8A	-0.38	2.101
102723870	LOC102723870	uncharacterized LOC102723870	0.453	1.373
339487	ZBTB8OS	zinc finger and BTB domain containing 8 opposite strand	0.287	3.118
81493	SYNC	syncoilin, intermediate filament protein	0.328	2.872
8565	YARS1	tyrosyl-tRNA synthetase 1	0.377	3.793
64766	S100PBP	S100P binding protein	-0.118	1.379
3208	HPCA	hippocalcin	-0.705	1.613
113452	TMEM54	transmembrane protein 54	-0.874	4.79
204	AK2	adenylate kinase 2	0.286	4.754
113451	AZIN2	antizyme inhibitor 2	-1.111	3.846
55223	TRIM62	tripartite motif containing 62	-0.226	1.756
100500853	MIR3605	microRNA 3605	0.533	3.22
100506144	TMEM35B	transmembrane protein 35B	-0.415	5.809
6421	SFPQ	splicing factor proline and glutamine rich	-0.25	3.729
100861513	ZMYM4-AS1	ZMYM4 antisense RNA 1	0.426	1.742
23154	NCDN	neurochondrin	-0.625	9.128
63967	CLSPN	claspin	1.008	2.894
26523	AGO1	argonaute RISC component 1	-0.121	1.437
1296	COL8A2	collagen type VIII alpha 2 chain	-1.6	6.33
27095	TRAPPC3	trafficking protein particle complex subunit 3	0.322	4.719
9967	THRAP3	thyroid hormone receptor associated protein 3	0.217	2.071
79729	SH3D21	SH3 domain containing 21	-0.426	2.302
55194	EVA1B	eva-1 homolog B	-0.658	3.969
83931	STK40	serine/threonine kinase 40	0.311	2.6
84967	LSM10	LSM10, U7 small nuclear RNA associated	0.455	4.846
64960	MRPS15	mitochondrial ribosomal protein S15	0.463	5.787
64769	MEAF6	MYST/Esa1 associated factor 6	-0.344	3.105
79753	SNIP1	Smad nuclear interacting protein 1	-0.252	3.193
29889	GNL2	G protein nucleolar 2	0.299	3.19
55143	CDCA8	cell division cycle associated 8	0.97	2.942
149175	MANEAL	mannosidase endo-alpha like	-0.408	1.782
79693	YRDC	yrdC N6-threonylcarbamoyltransferase domain containing	-0.455	5.339
105378651	LOC105378651	uncharacterized LOC105378651	-0.554	1.6
10946	SF3A3	splicing factor 3a subunit 3	0.11	1.364
2275	FHL3	four and a half LIM domains 3	0.292	1.335
51118	UTP11	UTP11 small subunit processome component	0.63	8.229
100527950	GJA9-MYCBP	GJA9-MYCBP readthrough	0.233	1.615
26292	MYCBP	MYC binding protein	0.252	1.692
54933	RHBDL2	rhomboid like 2	-0.495	1.78
105378662	LOC105378662	uncharacterized LOC105378662	-0.538	1.667
4725	NDUFS5	NADH:ubiquinone oxidoreductase subunit S5	0.521	4.186
23499	MACF1	microtubule actin crosslinking factor 1	0.196	1.706
643314	KIAA0754	replaced by ID 23499	1.147	4.486
728448	PPIEL	peptidylprolyl isomerase E like pseudogene	-0.468	4.633
101929516	PABPC4-AS1	PABPC4 antisense RNA 1	0.27	2.11
26508	HEYL	hes related family bHLH transcription factor with YRPW motif like	-0.49	1.561
54802	TRIT1	tRNA isopentenyltransferase 1	0.29	2.033
10487	CAP1	cyclase associated actin cytoskeleton regulatory protein 1	0.266	3.417
10269	ZMPSTE24	zinc metallopeptidase STE24	0.385	3.295
1298	COL9A2	collagen type IX alpha 2 chain	-1.266	7.247
64744	SMAP2	small ArfGAP2	-0.379	1.616
4802	NFYC	nuclear transcription factor Y subunit gamma	-0.21	3.487
163732	CITED4	Cbp/p300 interacting transactivator with Glu/Asp rich carboxy-terminal domain 4	0.608	2.793
100507178	SLFNL1-AS1	SLFNL1 antisense RNA 1	-0.181	1.371
105378678	LOC105378678	uncharacterized LOC105378678	-0.94	2.912
59269	HIVEP3	HIVEP zinc finger 3	0.656	6.552
84217	ZMYND12	zinc finger MYND-type containing 12	-0.528	1.889
4904	YBX1	Y-box binding protein 1	0.41	5.008
374969	SVBP	small vasohibin binding protein	0.314	2.758
114625	ERMAP	erythroblast membrane associated protein (Scianna blood group)	-0.18	1.362
51058	ZNF691	zinc finger protein 691	-0.179	1.51
6513	SLC2A1	solute carrier family 2 member 1	0.538	2.223
10969	EBNA1BP2	EBNA1 binding protein 2	0.55	8.591
4352	MPL	MPL proto-oncogene, thrombopoietin receptor	-0.327	1.674
991	CDC20	cell division cycle 20	1.081	3.568
100873952	SZT2-AS1	SZT2 antisense RNA 1	-0.306	2.479
81888	HYI	hydroxypyruvate isomerase (putative)	-0.269	2.514
9682	KDM4A	lysine demethylase 4A	-0.133	1.752
101929609	LOC101929609	uncharacterized LOC101929609	0.212	1.532
55929	DMAP1	DNA methyltransferase 1 associated protein 1	-0.171	1.585
55182	RNF220	ring finger protein 220	0.371	9.067
107984950	LOC107984950	uncharacterized LOC107984950	0.764	22.652
79639	TMEM53	transmembrane protein 53	0.551	5.802
11004	KIF2C	kinesin family member 2C	0.372	1.736
1263	PLK3	polo like kinase 3	-0.545	4.002
149478	BTBD19	BTB domain containing 19	-0.516	2.791
107984952	LOC107984952	uncharacterized LOC107984952	-0.525	1.409
8643	PTCH2	patched 2	-0.672	2.097
8891	EIF2B3	eukaryotic translation initiation factor 2B subunit gamma	0.302	3.528
79654	HECTD3	HECT domain E3 ubiquitin protein ligase 3	0.33	4.414
57643	ZSWIM5	zinc finger SWIM-type containing 5	-0.543	2.687
4595	MUTYH	mutY DNA glycosylase	-0.244	3.154
114034	TOE1	target of EGR1, exonuclease	-0.318	3.514
25974	MMACHC	metabolism of cobalamin associated C	0.357	5.931
5052	PRDX1	peroxiredoxin 1	0.443	6.278
4678	NASP	nuclear autoantigenic sperm protein	0.302	3.956
149483	CCDC17	coiled-coil domain containing 17	-0.443	2.073
51249	TMEM69	transmembrane protein 69	0.265	3.431
10103	TSPAN1	tetraspanin 1	0.393	1.591
55624	POMGNT1	protein O-linked mannose N-acetylglucosaminyltransferase 1 (beta 1,2-)	0.24	2.765
541468	LURAP1	leucine rich adaptor protein 1	-0.302	1.537
8438	RAD54L	RAD54 like	-0.334	1.628
10489	LRRC41	leucine rich repeat containing 41	-0.329	7.212
7388	UQCRH	ubiquinol-cytochrome c reductase hinge protein	0.304	2.693
2166	FAAH	fatty acid amide hydrolase	0.409	2.243
100507423	MKNK1-AS1	MKNK1 antisense RNA 1	-0.305	2.935
100130197	EFCAB14-AS1	EFCAB14 antisense RNA 1	0.314	1.338
199974	CYP4Z1	cytochrome P450 family 4 subfamily Z member 1	1.111	2.16
388630	TRABD2B	TraB domain containing 2B	-0.5	1.836
79656	BEND5	BEN domain containing 5	-0.518	3.228
11124	FAF1	Fas associated factor 1	0.35	8.886
1031	CDKN2C	cyclin dependent kinase inhibitor 2C	0.483	5.804
2060	EPS15	epidermal growth factor receptor pathway substrate 15	0.181	1.583
4898	NRDC	nardilysin convertase	0.34	8.147
105378721	LOC105378721		0.176	1.593
100313892	MIR761	microRNA 761	0.539	2.299
51060	TXNDC12	thioredoxin domain containing 12	0.235	3.218
9372	ZFYVE9	zinc finger FYVE-type containing 9	0.43	9.35
200014	CC2D1B	coiled-coil and C2 domain containing 1B	0.134	1.612
23318	TUT4	terminal uridylyl transferase 4	0.369	5.649
65260	COA7	cytochrome c oxidase assembly factor 7	0.311	2.405
6342	SCP2	sterol carrier protein 2	0.158	1.444
127435	PODN	podocan	-1.308	11.462
6512	SLC1A7	solute carrier family 1 member 7	-1.637	5.524
4116	MAGOH	mago homolog, exon junction complex subunit	0.263	1.859
7804	LRP8	LDL receptor related protein 8	0.694	2.27
148979	GLIS1	GLIS family zinc finger 1	-1.941	5.203
54432	YIPF1	Yip1 domain family member 1	0.259	2.513
127428	TCEANC2	transcription elongation factor A N-terminal and central domain containing 2	0.168	1.52
23648	SSBP3	single stranded DNA binding protein 3	0.287	2.043
374977	MROH7	maestro heat like repeat family member 7	-0.605	1.832
1718	DHCR24	24-dehydrocholesterol reductase	0.631	1.893
23358	USP24	ubiquitin specific peptidase 24	0.316	3.522
115209	OMA1	OMA1 zinc metallopeptidase	0.25	2.216
114803	MYSM1	Myb like, SWIRM and MPN domains 1	0.311	2.285
3725	JUN	Jun proto-oncogene, AP-1 transcription factor subunit	-0.793	6.339
51361	HOOK1	hook microtubule tethering protein 1	1.639	8.964
1573	CYP2J2	cytochrome P450 family 2 subfamily J member 2	-0.574	2.484
100996570	NFIA-AS2	NFIA antisense RNA 2	-1.755	5.815
4774	NFIA	nuclear factor I A	-0.232	2.037
85440	DOCK7	dedicator of cytokinesis 7	0.245	1.539
84455	EFCAB7	EF-hand calcium binding domain 7	0.231	1.535
4919	ROR1	receptor tyrosine kinase like orphan receptor 1	-0.434	1.882
55225	RAVER2	ribonucleoprotein, PTB binding 2	0.44	7.729
3716	JAK1	Janus kinase 1	0.67	9.541
3953	LEPR	leptin receptor	-0.665	3.262
57708	MIER1	MIER1 transcriptional regulator	-0.285	2.331
23169	SLC35D1	solute carrier family 35 member D1	-0.354	2.938
3595	IL12RB2	interleukin 12 receptor subunit beta 2	-0.374	1.453
26135	SERBP1	SERPINE1 mRNA binding protein 1	0.164	2.234
1647	GADD45A	growth arrest and DNA damage inducible alpha	-0.633	3.194
100289178	GNG12-AS1	GNG12, DIRAS3 and WLS antisense RNA 1	-0.25	1.576
9077	DIRAS3	DIRAS family GTPase 3	-1.118	2.286
79971	WLS	Wnt ligand secretion mediator	-0.363	9.672
55635	DEPDC1	DEP domain containing 1	1.172	3.127
57554	LRRC7	leucine rich repeat containing 7	1.504	3.85
81573	ANKRD13C	ankyrin repeat domain 13C	0.155	1.931
5733	PTGER3	prostaglandin E receptor 3	0.873	1.52
105378803	LRRC53	leucine rich repeat containing 53	0.416	1.476
127253	TYW3	tRNA-yW synthesizing protein 3 homolog	0.208	1.763
26805	SNORD45A	small nucleolar RNA, C/D box 45A	0.666	2.07
4438	MSH4	mutS homolog 4	-0.92	2.261
26289	AK5	adenylate kinase 5	-0.964	1.813
374987	NEXN-AS1	NEXN antisense RNA 1	0.711	3.035
10964	IFI44L	interferon induced protein 44 like	-1.058	3.398
23266	ADGRL2	adhesion G protein-coupled receptor L2	0.339	3.102
79739	TTLL7	tubulin tyrosine ligase like 7	-0.753	2.711
80135	RPF1	ribosome production factor 1 homolog	0.296	3.454
2787	GNG5	G protein subunit gamma 5	0.351	3.124
102724892	LOC102724892	uncharacterized LOC102724892	1.253	5.071
23566	LPAR3	lysophosphatidic acid receptor 3	0.638	2.491
8915	BCL10	BCL10 immune signaling adaptor	-0.216	2.318
23576	DDAH1	dimethylarginine dimethylaminohydrolase 1	-0.669	1.705
107985054	LOC107985054		-0.757	1.915
3491	CCN1	cellular communication network factor 1	-1.389	3.033
105378827	LOC105378827	uncharacterized LOC105378827	-0.712	2.47
51100	SH3GLB1	SH3 domain containing GRB2 like, endophilin B1	0.454	6.52
9653	HS2ST1	heparan sulfate 2-O-sulfotransferase 1	-0.277	2.17
8543	LMO4	LIM domain only 4	0.332	2.252
56267	KYAT3	kynurenine aminotransferase 3	0.225	1.404
2635	GBP3	guanylate binding protein 3	0.448	1.599
2633	GBP1	guanylate binding protein 1	0.521	1.313
2634	GBP2	guanylate binding protein 2	0.572	2.803
112268267	LOC112268267	uncharacterized LOC112268267	0.62	2.886
400761	LRRC8C-DT	LRRC8C divergent transcript	-0.388	1.763
492303	GEMIN8P4	gem nuclear organelle associated protein 8 pseudogene 4	0.558	2.449
105378853	LINC02609	long intergenic non-protein coding RNA 2609	0.74	4.286
84146	ZNF644	zinc finger protein 644	0.262	2.126
8317	CDC7	cell division cycle 7	0.804	3.558
646817	SETSIP	SET like protein	0.287	2.659
11146	GLMN	glomulin, FKBP associated protein	-0.202	1.309
79871	RPAP2	RNA polymerase II associated protein 2	0.226	2.554
2672	GFI1	growth factor independent 1 transcriptional repressor	-0.904	2.876
7813	EVI5	ecotropic viral integration site 5	-0.31	2.296
388650	DIPK1A	divergent protein kinase domain 1A	0.41	3.054
30836	DNTTIP2	deoxynucleotidyltransferase terminal interacting protein 2	0.212	2.262
2730	GCLM	glutamate-cysteine ligase modifier subunit	0.414	3.675
24	ABCA4	ATP binding cassette subfamily A member 4	-0.599	1.394
9411	ARHGAP29	Rho GTPase activating protein 29	0.293	1.549
101928079	SLC44A3-AS1	SLC44A3 antisense RNA 1	0.554	1.841
1266	CNN3	calponin 3	-0.271	1.802
105378862	LOC105378862	replaced by ID 729970	-0.822	4.953
729970	CNN3-DT	CNN3 divergent transcript	-0.334	1.623
51375	SNX7	sorting nexin 7	0.486	4.725
54873	PALMD	palmdelphin	0.368	1.675
391059	FRRS1	ferric chelate reductase 1	-0.688	6.653
178	AGL	amylo-alpha-1, 6-glucosidase, 4-alpha-glucanotransferase	0.444	2.39
54482	TRMT13	tRNA methyltransferase 13 homolog	0.401	5.936
127495	LRRC39	leucine rich repeat containing 39	0.755	7.033
1629	DBT	dihydrolipoamide branched chain transacylase E2	0.228	1.403
8634	RTCA	RNA 3'-terminal phosphate cyclase	0.35	4.819
148867	SLC30A7	solute carrier family 30 member 7	-0.327	1.732
102606465	DPH5-DT	DPH5 divergent transcript	-0.322	2.136
101928370	S1PR1-DT	S1PR1 divergent transcript	-0.566	3.003
1901	S1PR1	sphingosine-1-phosphate receptor 1	-0.377	2.945
280	AMY2B	amylase alpha 2B	-0.349	2.54
29957	SLC25A24	solute carrier family 25 member 24	0.314	1.768
55119	PRPF38B	pre-mRNA processing factor 38B	0.216	2.194
29899	GPSM2	G protein signaling modulator 2	0.228	3.775
23155	CLCC1	chloride channel CLIC like 1	0.212	4.228
56900	TMEM167B	transmembrane protein 167B	-0.336	5.119
6301	SARS1	seryl-tRNA synthetase 1	0.283	4.2
1952	CELSR2	cadherin EGF LAG seven-pass G-type receptor 2	0.539	2.56
343263	MYBPHL	myosin binding protein H like	1.198	2.18
6272	SORT1	sortilin 1	-0.301	1.51
284612	SYPL2	synaptophysin like 2	0.275	1.304
284613	CYB561D1	cytochrome b561 family member D1	-0.212	1.339
57463	AMIGO1	adhesion molecule with Ig like domain 1	0.284	2.162
2780	GNAT2	G protein subunit alpha transducin 2	0.743	4.43
2948	GSTM4	glutathione S-transferase mu 4	0.496	9.108
2949	GSTM5	glutathione S-transferase mu 5	-0.703	2.515
2947	GSTM3	glutathione S-transferase mu 3	0.643	2.529
1435	CSF1	colony stimulating factor 1	0.26	2.054
10768	AHCYL1	adenosylhomocysteinase like 1	0.276	9.348
3749	KCNC4	potassium voltage-gated channel subfamily C member 4	-0.589	2.774
10542	LAMTOR5	late endosomal/lysosomal adaptor, MAPK and MTOR activator 5	0.175	1.38
101410535	LAMTOR5-AS1	LAMTOR5 antisense RNA 1	-0.831	2.659
128338	DRAM2	DNA damage regulated autophagy modulator 2	0.281	3.938
1117	CHI3L2	chitinase 3 like 2	1.134	1.803
128344	PIFO	primary cilia formation	0.364	1.646
515	ATP5PB	ATP synthase peripheral stalk-membrane subunit b	0.224	1.735
57413	TMIGD3	transmembrane and immunoglobulin domain containing 3	1.013	2.688
100129269	LINC01160	long intergenic non-protein coding RNA 1160	-0.794	4.11
55924	INKA2	inka box actin regulator 2	0.602	2.11
3752	KCND3	potassium voltage-gated channel subfamily D member 3	0.734	5.225
100996251	LRIG2-DT	LRIG2 divergent transcript	-0.941	4.127
9860	LRIG2	leucine rich repeats and immunoglobulin like domains 2	-0.307	3.305
54665	RSBN1	round spermatid basic protein 1	-0.248	1.667
100287722	AP4B1-AS1	AP4B1 antisense RNA 1	-0.153	1.363
10717	AP4B1	adaptor related protein complex 4 subunit beta 1	-0.337	7.221
56944	OLFML3	olfactomedin like 3	-0.547	2.84
7812	CSDE1	cold shock domain containing E1	0.233	3.833
10100	TSPAN2	tetraspanin 2	0.554	1.947
4803	NGF	nerve growth factor	0.76	4.654
55356	SLC22A15	solute carrier family 22 member 15	0.366	3.74
965	CD58	CD58 molecule	0.258	2.073
914	CD2	CD2 molecule	-0.882	1.685
5738	PTGFRN	prostaglandin F2 receptor inhibitor	-0.719	5.625
9398	CD101	CD101 molecule	-0.779	6.911
8458	TTF2	transcription termination factor 2	-0.247	1.367
79679	VTCN1	V-set domain containing T cell activation inhibitor 1	-0.759	2.436
54855	TENT5C	terminal nucleotidyltransferase 5C	0.908	4.766
105378929	LOC105378929	uncharacterized LOC105378929	1.334	2.403
200162	SPAG17	sperm associated antigen 17	0.661	5.065
128102	HSD3BP4	hydroxy-delta-5-steroid dehydrogenase, 3 beta, pseudogene 4	0.977	3.088
3158	HMGCS2	3-hydroxy-3-methylglutaryl-CoA synthase 2	2.413	3.559
100996724	PDE4DIPP2	PDE4DIP pseudogene 2	0.339	3.053
107985524	LOC107985524	uncharacterized LOC107985524	-0.846	5.59
2210	FCGR1BP	Fc gamma receptor Ib, pseudogene	0.67	1.854
107985194	LINC02798	long intergenic non-protein coding RNA 2798	-1.958	12.889
107985201	LOC107985201	uncharacterized LOC107985201	-0.411	1.559
100132417	FCGR1CP	Fc gamma receptor Ic, pseudogene	0.846	2.172
103091866	LINC01145	long intergenic non-protein coding RNA 1145	-0.429	2.522
653519	GPR89A	G protein-coupled receptor 89A	0.352	8.402
11126	CD160	CD160 molecule	-0.785	3.561
200035	NUDT17	nudix hydrolase 17	-0.176	1.361
10401	PIAS3	protein inhibitor of activated STAT 3	-0.155	1.48
148741	ANKRD35	ankyrin repeat domain 35	-0.452	1.944
8515	ITGA10	integrin subunit alpha 10	-1.18	3.574
8799	PEX11B	peroxisomal biogenesis factor 11 beta	-0.147	1.7
114814	GNRHR2	gonadotropin releasing hormone receptor 2 (pseudogene)	0.214	2.549
105371260	LIX1L-AS1	LIX1L antisense RNA 1	0.293	1.33
170688	NUDT4P2	nudix hydrolase 4 pseudogene 2	0.578	3.666
102724364	SEC22B4P	SEC22 homolog B4, pseudogene	-0.148	1.487
100996756	LOC100996756	uncharacterized LOC100996756	0.794	1.794
728989	LOC728989	phosphodiesterase 4D interacting protein pseudogene	-0.375	3.381
5565	PRKAB2	protein kinase AMP-activated non-catalytic subunit beta 2	0.292	1.489
2330	FMO5	flavin containing dimethylaniline monoxygenase 5	0.838	4.24
607	BCL9	BCL9 transcription coactivator	-0.309	2.904
51463	GPR89B	G protein-coupled receptor 89B	0.356	7.983
100996763	NOTCH2NLB	notch 2 N-terminal like B	-0.369	1.66
440672	NUDT4B	nudix hydrolase 4B	0.567	3.579
9659	PDE4DIP	phosphodiesterase 4D interacting protein	0.273	2.316
100996717	NOTCH2NLC	notch 2 N-terminal like C	-0.413	2.092
2209	FCGR1A	Fc gamma receptor Ia	0.713	2.442
9900	SV2A	synaptic vesicle glycoprotein 2A	-0.728	3.208
10262	SF3B4	splicing factor 3b subunit 4	-0.173	1.683
10903	MTMR11	myotubularin related protein 11	-0.452	2.063
51177	PLEKHO1	pleckstrin homology domain containing O1	0.639	2.602
81611	ANP32E	acidic nuclear phosphoprotein 32 family member E	-0.445	3.291
23632	CA14	carbonic anhydrase 14	0.751	5.263
51107	APH1A	aph-1 homolog A, gamma-secretase subunit	-0.364	6.602
79630	C1orf54	chromosome 1 open reading frame 54	-0.338	1.475
54460	MRPS21	mitochondrial ribosomal protein S21	0.222	1.813
80222	TARS2	threonyl-tRNA synthetase 2, mitochondrial	-0.232	1.97
1893	ECM1	extracellular matrix protein 1	-0.403	1.681
4170	MCL1	MCL1 apoptosis regulator, BCL2 family member	-0.385	2.363
55204	GOLPH3L	golgi phosphoprotein 3 like	0.164	1.841
1513	CTSK	cathepsin K	-0.962	5.256
55793	MINDY1	MINDY lysine 48 deubiquitinase 1	0.188	1.305
56882	CDC42SE1	CDC42 small effector 1	-0.321	2.428
10962	MLLT11	MLLT11 transcription factor 7 cofactor	-0.765	2.492
126626	GABPB2	GA binding protein transcription factor subunit beta 2	-0.437	5.271
79626	TNFAIP8L2	TNF alpha induced protein 8 like 2	0.633	2.331
5710	PSMD4	proteasome 26S subunit ubiquitin receptor, non-ATPase 4	0.158	1.455
57592	ZNF687	zinc finger protein 687	-0.208	2.881
5298	PI4KB	phosphatidylinositol 4-kinase beta	-0.177	2.427
5692	PSMB4	proteasome 20S subunit beta 4	-0.19	2.078
23126	POGZ	pogo transposable element derived with ZNF domain	-0.307	5.56
7286	TUFT1	tuftelin 1	-0.522	3.799
11189	CELF3	CUGBP Elav-like family member 3	-0.184	1.884
65005	MRPL9	mitochondrial ribosomal protein L9	0.185	1.963
100132111	C2CD4D-AS1	C2CD4D and THEM5 antisense RNA 1	-0.635	1.908
284486	THEM5	thioesterase superfamily member 5	-0.917	1.855
6281	S100A10	S100 calcium binding protein A10	0.862	5.894
6282	S100A11	S100 calcium binding protein A11	0.425	2.175
339400	FLG-AS1	FLG antisense RNA 1	-0.734	1.874
6280	S100A9	S100 calcium binding protein A9	1.363	3.592
6279	S100A8	S100 calcium binding protein A8	0.901	1.404
6275	S100A4	S100 calcium binding protein A4	0.491	1.485
6274	S100A3	S100 calcium binding protein A3	1.399	6.743
140576	S100A16	S100 calcium binding protein A16	0.314	2.086
57402	S100A14	S100 calcium binding protein A14	0.678	3.528
3608	ILF2	interleukin enhancer binding factor 2	0.176	2.1
65123	INTS3	integrator complex subunit 3	-0.236	3.613
11000	SLC27A3	solute carrier family 27 member 3	-0.438	3.007
57459	GATAD2B	GATA zinc finger domain containing 2B	-0.408	8.211
27173	SLC39A1	solute carrier family 39 member 1	0.282	4.024
5872	RAB13	RAB13, member RAS oncogene family	0.357	4.611
7170	TPM3	tropomyosin 3	-0.584	1.357
25912	C1orf43	chromosome 1 open reading frame 43	0.209	1.885
10456	HAX1	HCLS1 associated protein X-1	0.234	2.005
89872	AQP10	aquaporin 10	-3.49	12.021
57198	ATP8B2	ATPase phospholipid transporting 8B2	-0.406	3.37
3570	IL6R	interleukin 6 receptor	0.352	2.482
126668	TDRD10	tudor domain containing 10	-0.467	3.54
55585	UBE2Q1	ubiquitin conjugating enzyme E2 Q1	0.369	7.553
100874097	UBE2Q1-AS1	UBE2Q1 antisense RNA 1	0.541	8.706
1141	CHRNB2	cholinergic receptor nicotinic beta 2 subunit	-0.262	3.848
3782	KCNN3	potassium calcium-activated channel subfamily N member 3	-0.943	3.493
10654	PMVK	phosphomevalonate kinase	0.336	2.998
80308	FLAD1	flavin adenine dinucleotide synthetase 1	0.225	2.544
51043	ZBTB7B	zinc finger and BTB domain containing 7B	0.488	5.8
7059	THBS3	thrombospondin 3	-0.466	2.288
105371450	THBS3-AS1	THBS3 antisense RNA 1	-0.456	1.98
10712	ENTREP3	endosomal transmembrane epsin interactor 3	0.305	2.749
55870	ASH1L	ASH1 like histone lysine methyltransferase	0.355	3.895
101929703	LOC101929703	uncharacterized LOC101929703	-0.832	5.723
55154	MSTO1	misato mitochondrial distribution and morphology regulator 1	-0.25	2.667
55249	YY1AP1	YY1 associated protein 1	0.167	2.009
100129405	MSTO2P	misato family member 2, pseudogene	-0.262	2.882
23208	SYT11	synaptotagmin 11	-0.409	3.074
56893	UBQLN4	ubiquilin 4	0.193	2.132
28956	LAMTOR2	late endosomal/lysosomal adaptor, MAPK and MTOR activator 2	0.222	2.167
64218	SEMA4A	semaphorin 4A	-0.583	4.628
9673	SLC25A44	solute carrier family 25 member 44	0.131	1.472
100527963	PMF1-BGLAP	PMF1-BGLAP readthrough	0.499	6.279
11243	PMF1	polyamine modulated factor 1	0.243	2.56
79957	PAQR6	progestin and adipoQ receptor family member 6	-0.999	8.629
84283	TMEM79	transmembrane protein 79	-0.307	2.093
7203	CCT3	chaperonin containing TCP1 subunit 3	0.163	1.317
128239	IQGAP3	IQ motif containing GTPase activating protein 3	1.484	3.33
54865	GPATCH4	G-patch domain containing 4 (gene/pseudogene)	0.739	17.534
105371453	BCAN-AS1	BCAN antisense RNA 1	1.357	7.627
10763	NES	nestin	-0.543	2.378
79590	MRPL24	mitochondrial ribosomal protein L24	0.317	3.255
3068	HDGF	heparin binding growth factor	0.53	14.624
3645	INSRR	insulin receptor related receptor	0.602	1.658
2117	ETV3	ETS variant transcription factor 3	-0.209	2.172
922	CD5L	CD5 molecule like	2.018	3.514
911	CD1C	CD1c molecule	-1.945	7.644
913	CD1E	CD1e molecule	-2.629	6.484
3428	IFI16	interferon gamma inducible protein 16	0.303	1.699
100131825	CADM3-AS1	CADM3 antisense RNA 1	0.452	1.601
2205	FCER1A	Fc epsilon receptor Ia	-1.237	2.012
343413	FCRL6	Fc receptor like 6	-0.947	1.474
56833	SLAMF8	SLAM family member 8	-0.416	1.502
284677	SNHG28	small nucleolar RNA host gene 28	-0.594	3.819
480	ATP1A4	ATPase Na+/K+ transporting subunit alpha 4	-0.583	2.11
729867	LOC729867	uncharacterized LOC729867	0.965	10.104
8682	PEA15	proliferation and apoptosis adaptor protein 15	0.507	6.355
1314	COPA	COPI coat complex subunit alpha	-0.376	9.051
962	CD48	CD48 molecule	-0.562	1.422
55600	ITLN1	intelectin 1	2.071	2.424
100131187	TSTD1	thiosulfate sulfurtransferase like domain containing 1	-0.723	5.194
7391	USF1	upstream transcription factor 1	0.14	1.971
126823	KLHDC9	kelch domain containing 9	-0.936	5.739
5202	PFDN2	prefoldin subunit 2	0.207	1.748
9191	DEDD	death effector domain containing	0.165	2.762
51506	UFC1	ubiquitin-fold modifier conjugating enzyme 1	0.345	5.117
5498	PPOX	protoporphyrinogen oxidase	-0.297	4.166
2207	FCER1G	Fc epsilon receptor Ig	1.09	8.021
84134	TOMM40L	translocase of outer mitochondrial membrane 40 like	0.286	3.416
9970	NR1I3	nuclear receptor subfamily 1 group I member 3	0.384	5.654
257177	CFAP126	cilia and flagella associated protein 126	0.5	6.85
2214	FCGR3A	Fc gamma receptor IIIa	1.023	3.406
3311	HSPA7	heat shock protein family A (Hsp70) member 7 (pseudogene)	-0.708	1.398
22926	ATF6	activating transcription factor 6	0.228	4.44
6675	UAP1	UDP-N-acetylglucosamine pyrophosphorylase 1	0.297	2.016
5999	RGS4	regulator of G protein signaling 4	-1.543	2.175
83540	NUF2	NUF2 component of NDC80 kinetochore complex	1.834	7.187
107985451	LOC107985451	uncharacterized LOC107985451	2.092	6.8
4009	LMX1A	LIM homeobox transcription factor 1 alpha	-1.625	2.411
400794	LRRC52-AS1	LRRC52 antisense RNA 1	-1.152	1.339
7371	UCK2	uridine-cytidine kinase 2	-0.418	2.043
149297	FAM78B	family with sequence similarity 78 member B	0.844	5.889
387597	ILDR2	immunoglobulin like domain containing receptor 2	-0.556	2.889
84944	MAEL	maelstrom spermatogenic transposon silencer	-0.541	2.694
10223	GPA33	glycoprotein A33	-1.154	2.454
92235	STYXL2	serine/threonine/tyrosine interacting like 2	-0.848	4.865
5451	POU2F1	POU class 2 homeobox 1	-0.201	2.341
919	CD247	CD247 molecule	-0.663	1.816
25874	MPC2	mitochondrial pyruvate carrier 2	0.194	1.433
55827	DCAF6	DDB1 and CUL4 associated factor 6	0.393	5.736
261726	TIPRL	TOR signaling pathway regulator	0.161	1.852
375035	SFT2D2	SFT2 domain containing 2	-0.443	5.138
6375	XCL1	X-C motif chemokine ligand 1	1.505	4.686
1805	DPT	dermatopontin	-1.011	3.764
6402	SELL	selectin L	-0.819	2.148
55732	C1orf112	chromosome 1 open reading frame 112	0.213	1.809
57147	SCYL3	SCY1 like pseudokinase 3	0.192	2.217
22920	KIFAP3	kinesin associated protein 3	-0.345	1.764
5396	PRRX1	paired related homeobox 1	-0.85	4.455
2329	FMO4	flavin containing dimethylaniline monoxygenase 4	-0.455	3.566
7151	TOP1P1	DNA topoisomerase I pseudogene 1	-0.443	3.681
23215	PRRC2C	proline rich coiled-coil 2C	0.229	2.503
4653	MYOC	myocilin	-1.096	1.8
51603	METTL13	methyltransferase 13, eEF1A lysine and N-terminal methyltransferase	0.188	3.15
102724528	LOC102724528	uncharacterized LOC102724528	0.508	2.491
92346	C1orf105	chromosome 1 open reading frame 105	2.25	7.786
5279	PIGC	phosphatidylinositol glycan anchor biosynthesis class C	0.139	1.36
51430	SUCO	SUN domain containing ossification factor	0.263	3.519
9588	PRDX6	peroxiredoxin 6	0.58	4.847
339416	ANKRD45	ankyrin repeat domain 45	-1.276	3.666
60674	GAS5	growth arrest specific 5	-0.315	1.823
149041	RC3H1	ring finger and CCCH-type domains 1	-0.267	2.31
105371622	LOC105371622	uncharacterized LOC105371622	-0.528	2.634
27101	CACYBP	calcyclin binding protein	0.603	10.242
63931	MRPS14	mitochondrial ribosomal protein S14	0.128	1.392
63923	TNN	tenascin N	-1.004	2.555
9674	KIAA0040	KIAA0040	0.401	1.645
64326	COP1	COP1 E3 ubiquitin ligase	0.262	4.546
460	ASTN1	astrotactin 1	-0.489	2.212
105371629	LOC105371629	uncharacterized LOC105371629	-2.492	17.144
55103	RALGPS2	Ral GEF with PH domain and SH3 binding motif 2	0.619	3.202
9068	ANGPTL1	angiopoietin like 1	-0.576	2.06
9917	FAM20B	FAM20B glycosaminoglycan xylosylkinase	0.215	3.771
5768	QSOX1	quiescin sulfhydryl oxidase 1	0.493	2.864
84320	ACBD6	acyl-CoA binding domain containing 6	0.189	2.185
9213	XPR1	xenotropic and polytropic retrovirus receptor 1	-0.711	4.851
107985230	LOC107985230		-1.218	3.992
105371638	LINC02816	long intergenic non-protein coding RNA 2816	-1.866	4.436
57710	KIAA1614	KIAA1614	-0.182	1.379
51278	IER5	immediate early response 5	-0.531	1.823
777	CACNA1E	calcium voltage-gated channel subunit alpha1 E	2.501	4.993
80896	NPL	N-acetylneuraminate pyruvate lyase	0.595	2.569
9887	SMG7	SMG7 nonsense mediated mRNA decay factor	0.341	7.49
23127	COLGALT2	collagen beta(1-O)galactosyltransferase 2	-0.994	9.107
116461	TSEN15	tRNA splicing endonuclease subunit 15	0.179	2.06
81627	TRMT1L	tRNA methyltransferase 1 like	0.252	4.035
10216	PRG4	proteoglycan 4	-0.881	2.06
7175	TPR	translocated promoter region, nuclear basket protein	0.155	1.478
5743	PTGS2	prostaglandin-endoperoxide synthase 2	-1.074	2.14
51377	UCHL5	ubiquitin C-terminal hydrolase L5	0.455	7.05
51022	GLRX2	glutaredoxin 2	0.579	4.588
101929160	LOC101929160		0.397	1.878
8707	B3GALT2	beta-1,3-galactosyltransferase 2	1.064	3.196
343450	KCNT2	potassium sodium-activated channel subfamily T member 2	-0.939	2.41
3075	CFH	complement factor H	-0.62	1.877
3078	CFHR1	complement factor H related 1	-0.527	1.456
259266	ASPM	assembly factor for spindle microtubules	1.078	3.159
23418	CRB1	crumbs cell polarity complex component 1	-0.926	1.489
83479	DDX59	DEAD-box helicase 59	0.16	1.406
23046	KIF21B	kinesin family member 21B	-0.906	4.75
252839	TMEM9	transmembrane protein 9	-0.483	5.993
101929326	LOC101929326	uncharacterized LOC101929326	-0.666	1.57
7139	TNNT2	troponin T2, cardiac type	0.538	6.099
3898	LAD1	ladinin 1	2.252	10.404
7135	TNNI1	troponin I1, slow skeletal type	-4.036	11.184
23612	PHLDA3	pleckstrin homology like domain family A member 3	-0.42	2.532
107985246	CSRP1-AS1	CSRP1 antisense RNA 1	-0.433	2.354
149345	SHISA4	shisa family member 4	0.854	9.394
10440	TIMM17A	translocase of inner mitochondrial membrane 17A	0.235	1.972
6051	RNPEP	arginyl aminopeptidase	-0.224	3.507
112268254	LOC112268254		0.474	2.457
9283	GPR37L1	G protein-coupled receptor 37 like 1	-1.322	11.257
29089	UBE2T	ubiquitin conjugating enzyme E2 T	0.364	1.895
4660	PPP1R12B	protein phosphatase 1 regulatory subunit 12B	0.475	2.337
100506696	PCAT6	prostate cancer associated transcript 6	0.586	2.379
148709	ACTG1P25	actin gamma 1 pseudogene 25	-1.901	8.214
5877	RABIF	RAB interacting factor	0.338	3.115
51094	ADIPOR1	adiponectin receptor 1	0.242	2.676
51706	CYB5R1	cytochrome b5 reductase 1	-0.28	1.451
92703	TMEM183A	transmembrane protein 183A	0.138	1.554
1116	CHI3L1	chitinase 3 like 1	2.273	5.779
7832	BTG2	BTG anti-proliferation factor 2	-1.118	2.217
2331	FMOD	fibromodulin	-2.715	9.223
5549	PRELP	proline and arginine rich end leucine rich repeat protein	-1.141	3.73
9877	ZC3H11A	zinc finger CCCH-type containing 11A	0.246	3.065
100381270	ZBED6	zinc finger BED-type containing 6	0.695	1.627
9580	SOX13	SRY-box transcription factor 13	-0.199	1.411
55224	ETNK2	ethanolamine kinase 2	0.797	2.448
4194	MDM4	MDM4 regulator of p53	-0.47	10.114
23114	NFASC	neurofascin	-0.31	1.478
5129	CDK18	cyclin dependent kinase 18	0.342	3.593
85414	SLC45A3	solute carrier family 45 member 3	0.626	3.375
8934	RAB29	RAB29, member RAS oncogene family	0.54	4.902
254428	SLC41A1	solute carrier family 41 member 1	0.581	7.048
115019	SLC26A9	solute carrier family 26 member 9	0.476	1.451
440712	RHEX	regulator of hemoglobinization and erythroid cell expansion	-0.788	1.745
23380	SRGAP2	SLIT-ROBO Rho GTPase activating protein 2	-0.288	1.596
9261	MAPKAPK2	MAPK activated protein kinase 2	0.225	3.564
3586	IL10	interleukin 10	1.406	3.22
79098	C1orf116	chromosome 1 open reading frame 116	1.178	3.089
5208	PFKFB2	6-phosphofructo-2-kinase/fructose-2,6-biphosphatase 2	0.496	1.536
107985251	LOC107985251	uncharacterized LOC107985251	-0.529	2.374
1604	CD55	CD55 molecule (Cromer blood group)	0.228	1.493
947	CD34	CD34 molecule	0.383	1.752
105372883	LINC02767	long intergenic non-protein coding RNA 2767	0.648	1.769
5362	PLXNA2	plexin A2	-0.423	2.808
3914	LAMB3	laminin subunit beta 3	1.18	5.45
50486	G0S2	G0/G1 switch 2	1.498	4.16
55733	HHAT	hedgehog acyltransferase	-0.535	4.662
7188	TRAF5	TNF receptor associated factor 5	-0.369	2.014
25896	INTS7	integrator complex subunit 7	0.205	1.715
51514	DTL	denticleless E3 ubiquitin protein ligase homolog	0.692	1.518
100131205	RPL21P28	ribosomal protein L21 pseudogene 28	0.442	2.485
101929541	LINC02608	long intergenic non-protein coding RNA 2608	0.894	3.523
5525	PPP2R5A	protein phosphatase 2 regulatory subunit B'alpha	0.193	1.567
29937	NENF	neudesin neurotrophic factor	-0.266	1.969
467	ATF3	activating transcription factor 3	-0.934	1.346
102723761	LINC02773	long intergenic non-protein coding RNA 2773	0.613	2.731
28982	FLVCR1	FLVCR heme transporter 1	-0.408	3.538
79805	VASH2	vasohibin 2	0.792	1.823
90806	ANGEL2	angel homolog 2	-0.24	2.133
26750	RPS6KC1	ribosomal protein S6 kinase C1	0.313	7.21
105372912	LOC105372912	replaced by ID 26750	0.601	1.407
5629	PROX1	prospero homeobox 1	0.398	1.361
107985263	LOC107985263		-0.506	3.406
5784	PTPN14	protein tyrosine phosphatase non-receptor type 14	-0.506	4.339
1063	CENPF	centromere protein F	1.428	4.964
51018	RRP15	ribosomal RNA processing 15 homolog	0.306	5.122
728463	TGFB2-AS1	TGFB2 antisense RNA 1 (head to head)	-1.901	5.003
7042	TGFB2	transforming growth factor beta 2	-1.797	5.475
103611157	TGFB2-OT1	TGFB2 overlapping transcript 1	-2.184	7.68
127018	LYPLAL1	lysophospholipase like 1	-0.42	4.375
107984018	LOC107984018	uncharacterized LOC107984018	0.605	2.199
2058	EPRS1	glutamyl-prolyl-tRNA synthetase 1	0.286	6.56
55699	IARS2	isoleucyl-tRNA synthetase 2, mitochondrial	0.178	2.28
25782	RAB3GAP2	RAB3 GTPase activating non-catalytic protein subunit 2	0.198	2.103
4139	MARK1	microtubule affinity regulating kinase 1	0.166	1.464
79762	C1orf115	chromosome 1 open reading frame 115	0.819	7.878
64757	MTARC1	mitochondrial amidoxime reducing component 1	0.598	2.488
100873924	HLX-AS1	HLX antisense RNA 1	-0.521	1.323
375056	MIA3	MIA SH3 domain ER export factor 3	0.466	11.726
64853	AIDA	axin interactor, dorsalization associated	0.304	7.025
400823	FAM177B	family with sequence similarity 177 member B	-0.755	3.954
824	CAPN2	calpain 2	0.271	4.241
441124	GTF2IP20	general transcription factor IIi pseudogene 20	-0.343	2.565
100287497	SEPTIN7P13	septin 7 pseudogene 13	-0.598	7.823
8560	DEGS1	delta 4-desaturase, sphingolipid 1	0.431	4.808
80232	WDR26	WD repeat domain 26	0.24	3.072
149111	CNIH3	cornichon family AMPA receptor auxiliary protein 3	-0.711	3.685
127602	DNAH14	dynein axonemal heavy chain 14	0.932	2.461
55740	ENAH	ENAH actin regulator	-0.523	2.815
2052	EPHX1	epoxide hydrolase 1	0.3	2.4
10637	LEFTY1	left-right determination factor 1	-1.02	2.577
29920	PYCR2	pyrroline-5-carboxylate reductase 2	-0.285	5.448
7044	LEFTY2	left-right determination factor 2	-2.661	11.07
163859	SDE2	SDE2 telomere maintenance homolog	-0.344	2.481
286826	LIN9	lin-9 DREAM MuvB core complex component	0.343	1.707
142	PARP1	poly(ADP-ribose) polymerase 1	0.299	4.697
105373116	LOC105373116	uncharacterized LOC105373116	1.726	5.213
3707	ITPKB	inositol-trisphosphate 3-kinase B	0.364	1.874
5664	PSEN2	presenilin 2	0.271	2.324
56997	COQ8A	coenzyme Q8A	0.621	3.312
8476	CDC42BPA	CDC42 binding protein kinase alpha	0.271	3.568
116841	SNAP47	synaptosome associated protein 47	-1.331	12.889
65094	JMJD4	jumonji domain containing 4	-1.123	13.318
7483	WNT9A	Wnt family member 9A	-3.321	10.728
375	ARF1	ADP ribosylation factor 1	-0.206	3.498
79169	C1orf35	chromosome 1 open reading frame 35	-0.311	3.074
2987	GUK1	guanylate kinase 1	-0.227	2.673
57165	GJC2	gap junction protein gamma 2	-0.98	6.418
200205	IBA57	iron-sulfur cluster assembly factor IBA57	-0.361	3.832
574407	OBSCN-AS1	OBSCN antisense RNA 1	-0.407	1.905
84033	OBSCN	obscurin, cytoskeletal calmodulin and titin-interacting RhoGEF	-0.419	4.743
101927401	LOC101927401	uncharacterized LOC101927401	-0.357	1.496
81559	TRIM11	tripartite motif containing 11	-0.225	1.75
51127	TRIM17	tripartite motif containing 17	-0.788	2.835
126731	CCSAP	centriole, cilia and spindle associated protein	-0.408	3.35
58	ACTA1	actin alpha 1, skeletal muscle	-0.83	2.092
2590	GALNT2	polypeptide N-acetylgalactosaminyltransferase 2	-0.157	1.587
22796	COG2	component of oligomeric golgi complex 2	0.351	6.817
107985358	LOC107985358	uncharacterized LOC107985358	0.421	3.497
84886	C1orf198	chromosome 1 open reading frame 198	-0.245	1.479
79573	TTC13	tetratricopeptide repeat domain 13	0.343	4.583
8443	GNPAT	glyceronephosphate O-acyltransferase	0.244	3.981
57568	SIPA1L2	signal induced proliferation associated 1 like 2	0.559	4.144
107985361	LOC107985361	uncharacterized LOC107985361	0.435	1.607
84284	NTPCR	nucleoside-triphosphatase, cancer-related	0.335	3.477
80003	PCNX2	pecanex 2	-0.62	3.251
388753	COA6	cytochrome c oxidase assembly factor 6	0.573	6.466
359948	IRF2BP2	interferon regulatory factor 2 binding protein 2	-0.317	2.711
100506810	LINC01132	long intergenic non-protein coding RNA 1132	0.898	4.068
9804	TOMM20	translocase of outer mitochondrial membrane 20	-0.168	1.556
23029	RBM34	RNA binding motif protein 34	0.442	7.506
9453	GGPS1	geranylgeranyl diphosphate synthase 1	0.155	1.569
6905	TBCE	tubulin folding cofactor E	0.34	5.264
148789	B3GALNT2	beta-1,3-N-acetylgalactosaminyltransferase 2	-0.187	1.78
7107	GPR137B	G protein-coupled receptor 137B	0.348	4.103
3964	LGALS8	galectin 8	0.297	2.526
100287902	LGALS8-AS1	LGALS8 antisense RNA 1	0.519	3.003
55127	HEATR1	HEAT repeat containing 1	0.296	4.044
88	ACTN2	actinin alpha 2	-0.237	1.758
6262	RYR2	ryanodine receptor 2	0.519	3.204
8564	KMO	kynurenine 3-monooxygenase	0.537	3.446
23596	OPN3	opsin 3	0.435	2.448
440738	MAP1LC3C	microtubule associated protein 1 light chain 3 gamma	-1.084	2.782
200150	PLD5	phospholipase D family member 5	-1.458	2.64
105373255	LOC105373255		-0.359	1.58
10472	ZBTB18	zinc finger and BTB domain containing 18	0.298	2.036
116228	COX20	cytochrome c oxidase assembly factor COX20	0.316	5.703
106635532	SNORA100	small nucleolar RNA, H/ACA box 100	-0.59	2.968
163882	CNST	consortin, connexin sorting protein	0.253	1.358
149134	LINC01341	long intergenic non-protein coding RNA 1341	-0.729	3.202
25909	AHCTF1	AT-hook containing transcription factor 1	0.409	3.645
93474	ZNF670	zinc finger protein 670	-0.428	3.005
84838	ZNF496	zinc finger protein 496	-0.188	2.376
114548	NLRP3	NLR family pyrin domain containing 3	-0.731	1.724
79894	ZNF672	zinc finger protein 672	-0.23	2.071
26751	SH3YL1	SH3 and SYLF domain containing 1	-0.29	1.944
52	ACP1	acid phosphatase 1	0.251	5.259
285016	ALKAL2	ALK and LTK ligand 2	-1.784	5.36
51112	TRAPPC12	trafficking protein particle complex subunit 12	0.199	1.484
55256	ADI1	acireductone dioxygenase 1	0.3	3.296
6201	RPS7	ribosomal protein S7	0.342	2.218
78989	COLEC11	collectin subfamily member 11	-0.661	2.043
3398	ID2	inhibitor of DNA binding 2	-0.333	1.77
9270	ITGB1BP1	integrin subunit beta 1 binding protein 1	0.255	3.526
51692	CPSF3	cleavage and polyadenylation specific factor 3	0.16	1.757
101929643	LOC101929643	uncharacterized LOC101929643	-0.942	3.035
10971	YWHAQ	tyrosine 3-monooxygenase/tryptophan 5-monooxygenase activation protein theta	-0.494	4.622
29841	GRHL1	grainyhead like transcription factor 1	-0.54	1.902
112268412	LOC112268412	uncharacterized LOC112268412	-0.913	7.343
101929882	KLF11-DT	KLF11 divergent transcript	-0.728	2.872
8462	KLF11	KLF transcription factor 11	-0.391	2.046
192668	CYS1	cystin 1	-1.395	11.207
6241	RRM2	ribonucleotide reductase regulatory subunit M2	1.443	4.598
4953	ODC1	ornithine decarboxylase 1	-0.794	8.1
79954	NOL10	nucleolar protein 10	0.241	3.559
106479524	RN7SL832P	RNA, 7SL, cytoplasmic 832, pseudogene	-0.706	1.825
105373428	LOC105373428	uncharacterized LOC105373428	0.711	2.16
10130	PDIA6	protein disulfide isomerase family A member 6	0.341	3.521
101929733	LINC01954	long intergenic non-protein coding RNA 1954	-0.619	2.84
130814	SLC66A3	solute carrier family 66 member 3	-0.422	7.545
105373436	LOC105373436	uncharacterized LOC105373436	-1.232	3.117
151354	LRATD1	LRAT domain containing 1	0.833	2.513
51594	NBAS	NBAS subunit of NRZ tethering complex	0.394	4.426
1653	DDX1	DEAD-box helicase 1	0.391	3.963
4613	MYCN	MYCN proto-oncogene, bHLH transcription factor	-0.912	1.451
729475	RAD51AP2	RAD51 associated protein 2	-0.467	1.735
100526794	NT5C1B-RDH14	NT5C1B-RDH14 readthrough	0.276	3.126
57665	RDH14	retinol dehydrogenase 14	0.232	2.337
388	RHOB	ras homolog family member B	-0.645	3.219
151449	GDF7	growth differentiation factor 7	-0.734	2.011
60526	LDAH	lipid droplet associated hydrolase	0.301	3.433
338	APOB	apolipoprotein B	1.078	4.262
114818	KLHL29	kelch like family member 29	-0.563	2.274
165324	UBXN2A	UBX domain protein 2A	0.279	2.966
2281	FKBP1B	FKBP prolyl isomerase 1B	-0.215	1.812
51639	SF3B6	splicing factor 3b subunit 6	0.268	2.361
375189	PFN4	profilin family member 4	-0.438	2.027
50618	ITSN2	intersectin 2	0.506	4.141
8648	NCOA1	nuclear receptor coactivator 1	0.408	6.731
79172	CENPO	centromere protein O	0.2	1.408
51277	DNAJC27	DnaJ heat shock protein family (Hsp40) member C27	0.167	1.431
729723	DNAJC27-AS1	DNAJC27 antisense RNA 1	-0.862	2.427
1838	DTNB	dystrobrevin beta	-0.363	2.403
55252	ASXL2	ASXL transcriptional regulator 2	0.212	1.476
150946	GAREM2	GRB2 associated regulator of MAPK1 subtype 2	-0.438	2.476
3032	HADHB	hydroxyacyl-CoA dehydrogenase trifunctional multienzyme complex subunit beta	0.419	2.357
339778	FAM166C	family with sequence similarity 166 member C	-0.909	1.763
3777	KCNK3	potassium two pore domain channel subfamily K member 3	0.713	1.519
54978	SLC35F6	solute carrier family 35 member F6	-0.175	1.307
1058	CENPA	centromere protein A	-2.484	5.276
100128731	OST4	oligosaccharyltransferase complex subunit 4, non-catalytic	0.265	2.853
3795	KHK	ketohexokinase	0.314	1.573
8884	SLC5A6	solute carrier family 5 member 6	0.308	3.05
790	CAD	carbamoyl-phosphate synthetase 2, aspartate transcarbamylase, and dihydroorotase	-0.265	2.309
57159	TRIM54	tripartite motif containing 54	0.253	1.806
4358	MPV17	mitochondrial inner membrane protein MPV17	-0.211	1.772
8890	EIF2B4	eukaryotic translation initiation factor 2B subunit delta	0.202	2.298
9784	SNX17	sorting nexin 17	-0.195	2.03
5496	PPM1G	protein phosphatase, Mg2+/Mn2+ dependent 1G	0.378	7.478
2498	FTH1P3	ferritin heavy chain 1 pseudogene 3	0.96	7.693
29959	NRBP1	nuclear receptor binding protein 1	0.187	2.537
200634	KRTCAP3	keratinocyte associated protein 3	-0.395	1.919
64838	FNDC4	fibronectin type III domain containing 4	0.538	1.52
84226	C2orf16	chromosome 2 open reading frame 16	-0.713	3.524
79635	CCDC121	coiled-coil domain containing 121	0.294	3.095
100129995	LINC01460	long intergenic non-protein coding RNA 1460	-0.259	1.376
9553	MRPL33	mitochondrial ribosomal protein L33	0.802	7.496
64080	RBKS	ribokinase	-0.236	1.329
55006	TRMT61B	tRNA methyltransferase 61B	0.469	4.868
165186	TOGARAM2	TOG array regulator of axonemal microtubules 2	1.309	3.186
81606	LBH	LBH regulator of WNT signaling pathway	-0.509	3.189
102723594	LOC102723594	uncharacterized LOC102723594	-1.1	2.63
253558	LCLAT1	lysocardiolipin acyltransferase 1	-0.235	1.308
51072	MEMO1	mediator of cell motility 1	0.361	3.137
84661	DPY30	dpy-30 histone methyltransferase complex regulatory subunit	0.331	4.519
84272	YIPF4	Yip1 domain family member 4	-0.418	6.146
285045	LINC00486	long intergenic non-protein coding RNA 486	-0.641	1.626
4052	LTBP1	latent transforming growth factor beta binding protein 1	-0.841	11.468
25780	RASGRP3	RAS guanyl releasing protein 3	0.265	1.587
105374454	RASGRP3-AS1	RASGRP3 antisense RNA 1	0.474	3.716
25940	FAM98A	family with sequence similarity 98 member A	0.209	2.483
100288911	CRIM1-DT	CRIM1 divergent transcript	-0.799	4.426
51232	CRIM1	cysteine rich transmembrane BMP regulator 1	-0.626	3.966
5212	VIT	vitrin	0.635	2.061
54497	HEATR5B	HEAT repeat containing 5B	0.566	5.139
253635	GPATCH11	G-patch domain containing 11	0.276	3.389
25797	QPCT	glutaminyl-peptide cyclotransferase	-1.299	6.698
105374464	LINC03063	long intergenic non-protein coding RNA 3063	-1.399	7.117
101929559	PIRAT1	PU.1 (SP1) induced regulator of S100A8 and S100A9 alarmin transcription 1	-1.426	3.512
151393	RMDN2	regulator of microtubule dynamics 2	-0.621	2.36
1545	CYP1B1	cytochrome P450 family 1 subfamily B member 1	-1.02	2.509
285154	CYP1B1-AS1	CYP1B1 antisense RNA 1	-0.603	1.616
130589	GALM	galactose mutarotase	0.298	2.426
6432	SRSF7	serine and arginine rich splicing factor 7	-0.205	2.034
79833	GEMIN6	gem nuclear organelle associated protein 6	0.252	3.665
729967	MORN2	MORN repeat containing 2	0.343	2.966
6654	SOS1	SOS Ras/Rac guanine nucleotide exchange factor 1	0.304	1.751
130733	TMEM178A	transmembrane protein 178A	-0.361	2.024
100128590	SLC8A1-AS1	SLC8A1 antisense RNA 1	0.824	2.159
91461	PKDCC	protein kinase domain containing, cytoplasmic	0.399	1.845
9167	COX7A2L	cytochrome c oxidase subunit 7A2 like	-0.214	2.108
57504	MTA3	metastasis associated 1 family member 3	0.119	1.483
165140	OXER1	oxoeicosanoid receptor 1	-1.531	6.958
23498	HAAO	3-hydroxyanthranilate 3,4-dioxygenase	-0.842	4.636
107985875	LOC107985875		-0.715	2.166
102723854	LINC01819	long intergenic non-protein coding RNA 1819	-1.025	2.086
107985876	LOC107985876	uncharacterized LOC107985876	-1.744	8.629
100506047	LINC02580	long intergenic non-protein coding RNA 2580	-1.354	5.796
107985877	LOC107985877		-0.638	3.425
130271	PLEKHH2	pleckstrin homology, MyTH4 and FERM domain containing H2	-1.374	5.747
51626	DYNC2LI1	dynein cytoplasmic 2 light intermediate chain 1	-0.377	3.634
10128	LRPPRC	leucine rich pentatricopeptide repeat containing	0.198	1.477
102723904	LOC102723904	uncharacterized LOC102723904	0.368	2.212
6519	SLC3A1	solute carrier family 3 member 1	-0.283	1.967
79823	CAMKMT	calmodulin-lysine N-methyltransferase	0.426	5.095
90423	ATP6V1E2	ATPase H+ transporting V1 subunit E2	0.343	1.395
23433	RHOQ	ras homolog family member Q	0.211	1.602
5281	PIGF	phosphatidylinositol glycan anchor biosynthesis class F	0.349	3.449
90411	MCFD2	multiple coagulation factor deficiency 2, ER cargo receptor complex subunit	0.43	8.393
56660	KCNK12	potassium two pore domain channel subfamily K member 12	0.772	2.102
2956	MSH6	mutS homolog 6	0.337	5.163
80204	FBXO11	F-box protein 11	0.262	5.259
3344	FOXN2	forkhead box N2	-0.381	1.607
286749	STON1-GTF2A1L	STON1-GTF2A1L readthrough	0.359	1.669
3973	LHCGR	luteinizing hormone/choriogonadotropin receptor	-1.758	3.064
494143	CHAC2	ChaC glutathione specific gamma-glutamylcyclotransferase 2	0.885	5.014
112268415	LOC112268415	uncharacterized LOC112268415	-0.298	1.66
23198	PSME4	proteasome activator subunit 4	0.506	5.333
105374615	LOC105374615	uncharacterized LOC105374615	-0.825	3.104
400954	EML6	EMAP like 6	-0.617	2.752
57142	RTN4	reticulon 4	-0.516	1.426
4528	MTIF2	mitochondrial translational initiation factor 2	0.575	15.17
87178	PNPT1	polyribonucleotide nucleotidyltransferase 1	0.303	4.947
100129434	LOC100129434	uncharacterized LOC100129434	0.59	2.616
107985795	LOC107985795		0.803	2.891
7444	VRK2	VRK serine/threonine kinase 2	0.522	8.252
55120	FANCL	FA complementation group L	0.147	1.519
339804	C2orf74	chromosome 2 open reading frame 74	0.49	2.17
130872	AHSA2P	activator of HSP90 ATPase homolog 2, pseudogene	-0.146	1.45
9736	USP34	ubiquitin specific peptidase 34	0.268	2.86
10678	B3GNT2	UDP-GlcNAc:betaGal beta-1,3-N-acetylglucosaminyltransferase 2	-0.312	2.121
23301	EHBP1	EH domain binding protein 1	0.383	6.047
100132215	EHBP1-AS1	EHBP1 antisense RNA 1	0.269	1.991
7360	UGP2	UDP-glucose pyrophosphorylase 2	0.289	3.067
57162	PELI1	pellino E3 ubiquitin protein ligase 1	-0.36	1.788
29094	LGALSL	galectin like	-0.309	1.809
6509	SLC1A4	solute carrier family 1 member 4	-0.407	1.552
5861	RAB1A	RAB1A, member RAS oncogene family	0.135	2.348
200734	SPRED2	sprouty related EVH1 domain containing 2	-0.48	6.18
4211	MEIS1	Meis homeobox 1	0.526	4.629
54465	ETAA1	ETAA1 activator of ATR kinase	0.362	3.093
84168	ANTXR1	ANTXR cell adhesion molecule 1	-0.957	6.307
27247	NFU1	NFU1 iron-sulfur cluster scaffold	0.371	3.127
22848	AAK1	AP2 associated kinase 1	0.326	2.3
112268437	LOC112268437	uncharacterized protein FLJ45252	0.497	2.311
307	ANXA4	annexin A4	-0.429	3
107985770	SMANTIS	SMARCA4 interacting SWI/SNF chromatin remodeling complex scaffold lncRNA	-0.868	1.955
11017	SNRNP27	small nuclear ribonucleoprotein U4/U6.U5 subunit 27	0.206	2.852
4084	MXD1	MAX dimerization protein 1	-0.302	1.333
151516	ASPRV1	aspartic peptidase retroviral like 1	-0.881	5.717
5093	PCBP1	poly(rC) binding protein 1	-0.138	3.025
51449	PCYOX1	prenylcysteine oxidase 1	0.452	4.736
6637	SNRPG	small nuclear ribonucleoprotein polypeptide G	0.493	3.332
84908	FAM136A	family with sequence similarity 136 member A	0.461	4.667
7039	TGFA	transforming growth factor alpha	1.306	2.771
84693	MCEE	methylmalonyl-CoA epimerase	0.338	2.84
10199	MPHOSPH10	M-phase phosphoprotein 10	0.226	2.802
400961	PAIP2B	poly(A) binding protein interacting protein 2B	0.401	1.673
27332	ZNF638	zinc finger protein 638	0.345	3.374
23233	EXOC6B	exocyst complex component 6B	-0.402	3.211
6697	SPR	sepiapterin reductase	0.455	2.302
94097	SFXN5	sideroflexin 5	-0.196	2.442
26056	RAB11FIP5	RAB11 family interacting protein 5	-0.265	1.6
10574	CCT7	chaperonin containing TCP1 subunit 7	0.268	2.673
100874291	ALMS1-IT1	ALMS1 intronic transcript 1	-0.963	2.881
51002	TPRKB	TP53RK binding protein	0.952	16.045
10617	STAMBP	STAM binding protein	0.246	2.637
388962	BOLA3	bolA family member 3	0.342	2.237
57835	SLC4A5	solute carrier family 4 member 5	-0.338	1.861
84058	WDR54	WD repeat domain 54	-0.418	3.673
100532735	INO80B-WBP1	INO80B-WBP1 readthrough (NMD candidate)	-0.374	5.599
23559	WBP1	WW domain binding protein 1	-0.552	9.067
84759	PCGF1	polycomb group ring finger 1	0.306	4.078
550	AUP1	AUP1 lipid droplet regulating VLDL assembly factor	0.201	1.874
102724497	LOC102724497	uncharacterized LOC102724497	-0.616	1.397
3099	HK2	hexokinase 2	0.652	1.649
9801	MRPL19	mitochondrial ribosomal protein L19	0.174	1.31
8802	SUCLG1	succinate-CoA ligase GDP/ADP-forming subunit alpha	0.354	3.26
105374836	LOC105374836	uncharacterized LOC105374836	-0.927	5.668
9168	TMSB10	thymosin beta 10	0.361	1.751
56888	KCMF1	potassium channel modulatory factor 1	0.342	7.484
100996506	LOC100996506		0.418	2.255
54884	RETSAT	retinol saturase	0.333	1.837
822	CAPG	capping actin protein, gelsolin like	0.572	1.559
100630918	PARTICL	promoter of MAT2A antisense radiation-induced circulating long non-coding RNA	-0.434	2.938
8673	VAMP8	vesicle associated membrane protein 8	0.569	2.478
10713	USP39	ubiquitin specific peptidase 39	0.129	1.91
10578	GNLY	granulysin	-0.93	2.033
84913	ATOH8	atonal bHLH transcription factor 8	-0.497	2.132
8869	ST3GAL5	ST3 beta-galactoside alpha-2,3-sialyltransferase 5	0.708	3.177
10989	IMMT	inner membrane mitochondrial protein	0.249	2.334
100526767	RNF103-CHMP3	RNF103-CHMP3 readthrough	0.114	2.248
51652	CHMP3	charged multivesicular body protein 3	0.125	2.571
105374845	CHMP3-AS1	CHMP3 and RNF103 antisense RNA 1	0.637	1.48
100286979	ANAPC1P1	ANAPC1 pseudogene 1	0.599	3.861
400966	RGPD1	RANBP2 like and GRIP domain containing 1	0.288	1.649
729857	RGPD2	RANBP2 like and GRIP domain containing 2	0.283	1.647
51315	KRCC1	lysine rich coiled-coil 1	0.392	8.479
150572	SMYD1	SET and MYND domain containing 1	0.777	11.257
9451	EIF2AK3	eukaryotic translation initiation factor 2 alpha kinase 3	-0.478	1.727
101928403	EIF2AK3-DT	EIF2AK3 divergent transcript	-0.787	3.866
102724805	LOC102724805	uncharacterized LOC102724805	-1.811	9.593
107985911	LOC107985911	lymphocyte specific protein 1 pseudogene	-0.319	1.6
100133920	LOC100133920	methylenetetrahydrofolate dehydrogenase (NADP+ dependent) 1 like pseudogene	0.779	3.245
100509620	AQP7B	aquaporin 7B	0.903	6.653
64969	MRPS5	mitochondrial ribosomal protein S5	0.426	6.866
84874	ZNF514	zinc finger protein 514	0.31	1.72
150696	PROM2	prominin 2	-0.608	6.591
30818	KCNIP3	potassium voltage-gated channel interacting protein 3	0.66	4.408
51011	FAHD2A	fumarylacetoacetate hydrolase domain containing 2A	0.185	1.584
150759	LINC00342	long intergenic non-protein coding RNA 342	-0.463	2.676
1844	DUSP2	dual specificity phosphatase 2	-0.869	2.029
9391	CIAO1	cytosolic iron-sulfur assembly component 1	0.141	2.469
23397	NCAPH	non-SMC condensin I complex subunit H	0.964	3.982
10865	ARID5A	AT-rich interaction domain 5A	-1.386	5.869
200539	ANKRD23	ankyrin repeat domain 23	-1.092	3.582
54910	SEMA4C	semaphorin 4C	-0.812	7.687
51252	FAM178B	family with sequence similarity 178 member B	-0.646	1.376
100506076	LOC100506076	uncharacterized LOC100506076	-0.671	3.405
100506123	APPAT	atherosclerotic plaque pathogenesis associated transcript	-0.694	3.579
10120	ACTR1B	actin related protein 1B	-0.258	5.558
728537	C2orf92	chromosome 2 open reading frame 92	-0.439	2.356
7535	ZAP70	zeta chain of T cell receptor associated protein kinase 70	-0.82	3.692
23505	TMEM131	transmembrane protein 131	0.283	6.227
107985921	LOC107985921		0.377	4.427
493753	COA5	cytochrome c oxidase assembly factor 5	-0.235	4.11
25972	UNC50	unc-50 inner nuclear membrane RNA binding protein	-0.203	5.06
343990	CRACDL	CRACD like	-0.712	2.549
129531	MITD1	microtubule interacting and trafficking domain containing 1	0.336	4.676
10190	TXNDC9	thioredoxin domain containing 9	0.165	1.466
9669	EIF5B	eukaryotic translation initiation factor 5B	0.301	2.91
51455	REV1	REV1 DNA directed polymerase	0.8	6.28
3899	AFF3	ALF transcription elongation factor 3	-0.692	4.674
112268421	LOC112268421		-0.953	1.853
79031	PDCL3	phosducin like 3	0.265	1.919
105373511	LOC105373511	uncharacterized LOC105373511	0.337	3.102
200407	CREG2	cellular repressor of E1A stimulated genes 2	-2.013	5.964
9448	MAP4K4	mitogen-activated protein kinase kinase kinase kinase 4	0.239	1.877
64965	MRPS9	mitochondrial ribosomal protein S9	0.415	4.184
101927492	MRPS9-AS1	MRPS9 antisense RNA 1	0.342	2.63
100506473	C2orf49-DT	C2orf49 divergent transcript	-0.441	5.27
79074	C2orf49	chromosome 2 open reading frame 49	-0.217	1.64
8440	NCK2	NCK adaptor protein 2	0.238	1.891
84417	ECRG4	ECRG4 augurin precursor	-1.33	4.895
80146	UXS1	UDP-glucuronate decarboxylase 1	0.296	3.017
402096	ANAPC1P6	ANAPC1 pseudogene 6	0.57	2.919
653489	RGPD3	RANBP2 like and GRIP domain containing 3	0.42	4.995
285190	RGPD4	RANBP2 like and GRIP domain containing 4	0.178	1.897
27233	SULT1C4	sulfotransferase family 1C member 4	-0.433	4.009
9648	GCC2	GRIP and coiled-coil domain containing 2	0.282	1.576
5903	RANBP2	RAN binding protein 2	0.35	5.35
151011	SEPTIN10	septin 10	0.198	1.693
64682	ANAPC1	anaphase promoting complex subunit 1	0.215	3.945
129804	FBLN7	fibulin 7	-0.48	2.578
84524	ZC3H8	zinc finger CCCH-type containing 8	0.142	1.534
727851	RGPD8	RANBP2 like and GRIP domain containing 8	0.15	1.34
150465	TTL	tubulin tyrosine ligase	0.294	5.732
84269	CHCHD5	coiled-coil-helix-coiled-coil-helix domain containing 5	-0.24	1.731
6574	SLC20A1	solute carrier family 20 member 1	-0.353	1.535
3557	IL1RN	interleukin 1 receptor antagonist	1.205	2.666
23550	PSD4	pleckstrin and Sec7 domain containing 4	0.465	1.627
150472	ZNG1B	Zn regulated GTPase metalloprotein activator 1B	0.442	6.498
84771	DDX11L2	DEAD/H-box helicase 11 like 2 (pseudogene)	0.901	1.792
118433	RPL23AP7	ribosomal protein L23a pseudogene 7	1.662	8.139
10096	ACTR3	actin related protein 3	0.163	1.736
8886	DDX18	DEAD-box helicase 18	-0.138	1.769
8685	MARCO	macrophage receptor with collagenous structure	1.764	2.763
55240	STEAP3	STEAP3 metalloreductase	1.152	9.518
100874111	STEAP3-AS1	STEAP3 antisense RNA 1	0.859	5.776
105373581	LOC105373581	uncharacterized LOC105373581	0.985	9.648
1622	DBI	diazepam binding inhibitor, acyl-CoA binding protein	0.829	10.672
140738	TMEM37	transmembrane protein 37	0.495	1.362
107105282	SCTR-AS1	SCTR antisense RNA 1	1.249	1.335
80775	TMEM177	transmembrane protein 177	0.308	2.782
101927764	LOC101927764	uncharacterized LOC101927764	-0.64	5.264
57669	EPB41L5	erythrocyte membrane protein band 4.1 like 5	-0.303	2.959
79134	TMEM185B	transmembrane protein 185B	-0.259	5.63
5899	RALB	RAS like proto-oncogene B	0.195	3.68
105373585	LOC105373585	uncharacterized LOC105373585	-1.251	2.968
2736	GLI2	GLI family zinc finger 2	-0.885	2.332
23332	CLASP1	cytoplasmic linker associated protein 1	-0.136	1.472
7247	TSN	translin	-0.134	2.443
55677	IWS1	interacts with SUPT6H, CTD assembly factor 1	0.376	7.773
101927834	LOC101927834	uncharacterized LOC101927834	0.555	1.513
2840	GPR17	G protein-coupled receptor 17	0.94	2.116
83607	AMMECR1L	AMMECR1 like	-0.143	1.548
107985944	LOC107985944	uncharacterized LOC107985944	-0.842	6.743
56886	UGGT1	UDP-glucose glycoprotein glucosyltransferase 1	0.368	6.763
105373610	LOC105373610	uncharacterized LOC105373610	-1.664	1.789
105373616	LOC105373616	uncharacterized LOC105373616	-0.918	1.586
100131320	RAB6C-AS1	RAB6C antisense RNA 1	0.385	2.59
84084	RAB6C	RAB6C, member RAS oncogene family	0.247	2.121
440905	FAR2P1	fatty acyl-CoA reductase 2 pseudogene 1	-0.89	3.235
112714	TUBA3E	tubulin alpha 3e	1.26	2.218
84317	CCDC115	coiled-coil domain containing 115	-0.274	2.919
92856	IMP4	IMP U3 small nucleolar ribonucleoprotein 4	0.236	2.724
100216479	FAR2P2	fatty acyl-CoA reductase 2 pseudogene 2	-0.567	3.434
150786	RAB6D	RAB6D, member RAS oncogene family	0.223	1.819
113457	TUBA3D	tubulin alpha 3d	1.23	1.944
29798	C2orf27A	chromosome 2 open reading frame 27A	-0.75	2.801
2863	GPR39	G protein-coupled receptor 39	-2.729	5.635
116372	LYPD1	LY6/PLAUR domain containing 1	-2.827	6.019
81615	TMEM163	transmembrane protein 163	-0.953	2.222
100129961	CCNT2-AS1	CCNT2 antisense RNA 1	0.313	1.898
84083	ZRANB3	zinc finger RANBP2-type containing 3	0.186	2.11
23518	R3HDM1	R3H domain containing 1	0.511	10.953
23190	UBXN4	UBX domain protein 4	0.147	1.921
4175	MCM6	minichromosome maintenance complex component 6	-0.53	6.992
101928243	DARS1-AS1	DARS1 antisense RNA 1	0.623	4.598
112268426	LOC112268426		-0.948	2.754
7852	CXCR4	C-X-C motif chemokine receptor 4	-0.956	3.082
79712	GTDC1	glycosyltransferase like domain containing 1	0.215	2.798
100303491	ZEB2-AS1	ZEB2 antisense RNA 1	0.376	1.412
55777	MBD5	methyl-CpG binding domain protein 5	0.179	1.597
390	RND3	Rho family GTPase 3	-0.604	4.03
55660	PRPF40A	pre-mRNA processing factor 40 homolog A	0.389	8.536
728066	FAM133DP	family with sequence similarity 133, member A pseudogene	0.242	1.732
8502	PKP4	plakophilin 4	0.415	4.855
107985780	LOC107985780		0.835	2.195
100129029	PKP4-AS1	PKP4 antisense RNA 1	0.289	1.833
29994	BAZ2B	bromodomain adjacent to zinc finger domain 2B	0.208	1.367
5937	RBMS1	RNA binding motif single stranded interacting protein 1	-0.252	3.155
10010	TANK	TRAF family member associated NFKB activator	0.492	12.345
10213	PSMD14	proteasome 26S subunit, non-ATPase 14	0.219	3.207
285116	AHCTF1P1	AT-hook containing transcription factor 1 pseudogene 1	0.457	3.935
1803	DPP4	dipeptidyl peptidase 4	0.732	3.246
100131604	DPP4-DT	DPP4 divergent transcript	0.502	1.654
101929532	LOC101929532	uncharacterized LOC101929532	-1.121	2.218
2191	FAP	fibroblast activation protein alpha	-1.29	2.597
2888	GRB14	growth factor receptor bound protein 14	0.961	4.055
22837	COBLL1	cordon-bleu WH2 repeat protein like 1	0.255	1.617
80034	CSRNP3	cysteine and serine rich nuclear protein 3	-0.455	1.303
6332	SCN7A	sodium voltage-gated channel alpha subunit 7	-0.685	3.504
100874011	XIRP2-AS1	XIRP2 antisense RNA 1	-0.779	1.808
10170	DHRS9	dehydrogenase/reductase 9	-0.952	1.62
129880	BBS5	Bardet-Biedl syndrome 5	-0.22	1.877
10324	KLHL41	kelch like family member 41	0.473	2.495
9360	PPIG	peptidylprolyl isomerase G	0.236	2.175
493911	PHOSPHO2	phosphatase, orphan 2	0.347	1.557
100526832	PHOSPHO2-KLHL23	PHOSPHO2-KLHL23 readthrough	0.681	7.115
151230	KLHL23	kelch like family member 23	0.684	7.073
6741	SSB	small RNA binding exonuclease protection factor La	0.283	3.51
29081	METTL5	methyltransferase 5, N6-adenosine	0.17	1.346
130507	UBR3	ubiquitin protein ligase E3 component n-recognin 3	0.546	4.838
26003	GORASP2	golgi reassembly stacking protein 2	0.138	1.68
79828	METTL8	methyltransferase 8, methylcytidine	0.468	9.352
1781	DYNC1I2	dynein cytoplasmic 1 intermediate chain 2	0.271	9.308
8604	SLC25A12	solute carrier family 25 member 12	0.409	5.252
3655	ITGA6	integrin subunit alpha 6	0.3	1.825
51776	MAP3K20	mitogen-activated protein kinase kinase kinase 20	0.242	1.754
339751	MAP3K20-AS1	MAP3K20 antisense RNA 1	0.673	4.839
29789	OLA1	Obg like ATPase 1	0.416	7.827
9541	CIR1	corepressor interacting with RBPJ, CIR1	0.215	1.513
79634	SCRN3	secernin 3	0.26	3.147
151556	GPR155	G protein-coupled receptor 155	0.546	6.116
105373748	GPR155-DT	GPR155 divergent transcript	-0.33	1.365
1123	CHN1	chimerin 1	-0.239	1.992
80856	LNPK	lunapark, ER junction formation factor	0.439	3.261
401022	HAGLR	HOXD antisense growth-associated long non-coding RNA	1.069	1.63
220988	HNRNPA3	heterogeneous nuclear ribonucleoprotein A3	-0.135	1.521
4780	NFE2L2	NFE2 like bZIP transcription factor 2	-0.158	1.433
100130691	LOC100130691	Putative uncharacterized protein FLJ44553	-0.277	2.208
50940	PDE11A	phosphodiesterase 11A	0.945	1.757
114880	OSBPL6	oxysterol binding protein like 6	-0.369	2.491
8575	PRKRA	protein activator of interferon induced protein kinase EIF2AK2	0.321	5.972
494513	PJVK	pejvakin	0.257	1.518
100506866	TTN-AS1	TTN antisense RNA 1	1.429	6.663
7273	TTN	titin	0.672	12.576
101927055	LOC101927055	uncharacterized LOC101927055	0.577	1.87
57703	CWC22	CWC22 spliceosome associated protein homolog	0.167	1.478
10477	UBE2E3	ubiquitin conjugating enzyme E2 E3	0.225	5.165
6744	ITPRID2	ITPR interacting domain containing 2	0.284	3.073
151242	PPP1R1C	protein phosphatase 1 regulatory inhibitor subunit 1C	0.308	1.394
102724288	LOC102724288	uncharacterized LOC102724288	1.159	4.701
2487	FRZB	frizzled related protein	-2.354	12.225
10787	NCKAP1	NCK associated protein 1	0.305	3.283
107985783	LOC107985783		0.587	2.364
55854	ZC3H15	zinc finger CCCH-type containing 15	0.169	2.499
7035	TFPI	tissue factor pathway inhibitor	0.475	2.442
54529	ASNSD1	asparagine synthetase domain containing 1	0.337	5.105
110599588	ASDURF	ASNSD1 upstream open reading frame	0.782	13.636
84281	C2orf88	chromosome 2 open reading frame 88	0.503	3.802
2660	MSTN	myostatin	-2.245	5.118
54842	MFSD6	major facilitator superfamily domain containing 6	0.427	2.959
105376748	NEMP2-DT	NEMP2 divergent transcript	0.444	2.207
105373805	STAT4-AS1	STAT4 antisense RNA 1	-1.077	1.761
6775	STAT4	signal transducer and activator of transcription 4	-1.116	1.927
4430	MYO1B	myosin IB	0.444	4.878
64859	NABP1	nucleic acid binding protein 1	0.842	5.665
105373813	CAVIN2-AS1	CAVIN2 and TMEFF2 antisense RNA 1	-0.394	1.697
105376754	LOC105376754		-0.583	2.477
9330	GTF3C3	general transcription factor IIIC subunit 3	0.157	1.94
401027	C2orf66	chromosome 2 open reading frame 66	-0.769	1.546
80055	PGAP1	post-GPI attachment to proteins inositol deacylase 1	-0.507	2.009
23451	SF3B1	splicing factor 3b subunit 1	0.154	2.559
80219	COQ10B	coenzyme Q10B	-0.344	4.1
3329	HSPD1	heat shock protein family D (Hsp60) member 1	0.197	1.978
106635540	SNORA105B	small nucleolar RNA, H/ACA box 105B	-0.629	4.467
100529241	HSPE1-MOB4	HSPE1-MOB4 readthrough	0.243	3.165
5334	PLCL1	phospholipase C like 1 (inactive)	0.423	3.088
23314	SATB2	SATB homeobox 2	0.518	2.496
130535	KCTD18	potassium channel tetramerization domain containing 18	0.142	2.049
151246	SGO2	shugoshin 2	0.443	1.825
316	AOX1	aldehyde oxidase 1	1.068	1.91
101927795	BZW1-AS1	BZW1 antisense RNA 1	0.949	5.019
60491	NIF3L1	NGG1 interacting factor 3 like 1	0.248	3.283
4709	NDUFB3	NADH:ubiquinone oxidoreductase subunit B3	0.432	3.439
65072	CFLAR-AS1	CFLAR antisense RNA 1	0.483	5.134
55437	STRADB	STE20 related adaptor beta	0.635	7.729
65062	TMEM237	transmembrane protein 237	-0.302	3.107
57679	ALS2	alsin Rho guanine nucleotide exchange factor ALS2	0.226	2.15
8324	FZD7	frizzled class receptor 7	-0.392	1.322
7341	SUMO1	small ubiquitin like modifier 1	0.195	2.454
150864	FAM117B	family with sequence similarity 117 member B	-0.56	2.263
130026	ICA1L	islet cell autoantigen 1 like	-0.259	1.56
55759	WDR12	WD repeat domain 12	0.342	4.801
8828	NRP2	neuropilin 2	-0.518	1.793
54891	INO80D	INO80 complex subunit D	-0.206	1.674
1933	EEF1B2	eukaryotic translation elongation factor 1 beta 2	0.219	2.005
2825	CMKLR2	chemerin chemokine-like receptor 2	-0.687	1.915
8745	ADAM23	ADAM metallopeptidase domain 23	0.613	9.556
200726	FAM237A	family with sequence similarity 237 member A	0.936	2.317
22868	FASTKD2	FAST kinase domains 2	0.219	2.414
1385	CREB1	cAMP responsive element binding protein 1	0.264	2.003
151194	METTL21A	methyltransferase 21A, HSPA lysine	0.588	13.703
151195	CCNYL1	cyclin Y like 1	0.321	3.026
7855	FZD5	frizzled class receptor 5	0.404	4.855
3417	IDH1	isocitrate dehydrogenase (NADP(+)) 1	0.721	8.981
4133	MAP2	microtubule associated protein 2	-0.412	1.479
285175	UNC80	unc-80 homolog, NALCN channel complex subunit	-4.011	14.305
4632	MYL1	myosin light chain 1	-3.031	7.248
10314	LANCL1	LanC like glutathione S-transferase 1	-0.226	1.523
580	BARD1	BRCA1 associated RING domain 1	0.387	1.71
471	ATIC	5-aminoimidazole-4-carboxamide ribonucleotide formyltransferase/IMP cyclohydrolase	0.295	4.07
55825	PECR	peroxisomal trans-2-enoyl-CoA reductase	0.519	2.402
3488	IGFBP5	insulin like growth factor binding protein 5	-0.544	2.441
3579	CXCR2	C-X-C motif chemokine receptor 2	-0.884	1.379
3577	CXCR1	C-X-C motif chemokine receptor 1	-1.041	1.505
10109	ARPC2	actin related protein 2/3 complex subunit 2	0.217	4.144
58190	CTDSP1	CTD small phosphatase 1	-0.151	2.219
7429	VIL1	villin 1	-0.211	1.571
9125	CNOT9	CCR4-NOT transcription complex subunit 9	-0.224	2.553
64320	RNF25	ring finger protein 25	-0.194	1.759
1593	CYP27A1	cytochrome P450 family 27 subfamily A member 1	-0.569	5.142
53632	PRKAG3	protein kinase AMP-activated non-catalytic subunit gamma 3	-1.188	4.951
79840	NHEJ1	non-homologous end joining factor 1	0.31	3.806
27013	CNPPD1	cyclin Pas1/PHO80 domain containing 1	-0.153	1.384
10058	ABCB6	ATP binding cassette subfamily B member 6 (Langereis blood group)	0.877	16.93
79065	ATG9A	autophagy related 9A	0.219	2.092
55139	ANKZF1	ankyrin repeat and zinc finger peptidyl tRNA hydrolase 1	0.248	2.098
80086	TUBA4B	tubulin alpha 4b	0.459	1.666
1674	DES	desmin	0.351	3.543
100996693	SPEGNB	SPEG neighbor	-0.449	1.312
130612	TMEM198	transmembrane protein 198	0.33	1.599
6508	SLC4A3	solute carrier family 4 member 3	0.206	1.61
107985989	LOC107985989		1.351	2.893
107985988	LOC107985988		0.9	1.93
440934	CT75	cancer/testis associated transcript 75	0.79	2.228
130367	SGPP2	sphingosine-1-phosphate phosphatase 2	1.781	3.757
10056	FARSB	phenylalanyl-tRNA synthetase subunit beta	0.35	5.617
2181	ACSL3	acyl-CoA synthetase long chain family member 3	0.204	1.471
7857	SCG2	secretogranin II	-1.388	2.04
79843	FAM124B	family with sequence similarity 124 member B	-0.714	2.452
8452	CUL3	cullin 3	0.331	8.684
654841	MFF-DT	MFF divergent transcript	0.425	1.584
56947	MFF	mitochondrial fission factor	0.324	5.328
3267	AGFG1	ArfGAP with FG repeats 1	0.152	1.55
107985993	LOC107985993	uncharacterized LOC107985993	0.8	2.722
92737	DNER	delta/notch like EGF repeat containing	1.283	2.786
9320	TRIP12	thyroid hormone receptor interactor 12	0.18	2.833
130888	FBXO36	F-box protein 36	-0.472	1.625
93349	SP140L	SP140 nuclear body protein like	0.273	1.769
5707	PSMD1	proteasome 26S subunit, non-ATPase 1	0.179	2.657
3357	HTR2B	5-hydroxytryptamine receptor 2B	-0.904	1.337
80210	ARMC9	armadillo repeat containing 9	-0.367	1.568
93010	B3GNT7	UDP-GlcNAc:betaGal beta-1,3-N-acetylglucosaminyltransferase 7	0.789	2.754
5757	PTMA	prothymosin alpha	0.218	1.679
64708	COPS7B	COP9 signalosome subunit 7B	-0.329	3.911
4880	NPPC	natriuretic peptide C	2.079	3.582
200765	TIGD1	tigger transposable element derived 1	-0.311	2.034
80303	EFHD1	EF-hand domain family member D1	-0.353	1.773
26058	GIGYF2	GRB10 interacting GYF protein 2	0.315	7.219
25791	NGEF	neuronal guanine nucleotide exchange factor	-2.9	6.009
55230	USP40	ubiquitin specific peptidase 40	0.11	1.383
55355	HJURP	Holliday junction recognition protein	2.104	5.312
151507	MSL3P1	MSL complex subunit 3 pseudogene 1	0.79	3.541
116987	AGAP1	ArfGAP with GTPase domain, ankyrin repeat and PH domain 1	0.382	6.687
401036	ASB18	ankyrin repeat and SOCS box containing 18	-0.909	2.608
57007	ACKR3	atypical chemokine receptor 3	-0.452	1.635
79083	MLPH	melanophilin	0.867	4.086
9208	LRRFIP1	LRR binding FLII interacting protein 1	0.218	1.51
100533179	UBE2F-SCLY	UBE2F-SCLY readthrough (NMD candidate)	0.323	5.734
140739	UBE2F	ubiquitin conjugating enzyme E2 F (putative)	0.306	5.881
80895	ILKAP	ILK associated serine/threonine phosphatase	-0.212	2.517
8864	PER2	period circadian regulator 2	-1.239	7.248
117581	TWIST2	twist family bHLH transcription factor 2	1.082	5.068
150678	COPS9	COP9 signalosome subunit 9	0.553	3.053
51281	ANKMY1	ankyrin repeat and MYND domain containing 1	-0.307	3.703
285193	DUSP28	dual specificity phosphatase 28	-0.233	2.965
101752400	CAPN10-DT	CAPN10 divergent transcript	-0.36	2.7
11132	CAPN10	calpain 10	0.239	1.509
25992	SNED1	sushi, nidogen and EGF like domains 1	-0.519	2.686
50636	ANO7	anoctamin 7	0.235	3.606
3069	HDLBP	high density lipoprotein binding protein	0.267	6.681
101927509	HDLBP-AS1	HDLBP antisense RNA 1	0.272	2.266
9855	FARP2	FERM, ARH/RhoGEF and pleckstrin domain protein 2	-0.191	1.786
10494	STK25	serine/threonine kinase 25	0.14	2.425
51078	THAP4	THAP domain containing 4	0.26	2.937
23192	ATG4B	autophagy related 4B cysteine peptidase	-0.202	2.043
728323	LINC01881	long intergenic non-protein coding RNA 1881	0.56	5.773
10752	CHL1	cell adhesion molecule L1 like	1.708	5.371
51185	CRBN	cereblon	-0.136	1.677
100507582	BHLHE40-AS1	BHLHE40 antisense RNA 1	-0.597	1.706
8553	BHLHE40	basic helix-loop-helix family member e40	-0.55	1.476
9695	EDEM1	ER degradation enhancing alpha-mannosidase like protein 1	-0.298	3.778
9901	SRGAP3	SLIT-ROBO Rho GTPase activating protein 3	-0.523	3.627
25917	THUMPD3	THUMP domain containing 3	0.227	3.488
440944	THUMPD3-AS1	THUMPD3 antisense RNA 1	-0.243	2.85
100526693	ARPC4-TTLL3	ARPC4-TTLL3 readthrough	-0.366	7.033
26140	TTLL3	tubulin tyrosine ligase like 3	-0.734	11.077
285367	RPUSD3	RNA pseudouridine synthase D3	0.248	2.267
132014	IL17RE	interleukin 17 receptor E	-0.4	1.552
285368	PRRT3	proline rich transmembrane protein 3	-0.654	3.917
55831	EMC3	ER membrane protein complex subunit 3	0.811	13.664
113219470	MIR12127	microRNA 12127	-0.554	2.252
100126793	GHRLOS	ghrelin opposite strand/antisense RNA	-0.319	1.727
6396	SEC13	SEC13 homolog, nuclear pore and COPII coat complex component	0.127	1.431
6529	SLC6A1	solute carrier family 6 member 1	-1.291	6.475
10533	ATG7	autophagy related 7	-0.283	8.253
9686	VGLL4	vestigial like family member 4	-0.298	3.463
5468	PPARG	peroxisome proliferator activated receptor gamma	0.68	8.758
80746	TSEN2	tRNA splicing endonuclease subunit 2	0.419	3.992
100129480	MKRN2OS	MKRN2 opposite strand	-1.564	5.164
23609	MKRN2	makorin ring finger protein 2	-0.282	3.245
5894	RAF1	Raf-1 proto-oncogene, serine/threonine kinase	0.201	1.918
55287	TMEM40	transmembrane protein 40	1.369	6.711
6161	RPL32	ribosomal protein L32	0.415	3.102
9922	IQSEC1	IQ motif and Sec7 domain ArfGEF 1	0.327	3.473
2199	FBLN2	fibulin 2	-0.685	3.267
131474	CHCHD4	coiled-coil-helix-coiled-coil-helix domain containing 4	0.448	6.849
7508	XPC	XPC complex subunit, DNA damage recognition and repair factor	-0.374	4.436
107986063	XPC-AS1	XPC antisense RNA 1	-0.395	1.708
27258	LSM3	LSM3 homolog, U6 small nuclear RNA and mRNA degradation associated	0.22	2.076
101927565	LINC01267	long intergenic non-protein coding RNA 1267	-2.112	4.334
105376959	LOC105376959	uncharacterized LOC105376959	-1.136	2.806
6533	SLC6A6	solute carrier family 6 member 6	-1.252	2.603
51244	CCDC174	coiled-coil domain containing 174	0.19	2.148
152273	FGD5	FYVE, RhoGEF and PH domain containing 5	-0.238	1.606
105376963	LOC105376963	uncharacterized LOC105376963	-0.382	1.307
100505641	FGD5-AS1	FGD5 antisense RNA 1	-0.288	5.341
64432	MRPS25	mitochondrial ribosomal protein S25	0.463	3.171
100505696	SH3BP5-AS1	SH3BP5 antisense RNA 1	-0.239	1.674
85403	EAF1	ELL associated factor 1	-0.251	3.003
8292	COLQ	collagen like tail subunit of asymmetric acetylcholinesterase	-0.863	1.358
686	BTD	biotinidase	0.222	1.531
23243	ANKRD28	ankyrin repeat domain 28	0.282	3.587
117248	GALNT15	polypeptide N-acetylgalactosaminyltransferase 15	0.921	1.484
285381	DPH3	diphthamide biosynthesis 3	0.248	2.309
92106	OXNAD1	oxidoreductase NAD binding domain containing 1	0.238	3.128
23228	PLCL2	phospholipase C like 2	0.559	3.01
105376972	LOC105376972	uncharacterized LOC105376972	0.561	2.253
9779	TBC1D5	TBC1 domain family member 5	0.154	1.927
6304	SATB1	SATB homeobox 1	0.171	1.623
5868	RAB5A	RAB5A, member RAS oncogene family	0.213	3.074
8850	KAT2B	lysine acetyltransferase 2B	0.615	8.634
151648	SGO1	shugoshin 1	1.568	4.83
7325	UBE2E2	ubiquitin conjugating enzyme E2 E2	-0.144	1.615
7324	UBE2E1	ubiquitin conjugating enzyme E2 E1	0.326	10.876
28512	NKIRAS1	NFKB inhibitor interacting Ras like 1	0.302	7.533
6138	RPL15	ribosomal protein L15	-0.207	2.943
7068	THRB	thyroid hormone receptor beta	-0.366	2.348
7155	TOP2B	DNA topoisomerase II beta	0.214	2.804
55768	NGLY1	N-glycanase 1	0.559	13.048
152110	NEK10	NIMA related kinase 10	0.855	5.35
152100	CMC1	C-X9-C motif containing 1	0.173	1.745
64343	AZI2	5-azacytidine induced 2	0.12	1.535
27303	RBMS3	RNA binding motif single stranded interacting protein 3	-0.385	1.828
7048	TGFBR2	transforming growth factor beta receptor 2	0.461	4.427
201595	STT3B	STT3 oligosaccharyltransferase complex catalytic subunit B	0.217	2.966
23171	GPD1L	glycerol-3-phosphate dehydrogenase 1 like	0.619	5.151
152189	CMTM8	CKLF like MARVEL transmembrane domain containing 8	-0.261	1.42
54918	CMTM6	CKLF like MARVEL transmembrane domain containing 6	-0.206	1.492
25827	FBXL2	F-box and leucine rich repeat protein 2	-0.605	5.232
10015	PDCD6IP	programmed cell death 6 interacting protein	0.186	3.333
85443	DCLK3	doublecortin like kinase 3	0.885	1.585
9881	TRANK1	tetratricopeptide repeat and ankyrin repeat containing 1	-0.473	2.835
9852	EPM2AIP1	EPM2A interacting protein 1	-0.283	1.885
9209	LRRFIP2	LRR binding FLII interacting protein 2	0.413	5.095
112268444	LOC112268444		-0.421	1.553
152048	GOLGA4-AS1	GOLGA4 antisense RNA 1	-0.488	1.838
2803	GOLGA4	golgin A4	0.576	5.362
50853	VILL	villin like	-0.403	2.184
9940	DLEC1	DLEC1 cilia and flagella associated protein	0.237	2.018
6336	SCN10A	sodium voltage-gated channel alpha subunit 10	0.542	2.868
11280	SCN11A	sodium voltage-gated channel alpha subunit 11	-0.751	1.622
199223	TTC21A	tetratricopeptide repeat domain 21A	-0.438	3.386
64651	CSRNP1	cysteine and serine rich nuclear protein 1	-1.21	4.357
54977	SLC25A38	solute carrier family 25 member 38	0.221	1.348
10289	EIF1B	eukaryotic translation initiation factor 1B	0.322	1.999
956	ENTPD3	ectonucleoside triphosphate diphosphohydrolase 3	-0.633	2.143
9045	RPL14	ribosomal protein L14	0.215	1.882
1499	CTNNB1	catenin beta 1	-0.282	9.737
101928323	ZBTB47-AS1	ZBTB47 and NKTR antisense RNA 1	-0.371	1.692
25994	HIGD1A	HIG1 hypoxia inducible domain family member 1A	0.304	3.568
1238	ACKR2	atypical chemokine receptor 2	-1.512	4.699
84892	POMGNT2	protein O-linked mannose N-acetylglucosaminyltransferase 2 (beta 1,4-)	0.232	2.911
54861	SNRK	SNF related kinase	-0.406	2.446
100873954	SNRK-AS1	SNRK antisense RNA 1	-0.482	3.118
51099	ABHD5	abhydrolase domain containing 5, lysophosphatidic acid acyltransferase	0.349	4.266
285343	TCAIM	T cell activation inhibitor, mitochondrial	0.177	1.778
112840933	ZKSCAN7-AS1	ZKSCAN7 ZNF cluster antisense RNA 1	0.524	2.934
110354863	ZNF660-ZNF197	ZNF660-ZNF197 readthrough	0.238	3.73
285349	ZNF660	zinc finger protein 660	-0.469	2.458
10168	ZNF197	zinc finger protein 197	0.237	3.749
115560	ZNF501	zinc finger protein 501	-0.307	1.6
57456	KIAA1143	KIAA1143	0.217	3.074
56992	KIF15	kinesin family member 15	0.667	3.184
131616	TMEM42	transmembrane protein 42	-0.406	4.964
64866	CDCP1	CUB domain containing protein 1	0.876	2.17
79443	FYCO1	FYVE and coiled-coil domain autophagy adaptor 1	0.442	3.253
10663	CXCR6	C-X-C motif chemokine receptor 6	0.711	1.593
105377063	LOC105377063	uncharacterized LOC105377063	1.064	1.422
1230	CCR1	C-C motif chemokine receptor 1	0.989	3.806
79442	LRRC2	leucine rich repeat containing 2	0.518	3.418
259173	ALS2CL	ALS2 C-terminal like	0.342	2.268
5745	PTH1R	parathyroid hormone 1 receptor	0.874	4.847
29072	SETD2	SET domain containing 2, histone lysine methyltransferase	0.275	5.353
285352	KIF9-AS1	KIF9 antisense RNA 1	-0.537	3.65
25930	PTPN23	protein tyrosine phosphatase non-receptor type 23	-0.18	3.543
54859	ELP6	elongator acetyltransferase complex subunit 6	0.174	1.761
51385	ZNF589	zinc finger protein 589	0.286	2.109
5364	PLXNB1	plexin B1	0.345	2.74
51372	TMA7	translation machinery associated 7 homolog	0.383	3.102
1294	COL7A1	collagen type VII alpha 1 chain	-0.321	2.188
1951	CELSR3	cadherin EGF LAG seven-pass G-type receptor 3	-0.516	2.143
51517	NCKIPSD	NCK interacting protein with SH3 domain	-0.702	3.582
51447	IP6K2	inositol hexakisphosphate kinase 2	-0.363	1.839
5576	PRKAR2A	protein kinase cAMP-dependent type II regulatory subunit alpha	0.289	3.184
54681	P4HTM	prolyl 4-hydroxylase, transmembrane	-0.453	5.496
11180	WDR6	WD repeat domain 6	-0.219	3.491
55152	DALRD3	DALR anticodon binding domain containing 3	-0.338	6.278
25915	NDUFAF3	NADH:ubiquinone oxidoreductase complex assembly factor 3	-0.442	6.256
54870	QRICH1	glutamine rich 1	0.153	2.315
10869	USP19	ubiquitin specific peptidase 19	-0.27	4.325
3913	LAMB2	laminin subunit beta 2	-0.268	2.452
22973	LAMB2P1	laminin subunit beta 2 pseudogene 1	-0.585	1.739
7375	USP4	ubiquitin specific peptidase 4	-0.174	3.584
275	AMT	aminomethyltransferase	-0.347	2.351
84276	NICN1	nicolin 1, tubulin polyglutamylase complex subunit	-0.29	4.746
1605	DAG1	dystroglycan 1	0.291	3.179
8927	BSN	bassoon presynaptic cytomatrix protein	-0.739	5.134
63891	RNF123	ring finger protein 123	-0.249	4.008
386724	AMIGO3	adhesion molecule with Ig like domain 3	-0.787	10.012
9807	IP6K1	inositol hexakisphosphate kinase 1	-0.178	1.647
389119	INKA1	inka box actin regulator 1	-0.616	2.192
7318	UBA7	ubiquitin like modifier activating enzyme 7	-0.441	2.602
100847079	MIR5193	microRNA 5193	-0.528	2.668
10293	TRAIP	TRAF interacting protein	-0.362	1.311
10180	RBM6	RNA binding motif protein 6	0.345	2.158
10181	RBM5	RNA binding motif protein 5	-0.201	2.786
101928931	SEMA3B-AS1	SEMA3B antisense RNA 1 (head to head)	-0.958	3.881
7869	SEMA3B	semaphorin 3B	-0.333	2.269
7866	IFRD2	interferon related developmental regulator 2	0.271	1.918
3373	HYAL1	hyaluronidase 1	0.268	2.084
11186	RASSF1	Ras association domain family member 1	-0.834	9.729
102060282	RASSF1-AS1	RASSF1 antisense RNA 1	-1.009	4.958
11068	CYB561D2	cytochrome b561 family member D2	-0.412	3.336
9254	CACNA2D2	calcium voltage-gated channel auxiliary subunit alpha2delta 2	-0.583	2.378
51161	C3orf18	chromosome 3 open reading frame 18	0.359	3.23
51409	HEMK1	HemK methyltransferase family member 1	-0.227	3.541
1154	CISH	cytokine inducible SH2 containing protein	-0.843	3.273
7867	MAPKAPK3	MAPK activated protein kinase 3	0.491	5.553
7873	MANF	mesencephalic astrocyte derived neurotrophic factor	0.371	1.438
9730	DCAF1	DDB1 and CUL4 associated factor 1	0.2	3.893
23132	RAD54L2	RAD54 like 2	-0.157	1.49
2912	GRM2	glutamate metabotropic receptor 2	-1.348	5.65
84836	ABHD14B	abhydrolase domain containing 14B	-0.332	3.269
25886	POC1A	POC1 centriolar protein A	0.426	1.996
54106	TLR9	toll like receptor 9	-0.756	3.333
11344	TWF2	twinfilin actin binding protein 2	0.284	1.484
132160	PPM1M	protein phosphatase, Mg2+/Mn2+ dependent 1M	-0.335	2.27
80335	WDR82	WD repeat domain 82	-0.112	1.712
25981	DNAH1	dynein axonemal heavy chain 1	-0.323	2.707
56920	SEMA3G	semaphorin 3G	-0.278	2.5
105377091	LOC105377091		-0.624	1.455
11188	NISCH	nischarin	-0.336	3.616
64943	NT5DC2	5'-nucleotidase domain containing 2	0.519	6.105
55193	PBRM1	polybromo 1	0.286	3.005
26354	GNL3	G protein nucleolar 3	0.342	6.132
100873993	ITIH4-AS1	ITIH4 antisense RNA 1	-0.683	2.289
100526772	STIMATE-MUSTN1	STIMATE-MUSTN1 readthrough	0.647	2.044
389125	MUSTN1	musculoskeletal, embryonic nuclear protein 1	0.683	1.889
51460	SFMBT1	Scm like with four mbt domains 1	0.147	1.551
5580	PRKCD	protein kinase C delta	0.706	5.273
7086	TKT	transketolase	0.872	11.017
776	CACNA1D	calcium voltage-gated channel subunit alpha1 D	1.034	4.303
55349	CHDH	choline dehydrogenase	1.728	5.854
55540	IL17RB	interleukin 17 receptor B	0.433	1.885
55799	CACNA2D3	calcium voltage-gated channel auxiliary subunit alpha2delta 3	1.182	9.511
100874237	CACNA2D3-AS1	CACNA2D3 antisense RNA 1	0.972	3.691
7474	WNT5A	Wnt family member 5A	1.035	5.299
285331	CCDC66	coiled-coil domain containing 66	0.284	1.948
23272	TASOR	transcription activation suppressor	0.159	1.521
8820	HESX1	HESX homeobox 1	-0.787	3.626
142686	ASB14	ankyrin repeat and SOCS box containing 14	0.803	4.724
105377102	LOC105377102	uncharacterized LOC105377102	0.626	5.492
201625	DNAH12	dynein axonemal heavy chain 12	-0.953	4.746
378	ARF4	ADP ribosylation factor 4	-0.234	2.183
1776	DNASE1L3	deoxyribonuclease 1 like 3	-1.17	2.573
57406	ABHD6	abhydrolase domain containing 6, acylglycerol lipase	0.4	3.116
109703458	HTD2	hydroxyacyl-thioester dehydratase type 2	0.273	1.816
5162	PDHB	pyruvate dehydrogenase E1 subunit beta	0.264	2.483
80145	THOC7	THO complex subunit 7	0.341	4.51
9861	PSMD6	proteasome 26S subunit, non-ATPase 6	0.177	1.843
100652759	PRICKLE2-AS1	PRICKLE2 antisense RNA 1	-0.518	2.451
166336	PRICKLE2	prickle planar cell polarity protein 2	-0.736	7.683
56999	ADAMTS9	ADAM metallopeptidase with thrombospondin type 1 motif 9	0.777	4.804
100507098	ADAMTS9-AS2	ADAMTS9 antisense RNA 2	-0.499	2.577
10550	ARL6IP5	ADP ribosylation factor like GTPase 6 interacting protein 5	0.238	3.427
56203	LMOD3	leiomodin 3	0.445	5.215
27086	FOXP1	forkhead box P1	-0.261	1.768
317649	EIF4E3	eukaryotic translation initiation factor 4E family member 3	0.183	1.589
2850	GPR27	G protein-coupled receptor 27	-0.679	2.515
23429	RYBP	RING1 and YY1 binding protein	-0.271	1.742
23024	PDZRN3	PDZ domain containing ring finger 3	0.541	4.991
101927249	PDZRN3-AS1	PDZRN3 antisense RNA 1	0.454	1.707
5067	CNTN3	contactin 3	1.109	2.31
107986100	LINC02018	long intergenic non-protein coding RNA 2018	-0.43	1.529
100131827	ZNF717	zinc finger protein 717	-0.209	1.71
105377188	LOC105377188	uncharacterized LOC105377188	-1.434	9.067
3355	HTR1F	5-hydroxytryptamine receptor 1F	0.816	1.565
2042	EPHA3	EPH receptor A3	-1.079	4.236
5627	PROS1	protein S	-0.908	4.426
131544	CRYBG3	crystallin beta-gamma domain containing 3	0.243	1.318
100874207	ST3GAL6-AS1	ST3GAL6 antisense RNA 1	-0.506	2.559
10402	ST3GAL6	ST3 beta-galactoside alpha-2,3-sialyltransferase 6	-0.449	2.999
131566	DCBLD2	discoidin, CUB and LCCL domain containing 2	-0.677	5.163
1295	COL8A1	collagen type VIII alpha 1 chain	-0.695	2.252
101929357	HP09053	uncharacterized LOC101929357	0.789	5.205
84319	CMSS1	cms1 ribosomal small subunit homolog	0.595	6.979
11259	FILIP1L	filamin A interacting protein 1 like	-0.362	1.433
9868	TOMM70	translocase of outer mitochondrial membrane 70	0.303	5.65
55076	TMEM45A	transmembrane protein 45A	0.57	1.596
25890	ABI3BP	ABI family member 3 binding protein	-0.779	2.468
54931	TRMT10C	tRNA methyltransferase 10C, mitochondrial RNase P subunit	0.398	4.807
57092	PCNP	PEST proteolytic signal containing nuclear protein	0.133	1.884
100009676	ZBTB11-AS1	ZBTB11 antisense RNA 1	-0.322	2.263
91775	NXPE3	neurexophilin and PC-esterase domain family member 3	0.307	2.793
868	CBLB	Cbl proto-oncogene B	0.445	1.689
101929534	LOC101929534	uncharacterized LOC101929534	0.435	1.393
84692	CCDC54	coiled-coil domain containing 54	-0.829	2.338
101929579	CCDC54-AS1	CCDC54 antisense RNA 1	-0.689	1.366
961	CD47	CD47 molecule	-0.26	2.766
25945	NECTIN3	nectin cell adhesion molecule 3	0.431	3.546
257068	PLCXD2	phosphatidylinositol specific phospholipase C X domain containing 2	-0.738	1.538
90102	PHLDB2	pleckstrin homology like domain family B member 2	-0.409	1.985
105374040	LOC105374040	uncharacterized LOC105374040	2.716	13.157
29114	TAGLN3	transgelin 3	-0.897	1.903
64422	ATG3	autophagy related 3	0.223	3.417
112268447	LOC112268447		-1.038	2.256
100506621	LINC01279	replaced by ID 151887	-1.06	2.352
151887	CCDC80	coiled-coil domain containing 80	-1.081	2.38
29083	GTPBP8	GTP binding protein 8 (putative)	0.297	3.342
25871	NEPRO	nucleolus and neural progenitor protein	0.223	4.733
91653	BOC	BOC cell adhesion associated, oncogene regulated	-0.882	6.787
54847	SIDT1	SID1 transmembrane family member 1	-0.375	1.499
54762	GRAMD1C	GRAM domain containing 1C	0.748	2.491
254887	ZDHHC23	zinc finger DHHC-type palmitoyltransferase 23	0.554	2.895
693153	MIR568	microRNA 568	-0.654	2.347
4045	LSAMP	limbic system associated membrane protein	1.543	4.075
152404	IGSF11	immunoglobulin superfamily member 11	0.794	2.633
8702	B4GALT4	beta-1,4-galactosyltransferase 4	0.314	2.725
100874201	B4GALT4-AS1	B4GALT4 antisense RNA 1	0.421	1.528
57514	ARHGAP31	Rho GTPase activating protein 31	0.378	3.951
51300	TIMMDC1	translocase of inner mitochondrial membrane domain containing 1	0.538	7.116
51365	PLA1A	phospholipase A1 member A	0.481	1.471
64091	POPDC2	popeye domain containing 2	0.258	2.297
105374063	LOC105374063	uncharacterized LOC105374063	0.925	3.545
10063	COX17	cytochrome c oxidase copper chaperone COX17	0.546	3.601
89876	CFAP91	cilia and flagella associated protein 91	-0.505	2.674
107986119	GSK3B-DT	GSK3B divergent transcript	-0.471	3.703
100130701	LRRC58-DT	LRRC58 divergent transcript	-0.663	3.436
11167	FSTL1	follistatin like 1	-0.376	1.774
107986121	LOC107986121	uncharacterized LOC107986121	-0.269	1.43
4710	NDUFB4	NADH:ubiquinone oxidoreductase subunit B4	0.274	1.387
285282	RABL3	RAB, member of RAS oncogene family like 3	-0.235	3.584
2960	GTF2E1	general transcription factor IIE subunit 1	0.164	1.48
10721	POLQ	DNA polymerase theta	0.916	7.121
51725	FBXO40	F-box protein 40	0.315	1.681
2804	GOLGB1	golgin B1	0.261	2.976
1475	CSTA	cystatin A	0.615	1.407
131076	MIX23	mitochondrial matrix import factor 23	0.489	5.151
54554	WDR5B	WD repeat domain 5B	-0.234	3.523
100129550	LINC02035	long intergenic non-protein coding RNA 2035	-0.309	1.516
54437	SEMA5B	semaphorin 5B	-0.705	3.294
10954	PDIA5	protein disulfide isomerase family A member 5	0.278	1.451
7372	UMPS	uridine monophosphate synthetase	-0.229	2.243
57493	HEG1	heart development protein with EGF like domains 1	-0.327	3.16
7707	ZNF148	zinc finger protein 148	0.249	1.332
8723	SNX4	sorting nexin 4	0.15	2.486
114885	OSBPL11	oxysterol binding protein like 11	0.398	2.153
54946	SLC41A3	solute carrier family 41 member 3	0.154	1.506
10840	ALDH1L1	aldehyde dehydrogenase 1 family member L1	0.423	1.41
114112	TXNRD3	thioredoxin reductase 3	0.278	1.683
107986125	LINC02034	long intergenic non-protein coding RNA 2034	-0.77	3.639
131601	TPRA1	transmembrane protein adipocyte associated 1	-0.229	1.722
4171	MCM2	minichromosome maintenance complex component 2	-0.589	5.247
107986126	LOC107986126	uncharacterized LOC107986126	-0.975	10.325
50512	PODXL2	podocalyxin like 2	-1.102	8.257
11343	MGLL	monoglyceride lipase	-0.338	2.532
107986127	LOC107986127	uncharacterized LOC107986127	-0.732	2.6
107986129	LOC107986129	uncharacterized LOC107986129	-0.448	1.752
166348	KBTBD12	kelch repeat and BTB domain containing 12	-0.443	2.265
8607	RUVBL1	RuvB like AAA ATPase 1	0.215	2.81
6184	RPN1	ribophorin I	0.297	4.937
7879	RAB7A	RAB7A, member RAS oncogene family	0.206	3.155
28976	ACAD9	acyl-CoA dehydrogenase family member 9	0.23	2.133
79825	EFCC1	EF-hand and coiled-coil domain containing 1	-0.862	3.718
339122	RAB43	RAB43, member RAS oncogene family	-0.411	5.936
22820	COPG1	COPI coat complex subunit gamma 1	-0.211	3.481
27032	ATP2C1	ATPase secretory pathway Ca2+ transporting 1	-0.195	1.937
131870	NUDT16	nudix hydrolase 16	0.296	2.324
11222	MRPL3	mitochondrial ribosomal protein L3	0.4	10.086
105374114	LOC105374114	uncharacterized LOC105374114	0.403	3.933
131034	CPNE4	copine 4	1.456	3.739
23317	DNAJC13	DnaJ heat shock protein family (Hsp40) member C13	0.324	4.854
79876	UBA5	ubiquitin like modifier activating enzyme 5	0.219	3.95
27031	NPHP3	nephrocystin 3	-0.384	4.416
66000	TMEM108	transmembrane protein 108	-0.606	1.478
55573	CDV3	CDV3 homolog	0.2	1.652
11073	TOPBP1	DNA topoisomerase II binding protein 1	0.26	3.883
6259	RYK	receptor like tyrosine kinase	0.166	2.49
51421	AMOTL2	angiomotin like 2	-0.354	1.45
80254	CEP63	centrosomal protein 63	0.506	9.957
2047	EPHB1	EPH receptor B1	1.004	4.246
339855	KY	kyphoscoliosis peptidase	0.801	2.548
5523	PPP2R3A	protein phosphatase 2 regulatory subunit B''alpha	0.302	1.458
10274	STAG1	stromal antigen 1	0.238	2.497
80723	SLC35G2	solute carrier family 35 member G2	-0.304	2.897
4690	NCK1	NCK adaptor protein 1	0.194	2.391
107986136	IL20RB-AS1	IL20RB antisense RNA 1	0.326	4.076
22808	MRAS	muscle RAS oncogene homolog	0.346	2.678
105374129	LOC105374129		-0.562	1.303
80321	CEP70	centrosomal protein 70	0.449	12.042
5291	PIK3CB	phosphatidylinositol-4,5-bisphosphate 3-kinase catalytic subunit beta	0.317	3.388
56945	MRPS22	mitochondrial ribosomal protein S22	0.325	3.353
9276	COPB2	COPI coat complex subunit beta 2	0.168	3.111
92370	PXYLP1	2-phosphoxylose phosphatase 1	-0.841	4.814
7029	TFDP2	transcription factor Dp-2	0.162	1.578
7220	TRPC1	transient receptor potential cation channel subfamily C member 1	-0.286	1.573
26577	PCOLCE2	procollagen C-endopeptidase enhancer 2	-0.938	7.997
101927832	PAQR9-AS1	PAQR9 antisense RNA 1	0.407	1.802
100289361	LOC100289361	uncharacterized LOC100289361	0.453	2.077
205428	DIPK2A	divergent protein kinase domain 2A	-0.433	2.028
5352	PLOD2	procollagen-lysine,2-oxoglutarate 5-dioxygenase 2	0.377	1.963
57088	PLSCR4	phospholipid scramblase 4	-0.567	2.418
1359	CPA3	carboxypeptidase A3	-0.739	2.491
116441	TM4SF18	transmembrane 4 L six family member 18	0.78	2.931
4071	TM4SF1	transmembrane 4 L six family member 1	0.501	2.26
11342	RNF13	ring finger protein 13	0.207	2.398
105374152	LOC105374152		0.649	2.403
9819	TSC22D2	TSC22 domain family member 2	-0.643	4.752
27230	SERP1	stress associated endoplasmic reticulum protein 1	-0.288	3.104
83939	EIF2A	eukaryotic translation initiation factor 2A	0.264	3.485
116931	MED12L	mediator complex subunit 12L	-1.04	4.807
53829	P2RY13	purinergic receptor P2Y13	-0.96	3.423
5912	RAP2B	RAP2B, member of RAS oncogene family	-0.275	1.567
26084	ARHGEF26	Rho guanine nucleotide exchange factor 26	-0.842	3.354
4311	MME	membrane metalloendopeptidase	-1.4	7.507
285315	C3orf33	chromosome 3 open reading frame 33	-0.369	3.543
8833	GMPS	guanine monophosphate synthase	0.153	2.297
100498859	LINC00881	long intergenic non-protein coding RNA 881	0.71	1.677
152078	SLC66A1L	solute carrier family 66 member 1 like	0.622	1.595
51319	RSRC1	arginine and serine rich coiled-coil 1	0.352	10.086
85476	GFM1	G elongation factor mitochondrial 1	0.259	2.246
5918	RARRES1	retinoic acid receptor responder 1	1.627	4.182
112268457	LOC112268457		1.6	4.632
105374181	LOC105374181	uncharacterized LOC105374181	-0.548	2.4
10051	SMC4	structural maintenance of chromosomes 4	0.268	1.655
151742	PPM1L	protein phosphatase, Mg2+/Mn2+ dependent 1L	0.504	4.385
105374187	LOC105374187	uncharacterized LOC105374187	-0.37	2.571
11235	PDCD10	programmed cell death 10	0.356	6.172
5274	SERPINI1	serpin family I member 1	-0.599	3.402
646168	LRRC77P	leucine rich repeat containing 77, pseudogene	-0.72	1.807
107986152	LOC107986152		-1.763	8.787
84517	ACTRT3	actin related protein T3	0.402	2.086
5584	PRKCI	protein kinase C iota	0.173	1.644
6498	SKIL	SKI like proto-oncogene	-0.717	2.955
5010	CLDN11	claudin 11	-0.505	1.915
200916	RPL22L1	ribosomal protein L22 like 1	0.626	3.227
5337	PLD1	phospholipase D1	0.274	1.859
64778	FNDC3B	fibronectin type III domain containing 3B	-0.432	2.38
8743	TNFSF10	TNF superfamily member 10	0.705	2.06
1894	ECT2	epithelial cell transforming 2	0.737	6.086
254827	NAALADL2	N-acetylated alpha-linked acidic dipeptidase like 2	-0.831	7.523
79718	TBL1XR1	TBL1X/Y related 1	-0.342	1.82
100820709	LINC00501	long intergenic non-protein coding RNA 501	-0.645	1.715
55669	MFN1	mitofusin 1	0.312	3.932
107986158	LOC107986158		-0.919	10.489
56922	MCCC1	methylcrotonyl-CoA carboxylase subunit 1	0.414	4.671
23101	MCF2L2	MCF.2 cell line derived transforming sequence-like 2	-1.306	8.316
84002	B3GNT5	UDP-GlcNAc:betaGal beta-1,3-N-acetylglucosaminyltransferase 5	-0.861	2.69
107986160	LOC107986160	uncharacterized LOC107986160	-2.246	7.019
107986162	LOC107986162	uncharacterized LOC107986162	0.447	1.338
100874113	YEATS2-AS1	YEATS2 antisense RNA 1	-0.381	1.676
8893	EIF2B5	eukaryotic translation initiation factor 2B subunit epsilon	0.199	4.411
10195	ALG3	ALG3 alpha-1,3- mannosyltransferase	0.344	3.433
110599564	EEF1AKMT4	EEF1A lysine methyltransferase 4	0.488	2.111
5708	PSMD2	proteasome 26S subunit ubiquitin receptor, non-ATPase 2	0.142	1.625
1981	EIF4G1	eukaryotic translation initiation factor 4 gamma 1	0.422	10.285
23355	VPS8	VPS8 subunit of CORVET complex	-0.246	1.705
285382	C3orf70	chromosome 3 open reading frame 70	-0.482	2.542
90407	TMEM41A	transmembrane protein 41A	-0.164	2.285
200879	LIPH	lipase H	-0.946	2.459
10644	IGF2BP2	insulin like growth factor 2 mRNA binding protein 2	0.596	9.525
344887	NMRAL2P	NmrA like redox sensor 2, pseudogene	1.964	4.92
1608	DGKG	diacylglycerol kinase gamma	-0.693	3.92
1427	CRYGS	crystallin gamma S	-0.425	3.895
51726	DNAJB11	DnaJ heat shock protein family (Hsp40) member B11	0.262	1.601
5984	RFC4	replication factor C subunit 4	0.221	2.067
6480	ST6GAL1	ST6 beta-galactoside alpha-2,6-sialyltransferase 1	0.298	2.647
5648	MASP1	MBL associated serine protease 1	-0.463	1.865
101929130	LOC101929130	uncharacterized LOC101929130	-0.738	2.602
604	BCL6	BCL6 transcription repressor	0.523	2.363
339929	LPP-AS2	LPP antisense RNA 2	-0.984	8.87
8626	TP63	tumor protein p63	-0.953	2.504
55214	P3H2	prolyl 3-hydroxylase 2	-2.268	9.953
3556	IL1RAP	interleukin 1 receptor accessory protein	-0.394	1.883
647309	GMNC	geminin coiled-coil domain containing	0.618	1.393
152137	CCDC50	coiled-coil domain containing 50	0.202	2.169
151963	MB21D2	Mab-21 domain containing 2	-0.624	4.035
57110	PLAAT1	phospholipase A and acyltransferase 1	-0.297	1.612
84789	MGC2889	uncharacterized protein MGC2889	-1.212	3.565
100873941	OPA1-AS1	OPA1 antisense RNA 1	0.415	2.207
285389	LINC02028	long intergenic non-protein coding RNA 2028	-1.706	8.164
3280	HES1	hes family bHLH transcription factor 1	-0.691	2.176
131578	LRRC15	leucine rich repeat containing 15	-1.225	2.021
79572	ATP13A3	ATPase 13A3	-0.513	1.392
100507297	TMEM44-AS1	TMEM44 antisense RNA 1	-0.593	4.759
55341	LSG1	large 60S subunit nuclear export GTPase 1	0.173	1.862
347	APOD	apolipoprotein D	0.653	2.084
105374298	LOC105374298	keratinocyte proline-rich protein-like	-0.293	1.408
7037	TFRC	transferrin receptor	1.37	5.775
5130	PCYT1A	phosphate cytidylyltransferase 1A, choline	0.228	2.187
255758	DYNLT2B	dynein light chain Tctex-type 2B	-0.4	1.759
165918	RNF168	ring finger protein 168	0.21	1.626
255798	SMCO1	single-pass membrane protein with coiled-coil domains 1	0.664	2.987
348793	WDR53	WD repeat domain 53	0.189	1.456
54965	PIGX	phosphatidylinositol glycan anchor biosynthesis class X	0.291	3.405
100874001	NCBP2-AS1	NCBP2 antisense RNA 1	0.837	5.637
100129516	LINC02012	long intergenic non-protein coding RNA 2012	1.121	4.212
220729	SDHAP4	SDHA pseudogene 4	0.262	1.843
84223	IQCG	IQ motif containing G	0.406	2.341
6165	RPL35A	ribosomal protein L35a	-0.224	1.533
89782	LMLN	leishmanolysin like peptidase	0.258	1.532
728262	FAM157A	family with sequence similarity 157 member A	-0.53	3.128
101928669	LOC101928669	uncharacterized LOC101928669	-0.356	1.546
255403	ZNF718	zinc finger protein 718	-0.57	2.852
654254	ZNF732	zinc finger protein 732	-0.435	1.727
170960	ZNF721	zinc finger protein 721	0.289	2.319
54872	PIGG	phosphatidylinositol glycan anchor biosynthesis class G	-0.175	1.75
5158	PDE6B	phosphodiesterase 6B	-0.556	2.691
521	ATP5ME	ATP synthase membrane subunit e	0.243	1.313
4636	MYL5	myosin light chain 5	-0.243	1.877
84179	SLC49A3	solute carrier family 49 member 3	-0.321	2.903
107986211	LOC107986211	replaced by ID 100129917	0.221	2.091
10815	CPLX1	complexin 1	0.449	1.332
84286	TMEM175	transmembrane protein 175	-0.38	10.041
1609	DGKQ	diacylglycerol kinase theta	-0.271	2.429
10861	SLC26A1	solute carrier family 26 member 1	-0.504	3.099
3425	IDUA	alpha-L-iduronidase	-0.737	6.603
53834	FGFRL1	fibroblast growth factor receptor like 1	0.43	4.443
10417	SPON2	spondin 2	-0.525	2.058
100130872	LOC100130872	uncharacterized LOC100130872	-0.737	2.665
285463	CTBP1-AS	CTBP1 antisense RNA	-0.182	2.352
10460	TACC3	transforming acidic coiled-coil containing protein 3	0.537	3.975
2261	FGFR3	fibroblast growth factor receptor 3	-0.555	2.585
7469	NELFA	negative elongation factor complex member A	-0.287	4.953
10608	MXD4	MAX dimerization protein 4	-0.275	1.694
100616358	MIR4800	microRNA 4800	-0.386	1.39
57732	ZFYVE28	zinc finger FYVE-type containing 28	0.438	2.11
107986249	LOC107986249	uncharacterized LOC107986249	0.486	1.972
79155	TNIP2	TNFAIP3 interacting protein 2	0.442	5.472
118	ADD1	adducin 1	0.163	2.113
10227	MFSD10	major facilitator superfamily domain containing 10	-0.539	4.847
317648	NOP14-AS1	NOP14 antisense RNA 1	-0.174	1.395
8602	NOP14	NOP14 nucleolar protein	0.369	8.058
2868	GRK4	G protein-coupled receptor kinase 4	-0.38	3.373
3064	HTT	huntingtin	0.174	1.546
285489	DOK7	docking protein 7	-0.594	4.108
152	ADRA2C	adrenoceptor alpha 2C	-0.376	1.628
85013	TMEM128	transmembrane protein 128	-0.588	8.849
166793	ZBTB49	zinc finger and BTB domain containing 49	-0.464	2.566
27065	NSG1	neuronal vesicle trafficking associated 1	1.26	2.927
53407	STX18	syntaxin 18	0.232	3.435
2121	EVC	EvC ciliary complex subunit 1	-0.469	2.793
1400	CRMP1	collapsin response mediator protein 1	-0.34	2.146
107986257	LOC107986257		-0.582	3.997
5522	PPP2R2C	protein phosphatase 2 regulatory subunit Bgamma	1.414	4.666
93622	LOC93622	Morf4 family associated protein 1 like 1	-0.281	2.766
6286	S100P	S100 calcium binding protein P	-1.903	3.33
55330	BLOC1S4	biogenesis of lysosomal organelles complex 1 subunit 4	-0.215	1.678
9778	KIAA0232	KIAA0232	0.323	4.478
57533	TBC1D14	TBC1 domain family member 14	0.146	1.379
80273	GRPEL1	GrpE like 1, mitochondrial	0.241	2.181
60312	AFAP1	actin filament associated protein 1	-0.362	1.427
54436	SH3TC1	SH3 domain and tetratricopeptide repeats 1	-0.601	2.808
105374374	LINC02517	long intergenic non-protein coding RNA 2517	0.45	1.6
8532	CPZ	carboxypeptidase Z	-0.9	1.519
56606	SLC2A9	solute carrier family 2 member 9	0.735	4.948
9948	WDR1	WD repeat domain 1	0.321	3.22
85460	ZNF518B	zinc finger protein 518B	0.256	2.307
259282	BOD1L1	biorientation of chromosomes in cell division 1 like 1	0.193	1.513
101929048	LOC101929048	uncharacterized LOC101929048	1.362	2.794
107986182	LOC107986182	uncharacterized LOC107986182	0.965	1.723
114905	C1QTNF7	C1q and TNF related 7	-0.705	2.143
26234	FBXL5	F-box and leucine rich repeat protein 5	0.232	2.186
285550	FAM200B	family with sequence similarity 200 member B	0.124	1.4
683	BST1	bone marrow stromal cell antigen 1	-0.347	2.195
952	CD38	CD38 molecule	0.907	4.193
8842	PROM1	prominin 1	-1.038	2.435
9079	LDB2	LIM domain binding 2	0.38	1.393
27146	FAM184B	family with sequence similarity 184 member B	-0.255	2.686
64151	NCAPG	non-SMC condensin I complex subunit G	1.016	8.712
254251	LCORL	ligand dependent nuclear receptor corepressor like	0.354	1.782
166647	ADGRA3	adhesion G protein-coupled receptor A3	0.445	6.879
107986265	LOC107986265		-0.535	7.961
6649	SOD3	superoxide dismutase 3	-1.001	7.932
91050	CCDC149	coiled-coil domain containing 149	0.213	2.913
389203	SMIM20	small integral membrane protein 20	0.242	1.55
55296	TBC1D19	TBC1 domain family member 19	0.163	1.615
55286	C4orf19	chromosome 4 open reading frame 19	0.946	1.712
768211	RELL1	RELT like 1	-0.549	4.756
55276	PGM2	phosphoglucomutase 2	0.373	3.787
23216	TBC1D1	TBC1 domain family member 1	0.327	4.614
105374407	LOC105374407		0.417	2.234
102723415	LOC102723415	replaced by ID 79667	-1.064	7.146
79667	KLF3-AS1	KLF3 antisense RNA 1	-1.06	10.114
57728	WDR19	WD repeat domain 19	0.368	2.071
5981	RFC1	replication factor C subunit 1	0.263	5.799
11019	LIAS	lipoic acid synthetase	0.247	1.571
201895	SMIM14	small integral membrane protein 14	-0.322	1.63
23244	PDS5A	PDS5 cohesin associated factor A	0.193	3.18
399	RHOH	ras homolog family member H	-0.985	2.585
79730	NSUN7	NOP2/Sun RNA methyltransferase family member 7	-0.305	2.441
7345	UCHL1	ubiquitin C-terminal hydrolase L1	-1.752	4.948
55161	TMEM33	transmembrane protein 33	-0.191	1.712
10463	SLC30A9	solute carrier family 30 member 9	0.196	1.57
285525	YIPF7	Yip1 domain family member 7	-0.574	2.296
2557	GABRA4	gamma-aminobutyric acid type A receptor subunit alpha4	-0.694	2.133
2560	GABRB1	gamma-aminobutyric acid type A receptor subunit beta1	-0.847	3.626
57205	ATP10D	ATPase phospholipid transporting 10D (putative)	-0.471	3.26
105374444	LOC105374444	uncharacterized LOC105374444	0.922	2.171
101927179	LOC101927179	uncharacterized LOC101927179	3.32	8.38
152518	NFXL1	nuclear transcription factor, X-box binding like 1	1.754	15.271
7294	TXK	TXK tyrosine kinase	-0.429	1.794
285527	FRYL	FRY like transcription coactivator	0.372	3.335
132299	OCIAD2	OCIA domain containing 2	0.702	5.071
64854	USP46	ubiquitin specific peptidase 46	-0.397	3.09
643783	USP46-DT	USP46 divergent transcript	-0.498	3.042
57291	DANCR	differentiation antagonizing non-protein coding RNA	0.386	2.601
677810	SNORA26	small nucleolar RNA, H/ACA box 26	-0.669	1.492
100288413	ERVMER34-1	endogenous retrovirus group MER34 member 1, envelope	0.772	2.855
107986281	LOC107986281	uncharacterized LOC107986281	0.596	1.445
65997	RASL11B	RAS like family 11 member B	-1.523	5.338
152579	SCFD2	sec1 family domain containing 2	0.273	2.911
26511	CHIC2	cysteine rich hydrophobic domain 2	-0.352	3.221
3815	KIT	KIT proto-oncogene, receptor tyrosine kinase	-0.905	2.377
3791	KDR	kinase insert domain receptor	0.59	2.527
9575	CLOCK	clock circadian regulator	0.247	1.515
57482	CRACD	capping protein inhibiting regulator of actin dynamics	-3.049	12.948
10606	PAICS	phosphoribosylaminoimidazole carboxylase and phosphoribosylaminoimidazolesuccinocarboxamide synthase	0.162	1.794
6731	SRP72	signal recognition particle 72	0.149	1.849
84525	HOPX	HOP homeobox	1.862	2.972
255130	IGFBP7-AS1	IGFBP7 antisense RNA 1	-0.507	2.826
23284	ADGRL3	adhesion G protein-coupled receptor L3	-0.704	2.844
105377253	LOC105377253	uncharacterized LOC105377253	-2.375	6.784
253017	TECRL	trans-2,3-enoyl-CoA reductase like	0.351	2.457
550112	UBA6-DT	UBA6 divergent transcript	-0.339	2.075
22902	RUFY3	RUN and FYVE domain containing 3	0.157	1.45
2926	GRSF1	G-rich RNA sequence binding factor 1	0.221	2.34
3576	CXCL8	C-X-C motif chemokine ligand 8	-1.188	1.545
2921	CXCL3	C-X-C motif chemokine ligand 3	-0.67	1.876
2920	CXCL2	C-X-C motif chemokine ligand 2	-1.44	4.212
2069	EREG	epiregulin	2.507	3.813
25898	RCHY1	ring finger and CHY zinc finger domain containing 1	-0.258	2.408
8615	USO1	USO1 vesicle transport factor	0.378	6.649
27163	NAAA	N-acylethanolamine acid amidase	-0.498	3.026
55153	SDAD1	SDA1 domain containing 1	0.118	1.345
4283	CXCL9	C-X-C motif chemokine ligand 9	-1.326	2.642
419	ART3	ADP-ribosyltransferase 3 (inactive)	0.892	5.298
950	SCARB2	scavenger receptor class B member 2	0.229	3.796
57619	SHROOM3	shroom family member 3	-0.578	6.357
105377294	LOC105377294	uncharacterized LOC105377294	-1.244	5.624
55752	SEPTIN11	septin 11	-0.393	1.601
10983	CCNI	cyclin I	-0.448	7.056
901	CCNG2	cyclin G2	-0.715	4.392
65008	MRPL1	mitochondrial ribosomal protein L1	0.285	2.081
306	ANXA3	annexin A3	0.45	1.836
55589	BMP2K	BMP2 inducible kinase	0.381	1.779
56978	PRDM8	PR/SET domain 8	-0.746	4.385
3184	HNRNPD	heterogeneous nuclear ribonucleoprotein D	0.178	2.104
101928963	HNRNPD-DT	HNRNPD divergent transcript	-0.624	2.813
9987	HNRNPDL	heterogeneous nuclear ribonucleoprotein D like	0.298	3.176
58478	ENOPH1	enolase-phosphatase 1	-0.152	1.37
441027	TMEM150C	transmembrane protein 150C	0.414	2.801
22872	SEC31A	SEC31 homolog A, COPII coat complex component	-0.273	3.328
27235	COQ2	coenzyme Q2, polyprenyltransferase	0.348	2.696
10855	HPSE	heparanase	0.967	3.689
113510	HELQ	helicase, POLQ like	0.18	2.301
51023	MRPS18C	mitochondrial ribosomal protein S18C	0.224	1.987
84142	ABRAXAS1	abraxas 1, BRCA1 A complex subunit	0.214	2.7
404201	WDFY3-AS2	WDFY3 antisense RNA 2	-0.406	1.413
83478	ARHGAP24	Rho GTPase activating protein 24	-0.389	2.241
5602	MAPK10	mitogen-activated protein kinase 10	-0.394	1.355
5783	PTPN13	protein tyrosine phosphatase non-receptor type 13	-0.362	1.432
132989	C4orf36	chromosome 4 open reading frame 36	-0.405	1.592
100506746	AFF1-AS1	AFF1 antisense RNA 1	-0.236	1.495
53343	NUDT9	nudix hydrolase 9	0.335	5.475
105377321	SCPPPQ1	secretory calcium-binding phosphoprotein proline-glutamine rich 1	0.657	1.433
8404	SPARCL1	SPARC like 1	0.504	4.793
6696	SPP1	secreted phosphoprotein 1	2.337	6.609
5311	PKD2	polycystin 2, transient receptor potential cation channel	-0.37	2.172
9429	ABCG2	ATP binding cassette subfamily G member 2 (Junior blood group)	-2.44	21.01
55008	HERC6	HECT and RLD domain containing E3 ubiquitin protein ligase family member 6	-0.452	2.556
102723458	LOC102723458	uncharacterized LOC102723458	-0.319	1.351
51191	HERC5	HECT and RLD domain containing E3 ubiquitin protein ligase 5	-0.625	3.542
8916	HERC3	HECT and RLD domain containing E3 ubiquitin protein ligase 3	0.226	2.18
266812	NAP1L5	nucleosome assembly protein 1 like 5	-0.464	1.727
6622	SNCA	synuclein alpha	-1.198	5.434
10098	TSPAN5	tetraspanin 5	-0.576	2.788
105377342	TSPAN5-DT	TSPAN5 divergent transcript	-0.844	1.876
1977	EIF4E	eukaryotic translation initiation factor 4E	0.157	1.318
23173	METAP1	methionyl aminopeptidase 1	0.347	5.356
128	ADH5	alcohol dehydrogenase 5 (class III), chi polypeptide	-0.196	1.307
124	ADH1A	alcohol dehydrogenase 1A (class I), alpha polypeptide	1.252	5.666
125	ADH1B	alcohol dehydrogenase 1B (class I), beta polypeptide	1.479	7.507
126	ADH1C	alcohol dehydrogenase 1C (class I), gamma polypeptide	0.909	2.925
93587	TRMT10A	tRNA methyltransferase 10A	0.404	4.299
4547	MTTP	microsomal triglyceride transfer protein	0.597	3.043
285556	C4orf54	chromosome 4 open reading frame 54	1.619	1.606
3015	H2AZ1	H2A.Z variant histone 1	0.428	4.132
64116	SLC39A8	solute carrier family 39 member 8	0.969	3.925
102723704	LOC102723704	uncharacterized LOC102723704	0.467	9.623
105377348	UBE2D3-AS1	UBE2D3 antisense RNA 1	0.469	4.665
493856	CISD2	CDGSH iron sulfur domain 2	0.279	2.92
56898	BDH2	3-hydroxybutyrate dehydrogenase 2	-0.276	2.872
1062	CENPE	centromere protein E	0.734	1.859
54848	ARHGEF38	Rho guanine nucleotide exchange factor 38	-0.622	2.411
57117	INTS12	integrator complex subunit 12	0.295	3.582
255743	NPNT	nephronectin	-0.618	2.324
107986298	LOC107986298	uncharacterized LOC107986298	0.468	2.965
113612	CYP2U1	cytochrome P450 family 2 subfamily U member 1	-0.241	1.793
51176	LEF1	lymphoid enhancer binding factor 1	-1.298	3.056
64850	ETNPPL	ethanolamine-phosphate phospho-lyase	1.377	2.516
100533182	SEC24B-AS1	SEC24B antisense RNA 1	-0.796	2.811
839	CASP6	caspase 6	0.29	2.576
81579	PLA2G12A	phospholipase A2 group XIIA	0.281	2.345
3426	CFI	complement factor I	0.352	1.741
1950	EGF	epidermal growth factor	0.613	7.865
2028	ENPEP	glutamyl aminopeptidase	0.399	1.751
55435	AP1AR	adaptor related protein complex 1 associated regulatory protein	0.201	1.715
92610	TIFA	TRAF interacting protein with forkhead associated domain	0.755	2.727
80216	ALPK1	alpha kinase 1	0.244	1.61
55345	ZGRF1	zinc finger GRF-type containing 1	0.57	4.347
51574	LARP7	La ribonucleoprotein 7, transcriptional regulator	0.293	3.301
287	ANK2	ankyrin 2	0.227	1.886
79642	ARSJ	arylsulfatase family member J	-1.098	2.781
105377378	LOC105377378	uncharacterized LOC105377378	0.96	2.07
105377384	LOC105377384	uncharacterized LOC105377384	-1.355	3.68
645455	CEP170P1	centrosomal protein 170 pseudogene 1	0.341	1.666
729218	LOC729218	uncharacterized LOC729218	-0.395	2.949
105377394	LOC105377394	uncharacterized LOC105377394	-0.893	1.536
51778	MYOZ2	myozenin 2	0.253	1.877
105379404	LOC105379404	uncharacterized LOC105379404	0.215	1.312
401149	LINC01061	long intergenic non-protein coding RNA 1061	-0.473	4.717
645513	SEPTIN7P14	septin 7 pseudogene 14	-0.478	3.386
8654	PDE5A	phosphodiesterase 5A	-0.82	2.717
100996694	LINC02502	long intergenic non-protein coding RNA 2502	-0.91	8.533
105377399	LOC105377399	uncharacterized LOC105377399	-0.676	1.622
890	CCNA2	cyclin A2	0.508	4.732
84162	BLTP1	bridge-like lipid transfer protein family member 1	0.286	3.171
729338	CETN4P	centrin 4, pseudogene	-1.19	4.033
10252	SPRY1	sprouty RTK signaling antagonist 1	-0.656	4.175
27152	INTU	inturned planar cell polarity protein	-0.486	5.535
22824	HSPA4L	heat shock protein family A (Hsp70) member 4 like	-0.404	2.175
256471	MFSD8	major facilitator superfamily domain containing 8	-0.247	2.146
80167	ABHD18	abhydrolase domain containing 18	-1.069	8.652
55132	LARP1B	La ribonucleoprotein 1B	0.588	17.63
132430	PABPC4L	poly(A) binding protein cytoplasmic 4 like	-0.524	1.666
23657	SLC7A11	solute carrier family 7 member 11	1.179	3.773
1998	ELF2	E74 like ETS transcription factor 2	0.292	4.906
80155	NAA15	N-alpha-acetyltransferase 15, NatA auxiliary subunit	0.364	4.412
83452	RAB33B	RAB33B, member RAS oncogene family	-0.294	1.668
60592	SCOC	short coiled-coil protein	-0.28	1.563
100129858	SCOC-AS1	SCOC antisense RNA 1	0.413	1.704
1047	CLGN	calmegin	0.532	4.549
8821	INPP4B	inositol polyphosphate-4-phosphatase type II B	-0.58	3.729
64399	HHIP	hedgehog interacting protein	-1.673	4.798
54726	OTUD4	OTU deubiquitinase 4	0.331	2.259
646603	C4orf51	chromosome 4 open reading frame 51	-0.605	7.751
152485	ZNF827	zinc finger protein 827	-0.467	4.937
11157	LSM6	LSM6 homolog, U6 small nuclear RNA and mRNA degradation associated	0.425	4.252
1909	EDNRA	endothelin receptor type A	-1.093	4.945
55751	TMEM184C	transmembrane protein 184C	0.304	4.039
987	LRBA	LPS responsive beige-like anchor protein	0.274	2.24
6189	RPS3A	ribosomal protein S3A	-0.238	1.424
152503	SH3D19	SH3 domain containing 19	0.359	3.118
105377485	LOC105377485	uncharacterized LOC105377485	0.715	1.949
729830	FHIP1A	FHF complex subunit HOOK interacting protein 1A	0.456	3.214
5188	GATB	glutamyl-tRNA amidotransferase subunit B	0.322	3.253
55294	FBXW7	F-box and WD repeat domain containing 7	0.289	1.428
102191832	FBXW7-AS1	FBXW7 antisense RNA 1	0.369	1.708
27236	ARFIP1	ADP ribosylation factor interacting protein 1	-0.165	1.316
285533	RNF175	ring finger protein 175	0.876	2.897
5356	PLRG1	pleiotropic regulator 1	0.139	1.69
105377503	LOC105377503	uncharacterized LOC105377503	3.496	6.48
105377505	LOC105377505	uncharacterized LOC105377505	-0.827	1.615
2982	GUCY1A1	guanylate cyclase 1 soluble subunit alpha 1	0.575	2.673
2983	GUCY1B1	guanylate cyclase 1 soluble subunit beta 1	0.486	4.213
56034	PDGFC	platelet derived growth factor C	-0.428	5.027
2743	GLRB	glycine receptor beta	-0.516	5.36
51313	GASK1B	golgi associated kinase 1B	-0.461	2.429
201725	C4orf46	chromosome 4 open reading frame 46	-0.388	2.571
2110	ETFDH	electron transfer flavoprotein dehydrogenase	0.474	3.616
5481	PPID	peptidylprolyl isomerase D	0.212	1.373
55319	TMA16	translation machinery associated 16 homolog	0.187	1.614
201931	TMEM192	transmembrane protein 192	0.431	5.357
1363	CPE	carboxypeptidase E	-0.406	2.615
55601	DDX60	DExD/H-box helicase 60	-0.444	2.64
107986198	LOC107986198	uncharacterized LOC107986198	-1.847	5.44
23022	PALLD	palladin, cytoskeletal associated protein	0.734	8.122
84869	CBR4	carbonyl reductase 4	0.487	5.513
57630	SH3RF1	SH3 domain containing ring finger 1	-0.45	3.871
1182	CLCN3	chloride voltage-gated channel 3	0.457	3.775
54969	HPF1	histone PARylation factor 1	0.291	4.28
8819	SAP30	Sin3A associated protein 30	0.291	2.194
101928383	LOC101928383		-1.164	4.106
11341	SCRG1	stimulator of chondrogenesis 1	-0.637	1.381
101928409	LOC101928409	uncharacterized LOC101928409	0.516	2.691
9464	HAND2	heart and neural crest derivatives expressed 2	0.376	1.475
80817	CEP44	centrosomal protein 44	-0.234	2.277
175	AGA	aspartylglucosaminidase	0.256	1.371
285500	AGA-DT	AGA divergent transcript	0.413	1.451
1635	DCTD	dCMP deaminase	-0.205	3.255
80014	WWC2	WW and C2 domain containing 2	0.19	1.374
53842	CLDN22	claudin 22	-0.692	1.412
3622	ING2	inhibitor of growth family member 2	0.84	8.34
201965	RWDD4	RWD domain containing 4	0.163	1.679
133121	ENPP6	ectonucleotide pyrophosphatase/phosphodiesterase 6	-0.919	2.027
728175	LINC02363	long intergenic non-protein coding RNA 2363	0.792	2.428
3660	IRF2	interferon regulatory factor 2	0.344	2.926
836	CASP3	caspase 3	-0.414	1.706
201973	PRIMPOL	primase and DNA directed polymerase	-0.151	1.588
291	SLC25A4	solute carrier family 25 member 4	0.29	2.559
83891	SNX25	sorting nexin 25	0.323	5.414
27295	PDLIM3	PDZ and LIM domain 3	-0.674	3.232
8470	SORBS2	sorbin and SH3 domain containing 2	-0.436	2.729
102723906	LOC102723906	uncharacterized LOC102723906	-0.943	1.411
2483	FRG1	FSHD region gene 1	0.404	5.45
389257	LRRC14B	leucine rich repeat containing 14B	0.712	1.874
10016	PDCD6	programmed cell death 6	-0.133	1.616
6550	SLC9A3	solute carrier family 9 member A3	-0.287	2.088
25845	PP7080	uncharacterized LOC25845	-0.204	1.614
100288152	SLC9A3-AS1	SLC9A3 antisense RNA 1	-0.675	1.357
11076	TPPP	tubulin polymerization promoting protein	0.631	2.293
101929898	LOC101929898	uncharacterized LOC101929898	-0.764	2.249
9319	TRIP13	thyroid hormone receptor interactor 13	0.703	2.667
100506688	LINC02982	long intergenic non-protein coding RNA 2982	-0.828	4.509
105374612	LOC105374612		-0.435	1.701
64979	MRPL36	mitochondrial ribosomal protein L36	0.619	7.509
4726	NDUFS6	NADH:ubiquinone oxidoreductase subunit S6	0.504	3.679
23379	ICE1	interactor of little elongation complex ELL subunit 1	0.38	8.689
105374634	LOC105374634	uncharacterized LOC105374634	-1.459	2.117
6715	SRD5A1	steroid 5 alpha-reductase 1	-0.245	1.323
108	ADCY2	adenylate cyclase 2	-0.876	1.932
4552	MTRR	5-methyltetrahydrofolate-homocysteine methyltransferase reductase	0.327	3.989
100505738	MIR4458HG	MIR4458 host gene	0.451	2.84
22948	CCT5	chaperonin containing TCP1 subunit 5	0.373	4.365
113218502	MIR10397	microRNA 10397	-0.573	2.104
651746	ANKRD33B	ankyrin repeat domain 33B	-1.414	10.324
1501	CTNND2	catenin delta 2	-0.864	3.837
106635684	SNORD141B	small nucleolar RNA, C/D box 141B	-0.794	6.373
90268	OTULIN	OTU deubiquitinase with linear linkage specificity	-0.335	2.544
56172	ANKH	ANKH inorganic pyrophosphate transport regulator	-0.271	3.627
100130744	LOC100130744	uncharacterized LOC100130744	-0.533	9.067
441061	MARCHF11	membrane associated ring-CH-type finger 11	1.25	2.796
107986407	MARCHF11-AS1	MARCHF11 antisense RNA 1	1.097	3.321
90441	ZNF622	zinc finger protein 622	0.318	1.371
101929524	RETREG1-AS1	RETREG1 antisense RNA 1	-0.999	2.06
106635539	SNORA105A	small nucleolar RNA, H/ACA box 105A	-0.39	2.788
105374694	LINC02228	long intergenic non-protein coding RNA 2228	-0.545	2.719
29102	DROSHA	drosha ribonuclease III	0.247	4.813
105374711	LOC105374711	uncharacterized LOC105374711	0.451	1.703
4883	NPR3	natriuretic peptide receptor 3	-0.674	2.103
6897	TARS1	threonyl-tRNA synthetase 1	0.405	4.486
81792	ADAMTS12	ADAM metallopeptidase with thrombospondin type 1 motif 12	0.693	3.635
114899	C1QTNF3	C1q and TNF related 3	-0.809	2.847
5810	RAD1	RAD1 checkpoint DNA exonuclease	0.282	2.98
134218	DNAJC21	DnaJ heat shock protein family (Hsp40) member C21	0.356	5.255
79925	SPEF2	sperm flagellar 2	-0.52	3.245
6507	SLC1A3	solute carrier family 1 member 3	0.47	1.824
646719	NIPBL-DT	NIPBL divergent transcript	-0.44	2.334
25836	NIPBL	NIPBL cohesin loading factor	0.332	3.447
65250	CPLANE1	ciliogenesis and planar polarity effector complex subunit 1	0.205	2.723
100861519	GDNF-AS1	GDNF antisense RNA 1	-1.236	3.032
9180	OSMR	oncostatin M receptor	0.416	2.028
6167	RPL37	ribosomal protein L37	0.193	1.425
84674	CARD6	caspase recruitment domain family member 6	0.245	1.327
105374739	LOC105374739	uncharacterized LOC105374739	-0.995	2.442
729	C6	complement C6	-0.711	1.418
345557	PLCXD3	phosphatidylinositol specific phospholipase C X domain containing 3	0.565	2.804
100874002	OXCT1-AS1	OXCT1 antisense RNA 1	-0.403	2.722
26272	FBXO4	F-box protein 4	-0.403	2.538
7690	ZNF131	zinc finger protein 131	0.247	3.492
10605	PAIP1	poly(A) binding protein interacting protein 1	0.24	2.745
2255	FGF10	fibroblast growth factor 10	2.943	7.284
100506674	MRPS30-DT	MRPS30 divergent transcript	-0.497	2.021
10884	MRPS30	mitochondrial ribosomal protein S30	0.196	1.591
79668	PARP8	poly(ADP-ribose) polymerase family member 8	-0.311	1.628
3673	ITGA2	integrin subunit alpha 2	0.801	1.956
4338	MOCS2	molybdenum cofactor synthesis 2	0.455	11.984
4724	NDUFS4	NADH:ubiquinone oxidoreductase subunit S4	0.227	1.402
54622	ARL15	ADP ribosylation factor like GTPase 15	-0.462	3.706
8988	HSPB3	heat shock protein family B (small) member 3	0.725	4.543
105378967	LOC105378967	replaced by ID 112574	-0.579	1.324
11082	ESM1	endothelial cell specific molecule 1	-2.74	5.793
3003	GZMK	granzyme K	-1.092	2.479
54505	DHX29	DExH-box helicase 29	0.321	7.943
105378973	LOC105378973	uncharacterized LOC105378973	0.93	8.218
23517	MTREX	Mtr4 exosome RNA helicase	0.094	1.761
133396	IL31RA	interleukin 31 receptor A	-3.591	10.009
65056	GPBP1	GC-rich promoter binding protein 1	0.198	2.115
101928505	LOC101928505	uncharacterized LOC101928505	0.604	1.597
5144	PDE4D	phosphodiesterase 4D	0.483	1.43
91942	NDUFAF2	NADH:ubiquinone oxidoreductase complex assembly factor 2	0.666	5.996
285668	C5orf64	chromosome 5 putative open reading frame 64	1.135	1.677
3796	KIF2A	kinesin family member 2A	0.325	3.666
51194	IPO11	importin 11	0.287	3.739
100130733	LRRC70	leucine rich repeat containing 70	-0.746	3.565
285672	SREK1IP1	SREK1 interacting protein 1	-0.232	2.017
10283	CWC27	CWC27 spliceosome associated cyclophilin	0.331	6.134
64105	CENPK	centromere protein K	0.7	1.974
54557	SGTB	small glutamine rich tetratricopeptide repeat co-chaperone beta	-0.297	1.882
57486	NLN	neurolysin	0.627	6.799
4064	CD180	CD180 molecule	0.938	2.694
105379005	LOC105379005		-1.423	3.43
891	CCNB1	cyclin B1	0.295	1.472
92259	MRPS36	mitochondrial ribosomal protein S36	0.277	2.665
1022	CDK7	cyclin dependent kinase 7	0.264	2.935
202243	CCDC125	coiled-coil domain containing 125	-0.395	2.994
102157402	AK6	adenylate kinase 6	0.379	5.814
6880	TAF9	TATA-box binding protein associated factor 9	0.281	4.151
5884	RAD17	RAD17 checkpoint clamp loader component	0.313	7.528
153562	MARVELD2	MARVEL domain containing 2	0.895	2.42
55814	BDP1	B double prime 1, subunit of RNA polymerase III transcription initiation factor IIIB	0.319	2.086
23107	MRPS27	mitochondrial ribosomal protein S27	0.18	2.083
107986383	LOC107986383	uncharacterized LOC107986383	-0.997	13.549
689	BTF3	basic transcription factor 3	0.295	3.132
57763	ANKRA2	ankyrin repeat family A member 2	-0.169	1.5
8507	ENC1	ectodermal-neural cortex 1	-0.68	1.916
10412	NSA2	NSA2 ribosome biogenesis factor	0.278	1.517
51301	GCNT4	glucosaminyl (N-acetyl) transferase 4	-0.442	1.417
3156	HMGCR	3-hydroxy-3-methylglutaryl-CoA reductase	-0.27	2.728
2151	F2RL2	coagulation factor II thrombin receptor like 2	-1.637	4.141
2149	F2R	coagulation factor II thrombin receptor	-1.233	6.886
55109	AGGF1	angiogenic factor with G-patch and FHA domains 1	0.208	4.644
8622	PDE8B	phosphodiesterase 8B	-1.182	3.705
8546	AP3B1	adaptor related protein complex 3 subunit beta 1	0.294	5.585
29958	DMGDH	dimethylglycine dehydrogenase	0.403	1.49
23743	BHMT2	betaine--homocysteine S-methyltransferase 2	0.632	2.403
635	BHMT	betaine--homocysteine S-methyltransferase	0.631	2.514
102724530	LOC102724530	uncharacterized LOC102724530	0.65	1.458
167153	TENT2	terminal nucleotidyltransferase 2	-0.252	2.212
345778	MTX3	metaxin 3	0.223	1.42
7060	THBS4	thrombospondin 4	-1.488	4.621
101929215	THBS4-AS1	THBS4 antisense RNA 1	-1.368	4.082
441089	CRSP8P	mediator complex subunit 27 pseudogene	-0.242	2.463
4437	MSH3	mutS homolog 3	-0.244	2.419
5924	RASGRF2	Ras protein specific guanine nucleotide releasing factor 2	0.307	1.814
1160	CKMT2	creatine kinase, mitochondrial 2	0.363	2.713
7518	XRCC4	X-ray repair cross complementing 4	1.221	7.752
1404	HAPLN1	hyaluronan and proteoglycan link protein 1	-2.851	7.823
5921	RASA1	RAS p21 protein activator 1	0.216	2.576
153396	TMEM161B	transmembrane protein 161B	0.256	2.405
100505894	TMEM161B-DT	TMEM161B divergent transcript	0.531	5.108
109729137	MEF2C-AS2	MEF2C antisense RNA 2	0.361	1.579
101929423	MEF2C-AS1	MEF2C antisense RNA 1	-0.551	2.114
100505994	LUCAT1	lung cancer associated transcript 1	1.638	6.449
57561	ARRDC3	arrestin domain containing 3	-0.772	3.995
100129716	ARRDC3-AS1	ARRDC3 antisense RNA 1	-0.692	3.07
105379080	LOC105379080	uncharacterized LOC105379080	1.355	5.339
9652	SKIC3	SKI3 subunit of superkiller complex	0.215	2.489
153642	ARSK	arylsulfatase family member K	0.36	1.659
317671	RFESD	Rieske Fe-S domain containing	0.535	5.699
83890	SPATA9	spermatogenesis associated 9	0.361	3.645
202299	LINC01554	long intergenic non-protein coding RNA 1554	0.504	1.375
5122	PCSK1	proprotein convertase subtilisin/kexin type 1	0.97	3.836
55781	RIOK2	RIO kinase 2	0.165	1.621
1105	CHD1	chromodomain helicase DNA binding protein 1	0.243	1.761
5066	PAM	peptidylglycine alpha-amidating monooxygenase	0.276	2.027
54826	GIN1	gypsy retrotransposon integrase 1	0.322	4.007
23262	PPIP5K2	diphosphoinositol pentakisphosphate kinase 2	0.682	5.79
1946	EFNA5	ephrin A5	-0.464	4.026
642987	TMEM232	transmembrane protein 232	-0.509	1.786
91137	SLC25A46	solute carrier family 25 member 46	0.328	2.569
85480	TSLP	thymic stromal lymphopoietin	0.766	7.432
114915	EPB41L4A-AS1	EPB41L4A antisense RNA 1	-0.42	2.861
324	APC	APC regulator of WNT signaling pathway	0.226	1.551
6728	SRP19	signal recognition particle 19	0.412	8.132
7905	REEP5	receptor accessory protein 5	0.186	2.964
167227	DCP2	decapping mRNA 2	-0.264	1.621
64848	YTHDC2	YTH domain containing 2	0.258	2.204
3781	KCNN2	potassium calcium-activated channel subfamily N member 2	0.417	1.505
5229	PGGT1B	protein geranylgeranyltransferase type I subunit beta	0.264	2.055
153733	CCDC112	coiled-coil domain containing 112	0.322	2.138
353376	TICAM2	TIR domain containing adaptor molecule 2	0.361	2.03
101927100	TICAM2-AS1	TICAM2 antisense RNA 1	-0.523	2.148
1176	AP3S1	adaptor related protein complex 3 subunit sigma 1	0.158	1.31
206338	LVRN	laeverin	1.094	2.203
51397	COMMD10	COMM domain containing 10	-0.234	1.921
100422885	MIR1244-2	microRNA 1244-2	0.297	2.09
1657	DMXL1	Dmx like 1	0.279	1.843
25816	TNFAIP8	TNF alpha induced protein 8	0.883	2.716
3295	HSD17B4	hydroxysteroid 17-beta dehydrogenase 4	0.316	3.839
51334	PRR16	proline rich 16	-0.479	1.698
153443	SRFBP1	serum response factor binding protein 1	0.339	3.767
9627	SNCAIP	synuclein alpha interacting protein	-0.988	4.284
6643	SNX2	sorting nexin 2	0.183	2.764
28966	SNX24	sorting nexin 24	0.23	2.338
57507	ZNF608	zinc finger protein 608	0.448	1.372
51808	PHAX	phosphorylated adaptor for RNA export	0.153	2.385
4001	LMNB1	lamin B1	0.716	2.213
115123	MARCHF3	membrane associated ring-CH-type finger 3	-0.338	1.391
102723654	LOC102723654	uncharacterized LOC102723654	0.675	2.191
337876	CHSY3	chondroitin sulfate synthase 3	-0.867	2.694
105379171	LOC105379171	uncharacterized LOC105379171	-3.665	13.44
3094	HINT1	histidine triad nucleotide binding protein 1	0.353	4.347
8974	P4HA2	prolyl 4-hydroxylase subunit alpha 2	0.305	2.233
6583	SLC22A4	solute carrier family 22 member 4	-0.607	5.732
553103	MIR3936HG	MIR3936 host gene	-0.528	2.545
100500865	MIR3936	microRNA 3936	-0.911	3.123
441108	IRF1-AS1	IRF1 antisense RNA 1	-0.748	8.354
10111	RAD50	RAD50 double strand break repair protein	0.333	2.968
101927761	TH2LCRR	T helper type 2 locus control region associated RNA	0.227	1.505
11127	KIF3A	kinesin family member 3A	0.251	1.321
23176	SEPTIN8	septin 8	-0.172	1.352
134549	SHROOM1	shroom family member 1	-0.323	2.847
54819	ZCCHC10	zinc finger CCHC-type containing 10	-0.292	2.633
56951	C5orf15	chromosome 5 open reading frame 15	0.256	1.505
7416	VDAC1	voltage dependent anion channel 1	0.342	4.717
6932	TCF7	transcription factor 7	0.701	3.153
5515	PPP2CA	protein phosphatase 2 catalytic subunit alpha	-0.216	1.667
819	CAMLG	calcium modulating ligand	-0.154	1.376
9879	DDX46	DEAD-box helicase 46	0.387	8.969
79770	TXNDC15	thioredoxin domain containing 15	0.254	6.103
9555	MACROH2A1	macroH2A.1 histone	0.156	2.428
9547	CXCL14	C-X-C motif chemokine ligand 14	-1.391	3.072
153328	SLC25A48	solute carrier family 25 member 48	-1.698	1.784
10949	HNRNPA0	heterogeneous nuclear ribonucleoprotein A0	-0.424	9.77
107986368	LOC107986368	uncharacterized LOC107986368	-0.523	1.828
9499	MYOT	myotilin	0.84	2.65
2676	GFRA3	GDNF family receptor alpha 3	-1.006	2.49
1958	EGR1	early growth response 1	-2.047	4.286
2107	ETF1	eukaryotic translation termination factor 1	0.179	1.889
3313	HSPA9	heat shock protein family A (Hsp70) member 9	0.318	4.933
1495	CTNNA1	catenin alpha 1	0.219	3.154
64374	SIL1	SIL1 nucleotide exchange factor	0.271	3.057
724102	SNHG4	small nucleolar RNA host gene 4	0.389	2.279
389333	PROB1	proline rich basic protein 1	0.321	1.347
202051	SPATA24	spermatogenesis associated 24	0.603	6.338
7322	UBE2D2	ubiquitin conjugating enzyme E2 D2	0.234	5.696
492311	IGIP	IgA inducing protein	-0.328	2.531
1839	HBEGF	heparin binding EGF like growth factor	-0.755	2.094
404734	ANKHD1-EIF4EBP3	ANKHD1-EIF4EBP3 readthrough	0.157	1.995
54882	ANKHD1	ankyrin repeat and KH domain containing 1	0.235	4.662
8637	EIF4EBP3	eukaryotic translation initiation factor 4E binding protein 3	-0.858	6.123
10011	SRA1	steroid receptor RNA activator 1	-0.511	5.754
10307	APBB3	amyloid beta precursor protein binding family B member 3	-0.881	14.565
113829	SLC35A4	solute carrier family 35 member A4	-0.151	1.624
929	CD14	CD14 molecule	0.606	1.969
3550	IK	IK cytokine	0.25	2.315
153527	ZMAT2	zinc finger matrin-type 2	0.228	2.702
56145	PCDHA3	protocadherin alpha 3	-0.736	1.311
56129	PCDHB7	protocadherin beta 7	-0.348	1.613
56125	PCDHB11	protocadherin beta 11	-0.753	3.165
56113	PCDHGA2	protocadherin gamma subfamily A, 2	-0.462	4.286
56112	PCDHGA3	protocadherin gamma subfamily A, 3	-0.422	4.715
56104	PCDHGB1	protocadherin gamma subfamily B, 1	-0.381	5.228
56111	PCDHGA4	protocadherin gamma subfamily A, 4	-0.256	2.546
56103	PCDHGB2	protocadherin gamma subfamily B, 2	-0.325	3.176
56110	PCDHGA5	protocadherin gamma subfamily A, 5	-0.428	8.5
56109	PCDHGA6	protocadherin gamma subfamily A, 6	-0.273	2.658
56108	PCDHGA7	protocadherin gamma subfamily A, 7	-0.314	4.816
8641	PCDHGB4	protocadherin gamma subfamily B, 4	-0.216	2.087
9708	PCDHGA8	protocadherin gamma subfamily A, 8	-0.388	5.312
56101	PCDHGB5	protocadherin gamma subfamily B, 5	-0.301	3.756
56107	PCDHGA9	protocadherin gamma subfamily A, 9	-0.413	4.983
56100	PCDHGB6	protocadherin gamma subfamily B, 6	-0.339	5.936
56106	PCDHGA10	protocadherin gamma subfamily A, 10	-0.352	3.5
56099	PCDHGB7	protocadherin gamma subfamily B, 7	-0.339	3.455
56105	PCDHGA11	protocadherin gamma subfamily A, 11	-0.205	1.607
56120	PCDHGB8P	protocadherin gamma subfamily B, 8 pseudogene	0.723	2.912
26025	PCDHGA12	protocadherin gamma subfamily A, 12	-0.31	2.793
5098	PCDHGC3	protocadherin gamma subfamily C, 3	-0.296	1.652
1729	DIAPH1	diaphanous related formin 1	-0.397	1.6
89848	FCHSD1	FCH and double SH3 domains 1	-0.29	1.315
64411	ARAP3	ArfGAP with RhoGAP domain, ankyrin repeat and PH domain 3	-0.385	5.082
9812	DELE1	DAP3 binding cell death enhancer 1	-0.475	7.855
51294	PCDH12	protocadherin 12	-0.4	1.709
9604	RNF14	ring finger protein 14	0.165	1.378
80762	NDFIP1	Nedd4 family interacting protein 1	-0.209	3.854
81848	SPRY4	sprouty RTK signaling antagonist 4	-0.709	6.26
2246	FGF1	fibroblast growth factor 1	-0.489	3.515
153768	PRELID2	PRELI domain containing 2	1.498	8.084
643226	GRXCR2	glutaredoxin and cysteine rich domain containing 2	2.121	3.854
107986458	LOC107986458	uncharacterized LOC107986458	0.639	2.656
153769	SH3RF2	SH3 domain containing ring finger 2	0.636	3.119
51520	LARS1	leucyl-tRNA synthetase 1	0.328	8.441
10915	TCERG1	transcription elongation regulator 1	0.254	2.98
5521	PPP2R2B	protein phosphatase 2 regulatory subunit Bbeta	-2.467	6.959
202374	STK32A	serine/threonine kinase 32A	-0.491	1.591
1809	DPYSL3	dihydropyrimidinase like 3	-0.929	4.572
389336	C5orf46	chromosome 5 open reading frame 46	-0.642	2.156
154	ADRB2	adrenoceptor beta 2	0.377	1.958
22885	ABLIM3	actin binding LIM protein family member 3	0.282	1.774
134265	AFAP1L1	actin filament associated protein 1 like 1	0.237	2.171
78991	PCYOX1L	prenylcysteine oxidase 1 like	-0.397	3.333
728264	CARMN	cardiac mesoderm enhancer-associated non-coding RNA	-0.681	4.052
389337	ARHGEF37	Rho guanine nucleotide exchange factor 37	0.488	4.687
133522	PPARGC1B	PPARG coactivator 1 beta	0.469	1.538
5145	PDE6A	phosphodiesterase 6A	-1.536	5.994
644762	MFFP2	MFF pseudogene 2	0.449	3.364
22993	HMGXB3	HMG-box containing 3	-0.156	2.153
1436	CSF1R	colony stimulating factor 1 receptor	-0.552	1.847
5159	PDGFRB	platelet derived growth factor receptor beta	0.353	2.353
6949	TCOF1	treacle ribosome biogenesis factor 1	0.278	3.911
972	CD74	CD74 molecule	-0.77	4.891
134466	ZNF300P1	zinc finger protein 300 pseudogene 1	-0.603	2.207
2878	GPX3	glutathione peroxidase 3	0.724	5.118
26112	CCDC69	coiled-coil domain containing 69	0.65	8.236
105378230	LOC105378230	uncharacterized LOC105378230	1.17	11.382
153201	SLC36A2	solute carrier family 36 member 2	1.488	3.059
206358	SLC36A1	solute carrier family 36 member 1	0.579	3.4
2890	GRIA1	glutamate ionotropic receptor AMPA type subunit 1	-1.004	2.164
10827	FAM114A2	family with sequence similarity 114 member A2	0.238	4.998
107986465	LOC107986465	uncharacterized LOC107986465	-0.705	1.608
79685	SAP30L	SAP30 like	0.245	2.873
9421	HAND1	heart and neural crest derivatives expressed 1	0.432	3.621
23367	LARP1	La ribonucleoprotein 1, translational regulator	0.153	2.111
29093	MRPL22	mitochondrial ribosomal protein L22	0.489	4.67
153743	PPP1R2B	PPP1R2 family member B	0.227	2.132
84868	HAVCR2	hepatitis A virus cellular receptor 2	0.555	2.003
3702	ITK	IL2 inducible T cell kinase	-0.805	1.86
8728	ADAM19	ADAM metallopeptidase domain 19	-1.133	4.15
134353	LSM11	LSM11, U7 small nuclear RNA associated	-0.241	1.378
9685	CLINT1	clathrin interactor 1	0.195	2.658
107986467	LOC107986467	uncharacterized LOC107986467	0.522	2.453
7265	TTC1	tetratricopeptide repeat domain 1	0.503	5.119
2172	FABP6	fatty acid binding protein 6	1.008	2.834
114898	C1QTNF2	C1q and TNF related 2	-1.087	6.075
63920	FAM200C	family with sequence similarity 200 member C	-0.351	2.488
10569	SLU7	SLU7 homolog, splicing factor	0.142	1.448
9232	PTTG1	PTTG1 regulator of sister chromatid separation, securin	1.644	6.733
900	CCNG1	cyclin G1	0.36	2.582
3161	HMMR	hyaluronan mediated motility receptor	1.048	4.326
27430	MAT2B	methionine adenosyltransferase 2B	-0.203	1.678
57451	TENM2	teneurin transmembrane protein 2	0.29	1.357
23286	WWC1	WW and C2 domain containing 1	1.962	4.114
5917	RARS1	arginyl-tRNA synthetase 1	0.193	2.794
6586	SLIT3	slit guidance ligand 3	-0.503	1.73
54908	SPDL1	spindle apparatus coiled-coil protein 1	0.182	1.318
3779	KCNMB1	potassium calcium-activated channel subfamily M regulatory beta subunit 1	-0.576	1.761
107986473	LOC107986473	uncharacterized LOC107986473	0.75	1.946
64901	RANBP17	RAN binding protein 17	-0.847	5.13
105377720	LOC105377720	uncharacterized LOC105377720	-1.997	6.765
23291	FBXW11	F-box and WD repeat domain containing 11	-0.281	3.558
54492	NEURL1B	neuralized E3 ubiquitin protein ligase 1B	-0.397	1.897
101928093	LOC101928093	uncharacterized LOC101928093	0.66	2.826
1843	DUSP1	dual specificity phosphatase 1	-0.683	1.567
57222	ERGIC1	endoplasmic reticulum-golgi intermediate compartment 1	0.298	6.645
51121	RPL26L1	ribosomal protein L26 like 1	0.26	1.678
8992	ATP6V0E1	ATPase H+ transporting V0 subunit e1	0.23	3.002
8614	STC2	stanniocalcin 2	1.21	4.748
105377735	LOC105377735		-0.523	1.902
91272	BOD1	biorientation of chromosomes in cell division 1	0.225	2.029
51617	NSG2	neuronal vesicle trafficking associated 2	-0.807	1.659
4488	MSX2	msh homeobox 2	-0.438	2.925
94081	SFXN1	sideroflexin 1	0.182	1.839
107986485	LOC107986485		1.171	2.054
57179	KIAA1191	KIAA1191	-0.211	1.675
51491	NOP16	NOP16 nucleolar protein	0.444	3.425
1212	CLTB	clathrin light chain B	0.307	2.9
112267951	LOC112267951		0.448	1.922
114787	GPRIN1	G protein regulated inducer of neurite outgrowth 1	0.528	1.801
26262	TSPAN17	tetraspanin 17	0.31	3.194
3101	HK3	hexokinase 3	0.938	3.53
23567	ZNF346	zinc finger protein 346	-0.204	3.069
2264	FGFR4	fibroblast growth factor receptor 4	1.035	3.426
64324	NSD1	nuclear receptor binding SET domain protein 1	0.303	4.882
80758	PRR7	proline rich 7, synaptic	-1.3	6.18
1627	DBN1	drebrin 1	-0.521	3.667
9260	PDLIM7	PDZ and LIM domain 7	-0.483	1.609
55651	NHP2	NHP2 ribonucleoprotein	0.284	2.959
3182	HNRNPAB	heterogeneous nuclear ribonucleoprotein A/B	0.408	6.644
85007	PHYKPL	5-phosphohydroxy-L-lysine phospho-lyase	-0.166	2.045
6940	ZNF354A	zinc finger protein 354A	0.478	6.688
117608	ZNF354B	zinc finger protein 354B	0.292	1.936
345462	ZNF879	zinc finger protein 879	0.285	2.219
30832	ZNF354C	zinc finger protein 354C	0.143	2.152
80230	RUFY1	RUN and FYVE domain containing 1	0.293	6.652
3187	HNRNPH1	heterogeneous nuclear ribonucleoprotein H1	0.16	1.915
821	CANX	calnexin	0.19	1.681
4056	LTC4S	leukotriene C4 synthase	-1.372	10.683
55819	RNF130	ring finger protein 130	0.267	4.774
5601	MAPK9	mitogen-activated protein kinase 9	0.252	2.746
2324	FLT4	fms related receptor tyrosine kinase 4	-0.352	1.662
81786	TRIM7	tripartite motif containing 7	-0.331	1.794
90933	TRIM41	tripartite motif containing 41	-0.279	3.313
100507602	TRIM52-AS1	TRIM52 antisense RNA 1 (head to head)	0.591	2.806
105377771	LOC105377771		-0.348	1.43
100132062	LOC100132062	uncharacterized LOC100132062	-0.605	4.126
56940	DUSP22	dual specificity phosphatase 22	0.15	1.761
2296	FOXC1	forkhead box C1	-0.626	3.817
340156	MYLK4	myosin light chain kinase family member 4	0.264	1.671
1992	SERPINB1	serpin family B member 1	0.313	4.178
5272	SERPINB9	serpin family B member 9	-0.581	6.086
5269	SERPINB6	serpin family B member 6	0.364	5.283
4835	NQO2	N-ribosyldihydronicotinamide:quinone reductase 2	0.556	2.156
401233	HTATSF1P2	HIV-1 Tat specific factor 1 pseudogene 2	0.594	2.585
670	BPHL	biphenyl hydrolase like	-0.353	2.368
7280	TUBB2A	tubulin beta 2A class IIa	0.457	2.403
347733	TUBB2B	tubulin beta 2B class IIb	0.524	2.917
221749	PXDC1	PX domain containing 1	-0.276	1.6
8899	PRPF4B	pre-mRNA processing factor 4B	0.174	1.327
404220	TEX56P	testis expressed 56, pseudogene	0.271	2.395
100507506	ECI2-DT	ECI2 divergent transcript	-0.511	2.347
9425	CDYL	chromodomain Y like	0.218	3.079
10799	RPP40	ribonuclease P/MRP subunit p40	0.475	3.124
100129461	LYRM4-AS1	LYRM4 antisense RNA 1	0.7	3.83
648791	PPP1R3G	protein phosphatase 1 regulatory subunit 3G	0.401	2.283
10667	FARS2	phenylalanyl-tRNA synthetase 2, mitochondrial	0.243	3.066
2162	F13A1	coagulation factor XIII A chain	0.779	1.906
101928004	LOC101928004	uncharacterized LOC101928004	-0.421	1.755
101928076	DSP-AS1	DSP antisense RNA 1	0.297	1.522
1832	DSP	desmoplakin	0.627	7.904
154007	SNRNP48	small nuclear ribonucleoprotein U11/U12 subunit 48	0.393	3.891
654	BMP6	bone morphogenetic protein 6	-0.465	1.41
55003	PAK1IP1	PAK1 interacting protein 1	0.427	6.141
51406	NOL7	nucleolar protein 7	0.207	2.802
10048	RANBP9	RAN binding protein 9	0.177	2.974
63933	MCUR1	mitochondrial calcium uniporter regulator 1	0.259	3.061
84062	DTNBP1	dystrobrevin binding protein 1	0.241	1.433
29116	MYLIP	myosin regulatory light chain interacting protein	-0.45	4.671
2766	GMPR	guanosine monophosphate reductase	0.526	5.115
51439	FAM8A1	family with sequence similarity 8 member A1	0.193	1.478
63971	KIF13A	kinesin family member 13A	-0.461	3.959
378884	NHLRC1	NHL repeat containing E3 ubiquitin protein ligase 1	-0.743	3.531
7172	TPMT	thiopurine S-methyltransferase	0.255	2.654
7913	DEK	DEK proto-oncogene	0.294	2.281
3400	ID4	inhibitor of DNA binding 4	-0.968	1.804
401237	CASC15	cancer susceptibility 15	-0.479	1.621
57380	MRS2	magnesium transporter MRS2	0.29	2.203
51567	TDP2	tyrosyl-DNA phosphodiesterase 2	0.178	3.045
55856	ACOT13	acyl-CoA thioesterase 13	0.518	10.876
81688	C6orf62	chromosome 6 open reading frame 62	-0.413	5.274
51053	GMNN	geminin DNA replication inhibitor	0.615	7.927
9750	RIPOR2	RHO family interacting cell polarization regulator 2	-1.12	4.968
55604	CARMIL1	capping protein regulator and myosin 1 linker 1	-0.766	2.474
10590	SCGN	secretagogin, EF-hand calcium binding protein	1.193	1.433
3006	H1-2	H1.2 linker histone, cluster member	0.776	4.964
3017	H2BC5	H2B clustered histone 5	0.829	7.832
8367	H4C5	H4 clustered histone 5	-0.848	2.66
11119	BTN3A1	butyrophilin subfamily 3 member A1	-0.442	1.515
107986583	LOC107986583	uncharacterized LOC107986583	-0.211	1.32
493812	HCG11	HLA complex group 11	-0.313	2.669
8970	H2BC11	H2B clustered histone 11	0.944	4.272
7754	ZNF204P	zinc finger protein 204, pseudogene	0.413	2.918
8330	H2AC15	H2A clustered histone 15	-1.233	7.846
100129195	ZSCAN16-AS1	ZSCAN16 antisense RNA 1	-0.258	1.44
80345	ZSCAN16	zinc finger and SCAN domain containing 16	0.335	2.569
222698	NKAPL	NFKB activating protein like	0.294	1.76
114821	SCAND3	SCAN domain containing 3	0.757	3.586
5987	TRIM27	tripartite motif containing 27	-0.294	6.357
4340	MOG	myelin oligodendrocyte glycoprotein	1.801	5.66
3134	HLA-F	major histocompatibility complex, class I, F	-0.447	3.464
3136	HLA-H	major histocompatibility complex, class I, H (pseudogene)	-0.507	3.916
3105	HLA-A	major histocompatibility complex, class I, A	-0.337	1.42
3137	HLA-J	major histocompatibility complex, class I, J (pseudogene)	-0.71	3.53
30834	POLR1H	RNA polymerase I subunit H	-0.392	3.454
6992	PPP1R11	protein phosphatase 1 regulatory inhibitor subunit 11	0.376	7.804
80352	RNF39	ring finger protein 39	0.699	10.425
3139	HLA-L	major histocompatibility complex, class I, L (pseudogene)	-0.966	2.234
202658	TRIM39-RPP21	TRIM39-RPP21 readthrough	0.17	1.668
79897	RPP21	ribonuclease P/MRP subunit p21	0.313	2.803
3133	HLA-E	major histocompatibility complex, class I, E	-0.407	4.595
2794	GNL1	G protein nucleolar 1 (putative)	-0.346	6.15
80742	PRR3	proline rich 3	-0.21	1.831
23	ABCF1	ATP binding cassette subfamily F member 1	0.119	1.371
5514	PPP1R10	protein phosphatase 1 regulatory subunit 10	-0.519	4.753
79969	ATAT1	alpha tubulin acetyltransferase 1	-0.409	3.307
221545	C6orf136	chromosome 6 open reading frame 136	0.189	1.794
203068	TUBB	tubulin beta class I	0.382	2.328
10211	FLOT1	flotillin 1	0.337	6.581
105379695	IER3-AS1	IER3 antisense RNA 1	-1.31	3.927
8870	IER3	immediate early response 3	-1.389	3.412
105375013	HCG20	HLA complex group 20	-0.769	1.685
780	DDR1	discoidin domain receptor tyrosine kinase 1	-0.511	2.55
57176	VARS2	valyl-tRNA synthetase 2, mitochondrial	-0.315	2.244
5460	POU5F1	POU class 5 homeobox 1	-0.475	1.411
253018	HCG27	HLA complex group 27	-0.419	1.625
3106	HLA-B	major histocompatibility complex, class I, B	-0.406	2.379
100532737	ATP6V1G2-DDX39B	ATP6V1G2-DDX39B readthrough (NMD candidate)	-0.368	9.593
7919	DDX39B	DExD-box helicase 39B	-0.369	9.624
534	ATP6V1G2	ATPase H+ transporting V1 subunit G2	-0.626	4.924
199	AIF1	allograft inflammatory factor 1	0.771	3.466
7918	GPANK1	G-patch domain and ankyrin repeats 1	0.226	2.53
58496	LY6G5B	lymphocyte antigen 6 family member G5B	-0.307	1.794
7920	ABHD16A	abhydrolase domain containing 16A, phospholipase	-0.124	1.431
105375018	LOC105375018	uncharacterized LOC105375018	-0.699	2.881
80739	MPIG6B	megakaryocyte and platelet inhibitory receptor G6b	-0.433	1.42
23564	DDAH2	dimethylarginine dimethylaminohydrolase 2	-0.422	2.651
1192	CLIC1	chloride intracellular channel 1	0.284	1.715
100532732	MSH5-SAPCD1	MSH5-SAPCD1 readthrough (NMD candidate)	-0.319	2.729
401251	SAPCD1	suppressor APC domain containing 1	-0.563	4.002
80737	VWA7	von Willebrand factor A domain containing 7	-0.401	2.617
104413891	SAPCD1-AS1	SAPCD1 antisense RNA 1	-0.449	2.528
50854	SNHG32	small nucleolar RNA host gene 32	-0.374	3.823
4758	NEU1	neuraminidase 1	0.214	1.312
629	CFB	complement factor B	0.604	1.564
6499	SKIC2	SKI2 subunit of superkiller complex	-0.161	1.648
1590	CYP21A1P	cytochrome P450 family 21 subfamily A member 1, pseudogene	-0.736	4.568
7146	TNXA	tenascin XA (pseudogene)	-0.902	8.527
1589	CYP21A2	cytochrome P450 family 21 subfamily A member 2	-0.765	4.555
7148	TNXB	tenascin XB	-0.879	7.371
63943	FKBPL	FKBP prolyl isomerase like	0.409	2.949
80863	PRRT1	proline rich transmembrane protein 1	-0.395	1.694
100532746	PPT2-EGFL8	PPT2-EGFL8 readthrough (NMD candidate)	-0.206	2.863
80864	EGFL8	EGF like domain multiple 8	-0.215	2.097
6048	RNF5	ring finger protein 5	0.201	1.805
177	AGER	advanced glycosylation end-product specific receptor	-0.537	4.457
5089	PBX2	PBX homeobox 2	0.224	3.089
3122	HLA-DRA	major histocompatibility complex, class II, DR alpha	-0.569	2.185
3128	HLA-DRB6	major histocompatibility complex, class II, DR beta 6 (pseudogene)	-0.584	1.778
3123	HLA-DRB1	major histocompatibility complex, class II, DR beta 1	-0.589	1.897
107986589	LOC107986589		-0.758	1.356
3117	HLA-DQA1	major histocompatibility complex, class II, DQ alpha 1	-0.985	2.257
3119	HLA-DQB1	major histocompatibility complex, class II, DQ beta 1	-0.963	2.167
106480429	HLA-DQB1-AS1	HLA-DQB1 antisense RNA 1	-0.977	2.019
3120	HLA-DQB2	major histocompatibility complex, class II, DQ beta 2	-0.759	2.543
100294145	LOC100294145	uncharacterized LOC100294145	0.341	2.182
3113	HLA-DPA1	major histocompatibility complex, class II, DP alpha 1	-0.518	1.764
3115	HLA-DPB1	major histocompatibility complex, class II, DP beta 1	-0.601	2.409
3116	HLA-DPB2	major histocompatibility complex, class II, DP beta 2 (pseudogene)	-2.107	9.263
1302	COL11A2	collagen type XI alpha 2 chain	-0.835	3.464
6257	RXRB	retinoid X receptor beta	-0.302	7.702
7922	SLC39A7	solute carrier family 39 member 7	0.241	2.914
7923	HSD17B8	hydroxysteroid 17-beta dehydrogenase 8	-0.467	4.137
10471	PFDN6	prefoldin subunit 6	0.501	5.211
6892	TAPBP	TAP binding protein	-0.432	7.636
3833	KIFC1	kinesin family member C1	1.543	4.315
3159	HMGA1	high mobility group AT-hook 1	0.38	2.998
221491	SMIM29	small integral membrane protein 29	-0.398	3.275
29993	PACSIN1	protein kinase C and casein kinase substrate in neurons 1	0.486	1.598
64771	ILRUN	inflammation and lipid regulator with UBA-like and NBR1-like domains	0.633	12.256
101929243	ILRUN-AS1	ILRUN antisense RNA 1	0.352	4.608
6631	SNRPC	small nuclear ribonucleoprotein polypeptide C	0.423	5.91
54887	BLTP3A	bridge-like lipid transfer protein family member 3A	0.425	4.604
2178	FANCE	FA complementation group E	0.347	2.101
7005	TEAD3	TEA domain transcription factor 3	-0.244	1.449
6732	SRPK1	SRSF protein kinase 1	0.348	5.362
27154	BRPF3	bromodomain and PHD finger containing 3	0.438	5.196
222658	KCTD20	potassium channel tetramerization domain containing 20	0.184	2.664
101154753	PANDAR	promoter of CDKN1A antisense DNA damage activated RNA	0.59	4.244
221477	C6orf89	chromosome 6 open reading frame 89	0.264	3.534
51645	PPIL1	peptidylprolyl isomerase like 1	0.737	5.97
221476	PI16	peptidase inhibitor 16	-2.687	15.094
9025	RNF8	ring finger protein 8	0.332	5.899
23070	CMTR1	cap methyltransferase 1	-0.123	1.968
266727	MDGA1	MAM domain containing glycosylphosphatidylinositol anchor 1	0.487	1.329
89822	KCNK17	potassium two pore domain channel subfamily K member 17	-2.072	4.106
4337	MOCS1	molybdenum cofactor synthesis 1	0.373	3.462
222643	UNC5CL	unc-5 family C-terminal like	-0.263	1.473
10930	APOBEC2	apolipoprotein B mRNA editing enzyme catalytic subunit 2	0.726	7.129
221442	ADCY10P1	ADCY10 pseudogene 1	-0.4	1.641
129685	TAF8	TATA-box binding protein associated factor 8	0.24	1.841
647024	C6orf132	chromosome 6 open reading frame 132	0.477	3.109
55173	MRPS10	mitochondrial ribosomal protein S10	0.207	1.986
105375063	LOC105375063		0.929	3.034
107080644	CNPY3-GNMT	CNPY3-GNMT readthrough	0.924	11.865
27232	GNMT	glycine N-methyltransferase	2.168	7.967
4201	MEA1	male-enhanced antigen 1	0.207	2.513
5528	PPP2R5D	protein phosphatase 2 regulatory subunit B'delta	0.237	3.323
116138	KLHDC3	kelch domain containing 3	0.289	1.918
88745	RRP36	ribosomal RNA processing 36	0.271	3.586
9820	CUL7	cullin 7	-0.265	1.914
112267958	KLC4-AS1	KLC4 antisense RNA 1	-0.343	2.541
5754	PTK7	protein tyrosine kinase 7 (inactive)	-0.884	4.743
23113	CUL9	cullin 9	-0.166	2.043
10591	DNPH1	2'-deoxynucleoside 5'-phosphate N-hydrolase 1	-0.348	1.902
10864	SLC22A7	solute carrier family 22 member 7	-1.624	3.282
401262	CRIP3	cysteine rich protein 3	-0.976	1.715
24149	ZNF318	zinc finger protein 318	0.458	6.156
65989	DLK2	delta like non-canonical Notch ligand 2	-0.71	1.565
93643	TJAP1	tight junction associated protein 1	-0.361	7.363
5429	POLH	DNA polymerase eta	-0.246	2.421
101929705	SCIRT	stem cell inhibitory RNA transcript	-0.833	5.035
64928	MRPL14	mitochondrial ribosomal protein L14	0.244	2.185
55362	TMEM63B	transmembrane protein 63B	0.487	10.119
107986599	LOC107986599	uncharacterized LOC107986599	0.206	1.401
2030	SLC29A1	solute carrier family 29 member 1 (Augustine blood group)	0.457	4.411
100616124	MIR4647	microRNA 4647	-0.868	5.106
22875	ENPP4	ectonucleotide pyrophosphatase/phosphodiesterase 4	0.255	1.305
10231	RCAN2	regulator of calcineurin 2	0.193	1.843
4594	MMUT	methylmalonyl-CoA mutase	0.289	3.844
85315	PAQR8	progestin and adipoQ receptor family member 8	-0.377	1.825
114327	EFHC1	EF-hand domain containing 1	-0.318	3.147
401264	TRAM2-AS1	TRAM2 antisense RNA 1 (head to head)	-0.339	4.167
730101	LOC730101	uncharacterized LOC730101	-0.602	1.646
125050	RN7SK	RNA component of 7SK nuclear ribonucleoprotein	-0.926	1.832
26268	FBXO9	F-box protein 9	-0.376	5.226
401265	KLHL31	kelch like family member 31	0.62	2.816
55227	LRRC1	leucine rich repeat containing 1	-0.486	3.47
101927189	LOC101927189	uncharacterized LOC101927189	-0.957	2.709
90523	MLIP	muscular LMNA interacting protein	0.284	1.33
107986606	LOC107986606	uncharacterized LOC107986606	-0.556	2.749
222584	FAM83B	family with sequence similarity 83 member B	1.995	2.265
81578	COL21A1	collagen type XXI alpha 1 chain	-0.685	4.659
9532	BAG2	BAG cochaperone 2	0.254	1.499
106660612	LINC00680	long intergenic non-protein coding RNA 680	-0.266	1.354
101927293	LOC101927293	uncharacterized LOC101927293	-0.73	1.382
23469	PHF3	PHD finger protein 3	0.336	3.382
441155	ZC3H11C	zinc finger CCCH-type containing 11C	0.172	1.467
1297	COL9A1	collagen type IX alpha 1 chain	-1.654	6.898
79627	OGFRL1	opioid growth factor receptor like 1	-0.399	1.361
115004	CGAS	cyclic GMP-AMP synthase	-0.362	1.539
25821	MTO1	mitochondrial tRNA translation optimization 1	0.273	4.665
1915	EEF1A1	eukaryotic translation elongation factor 1 alpha 1	-0.559	3.354
26503	SLC17A5	solute carrier family 17 member 5	-0.328	2.72
101928489	CD109-AS1	CD109 antisense RNA 1	0.627	1.895
135228	CD109	CD109 molecule	0.753	5.178
1303	COL12A1	collagen type XII alpha 1 chain	-0.971	4.094
100506804	TMEM30A-DT	TMEM30A divergent transcript	-0.492	2.072
26054	SENP6	SUMO specific peptidase 6	0.182	2.271
101928601	MEI4	meiotic double-stranded break formation protein 4	1.13	3.149
134728	IRAK1BP1	interleukin 1 receptor associated kinase 1 binding protein 1	0.357	2.266
9324	HMGN3	high mobility group nucleosomal binding domain 3	0.371	2.784
100288198	HMGN3-AS1	HMGN3 antisense RNA 1	0.493	4.854
83699	SH3BGRL2	SH3 domain binding glutamate rich protein like 2	-0.384	1.466
6785	ELOVL4	ELOVL fatty acid elongase 4	-0.543	1.333
7272	TTK	TTK protein kinase	1.378	2.92
594	BCKDHB	branched chain keto acid dehydrogenase E1 subunit beta	0.434	3.911
7162	TPBG	trophoblast glycoprotein	-0.373	1.36
4199	ME1	malic enzyme 1	0.609	9.734
167681	PRSS35	serine protease 35	-1.647	3.385
112609	MRAP2	melanocortin 2 receptor accessory protein 2	-1.046	2.207
22832	CEP162	centrosomal protein 162	0.272	1.877
4907	NT5E	5'-nucleotidase ecto	-0.955	3.567
57231	SNX14	sorting nexin 14	0.111	1.42
10492	SYNCRIP	synaptotagmin binding cytoplasmic RNA interacting protein	0.16	2.443
107986532	LOC107986532		0.643	3.425
23036	ZNF292	zinc finger protein 292	0.423	2.533
57150	SMIM8	small integral membrane protein 8	-0.232	1.619
55122	AKIRIN2	akirin 2	-0.303	2.912
135295	SRSF12	serine and arginine rich splicing factor 12	-0.746	1.687
2570	GABRR2	gamma-aminobutyric acid type A receptor subunit rho2	0.656	2.992
51465	UBE2J1	ubiquitin conjugating enzyme E2 J1	0.246	2.782
58528	RRAGD	Ras related GTP binding D	0.298	1.874
22881	ANKRD6	ankyrin repeat domain 6	0.263	2.171
57226	LYRM2	LYR motif containing 2	0.179	3.053
101929057	MDN1-AS1	MDN1 antisense RNA 1	0.425	2.151
23195	MDN1	midasin AAA ATPase 1	0.352	2.524
9994	CASP8AP2	caspase 8 associated protein 2	0.387	3.705
60468	BACH2	BTB domain and CNC homolog 2	-0.822	8.172
107986625	LOC107986625	uncharacterized LOC107986625	0.577	1.836
2045	EPHA7	EPH receptor A7	-0.75	2.472
81491	GPR63	G protein-coupled receptor 63	-0.597	2.817
29078	NDUFAF4	NADH:ubiquinone oxidoreductase complex assembly factor 4	0.472	4.885
114792	KLHL32	kelch like family member 32	0.982	4.585
26235	FBXL4	F-box and leucine rich repeat protein 4	0.407	3.901
51805	COQ3	coenzyme Q3, methyltransferase	0.316	2.228
892	CCNC	cyclin C	-0.143	1.447
154442	BVES-AS1	BVES antisense RNA 1	0.33	1.837
64208	POPDC3	popeye domain containing 3	0.354	2.862
105377920	LOC105377920		-0.368	2.842
639	PRDM1	PR/SET domain 1	-0.442	1.32
9474	ATG5	autophagy related 5	0.158	2.382
55278	QRSL1	glutaminyl-tRNA amidotransferase subunit QRSL1	0.333	2.485
51250	MTRES1	mitochondrial transcription rescue factor 1	0.305	3.629
8724	SNX3	sorting nexin 3	0.197	2.908
2309	FOXO3	forkhead box O3	-0.454	1.648
387111	LINC00222	long intergenic non-protein coding RNA 222	-1.192	1.962
285753	CEP57L1	centrosomal protein 57 like 1	0.262	2.377
221262	CCDC162P	coiled-coil domain containing 162, pseudogene	0.661	2.132
221264	AK9	adenylate kinase 9	0.824	12.249
9896	FIG4	FIG4 phosphoinositide 5-phosphatase	0.235	2.398
8936	WASF1	WASP family member 1	0.713	2.633
51362	CDC40	cell division cycle 40	0.183	3.374
728464	METTL24	methyltransferase like 24	-0.361	1.486
8528	DDO	D-aspartate oxidase	0.283	2.352
112495	GTF3C6	general transcription factor IIIC subunit 6	0.366	5.524
84154	RPF2	ribosome production factor 2 homolog	0.326	4.791
91749	MFSD4B	major facilitator superfamily domain containing 4B	-0.297	2.338
643749	TRAF3IP2-AS1	TRAF3IP2 antisense RNA 1	-0.341	2.6
102724646	LOC102724646	uncharacterized LOC102724646	-0.462	1.371
8838	CCN6	cellular communication network factor 6	-0.802	2.299
619208	FAM229B	family with sequence similarity 229 member B	0.343	2.952
728402	TPI1P3	triosephosphate isomerase 1 pseudogene 3	0.562	5.232
221294	NT5DC1	5'-nucleotidase domain containing 1	0.269	2.381
1300	COL10A1	collagen type X alpha 1 chain	-0.797	1.822
7259	TSPYL1	TSPY like 1	-0.247	3.43
100287467	LOC100287467	uncharacterized LOC100287467	-0.498	1.874
51389	RWDD1	RWD domain containing 1	0.656	13.454
221302	ZUP1	zinc finger containing ubiquitin peptidase 1	0.283	3.039
245806	VGLL2	vestigial like family member 2	-2.854	3.86
285761	DCBLD1	discoidin, CUB and LCCL domain containing 1	0.217	2.677
387119	CEP85L	centrosomal protein 85 like	1.133	6.528
5350	PLN	phospholamban	0.357	2.942
107986524	LOC107986524	uncharacterized LOC107986524	-1.11	2.922
25842	ASF1A	anti-silencing function 1A histone chaperone	0.349	4.631
79632	FAM184A	family with sequence similarity 184 member A	0.989	3.616
105377979	LOC105377979	uncharacterized LOC105377979	-1.482	7.863
3298	HSF2	heat shock transcription factor 2	0.284	2.284
10924	SMPDL3A	sphingomyelin phosphodiesterase acid like 3A	0.333	2.026
10345	TRDN	triadin	0.396	5.079
105377984	LOC105377984	uncharacterized LOC105377984	0.9	1.775
105377982	LOC105377982	uncharacterized LOC105377982	0.784	2.259
7955	RNF217-AS1	RNF217 antisense RNA 1 (head to head)	-1.059	4.615
154214	RNF217	ring finger protein 217	-0.568	4.633
7164	TPD52L1	TPD52 like 1	-0.283	1.302
51020	HDDC2	HD domain containing 2	0.375	4.258
105377986	HEY2-AS1	HEY2 antisense RNA 1	0.794	1.605
23493	HEY2	hes related family bHLH transcription factor with YRPW motif 2	1.042	3.125
135114	HINT3	histidine triad nucleotide binding protein 3	0.238	1.317
101928096	LOC101928096	replaced by ID 60487	0.422	1.76
81847	RNF146	ring finger protein 146	-0.327	2.847
55862	ECHDC1	ethylmalonyl-CoA decarboxylase 1	0.237	3.619
3908	LAMA2	laminin subunit alpha 2	-0.282	1.788
102723409	LOC102723409	uncharacterized LOC102723409	-0.491	4.36
154075	SAMD3	sterile alpha motif domain containing 3	-0.625	1.518
9465	AKAP7	A-kinase anchoring protein 7	0.331	1.558
643854	CTAGE9	CTAGE family member 9	0.841	5.356
1490	CCN2	cellular communication network factor 2	-2.148	8.905
26002	MOXD1	monooxygenase DBH like 1	-0.901	2.462
2070	EYA4	EYA transcriptional coactivator and phosphatase 4	0.656	1.52
6943	TCF21	transcription factor 21	-0.662	2.298
101928304	LINC03002	long intergenic non-protein coding RNA 3002	-1.269	3.331
10767	HBS1L	HBS1 like translational GTPase	0.33	7.891
27115	PDE7B	phosphodiesterase 7B	0.481	1.543
4217	MAP3K5	mitogen-activated protein kinase kinase kinase 5	0.341	2.256
53832	IL20RA	interleukin 20 receptor subunit alpha	1.361	4.061
57221	ARFGEF3	ARFGEF family member 3	-0.685	1.939
441172	NHSL1-AS1	NHSL1 antisense RNA 1	-0.893	4.45
100507462	CCDC28A-AS1	CCDC28A antisense RNA 1	-0.775	3.041
25901	CCDC28A	coiled-coil domain containing 28A	-0.364	4.031
345930	ECT2L	epithelial cell transforming 2 like	-1.42	4.213
51696	HECA	hdc homolog, cell cycle regulator	0.304	2.247
107986652	LOC107986652	uncharacterized LOC107986652	-0.987	2.064
2519	FUCA2	alpha-L-fucosidase 2	0.301	3.322
84946	LTV1	LTV1 ribosome biogenesis factor	0.491	8.947
5325	PLAGL1	PLAG1 like zinc finger 1	-0.636	4.459
8676	STX11	syntaxin 11	-0.317	1.718
7957	EPM2A	EPM2A glucan phosphatase, laforin	0.178	1.516
100507557	EPM2A-DT	EPM2A divergent transcript	-0.328	2.095
257218	SHPRH	SNF2 histone linker PHD RING helicase	0.269	2.484
2911	GRM1	glutamate metabotropic receptor 1	-0.686	1.847
10981	RAB32	RAB32, member RAS oncogene family	-0.3	1.421
23118	TAB2	TGF-beta activated kinase 1 (MAP3K7) binding protein 2	0.622	11.624
645958	RPS18P9	ribosomal protein S18 pseudogene 9	-0.355	3.54
645967	LOC645967	uncharacterized LOC645967	-0.427	1.438
5110	PCMT1	protein-L-isoaspartate (D-aspartate) O-methyltransferase	0.22	2.986
135250	RAET1E	retinoic acid early transcript 1E	0.622	1.929
81706	PPP1R14C	protein phosphatase 1 regulatory inhibitor subunit 14C	-0.217	1.857
57480	PLEKHG1	pleckstrin homology and RhoGEF domain containing G1	-0.514	1.87
25902	MTHFD1L	methylenetetrahydrofolate dehydrogenase (NADP+ dependent) 1 like	0.754	4.993
55005	RMND1	required for meiotic nuclear division 1 homolog	0.368	4.913
2099	ESR1	estrogen receptor 1	-0.454	1.843
107986529	LOC107986529	uncharacterized LOC107986529	-0.677	1.601
100505475	SYNE1-AS1	SYNE1 antisense RNA 1	0.573	2.302
54516	MTRF1L	mitochondrial translation release factor 1 like	0.321	4.649
26575	RGS17	regulator of G protein signaling 17	-0.528	1.386
26034	IPCEF1	interaction protein for cytohesin exchange factors 1	-0.632	1.917
26230	TIAM2	TIAM Rac1 associated GEF 2	-0.812	2.626
115308161	LOC115308161	uncharacterized LOC115308161	-0.618	2.84
105378076	LOC105378076	uncharacterized LOC105378076	-0.878	1.357
79683	ZDHHC14	zinc finger DHHC-type palmitoyltransferase 14	-0.777	5.936
51429	SNX9	sorting nexin 9	0.194	4.836
56995	TULP4	TUB like protein 4	-0.253	1.489
100500851	MIR3918	microRNA 3918	-0.997	4.105
101409257	EZR-AS1	EZR antisense RNA 1	0.307	1.444
105378083	TAGAP-AS1	TAGAP antisense RNA 1	0.334	1.447
84624	FNDC1	fibronectin type III domain containing 1	-2.662	15.687
6950	TCP1	t-complex 1	0.243	3.859
29074	MRPL18	mitochondrial ribosomal protein L18	0.375	6.39
3482	IGF2R	insulin like growth factor 2 receptor	0.267	2.958
4216	MAP3K4	mitogen-activated protein kinase kinase kinase 4	0.317	3.85
56895	AGPAT4	1-acylglycerol-3-phosphate O-acyltransferase 4	-0.258	1.438
105378097	LOC105378097	uncharacterized LOC105378097	-0.984	4.349
135138	PACRG	parkin coregulated	0.445	1.572
107986666	LOC107986666		-0.903	1.587
113402	SFT2D1	SFT2 domain containing 1	-0.258	4.227
100289495	LOC100289495	uncharacterized LOC100289495	-0.492	1.673
6196	RPS6KA2	ribosomal protein S6 kinase A2	0.377	4.349
11116	CEP43	centrosomal protein 43	0.162	1.416
168002	DACT2	dishevelled binding antagonist of beta catenin 2	-1.195	1.714
64094	SMOC2	SPARC related modular calcium binding 2	-1.579	11.239
7058	THBS2	thrombospondin 2	-0.661	1.51
387263	C6orf120	chromosome 6 open reading frame 120	0.155	1.632
55274	PHF10	PHD finger protein 10	0.285	3.048
55780	ERMARD	ER membrane associated RNA degradation	-0.269	3.138
101929614	LOC101929614	proline-rich receptor-like protein kinase PERK10	1.733	4.524
105378153	LOC105378153	uncharacterized LOC105378153	1.665	4.42
84498	FAM120B	family with sequence similarity 120B	-0.126	1.93
6908	TBP	TATA-box binding protein	-0.13	1.453
5134	PDCD2	programmed cell death 2	0.172	2.491
102723872	LOC102723872	uncharacterized LOC102723872	0.601	2.537
11033	ADAP1	ArfGAP with dual PH domains 1	-0.503	3.699
84310	C7orf50	chromosome 7 open reading frame 50	-0.671	7.634
115330	GPR146	G protein-coupled receptor 146	0.422	1.674
2852	GPER1	G protein-coupled estrogen receptor 1	0.541	1.624
26173	INTS1	integrator complex subunit 1	-0.211	2.424
7975	MAFK	MAF bZIP transcription factor K	-1	8.735
100128653	LOC100128653	uncharacterized LOC100128653	-0.332	1.997
202915	TMEM184A	transmembrane protein 184A	-0.831	5.433
114796	PSMG3-AS1	PSMG3 antisense RNA 1 (head to head)	-0.614	4.071
29960	MRM2	mitochondrial rRNA methyltransferase 2	0.23	2.686
29886	SNX8	sorting nexin 8	-0.303	1.893
8662	EIF3B	eukaryotic translation initiation factor 3 subunit B	0.165	2.427
3955	LFNG	LFNG O-fucosylpeptide 3-beta-N-acetylglucosaminyltransferase	-0.59	1.522
221927	BRAT1	BRCA1 associated ATM activator 1	-0.441	7.669
84433	CARD11	caspase recruitment domain family member 11	-0.904	3.045
221935	SDK1	sidekick cell adhesion molecule 1	0.719	2.291
9907	AP5Z1	adaptor related protein complex 5 subunit zeta 1	-0.546	7.672
55698	RADIL	Rap associating with DIL domain	-0.493	3.339
100533952	RBAK-RBAKDN	RBAK-RBAKDN readthrough	0.53	2.373
57786	RBAK	RB associated KRAB zinc finger	0.255	2.654
100129484	LINC02983	long intergenic non-protein coding RNA 2983	-0.544	1.596
80028	FBXL18	F-box and leucine rich repeat protein 18	-0.233	1.45
60	ACTB	actin beta	-0.25	1.487
6624	FSCN1	fascin actin-bundling protein 1	-0.882	2.647
107986762	LOC107986762		-0.873	3.315
51622	CCZ1	CCZ1 homolog, vacuolar protein trafficking and biogenesis associated	0.169	2.084
107986694	LOC107986694		0.271	2.289
7965	AIMP2	aminoacyl tRNA synthetase complex interacting multifunctional protein 2	0.172	1.406
27102	EIF2AK1	eukaryotic translation initiation factor 2 alpha kinase 1	0.193	3.374
84792	FAM220A	family with sequence similarity 220 member A	0.619	10.982
5879	RAC1	Rac family small GTPase 1	0.109	2.379
54753	ZNF853	zinc finger protein 853	-0.251	1.487
100131017	ZNF316	zinc finger protein 316	-0.195	1.898
221960	CCZ1B	CCZ1 homolog B, vacuolar protein trafficking and biogenesis associated	0.224	4.324
107986696	LOC107986696		0.274	2.301
101927391	MIOS-DT	MIOS divergent transcript	-0.658	3.585
54468	MIOS	meiosis regulator for oocyte development	0.34	8.223
729852	UMAD1	UBAP1-MVB12-associated (UMA) domain containing 1	-0.278	2.043
100505938	ICA1-AS1	ICA1 antisense RNA 1	-0.492	1.481
105375149	LOC105375149	uncharacterized LOC105375149	-1.734	3.869
105375150	LOC105375150	uncharacterized LOC105375150	-1.137	4.211
9678	PHF14	PHD finger protein 14	0.262	8.6
1607	DGKB	diacylglycerol kinase beta	-0.702	2.144
729920	CRPPA	CDP-L-ribitol pyrophosphorylase A	0.332	2.088
57037	ANKMY2	ankyrin repeat and MYND domain containing 2	-0.213	1.562
101927609	LOC101927609	uncharacterized LOC101927609	-0.671	2.294
9771	RAPGEF5	Rap guanine nucleotide exchange factor 5	-0.421	1.725
3569	IL6	interleukin 6	-1.207	1.552
55975	KLHL7	kelch like family member 7	0.287	1.369
115416	MALSU1	mitochondrial assembly of ribosomal large subunit 1	0.209	1.612
51678	PALS2	protein associated with LIN7 2, MAGUK p55 family member	0.42	1.842
136895	C7orf31	chromosome 7 open reading frame 31	0.613	3.911
9603	NFE2L3	NFE2 like bZIP transcription factor 3	0.363	2.713
3181	HNRNPA2B1	heterogeneous nuclear ribonucleoprotein A2/B1	0.365	7.713
8887	TAX1BP1	Tax1 binding protein 1	0.214	2.67
100128081	JAZF1-AS1	JAZF1 antisense RNA 1	0.562	2.958
9586	CREB5	cAMP responsive element binding protein 5	-1.481	6.879
9865	TRIL	TLR4 interactor with leucine rich repeats	-0.988	1.686
101928168	LOC101928168	uncharacterized LOC101928168	1.105	1.346
1124	CHN2	chimerin 2	0.451	2.441
105375213	LOC105375213		0.526	1.625
100271874	ZNRF2P2	zinc and ring finger 2 pseudogene 2	-1.035	3.637
442524	DPY19L2P3	DPY19L2 pseudogene 3	-0.439	3.089
644150	WIPF3	WAS/WASL interacting protein family member 3	-0.393	1.499
9805	SCRN1	secernin 1	-0.508	2.828
222166	MTURN	maturin, neural progenitor differentiation regulator homolog	-0.731	5.07
10392	NOD1	nucleotide binding oligomerization domain containing 1	-0.286	3.07
79017	GGCT	gamma-glutamylcyclotransferase	0.424	5.697
2617	GARS1	glycyl-tRNA synthetase 1	0.262	3.818
1395	CRHR2	corticotropin releasing hormone receptor 2	0.842	2.022
100526825	INMT-MINDY4	INMT-MINDY4 readthrough (NMD candidate)	-0.568	4.327
11185	INMT	indolethylamine N-methyltransferase	-0.802	5.649
84182	MINDY4	MINDY lysine 48 deubiquitinase 4	-0.593	5.389
358	AQP1	aquaporin 1 (Colton blood group)	-0.418	1.359
23658	LSM5	LSM5 homolog, U6 small nuclear RNA and mRNA degradation associated	-0.232	1.95
441208	ZNRF2P1	zinc and ring finger 2 pseudogene 1	-0.569	2.31
6100	RP9	RP9 pre-mRNA splicing factor	0.242	1.731
27241	BBS9	Bardet-Biedl syndrome 9	0.438	2.215
57057	TBX20	T-box transcription factor 20	0.506	1.346
100506725	LINC03013	long intergenic non-protein coding RNA 3013	-0.439	2.034
54443	ANLN	anillin, actin binding protein	1.412	5.535
9844	ELMO1	engulfment and cell motility 1	-0.394	1.823
6424	SFRP4	secreted frizzled related protein 4	-3.702	12.22
54749	EPDR1	ependymin related 1	-0.258	1.351
445347	TARP	TCR gamma alternate reading frame protein	-0.87	1.358
273	AMPH	amphiphysin	-0.839	3.522
11281	POU6F2	POU class 6 homeobox 2	-1.189	2.279
57002	YAE1	YAE1 maturation factor of ABCE1	0.236	2.976
5898	RALA	RAS like proto-oncogene A	0.394	3.293
349114	LINC00265	long intergenic non-protein coding RNA 265	-0.554	4.666
112267983	CDK13-DT	CDK13 divergent transcript	-0.432	1.508
136647	MPLKIP	M-phase specific PLK1 interacting protein	-0.155	1.51
79783	SUGCT	succinyl-CoA:glutarate-CoA transferase	0.345	1.471
3624	INHBA	inhibin subunit beta A	-1.796	6.653
79020	C7orf25	chromosome 7 open reading frame 25	0.5	8.629
64983	MRPL32	mitochondrial ribosomal protein L32	0.395	5.611
100534592	URGCP-MRPS24	URGCP-MRPS24 readthrough	0.318	2.368
64951	MRPS24	mitochondrial ribosomal protein S24	0.321	2.279
55665	URGCP	upregulator of cell proliferation	-0.186	2.431
51619	UBE2D4	ubiquitin conjugating enzyme E2 D4 (putative)	0.134	1.303
84820	POLR2J4	RNA polymerase II subunit J4, pseudogene	0.25	3.046
28988	DBNL	drebrin like	0.317	2.633
5224	PGAM2	phosphoglycerate mutase 2	0.464	2.856
165	AEBP1	AE binding protein 1	-2.179	7.954
5425	POLD2	DNA polymerase delta 2, accessory subunit	0.324	2.872
10652	YKT6	YKT6 v-SNARE homolog	0.238	3.104
816	CAMK2B	calcium/calmodulin dependent protein kinase II beta	-0.503	7.994
29881	NPC1L1	NPC1 like intracellular cholesterol transporter 1	-0.9	2.779
54606	DDX56	DEAD-box helicase 56	-0.149	2.427
222068	TMED4	transmembrane p24 trafficking protein 4	-0.319	7.009
4967	OGDH	oxoglutarate dehydrogenase	0.245	2.412
5478	PPIA	peptidylprolyl isomerase A	0.338	4.291
94239	H2AZ2	H2A.Z variant histone 2	-0.157	1.883
285958	SNHG15	small nucleolar RNA host gene 15	-0.673	6.052
83605	CCM2	CCM2 scaffold protein	0.396	6.584
9238	TBRG4	transforming growth factor beta regulator 4	0.182	1.552
168507	PKD1L1	polycystin 1 like 1, transient receptor potential channel interacting	-0.412	2.696
3364	HUS1	HUS1 checkpoint clamp component	0.18	1.399
7378	UPP1	uridine phosphorylase 1	-0.402	3.721
2887	GRB10	growth factor receptor bound protein 10	-0.449	5.267
360132	FKBP9P1	FKBP prolyl isomerase 9 pseudogene 1	-0.13	1.773
101060341	LOC101060341	putative uncharacterized protein FLJ44672	-0.548	3.426
51373	MRPS17	mitochondrial ribosomal protein S17	0.351	4.649
908	CCT6A	chaperonin containing TCP1 subunit 6A	0.132	1.557
107986800	LOC107986800	putative uncharacterized protein FLJ44672	-0.336	1.976
100653233	MIR3147HG	MIR3147 host gene	0.673	1.335
442319	ZNF727	zinc finger protein 727	-0.706	2.169
728927	ZNF736	zinc finger protein 736	-0.474	4.912
7697	ZNF138	zinc finger protein 138	0.346	2.233
441242	LINC03006	long intergenic non-protein coding RNA 3006	-0.413	2.284
643253	CCT6P1	chaperonin containing TCP1 subunit 6 pseudogene 1	-0.156	1.396
154807	VKORC1L1	vitamin K epoxide reductase complex subunit 1 like 1	0.166	2.184
8460	TPST1	tyrosylprotein sulfotransferase 1	-0.242	1.454
285908	LINC00174	long intergenic non-protein coding RNA 174	-0.944	11.956
100289098	LINC03011	long intergenic non-protein coding RNA 3011	-0.655	2.387
493754	RABGEF1P1	RABGEF1 pseudogene 1	-0.232	2.762
154881	KCTD7	potassium channel tetramerization domain containing 7	-0.222	1.5
644794	LINC02604	long intergenic non-protein coding RNA 2604	-0.508	2.748
55069	TMEM248	transmembrane protein 248	-0.117	2.062
112268006	LOC112268006		-0.628	7.84
5382	PMS2P4	PMS1 homolog 2, mismatch repair system component pseudogene 4	-0.459	3.008
26053	AUTS2	activator of transcription and developmental regulator AUTS2	-0.421	2.072
155370	SBDSP1	SBDS pseudogene 1	-0.43	5.093
9883	POM121	POM121 transmembrane nucleoporin	-0.208	5.47
260294	NSUN5P2	NSUN5 pseudogene 2	-0.283	3.447
378108	TRIM74	tripartite motif containing 74	-0.254	4.3
100101148	LOC100101148	FKBP prolyl isomerase 6 pseudogene	-0.717	2.576
100093631	GTF2IP4	general transcription factor IIi pseudogene 4	0.186	2.912
55695	NSUN5	NOP2/Sun RNA methyltransferase 5	-0.345	5.741
8468	FKBP6	FKBP prolyl isomerase family member 6 (inactive)	-0.657	2.118
9031	BAZ1B	bromodomain adjacent to zinc finger domain 1B	0.16	2.166
9275	BCL7B	BAF chromatin remodeling complex subunit BCL7B	0.135	1.38
26608	TBL2	transducin beta like 2	-0.268	3.475
51085	MLXIPL	MLX interacting protein like	1.742	2.837
84277	DNAJC30	DnaJ heat shock protein family (Hsp40) member C30	-0.347	3.172
114049	BUD23	BUD23 rRNA methyltransferase and ribosome maturation factor	0.287	4.983
83451	ABHD11	abhydrolase domain containing 11	-0.437	4.94
155368	METTL27	methyltransferase like 27	-0.959	1.813
107986809	ELN-AS1	ELN antisense RNA 1	-0.696	2.1
3984	LIMK1	LIM domain kinase 1	0.229	1.412
9569	GTF2IRD1	GTF2I repeat domain containing 1	0.407	1.569
2969	GTF2I	general transcription factor IIi	0.199	3.165
101926943	GTF2I-AS1	GTF2I antisense RNA 1	0.275	1.947
5383	PMS2P5	PMS1 homolog 2, mismatch repair system component pseudogene 5	-0.412	2.912
729438	CASTOR2	cytosolic arginine sensor for mTORC1 subunit 2	0.624	1.722
81554	RCC1L	RCC1 like	-0.171	1.423
2970	GTF2IP1	general transcription factor IIi pseudogene 1	0.182	2.751
107986710	LOC107986710	uncharacterized LOC107986710	0.366	2.481
5380	PMS2P2	PMS1 homolog 2, mismatch repair system component pseudogene 2	-0.327	1.487
541473	LOC541473	FKBP prolyl isomerase 6 pseudogene	-0.739	4.055
375593	TRIM73	tripartite motif containing 73	-0.523	2.207
155400	NSUN5P1	NSUN5 pseudogene 1	-0.324	3.922
100101267	POM121C	POM121 transmembrane nucleoporin C	-0.251	5.719
5387	PMS2P3	PMS1 homolog 2, mismatch repair system component pseudogene 3	-0.209	2.137
6369	CCL24	C-C motif chemokine ligand 24	-2.133	3.743
57414	RHBDD2	rhomboid domain containing 2	-0.543	10.849
83862	TMEM120A	transmembrane protein 120A	0.235	1.38
4191	MDH2	malate dehydrogenase 2	0.264	1.949
222183	SRRM3	serine/arginine repetitive matrix 3	0.946	5.173
7532	YWHAG	tyrosine 3-monooxygenase/tryptophan 5-monooxygenase activation protein gamma	-0.208	1.365
7784	ZP3	zona pellucida glycoprotein 3	-0.818	1.557
113878	DTX2	deltex E3 ubiquitin ligase 2	-0.226	1.734
100133091	LINC03009	long intergenic non-protein coding RNA 3009	-0.225	1.398
641808	FAM185BP	family with sequence similarity 185, member A pseudogene	0.266	2.023
57639	CCDC146	coiled-coil domain containing 146	0.693	2.984
10875	FGL2	fibrinogen like 2	-0.517	1.852
105375363	LOC105375363	uncharacterized LOC105375363	-0.42	1.43
57157	PHTF2	putative homeodomain transcription factor 2	0.448	4.024
948	CD36	CD36 molecule	0.295	1.807
781	CACNA2D1	calcium voltage-gated channel auxiliary subunit alpha2delta 1	-0.4	1.551
79161	TMEM243	transmembrane protein 243	-0.316	2.552
53616	ADAM22	ADAM metallopeptidase domain 22	-0.545	2.513
79689	STEAP4	STEAP4 metalloreductase	0.707	5.105
85865	GTPBP10	GTP binding protein 10	0.233	3.416
9069	CLDN12	claudin 12	0.322	1.743
8321	FZD1	frizzled class receptor 1	-0.789	5.219
7978	MTERF1	mitochondrial transcription termination factor 1	0.336	3.44
10142	AKAP9	A-kinase anchoring protein 9	0.7	6.922
889	KRIT1	KRIT1 ankyrin repeat containing	0.261	5.266
54467	ANKIB1	ankyrin repeat and IBR domain containing 1	0.186	1.5
257415	FAM133B	family with sequence similarity 133 member B	0.237	1.939
55610	VPS50	VPS50 subunit of EARP/GARPII complex	0.288	5.165
7980	TFPI2	tissue factor pathway inhibitor 2	0.66	1.864
64921	CASD1	CAS1 domain containing 1	-0.438	3.38
8910	SGCE	sarcoglycan epsilon	-0.403	5.118
5445	PON2	paraoxonase 2	0.245	4.359
51666	ASB4	ankyrin repeat and SOCS box containing 4	0.838	3.147
1780	DYNC1I1	dynein cytoplasmic 1 intermediate chain 1	0.557	3.806
10165	SLC25A13	solute carrier family 25 member 13	0.245	2.538
7979	SEM1	SEM1 26S proteasome subunit	0.284	2.392
57001	SDHAF3	succinate dehydrogenase complex assembly factor 3	0.378	3.341
4885	NPTX2	neuronal pentraxin 2	1.072	2.054
10552	ARPC1A	actin related protein 2/3 complex subunit 1A	0.193	1.705
11333	PDAP1	PDGFA associated protein 1	0.293	3.998
8896	BUD31	BUD31 homolog	0.261	1.805
100526740	ATP5MF-PTCD1	ATP5MF-PTCD1 readthrough	0.989	7.882
9551	ATP5MF	ATP synthase membrane subunit f	0.497	4.084
285989	ZNF789	zinc finger protein 789	-0.341	4.016
23660	ZKSCAN5	zinc finger with KRAB and SCAN domains 5	0.146	2.083
221785	ZSCAN25	zinc finger and SCAN domain containing 25	-0.16	1.777
89122	TRIM4	tripartite motif containing 4	-0.322	4.046
563	AZGP1	alpha-2-glycoprotein 1, zinc-binding	1.075	3.805
7589	ZSCAN21	zinc finger and SCAN domain containing 21	0.177	1.573
10980	COPS6	COP9 signalosome subunit 6	0.177	1.344
6878	TAF6	TATA-box binding protein associated factor 6	0.153	2.301
389541	LAMTOR4	late endosomal/lysosomal adaptor, MAPK and MTOR activator 4	-0.168	1.401
55262	TRAPPC14	trafficking protein particle complex subunit 14	-0.259	2.604
10734	STAG3	stromal antigen 3	0.278	1.689
352954	CASTOR3P	CASTOR family member 3, pseudogene	0.58	4.279
107986828	LOC107986828		0.818	4.381
101752399	STAG3L5P-PVRIG2P-PILRB	STAG3L5P-PVRIG2P-PILRB readthrough	-0.302	2.478
101752334	PVRIG2P	PVR related immunoglobulin domain containing 2, pseudogene	-0.442	4.313
29990	PILRB	paired immunoglobin like type 2 receptor beta	-0.444	2.985
55063	ZCWPW1	zinc finger CW-type and PWWP domain containing 1	0.228	2.091
56257	MEPCE	methylphosphate capping enzyme	-0.204	1.437
100316904	SAP25	Sin3A associated protein 25	-0.412	1.534
26261	FBXO24	F-box protein 24	-0.553	3.026
100129845	PCOLCE-AS1	PCOLCE antisense RNA 1	-0.633	2.728
64599	GIGYF1	GRB10 interacting GYF protein 1	-0.284	1.904
10248	POP7	POP7 homolog, ribonuclease P/MRP subunit	0.454	8.336
2050	EPHB4	EPH receptor B4	-0.321	1.361
56996	SLC12A9	solute carrier family 12 member 9	-0.324	3.055
7205	TRIP6	thyroid hormone receptor interactor 6	-0.582	7.328
402682	UFSP1	UFM1 specific peptidase 1 (inactive)	-0.505	1.695
43	ACHE	acetylcholinesterase (Cartwright blood group)	-0.921	6.079
4584	MUC3A	mucin 3A, cell surface associated	0.757	2.544
1174	AP1S1	adaptor related protein complex 1 subunit sigma 1	0.186	1.495
51024	FIS1	fission, mitochondrial 1	0.216	1.701
1523	CUX1	cut like homeobox 1	-0.206	2.237
54784	ALKBH4	alkB homolog 4, lysine demethylase	-0.174	1.539
5439	POLR2J	RNA polymerase II subunit J	0.373	4.745
107983993	UPK3BL2	uroplakin 3B like 2	-0.494	1.844
100134938	UPK3BL1	uroplakin 3B like 1	-0.548	1.884
222234	FAM185A	family with sequence similarity 185 member A	0.215	1.685
10234	LRRC17	leucine rich repeat containing 17	-0.737	1.622
83787	ARMC10	armadillo repeat containing 10	-0.159	1.796
9512	PMPCB	peptidase, mitochondrial processing subunit beta	0.194	2.205
27000	DNAJC2	DnaJ heat shock protein family (Hsp40) member C2	0.332	5.756
5701	PSMC2	proteasome 26S subunit, ATPase 2	0.243	4.003
375611	SLC26A5	solute carrier family 26 member 5	-0.249	1.418
5649	RELN	reelin	-1.272	2.07
10135	NAMPT	nicotinamide phosphoribosyltransferase	0.601	5.01
168455	CCDC71L	coiled-coil domain containing 71 like	-0.234	1.844
10466	COG5	component of oligomeric golgi complex 5	0.179	1.838
11062	DUS4L	dihydrouridine synthase 4 like	0.261	3.224
115253422	DUS4L-BCAP29	DUS4L-BCAP29 readthrough	0.246	2.293
55973	BCAP29	B cell receptor associated protein 29	0.239	2.053
5172	SLC26A4	solute carrier family 26 member 4	-0.837	2.266
3912	LAMB1	laminin subunit beta 1	-0.528	3.25
50640	PNPLA8	patatin like phospholipase domain containing 8	0.199	1.904
54674	LRRN3	leucine rich repeat neuronal 3	1.447	2.522
3475	IFRD1	interferon related developmental regulator 1	-0.387	1.598
154743	BMT2	base methyltransferase of 25S rRNA 2 homolog	-0.311	1.83
54329	GPR85	G protein-coupled receptor 85	-1.078	3.893
401397	SMIM30	small integral membrane protein 30	-0.26	1.958
5506	PPP1R3A	protein phosphatase 1 regulatory subunit 3A	0.697	4.944
29969	MDFIC	MyoD family inhibitor domain containing	-0.672	4.174
26136	TES	testin LIM domain protein	0.235	1.354
4233	MET	MET proto-oncogene, receptor tyrosine kinase	0.445	2.344
7982	ST7	suppression of tumorigenicity 7	0.453	6.266
93654	ST7-AS2	ST7 antisense RNA 2	0.506	3.725
93655	ST7-OT3	ST7 overlapping transcript 3	0.295	2.368
1080	CFTR	CF transmembrane conductance regulator	2.124	2.6
83992	CTTNBP2	cortactin binding protein 2	-0.45	1.744
51691	LSM8	LSM8 homolog, U6 small nuclear RNA associated	0.233	3.473
79974	CPED1	cadherin like and PC-esterase domain containing 1	-0.628	6.653
10157	AASS	aminoadipate-semialdehyde synthase	0.749	4.218
93664	CADPS2	calcium dependent secretion activator 2	1.178	8.539
4698	NDUFA5	NADH:ubiquinone oxidoreductase subunit A5	0.443	4.906
142685	ASB15	ankyrin repeat and SOCS box containing 15	0.725	3.786
442721	LMOD2	leiomodin 2	-0.487	1.587
23553	HYAL4	hyaluronidase 4	-2.147	5.297
25913	POT1	protection of telomeres 1	0.273	2.002
401398	POT1-AS1	POT1 antisense RNA 1	0.475	2.426
101928357	LOC101928357	uncharacterized LOC101928357	0.639	1.343
105375489	LOC105375489	uncharacterized LOC105375489	-0.357	4.876
27044	SND1	staphylococcal nuclease and tudor domain containing 1	0.118	1.347
3952	LEP	leptin	2.276	2.248
3614	IMPDH1	inosine monophosphate dehydrogenase 1	0.341	2.324
402483	LINC01000	long intergenic non-protein coding RNA 1000	-0.44	3.196
813	CALU	calumenin	0.599	5.861
611	OPN1SW	opsin 1, short wave sensitive	0.648	3.555
100130705	ATP6V1FNB	ATP6V1F neighbor	-2.617	7.438
23534	TNPO3	transportin 3	0.26	3.174
6608	SMO	smoothened, frizzled class receptor	-0.337	2.13
4899	NRF1	nuclear respiratory factor 1	-0.179	2.29
7328	UBE2H	ubiquitin conjugating enzyme E2 H	-0.427	4.569
23008	KLHDC10	kelch domain containing 10	0.168	2.4
53844	COPG2IT1	COPG2 imprinted transcript 1	0.874	2.172
4289	MKLN1	muskelin 1	0.189	1.918
100506881	MKLN1-AS	MKLN1 antisense RNA	0.401	2.488
5420	PODXL	podocalyxin like	0.264	1.418
54927	CHCHD3	coiled-coil-helix-coiled-coil-helix domain containing 3	0.502	6.87
100500804	MIR3654	microRNA 3654	-0.236	1.518
84912	SLC35B4	solute carrier family 35 member B4	0.221	1.713
669	BPGM	bisphosphoglycerate mutase	0.449	9.829
29062	WDR91	WD repeat domain 91	-0.202	2.657
23165	NUP205	nucleoporin 205	0.141	1.41
105375521	LOC105375521	uncharacterized LOC105375521	-0.35	2.574
767558	LUZP6	leucine zipper protein 6	-0.305	1.8
136319	MTPN	myotrophin	-0.305	1.8
349160	LOC349160	uncharacterized LOC349160	1.003	2.729
5764	PTN	pleiotrophin	-1.398	9.875
8805	TRIM24	tripartite motif containing 24	0.342	7.223
79989	TTC26	tetratricopeptide repeat domain 26	-0.321	1.913
51650	MRPS33	mitochondrial ribosomal protein S33	0.313	2.553
100507421	TMEM178B	transmembrane protein 178B	0.864	3.2
55750	AGK	acylglycerol kinase	0.241	3.685
57189	DENND11	DENN domain containing 11	0.31	3.228
6742	SSBP1	single stranded DNA binding protein 1	0.393	3.93
28639	TRBC1	T cell receptor beta constant 1	-0.61	1.356
2051	EPHB6	EPH receptor B6	0.589	2.931
3792	KEL	Kell metallo-endopeptidase (Kell blood group)	-0.797	2.599
373156	GSTK1	glutathione S-transferase kappa 1	0.185	1.552
835	CASP2	caspase 2	-0.208	1.905
100507507	FAM131B-AS2	FAM131B antisense RNA 2	0.599	2.517
728377	ARHGEF34P	Rho guanine nucleotide exchange factor 34, pseudogene	0.396	1.931
7984	ARHGEF5	Rho guanine nucleotide exchange factor 5	0.413	2.619
8454	CUL1	cullin 1	0.289	4.121
2146	EZH2	enhancer of zeste 2 polycomb repressive complex 2 subunit	0.276	1.522
155054	ZNF425	zinc finger protein 425	-0.37	1.608
7988	ZNF212	zinc finger protein 212	-0.428	6.987
100289678	ZNF783	zinc finger protein 783	-0.318	4.572
155060	LOC155060	AI894139 pseudogene	-0.777	7.879
155061	ZNF746	zinc finger protein 746	-0.156	1.573
84626	KRBA1	KRAB-A domain containing 1	-0.618	1.832
168544	ZNF467	zinc finger protein 467	-0.529	3.47
23145	SSPOP	SCO-spondin, pseudogene	-0.499	1.405
401431	ATP6V0E2-AS1	ATP6V0E2 antisense RNA 1	-0.402	2.572
285971	ZNF775	zinc finger protein 775	-0.341	3.002
168537	GIMAP7	GTPase, IMAP family member 7	0.614	3.14
55303	GIMAP4	GTPase, IMAP family member 4	0.353	1.627
28959	TMEM176B	transmembrane protein 176B	-0.837	3.409
55365	TMEM176A	transmembrane protein 176A	-0.582	2.094
3757	KCNH2	potassium voltage-gated channel subfamily H member 2	0.464	5.874
83590	TMUB1	transmembrane and ubiquitin like domain containing 1	0.263	2.31
116988	AGAP3	ArfGAP with GTPase domain, ankyrin repeat and PH domain 3	0.213	2.312
2636	GBX1	gastrulation brain homeobox 1	0.962	1.851
114483834	ABCF2-H2BK1	ABCF2-H2BK1 readthrough	0.355	8.172
10061	ABCF2	ATP binding cassette subfamily F member 2	0.179	2.455
54480	CHPF2	chondroitin polymerizing factor 2	-0.261	1.915
349136	WDR86	WD repeat domain 86	-0.484	4.688
6009	RHEB	Ras homolog, mTORC1 binding	0.271	2.18
51422	PRKAG2	protein kinase AMP-activated non-catalytic subunit gamma 2	0.206	1.409
58508	KMT2C	lysine methyltransferase 2C	0.306	1.92
220832	FABP5P3	fatty acid binding protein 5 pseudogene 3	0.938	5.297
57180	ACTR3B	actin related protein 3B	-0.28	3.028
107986750	LOC107986750	uncharacterized LOC107986750	2.215	3.268
22976	PAXIP1	PAX interacting protein 1	0.165	1.774
202781	PAXIP1-DT	PAXIP1 divergent transcript	-0.23	1.6
105375591	INSIG1-DT	INSIG1 divergent transcript	-0.673	1.348
100506302	RBM33-DT	RBM33 divergent transcript	0.265	1.661
9690	UBE3C	ubiquitin protein ligase E3C	0.178	2.13
5799	PTPRN2	protein tyrosine phosphatase receptor type N2	-0.317	1.874
54892	NCAPG2	non-SMC condensin II complex subunit G2	0.252	1.869
55112	DYNC2I1	dynein 2 intermediate chain 1	0.392	3.854
644128	RPL23AP53	ribosomal protein L23a pseudogene 53	-0.312	1.603
169270	ZNF596	zinc finger protein 596	-0.487	4.896
101927566	LOC101927566	uncharacterized LOC101927566	-1.076	1.706
157695	TDRP	testis development related protein	-0.309	1.414
2055	CLN8	CLN8 transmembrane ER and ERGIC protein	0.219	1.993
101927752	CLN8-AS1	CLN8 antisense RNA 1	-0.302	1.556
101928058	KBTBD11-AS1	KBTBD11 antisense RNA 1	-0.713	2.024
105377782	LOC105377782	uncharacterized LOC105377782	-0.943	1.388
100287015	MCPH1-DT	MCPH1 divergent transcript	-0.394	1.917
79648	MCPH1	microcephalin 1	0.318	8.277
285	ANGPT2	angiopoietin 2	0.708	2.027
55326	AGPAT5	1-acylglycerol-3-phosphate O-acyltransferase 5	-0.37	2.079
1667	DEFA1	defensin alpha 1	-1.592	1.93
728358	DEFA1B	defensin alpha 1B	-1.595	1.934
100128890	FAM66B	family with sequence similarity 66 member B	-0.375	1.874
286042	FAM86B3P	family with sequence similarity 86, member A pseudogene	-0.443	1.479
9258	MFHAS1	multifunctional ROCO family signaling regulator 1	0.44	2.639
101929128	LOC101929128	uncharacterized LOC101929128	0.855	2.237
4482	MSRA	methionine sulfoxide reductase A	0.233	1.749
83595	SOX7	SRY-box transcription factor 7	-0.527	2.485
83656	FAM167A-AS1	FAM167A antisense RNA 1	-0.725	1.497
252969	NEIL2	nei like DNA glycosylase 2	-0.405	3.268
105379243	LOC105379243	uncharacterized LOC105379243	-0.577	3.447
1508	CTSB	cathepsin B	0.467	3.387
85002	FAM86B1	family with sequence similarity 86 member B1	-0.584	2.885
619423	FAM85A	family with sequence similarity 85 member A	-0.441	1.674
100133172	FAM66A	family with sequence similarity 66 member A	-1.317	3.631
653333	FAM86B2	family with sequence similarity 86 member B2	-0.633	2.256
57604	TRMT9B	tRNA methyltransferase 9B (putative)	0.593	5.171
157773	C8orf48	chromosome 8 open reading frame 48	0.433	1.608
4481	MSR1	macrophage scavenger receptor 1	0.571	1.557
29883	CNOT7	CCR4-NOT transcription complex subunit 7	0.23	3.106
137492	VPS37A	VPS37A subunit of ESCRT-I	0.251	5.315
5157	PDGFRL	platelet derived growth factor receptor like	-0.523	2.612
57509	MTUS1	microtubule associated scaffold protein 1	0.231	1.401
5108	PCM1	pericentriolar material 1	0.232	2.048
427	ASAH1	N-acylsphingosine amidohydrolase 1	0.199	2.033
101929066	ASAH1-AS1	ASAH1 antisense RNA 1	0.501	4.116
55790	CSGALNACT1	chondroitin sulfate N-acetylgalactosaminyltransferase 1	0.414	3.548
4023	LPL	lipoprotein lipase	-0.733	2.911
526	ATP6V1B2	ATPase H+ transporting V1 subunit B2	-0.284	5.544
11178	LZTS1	leucine zipper tumor suppressor 1	0.398	1.816
2675	GFRA2	GDNF family receptor alpha 2	-0.789	2.369
64760	FHIP2B	FHF complex subunit HOOK interacting protein 2B	-0.261	5.528
80346	REEP4	receptor accessory protein 4	-0.244	1.314
203190	LGI3	leucine rich repeat LGI family member 3	1.356	2.352
55124	PIWIL2	piwi like RNA-mediated gene silencing 2	-0.976	3.221
5533	PPP3CC	protein phosphatase 3 catalytic subunit gamma	0.279	2.514
10174	SORBS3	sorbin and SH3 domain containing 3	-0.346	3.561
64236	PDLIM2	PDZ and LIM domain 2	-0.475	4.131
57805	CCAR2	cell cycle and apoptosis regulator 2	-0.152	2.396
1960	EGR3	early growth response 3	-1.235	1.813
157310	PEBP4	phosphatidylethanolamine binding protein 4	0.707	2.802
8794	TNFRSF10C	TNF receptor superfamily member 10c	-0.606	2.347
8793	TNFRSF10D	TNF receptor superfamily member 10d	-0.352	1.326
91782	CHMP7	charged multivesicular body protein 7	0.305	7.27
9583	ENTPD4	ectonucleoside triphosphate diphosphohydrolase 4	0.198	2.546
101929258	LOC101929258	uncharacterized LOC101929258	1.014	3.253
6781	STC1	stanniocalcin 1	-1.447	2.429
54793	KCTD9	potassium channel tetramerization domain containing 9	0.405	6.747
10687	PNMA2	PNMA family member 2	-0.677	2.758
1808	DPYSL2	dihydropyrimidinase like 2	-0.467	3.574
23087	TRIM35	tripartite motif containing 35	-0.425	7.429
2185	PTK2B	protein tyrosine kinase 2 beta	0.51	2.387
2053	EPHX2	epoxide hydrolase 2	-0.435	1.677
1191	CLU	clusterin	-0.639	4.044
51435	SCARA3	scavenger receptor class A member 3	-0.309	2.17
55246	CCDC25	coiled-coil domain containing 25	0.151	1.84
55893	ZNF395	zinc finger protein 395	0.256	3.362
157574	FBXO16	F-box protein 16	-0.495	1.391
55756	INTS9	integrator complex subunit 9	0.162	1.88
23303	KIF13B	kinesin family member 13B	-0.64	8.459
51669	SARAF	store-operated calcium entry associated regulatory factor	-0.151	2.664
11030	RBPMS	RNA binding protein, mRNA processing factor	-0.227	2.491
112268025	LOC112268025	uncharacterized LOC112268025	-0.89	1.982
2961	GTF2E2	general transcription factor IIE subunit 2	0.313	2.666
2936	GSR	glutathione-disulfide reductase	0.292	3.797
7993	UBXN8	UBX domain protein 8	0.226	1.708
3084	NRG1	neuregulin 1	-2.826	6.373
105379362	LOC105379362	uncharacterized LOC105379362	0.439	3.246
84549	MAK16	MAK16 homolog	-0.16	1.647
25960	ADGRA2	adhesion G protein-coupled receptor A2	-0.426	2.404
55290	BRF2	BRF2 RNA polymerase III transcription initiation factor subunit	-0.223	2.638
1978	EIF4EBP1	eukaryotic translation initiation factor 4E binding protein 1	1.027	9.11
27257	LSM1	LSM1 homolog, mRNA degradation associated	0.296	3.818
2260	FGFR1	fibroblast growth factor receptor 1	-0.265	2.816
59339	PLEKHA2	pleckstrin homology domain containing A2	-0.506	4.241
8754	ADAM9	ADAM metallopeptidase domain 9	0.551	7.205
8749	ADAM18	ADAM metallopeptidase domain 18	-2.676	5.27
3620	IDO1	indoleamine 2,3-dioxygenase 1	1.527	1.734
6422	SFRP1	secreted frizzled related protein 1	-0.694	1.602
137964	GPAT4	glycerol-3-phosphate acyltransferase 4	0.277	7.041
286	ANK1	ankyrin 1	0.557	2.317
10947	AP3M2	adaptor related protein complex 3 subunit mu 2	-0.527	5.734
5327	PLAT	plasminogen activator, tissue type	-0.466	1.592
5423	POLB	DNA polymerase beta	0.406	3.548
55145	THAP1	THAP domain containing 1	0.327	3.927
2339	FNTA	farnesyltransferase, CAAX box, alpha	0.197	2.669
100287846	LOC100287846	uncharacterized LOC100287846	-0.431	1.436
7336	UBE2V2	ubiquitin conjugating enzyme E2 V2	0.266	3.748
137902	PXDNL	peroxidasin like	-0.395	1.621
102724330	PCMTD1-DT	PCMTD1 divergent transcript	0.518	6.893
9821	RB1CC1	RB1 inducible coiled-coil 1	0.495	3.703
51606	ATP6V1H	ATPase H+ transporting V1 subunit H	-0.178	1.865
29088	MRPL15	mitochondrial ribosomal protein L15	0.297	3.424
64321	SOX17	SRY-box transcription factor 17	-1.374	8.316
6224	RPS20	ribosomal protein S20	0.233	1.398
26795	SNORD54	small nucleolar RNA, C/D box 54	-0.777	1.969
5179	PENK	proenkephalin	-2.698	5.783
101929415	PENK-AS1	PENK antisense RNA 1	-2.902	6.511
101929398	LOC101929398	uncharacterized LOC101929398	-0.916	1.557
100507632	LINC00968	long intergenic non-protein coding RNA 968	-1.364	3.335
137886	UBXN2B	UBX domain protein 2B	0.256	3.184
8439	NSMAF	neutral sphingomyelinase activation associated factor	0.375	9.799
55636	CHD7	chromodomain helicase DNA binding protein 7	0.171	1.431
157807	CLVS1	clavesin 1	0.327	1.904
444	ASPH	aspartate beta-hydroxylase	0.21	2.478
8836	GGH	gamma-glutamyl hydrolase	0.656	2.193
101410533	YTHDF3-DT	YTHDF3 divergent transcript	-0.696	2.639
9650	MTFR1	mitochondrial fission regulator 1	0.305	1.614
23212	RRS1	ribosome biogenesis regulator 1 homolog	0.286	3.084
4603	MYBL1	MYB proto-oncogene like 1	-0.599	2.527
157777	MCMDC2	minichromosome maintenance domain containing 2	0.305	3.155
641648	SNORD87	small nucleolar RNA, C/D box 87	-0.394	1.594
100129654	TCF24	transcription factor 24	1.611	1.765
10987	COPS5	COP9 signalosome subunit 5	0.38	4.059
79848	CSPP1	centrosome and spindle pole associated protein 1	0.305	5.165
10565	ARFGEF1	ADP ribosylation factor guanine nucleotide exchange factor 1	0.487	7.93
80243	PREX2	phosphatidylinositol-3,4,5-trisphosphate dependent Rac exchange factor 2	-0.345	1.46
116328	C8orf34	chromosome 8 open reading frame 34	-0.71	1.575
23213	SULF1	sulfatase 1	-1.154	5.025
286190	LACTB2-AS1	LACTB2 antisense RNA 1	0.571	4.06
51110	LACTB2	lactamase beta 2	0.491	3.953
157869	SBSPON	somatomedin B and thrombospondin type 1 domain containing	0.429	1.56
27067	STAU2	staufen double-stranded RNA binding protein 2	0.512	9.015
105375902	LOC105375902		0.518	1.504
55284	UBE2W	ubiquitin conjugating enzyme E2 W	-0.461	4.97
6921	ELOC	elongin C	0.404	6.421
54968	TMEM70	transmembrane protein 70	0.311	2.595
54332	GDAP1	ganglioside induced differentiation associated protein 1	-0.703	5.082
83690	CRISPLD1	cysteine rich secretory protein LCCL domain containing 1	-2.794	11.078
5828	PEX2	peroxisomal biogenesis factor 2	0.182	2.322
5569	PKIA	cAMP-dependent protein kinase inhibitor alpha	0.376	3.062
51101	ZC2HC1A	zinc finger C2HC-type containing 1A	-0.444	1.822
23462	HEY1	hes related family bHLH transcription factor with YRPW motif 1	-0.662	8.706
65986	ZBTB10	zinc finger and BTB domain containing 10	-0.249	1.372
2171	FABP5	fatty acid binding protein 5	0.635	3.353
2167	FABP4	fatty acid binding protein 4	0.948	4.505
3612	IMPA1	inositol monophosphatase 1	-0.413	2.781
138046	RALYL	RALY RNA binding protein like	0.662	2.126
1875	E2F5	E2F transcription factor 5	0.457	2.327
401466	RBIS	ribosomal biogenesis factor	0.4	5.194
761	CA3	carbonic anhydrase 3	-2.776	6.406
100996348	CA3-AS1	CA3 antisense RNA 1	-1.918	5.807
11059	WWP1	WW domain containing E3 ubiquitin protein ligase 1	0.655	8.827
8895	CPNE3	copine 3	0.312	2.558
4325	MMP16	matrix metallopeptidase 16	-0.907	2.63
8767	RIPK2	receptor interacting serine/threonine kinase 2	0.192	1.674
1666	DECR1	2,4-dienoyl-CoA reductase 1	0.43	3.486
169200	TMEM64	transmembrane protein 64	-0.307	1.766
100127983	C8orf88	chromosome 8 open reading frame 88	0.443	2.703
100506365	OTUD6B-AS1	OTUD6B antisense RNA 1 (head to head)	0.38	4.73
137392	CIBAR1	CBY1 interacting BAR domain containing 1	0.273	3.377
55472	RBM12B-AS1	RBM12B antisense RNA 1	0.482	1.495
54704	PDP1	pyruvate dehydrogenase phosphatase catalytic subunit 1	0.331	1.407
105375648	LOC105375648	uncharacterized LOC105375648	0.899	2.524
2669	GEM	GTP binding protein overexpressed in skeletal muscle	-0.709	1.56
25788	RAD54B	RAD54 homolog B	0.285	1.531
100861412	FSBP	fibrinogen silencer binding protein	0.386	1.598
25962	VIRMA	vir like m6A methyltransferase associated	-0.141	1.792
55656	INTS8	integrator complex subunit 8	0.401	6.653
137682	NDUFAF6	NADH:ubiquinone oxidoreductase complex assembly factor 6	0.283	2.917
392255	GDF6	growth differentiation factor 6	-2.395	7.222
7381	UQCRB	ubiquinol-cytochrome c reductase binding protein	0.631	4.518
51001	MTERF3	mitochondrial transcription termination factor 3	0.528	4.712
9791	PTDSS1	phosphatidylserine synthase 1	1.012	5.916
6383	SDC2	syndecan 2	-0.562	6.323
10404	CPQ	carboxypeptidase Q	-0.317	3.533
92140	MTDH	metadherin	0.159	1.41
55353	LAPTM4B	lysosomal protein transmembrane 4 beta	-0.231	1.773
4147	MATN2	matrilin 2	-1.05	7.904
10247	RIDA	reactive intermediate imine deaminase A homolog	0.346	2.739
6788	STK3	serine/threonine kinase 3	0.241	4.658
1345	COX6C	cytochrome c oxidase subunit 6C	0.287	1.645
6674	SPAG1	sperm associated antigen 1	-0.254	1.595
157567	ANKRD46	ankyrin repeat domain 46	-0.395	3.29
102466854	MIR7705	microRNA 7705	-1.797	5.734
7534	YWHAZ	tyrosine 3-monooxygenase/tryptophan 5-monooxygenase activation protein zeta	0.229	2.614
105375674	LINC03044	long intergenic non-protein coding RNA 3044	-0.657	2.166
51366	UBR5	ubiquitin protein ligase E3 component n-recognin 5	0.305	3.718
51582	AZIN1	antizyme inhibitor 1	-0.988	10.538
100506753	MAILR	macrophage interferon regulatory lncRNA	-0.583	1.69
25879	DCAF13	DDB1 and CUL4 associated factor 13	0.166	1.722
29967	LRP12	LDL receptor related protein 12	0.248	1.817
23414	ZFPM2	zinc finger protein, FOG family member 2	0.233	1.344
9694	EMC2	ER membrane protein complex subunit 2	0.192	2.154
157753	TMEM74	transmembrane protein 74	-0.891	2.235
84955	NUDCD1	NudC domain containing 1	0.203	2.612
56943	ENY2	ENY2 transcription and export complex 2 subunit	0.197	1.766
9166	EBAG9	estrogen receptor binding site associated antigen 9	0.404	6.474
112268030	LOC112268030	uncharacterized LOC112268030	0.314	1.704
644660	RAD21-AS1	RAD21 antisense RNA 1	0.502	2.415
90390	MED30	mediator complex subunit 30	-0.515	5.289
105375721	LOC105375721	uncharacterized LOC105375721	-1.003	2.433
2131	EXT1	exostosin glycosyltransferase 1	-0.886	6.733
401474	SAMD12	sterile alpha motif domain containing 12	-0.541	2.438
4982	TNFRSF11B	TNF receptor superfamily member 11b	-1.652	4.744
5168	ENPP2	ectonucleotide pyrophosphatase/phosphodiesterase 2	-0.743	3.55
64798	DEPTOR	DEP domain containing MTOR interacting protein	0.644	4.193
7373	COL14A1	collagen type XIV alpha 1 chain	-2.035	7.983
28998	MRPL13	mitochondrial ribosomal protein L13	0.319	2.635
6641	SNTB1	syntrophin beta 1	-0.487	1.737
104266958	LINC01151	long intergenic non-protein coding RNA 1151	0.774	1.688
107986904	LOC107986904	uncharacterized LOC107986904	0.906	3.102
84933	C8orf76	chromosome 8 open reading frame 76	0.298	2.776
100533106	ZHX1-C8orf76	ZHX1-C8orf76 readthrough	0.424	4.897
11244	ZHX1	zinc fingers and homeoboxes 1	0.215	1.552
340359	KLHL38	kelch like family member 38	0.788	3.416
654463	FER1L6	fer-1 like family member 6	2.315	4.847
157378	TMEM65	transmembrane protein 65	0.433	2.034
55039	TRMT12	tRNA methyltransferase 12 homolog	0.166	1.381
11236	RNF139	ring finger protein 139	-0.117	1.42
83940	TATDN1	TatD DNase domain containing 1	0.651	9.778
4715	NDUFB9	NADH:ubiquinone oxidoreductase subunit B9	0.306	1.691
9788	MTSS1	MTSS I-BAR domain containing 1	0.366	1.727
105375740	LOC105375740	uncharacterized LOC105375740	0.836	7.738
157381	LINC00964	long intergenic non-protein coding RNA 964	1.609	2.864
9897	WASHC5	WASH complex subunit 5	0.238	2.985
286053	NSMCE2	NSE2 (MMS21) homolog, SMC5-SMC6 complex SUMO ligase	0.333	3.535
100130231	LINC00861	long intergenic non-protein coding RNA 861	-0.872	1.717
101867536	PRNCR1	prostate cancer associated non-coding RNA 1	-0.238	1.571
56169	GSDMC	gasdermin C	1.061	2.307
137835	TMEM71	transmembrane protein 71	-0.819	4.879
51105	PHF20L1	PHD finger protein 20 like 1	0.391	4.462
7038	TG	thyroglobulin	0.755	1.919
57623	ZFAT	zinc finger and AT-hook domain containing	0.358	3.993
594840	ZFAT-AS1	ZFAT antisense RNA 1	0.726	3.844
169044	COL22A1	collagen type XXII alpha 1 chain	-3.76	8.844
83696	TRAPPC9	trafficking protein particle complex subunit 9	-0.163	1.681
105375779	LOC105375779	uncharacterized LOC105375779	-1.084	3.373
54108	CHRAC1	chromatin accessibility complex subunit 1	0.263	2.087
5747	PTK2	protein tyrosine kinase 2	0.222	3.446
105375790	LOC105375790	uncharacterized LOC105375790	1.054	4.444
203062	TSNARE1	t-SNARE domain containing 1	-0.221	1.706
51337	THEM6	thioesterase superfamily member 6	0.258	1.506
111188157	LYNX1-SLURP2	LYNX1-SLURP2 readthrough	0.289	2.931
100128627	CDC42P3	CDC42 pseudogene 3	0.306	2.864
4061	LY6E	lymphocyte antigen 6 family member E	-0.604	2.416
286122	LINC02904	long intergenic non-protein coding RNA 2904	-1.009	5.108
2738	GLI4	GLI family zinc finger 4	-0.361	3.622
100507316	MINCR	MYC-induced long non-coding RNA	-0.419	1.62
116447	TOP1MT	DNA topoisomerase I mitochondrial	0.448	3.082
23144	ZC3H3	zinc finger CCCH-type containing 3	-0.352	4.052
79792	GSDMD	gasdermin D	-0.448	5.224
93100	NAPRT	nicotinate phosphoribosyltransferase	-0.485	3.902
65263	PYCR3	pyrroline-5-carboxylate reductase 3	-0.433	2.141
286075	ZNF707	zinc finger protein 707	-0.325	3.922
340371	NRBP2	nuclear receptor binding protein 2	-0.296	2.906
5339	PLEC	plectin	-0.264	2.696
84875	PARP10	poly(ADP-ribose) polymerase family member 10	-0.568	4.076
8733	GPAA1	glycosylphosphatidylinositol anchor attachment 1	-0.319	4.526
84232	MAF1	MAF1 homolog, negative regulator of RNA polymerase III	0.345	5.069
340390	WDR97	WD repeat domain 97	-0.741	6.102
727957	MROH1	maestro heat like repeat family member 1	-0.251	2.739
340393	TMEM249	transmembrane protein 249	-0.416	1.666
26233	FBXL6	F-box and leucine rich repeat protein 6	-0.49	4.776
203054	ADCK5	aarF domain containing kinase 5	-0.338	3.405
100126351	MIR939	microRNA 939	-0.444	1.614
51160	VPS28	VPS28 subunit of ESCRT-I	-0.206	1.834
90990	KIFC2	kinesin family member C2	0.427	4.359
8928	FOXH1	forkhead box H1	0.566	5.631
84988	PPP1R16A	protein phosphatase 1 regulatory subunit 16A	0.372	2.999
9684	LRRC14	leucine rich repeat containing 14	-0.31	4.942
441381	LRRC24	leucine rich repeat containing 24	-0.648	5.799
414919	C8orf82	chromosome 8 open reading frame 82	0.333	2.946
100996662	LOC100996662	uncharacterized LOC100996662	-0.344	1.347
90987	ZNF251	zinc finger protein 251	-0.48	3.33
340385	ZNF517	zinc finger protein 517	-0.294	2.683
28991	COMMD5	COMM domain containing 5	-0.231	3.593
286101	ZNF252P	zinc finger protein 252, pseudogene	0.801	12.367
286102	TMED10P1	transmembrane p24 trafficking protein 10 pseudogene 1	0.425	5.891
65265	C8orf33	chromosome 8 open reading frame 33	-0.302	9.067
100287596	DDX11L5	DEAD/H-box helicase 11 like 5 (pseudogene)	0.816	2.073
101929127	PGM5P3-AS1	PGM5P3 antisense RNA 1	0.483	1.812
55871	ZNG1A	Zn regulated GTPase metalloprotein activator 1A	0.5	4.897
401491	VLDLR-AS1	VLDLR antisense RNA 1	-0.9	4.729
105375957	LOC105375957	uncharacterized LOC105375957	-0.59	5.649
9933	PUM3	pumilio RNA binding family member 3	0.238	1.496
169792	GLIS3	GLIS family zinc finger 3	-0.62	2.544
6505	SLC1A1	solute carrier family 1 member 1	0.557	2.881
55064	SPATA6L	spermatogenesis associated 6 like	-1.312	11.407
10171	RCL1	RNA terminal phosphate cyclase like 1	-0.308	2.746
3717	JAK2	Janus kinase 2	-1.239	10.25
107987044	LOC107987044		-2.493	6.821
55848	PLGRKT	plasminogen receptor with a C-terminal lysine	0.283	1.897
158358	KIAA2026	KIAA2026	0.449	5.867
26953	RANBP6	RAN binding protein 6	0.42	3.712
23081	KDM4C	lysine demethylase 4C	0.183	2.823
101929407	PTPRD-AS1	PTPRD antisense RNA 1	-0.653	1.434
7306	TYRP1	tyrosinase related protein 1	-0.586	4.614
4781	NFIB	nuclear factor I B	-0.228	1.885
158326	FREM1	FRAS1 related extracellular matrix 1	-1.332	8.103
105375981	LOC105375981		-1.282	7.481
158219	TTC39B	tetratricopeptide repeat domain 39B	-0.637	3.344
11168	PSIP1	PC4 and SRSF1 interacting protein 1	0.206	1.598
6456	SH3GL2	SH3 domain containing GRB2 like 2, endophilin A1	-1.229	3.902
92949	ADAMTSL1	ADAMTS like 1	-2.173	5.837
105369293	LOC105369293	uncharacterized LOC105369293	-2.036	5.211
158297	SAXO1	stabilizer of axonemal microtubules 1	0.549	1.985
10670	RRAGA	Ras related GTP binding A	-0.147	1.869
54801	HAUS6	HAUS augmin like complex subunit 6	0.32	4.598
123	PLIN2	perilipin 2	0.732	2.445
55667	DENND4C	DENN domain containing 4C	0.265	1.503
63951	DMRTA1	DMRT like family A1	0.49	2.536
79886	CAAP1	caspase activity and apoptosis inhibitor 1	-0.256	1.612
9373	PLAA	phospholipase A2 activating protein	0.184	2.537
80173	IFT74	intraflagellar transport 74	0.387	5.365
48	ACO1	aconitase 1	0.218	2.247
10210	TOPORS	TOP1 binding arginine/serine rich protein, E3 ubiquitin ligase	0.306	4.512
101929639	B4GALT1-AS1	B4GALT1 antisense RNA 1	-0.501	2.61
51510	CHMP5	charged multivesicular body protein 5	-0.189	2.619
55833	UBAP2	ubiquitin associated protein 2	0.248	2.599
51271	UBAP1	ubiquitin associated protein 1	0.237	3.266
347240	KIF24	kinesin family member 24	0.207	2.176
84688	C9orf24	chromosome 9 open reading frame 24	-0.702	6.006
203259	FAM219A	family with sequence similarity 219 member A	-0.238	2.558
10280	SIGMAR1	sigma non-opioid intracellular receptor 1	0.319	4.954
3590	IL11RA	interleukin 11 receptor subunit alpha	-0.279	2.69
730098	LOC730098	uncharacterized LOC730098	-0.199	1.546
23349	PHF24	PHD finger protein 24	-1.071	2.583
105376025	LOC105376025	uncharacterized LOC105376025	-0.972	4.121
138724	C9orf131	chromosome 9 open reading frame 131	-0.921	2.834
2189	FANCG	FA complementation group G	-0.301	1.563
84720	PIGO	phosphatidylinositol glycan anchor biosynthesis class O	-0.227	2.935
30968	STOML2	stomatin like 2	0.267	2.452
10497	UNC13B	unc-13 homolog B	0.235	3.109
7016	TESK1	testis associated actin remodelling kinase 1	0.288	2.129
971	CD72	CD72 molecule	-0.7	1.732
6023	RMRP	RNA component of mitochondrial RNA processing endoribonuclease	-2.941	5.548
768	CA9	carbonic anhydrase 9	-0.781	2.572
7169	TPM2	tropomyosin 2	0.531	5.531
9827	RGP1	RGP1 homolog, RAB6A GEF complex partner 1	0.224	3.008
692094	MSMP	microseminoprotein, prostate associated	0.172	1.327
51754	TMEM8B	transmembrane protein 8B	-0.455	4.938
646962	HRCT1	histidine rich carboxyl terminus 1	0.645	1.548
158376	SPAAR	small regulatory polypeptide of amino acid response	0.731	5.564
8434	RECK	reversion inducing cysteine rich protein with kazal motifs	-0.622	7.694
152006	RNF38	ring finger protein 38	-0.499	5.64
64425	POLR1E	RNA polymerase I subunit E	-0.576	5.934
26267	FBXO10	F-box protein 10	0.195	2.802
401505	TOMM5	translocase of outer mitochondrial membrane 5	0.208	1.991
158234	TRMT10B	tRNA methyltransferase 10B	-0.189	2.505
105376037	LOC105376037	uncharacterized LOC105376037	-0.488	1.98
79269	DCAF10	DDB1 and CUL4 associated factor 10	0.191	2.054
6461	SHB	SH2 domain containing adaptor protein B	-0.656	5.608
219	ALDH1B1	aldehyde dehydrogenase 1 family member B1	0.695	2.657
101927042	LOC101927042	uncharacterized LOC101927042	1.802	2.7
401509	ZNF658B	zinc finger protein 658B (pseudogene)	0.3	1.6
100133036	FAM95B1	family with sequence similarity 95 member B1	-0.728	1.758
100132541	GXYLT1P3	GXYLT1 pseudogene 3	1.41	3.868
107986995	LOC107986995	uncharacterized LOC107986995	1.071	4.14
101929959	BMS1P14	BMS1 pseudogene 14	0.761	4.913
102724580	LOC102724580	methylenetetrahydrofolate dehydrogenase (NADP+ dependent) 1 like pseudogene	0.877	6.52
644019	ZNG1F	Zn regulated GTPase metalloprotein activator 1F	0.51	9.217
105376067	LOC105376067	uncharacterized LOC105376067	0.836	3.76
102724904	LOC102724904	methylenetetrahydrofolate dehydrogenase (NADP+ dependent) 1 like pseudogene	0.868	5.278
286297	LOC286297	methylenetetrahydrofolate dehydrogenase (NADP+ dependent) 1 like pseudogene	0.896	4.368
105379814	LOC105379814	uncharacterized LOC105379814	1.18	6.81
375719	AQP7P1	aquaporin 7 pseudogene 1	0.898	4.879
100996643	LOC100996643	methylenetetrahydrofolate dehydrogenase (NADP+ dependent) 1 like pseudogene	0.834	3.942
203274	LINC00537	long intergenic non-protein coding RNA 537	0.474	1.511
642236	FRG1JP	FSHD region gene 1 family member J, pseudogene	0.442	3.307
105379257	LOC105379257	uncharacterized LOC105379257	1.188	5.252
101929583	LOC101929583	methylenetetrahydrofolate dehydrogenase (NADP+ dependent) 1 like pseudogene	0.888	3.895
102724507	LOC102724507	uncharacterized LOC102724507	1.214	8.706
105379443	LOC105379443	methylenetetrahydrofolate dehydrogenase (NADP+ dependent) 1 like pseudogene	0.964	5.633
105379251	LOC105379251	replaced by ID 220869	0.633	5.599
220869	ZNG1E	Zn regulated GTPase metalloprotein activator 1E	0.376	6.747
101928195	LOC101928195	methylenetetrahydrofolate dehydrogenase (NADP+ dependent) 1 like pseudogene	0.794	3.575
441432	AQP7P3	aquaporin 7 pseudogene 3	0.996	5.94
112267859	LOC112267859	putative aquaporin-7-like protein 3	0.822	4.206
105379252	LOC105379252	family with sequence similarity 95 member B1-like	-0.731	1.798
105379448	LOC105379448	uncharacterized LOC105379448	-0.948	4.001
26149	ZNF658	zinc finger protein 658	0.29	1.499
101927602	LOC101927602	uncharacterized LOC101927602	1.453	1.834
445571	ZNG1C	Zn regulated GTPase metalloprotein activator 1C	0.489	8.987
105376070	LOC105376070	uncharacterized LOC105376070	0.508	2.889
169693	TMEM252	transmembrane protein 252	0.631	3.521
8395	PIP5K1B	phosphatidylinositol-4-phosphate 5-kinase type 1 beta	0.673	6.36
2395	FXN	frataxin	0.25	2.173
9414	TJP2	tight junction protein 2	0.28	1.436
100885775	BANCR	BRAF-activated non-protein coding RNA	-2.97	6.175
320	APBA1	amyloid beta precursor protein binding family A member 1	-0.566	3.418
80036	TRPM3	transient receptor potential cation channel subfamily M member 3	-0.598	1.45
7763	ZFAND5	zinc finger AN1-type containing 5	-0.337	1.585
6096	RORB	RAR related orphan receptor B	1.036	3.934
26578	OSTF1	osteoclast stimulating factor 1	0.141	1.951
5125	PCSK5	proprotein convertase subtilisin/kexin type 5	-0.393	1.877
653162	RPSAP9	ribosomal protein SA pseudogene 9	0.243	1.373
23230	VPS13A	vacuolar protein sorting 13 homolog A	0.285	1.406
29968	PSAT1	phosphoserine aminotransferase 1	0.693	1.526
7091	TLE4	TLE family member 4, transcriptional corepressor	-0.379	4.921
7088	TLE1	TLE family member 1, transcriptional corepressor	-0.393	2.351
105376106	LOC105376106	uncharacterized LOC105376106	-0.784	2.162
158158	RASEF	RAS and EF-hand domain containing	-2.207	4.246
102723989	FRMD3-AS1	FRMD3 antisense RNA 1	-0.787	1.524
80318	GKAP1	G kinase anchoring protein 1	0.555	6.198
80010	RMI1	RecQ mediated genome instability 1	0.304	2.335
4915	NTRK2	neurotrophic receptor tyrosine kinase 2	-0.575	2.758
23287	AGTPBP1	ATP/GTP binding carboxypeptidase 1	0.822	9.623
389765	LOC389765	kinesin family member 27 pseudogene	0.318	1.851
60560	NAA35	N-alpha-acetyltransferase 35, NatC auxiliary subunit	0.22	3.515
81689	ISCA1	iron-sulfur cluster assembly 1	0.237	2.387
79670	TUT7	terminal uridylyl transferase 7	0.203	2.17
1514	CTSL	cathepsin L	0.297	5.16
10927	SPIN1	spindlin 1	-0.217	2.246
286223	C9orf47	replaced by ID 1903	0.474	1.879
1903	S1PR3	sphingosine-1-phosphate receptor 3	1.207	8.72
1164	CKS2	CDC28 protein kinase regulatory subunit 2	0.503	1.447
105376139	LOC105376139	uncharacterized LOC105376139	-0.947	2.199
10912	GADD45G	growth arrest and DNA damage inducible gamma	-1.488	4.988
100129316	LOC100129316	uncharacterized LOC100129316	0.725	1.61
100129347	LINC00484	long intergenic non-protein coding RNA 484	-0.957	2.484
112268048	LOC112268048	uncharacterized LOC112268048	-0.538	3.629
55035	NOL8	nucleolar protein 8	0.233	2.864
4969	OGN	osteoglycin	-1.571	6.396
4958	OMD	osteomodulin	-1.122	4.735
54829	ASPN	asporin	-1.456	3.334
1842	ECM2	extracellular matrix protein 2	-0.955	3.788
100128361	LOC100128361	uncharacterized LOC100128361	-0.313	1.41
138649	ANKRD19P	ankyrin repeat domain 19, pseudogene	0.425	2.779
101927954	LOC101927954	uncharacterized LOC101927954	-0.599	1.391
445577	FAM120A2P	family with sequence similarity 120A2, pseudogene	0.245	2.187
23196	FAM120A	family with sequence similarity 120A	0.306	3.782
107987098	LOC107987098		-0.373	1.678
84641	MFSD14B	major facilitator superfamily domain containing 14B	-0.213	3.794
101928119	LOC101928119	uncharacterized LOC101928119	-0.751	2.388
105376156	LOC105376156	uncharacterized LOC105376156	0.68	5.918
100507346	LOC100507346	uncharacterized LOC100507346	0.433	2.043
375748	ERCC6L2	ERCC excision repair 6 like 2	0.138	1.432
195828	ZNF367	zinc finger protein 367	0.316	1.327
22869	ZNF510	zinc finger protein 510	0.187	1.962
84278	MFSD14CP	major facilitator superfamily domain containing 14C, pseudogene	-0.242	1.536
7111	TMOD1	tropomodulin 1	0.181	1.674
158427	TSTD2	thiosulfate sulfurtransferase like domain containing 2	0.338	5.734
4686	NCBP1	nuclear cap binding protein subunit 1	0.178	1.86
112268051	LOC112268051		0.678	2.178
54187	NANS	N-acetylneuraminate synthase	0.464	7.057
9830	TRIM14	tripartite motif containing 14	0.328	1.479
441461	STX17-DT	STX17 divergent transcript	-0.547	2.233
55014	STX17	syntaxin 17	0.232	5.414
23071	ERP44	endoplasmic reticulum protein 44	0.209	2.925
27130	INVS	inversin	0.225	1.924
91283	MSANTD3	Myb/SANT DNA binding domain containing 3	0.468	4.535
100526694	MSANTD3-TMEFF1	MSANTD3-TMEFF1 readthrough	0.441	3.846
54534	MRPL50	mitochondrial ribosomal protein L50	0.313	3.003
84302	PGAP4	post-GPI attachment to proteins GalNAc transferase 4	-0.258	2.844
101928550	SMC2-DT	SMC2 divergent transcript	0.873	3.708
23446	SLC44A1	solute carrier family 44 member 1	-0.271	1.887
83856	FSD1L	fibronectin type III and SPRY domain containing 1 like	-0.529	2.787
26134	RALGAPA1P1	RALGAPA1 pseudogene 1	0.202	1.805
105376204	LOC105376204	uncharacterized LOC105376204	-0.611	1.851
112268052	LOC112268052		-0.54	2.745
9314	KLF4	KLF transcription factor 4	-0.856	3.494
8518	ELP1	elongator acetyltransferase complex subunit 1	-0.139	1.397
54942	ABITRAM	actin binding transcription modulator	0.303	4.1
23731	TMEM245	transmembrane protein 245	0.445	4.077
54566	EPB41L4B	erythrocyte membrane protein band 4.1 like 4B	0.711	2.359
7295	TXN	thioredoxin	0.405	3.781
79987	SVEP1	sushi, von Willebrand factor type A, EGF and pentraxin domain containing 1	-0.787	3.965
23392	ECPAS	Ecm29 proteasome adaptor and scaffold	0.354	6.738
158399	ZNF483	zinc finger protein 483	-0.576	3.981
22949	PTGR1	prostaglandin reductase 1	0.365	2.835
548645	DNAJC25	DnaJ heat shock protein family (Hsp40) member C25	0.257	2.816
158401	SHOC1	shortage in chiasmata 1	-0.897	2.949
7357	UGCG	UDP-glucose ceramide glucosyltransferase	-0.264	1.538
64420	SUSD1	sushi domain containing 1	0.492	2.601
169834	ZNF883	zinc finger protein 883	0.649	2.815
7539	ZFP37	ZFP37 zinc finger protein	-0.432	3.22
100128385	FAM225B	family with sequence similarity 225 member B	-1.049	3.713
286333	FAM225A	family with sequence similarity 225 member A	-0.981	3.373
1318	SLC31A2	solute carrier family 31 member 2	0.414	1.672
23307	FKBP15	FKBP prolyl isomerase family member 15	0.135	2.18
246184	CDC26	cell division cycle 26	0.393	3.063
210	ALAD	aminolevulinate dehydratase	0.382	1.653
85301	COL27A1	collagen type XXVII alpha 1 chain	0.478	2.509
105376224	LOC105376224	uncharacterized LOC105376224	0.654	3.16
9550	ATP6V1G1	ATPase H+ transporting V1 subunit G1	0.163	1.59
203197	TMEM268	transmembrane protein 268	-0.393	3.53
7099	TLR4	toll like receptor 4	0.383	1.562
55755	CDK5RAP2	CDK5 regulatory subunit associated protein 2	0.408	5.422
1955	MEGF9	multiple EGF like domains 9	1.049	6.911
26147	PHF19	PHD finger protein 19	-0.196	1.521
7185	TRAF1	TNF receptor associated factor 1	-0.282	1.304
2934	GSN	gelsolin	-0.613	5.083
57000	GSN-AS1	GSN antisense RNA 1	-0.32	1.904
2040	STOM	stomatin	-0.226	1.38
92399	MRRF	mitochondrial ribosome recycling factor	0.173	2.638
55342	STRBP	spermatid perinuclear RNA binding protein	0.379	3.786
5695	PSMB7	proteasome 20S subunit beta 7	0.212	2.17
100129034	LOC100129034	uncharacterized LOC100129034	0.138	1.437
401551	WDR38	WD repeat domain 38	-0.578	4.934
11224	RPL35	ribosomal protein L35	0.466	3.183
81873	ARPC5L	actin related protein 2/3 complex subunit 5 like	0.167	1.348
2800	GOLGA1	golgin A1	0.284	8.152
26130	GAPVD1	GTPase activating protein and VPS9 domains 1	0.12	1.436
112268055	LOC112268055	uncharacterized LOC112268055	-0.285	3.011
79109	MAPKAP1	MAPK associated protein 1	0.423	10.762
5090	PBX3	PBX homeobox 3	0.195	1.659
4010	LMX1B	LIM homeobox transcription factor 1 beta	-0.994	3.808
23099	ZBTB43	zinc finger and BTB domain containing 43	0.348	3.495
84253	GARNL3	GTPase activating Rap/RanGAP domain like 3	-0.375	2.003
112268056	LOC112268056		-0.537	4.244
7633	ZNF79	zinc finger protein 79	0.437	6.382
6136	RPL12	ribosomal protein L12	0.306	1.851
90678	LRSAM1	leucine rich repeat and sterile alpha motif containing 1	0.471	5.11
10044	SH2D3C	SH2 domain containing 3C	-0.48	3.6
1025	CDK9	cyclin dependent kinase 9	-0.149	1.563
2356	FPGS	folylpolyglutamate synthase	-0.29	2.516
2022	ENG	endoglin	-0.509	3.078
102723566	LOC102723566	uncharacterized LOC102723566	-0.71	6.098
203	AK1	adenylate kinase 1	0.233	1.942
27090	ST6GALNAC4	ST6 N-acetylgalactosaminide alpha-2,6-sialyltransferase 4	-0.377	2.506
8818	DPM2	dolichyl-phosphate mannosyltransferase subunit 2, regulatory	-0.268	2.554
399665	EEIG1	estrogen-induced osteoclastogenesis regulator 1	-0.358	1.391
114789	SLC25A25	solute carrier family 25 member 25	-0.274	1.451
100289019	SLC25A25-AS1	SLC25A25 antisense RNA 1	-0.336	2.444
79095	BBLN	bublin coiled coil protein	-0.578	6.368
25792	CIZ1	CDKN1A interacting zinc finger protein 1	0.143	1.759
1759	DNM1	dynamin 1	-0.605	2.101
2801	GOLGA2	golgin A2	0.214	2.854
105376286	LOC105376286	uncharacterized LOC105376286	0.168	1.34
51117	COQ4	coenzyme Q4	-0.241	2.44
10999	SLC27A4	solute carrier family 27 member 4	0.391	4.291
81605	URM1	ubiquitin related modifier 1	-0.139	1.372
51148	CERCAM	cerebral endothelial cell adhesion molecule	-0.635	1.993
101929270	LOC101929270	uncharacterized LOC101929270	-0.42	1.512
84885	ZDHHC12	zinc finger DHHC-type palmitoyltransferase 12	0.34	2.01
51490	SPOUT1	SPOUT domain containing methyltransferase 1	0.169	1.751
883	KYAT1	kynurenine aminotransferase 1	0.394	4.393
254295	PHYHD1	phytanoyl-CoA dioxygenase domain containing 1	0.368	1.623
23511	NUP188	nucleoporin 188	-0.442	5.042
101929314	LOC101929314	uncharacterized LOC101929314	-0.596	4.476
56904	SH3GLB2	SH3 domain containing GRB2 like, endophilin B2	-0.298	5.974
1384	CRAT	carnitine O-acetyltransferase	0.17	1.522
389792	IER5L	immediate early response 5 like	-0.532	2.1
28989	NTMT1	N-terminal Xaa-Pro-Lys N-methyltransferase 1	0.184	1.4
51450	PRRX2	paired related homeobox 2	-1.344	2.59
27348	TOR1B	torsin family 1 member B	0.243	3.718
51759	C9orf78	chromosome 9 open reading frame 78	0.247	4.245
10868	USP20	ubiquitin specific peptidase 20	-0.279	3.985
57720	GPR107	G protein-coupled receptor 107	-0.132	2.56
23413	NCS1	neuronal calcium sensor 1	-0.651	2.008
256158	HMCN2	hemicentin 2	-1.134	6.138
107987134	LOC107987134	uncharacterized LOC107987134	-1.059	3.706
445	ASS1	argininosuccinate synthase 1	0.401	2.357
100272217	LOC100272217	uncharacterized LOC100272217	-0.447	1.456
8939	FUBP3	far upstream element binding protein 3	-0.187	1.552
25	ABL1	ABL proto-oncogene 1, non-receptor tyrosine kinase	-0.153	1.668
84929	FIBCD1	fibrinogen C domain containing 1	1.326	2.309
10319	LAMC3	laminin subunit gamma 3	-0.997	1.747
8021	NUP214	nucleoporin 214	-0.151	1.788
286336	FAM78A	family with sequence similarity 78 member A	0.841	5.881
84814	PLPP7	phospholipid phosphatase 7 (inactive)	0.393	2.198
84726	PRRC2B	proline rich coiled-coil 2B	0.186	1.905
2889	RAPGEF1	Rap guanine nucleotide exchange factor 1	0.394	5.017
9442	MED27	mediator complex subunit 27	-0.164	2.321
84628	NTNG2	netrin G2	-1.725	12.138
23064	SETX	senataxin	0.139	1.555
389799	CFAP77	cilia and flagella associated protein 77	0.935	3.995
11092	SPACA9	sperm acrosome associated 9	-0.439	2.315
106635683	SNORD141A	small nucleolar RNA, C/D box 141A	-1.055	9.441
9328	GTF3C5	general transcription factor IIIC subunit 5	0.289	3.535
1057	CELP	carboxyl ester lipase pseudogene	0.756	2.518
26301	GBGT1	globoside alpha-1,3-N-acetylgalactosaminyltransferase 1 (FORS blood group)	0.367	1.852
6835	SURF2	surfeit 2	0.322	2.491
57109	REXO4	REX4 homolog, 3'-5' exonuclease	0.442	3.98
11093	ADAMTS13	ADAM metallopeptidase with thrombospondin type 1 motif 13	-0.458	5.548
9719	ADAMTSL2	ADAMTS like 2	-0.876	2.639
138948	DBH-AS1	DBH antisense RNA 1	-1.043	2.59
1757	SARDH	sarcosine dehydrogenase	-0.766	1.954
266655	BRD3OS	BRD3 opposite strand	-0.272	3.074
8019	BRD3	bromodomain containing 3	-0.227	3.342
6256	RXRA	retinoid X receptor alpha	0.459	6.882
100506599	PPP1R26-AS1	PPP1R26 antisense RNA 1	-0.463	1.67
157922	CAMSAP1	calmodulin regulated spectrin associated protein 1	0.353	5.435
107987141	CAMSAP1-DT	CAMSAP1 divergent transcript	-0.394	1.679
10422	UBAC1	UBA domain containing 1	0.346	4.384
138151	NACC2	NACC family member 2	0.244	1.515
105376323	LINC02846	long intergenic non-protein coding RNA 2846	0.408	1.314
90120	TMEM250	transmembrane protein 250	0.303	2.69
6621	SNAPC4	small nuclear RNA activating complex polypeptide 4	-0.269	3.124
10807	ENTR1	endosome associated trafficking regulator 1	0.275	3.111
56623	INPP5E	inositol polyphosphate-5-phosphatase E	-0.164	1.58
9919	SEC16A	SEC16 homolog A, endoplasmic reticulum export factor	-0.161	2.758
4851	NOTCH1	notch receptor 1	-0.388	2.811
51162	EGFL7	EGF like domain multiple 7	-0.642	8.295
138311	DIPK1B	divergent protein kinase domain 1B	-0.324	3.211
84973	SNHG7	small nucleolar RNA host gene 7	-0.368	1.867
158062	LCN6	lipocalin 6	1.018	1.57
55684	RABL6	RAB, member RAS oncogene family like 6	0.28	4.429
8721	EDF1	endothelial differentiation related factor 1	0.275	2.149
286256	LCN12	lipocalin 12	-1.177	5.94
286257	PAXX	PAXX non-homologous end joining factor	-0.313	2.798
9022	CLIC3	chloride intracellular channel 3	-0.887	3.247
20	ABCA2	ATP binding cassette subfamily A member 2	-0.24	2.153
56654	NPDC1	neural proliferation, differentiation and control 1	-0.648	14.496
91373	UAP1L1	UDP-N-acetylglucosamine pyrophosphorylase 1 like 1	0.441	3.122
11253	MAN1B1	mannosidase alpha class 1B member 1	-0.205	2.598
101930307	LOC101930307		-0.71	7.454
29882	ANAPC2	anaphase promoting complex subunit 2	-0.201	2.731
8636	SSNA1	SS nuclear autoantigen 1	0.22	1.465
286262	TPRN	taperin	0.266	1.357
142680	SLC34A3	solute carrier family 34 member 3	-0.606	1.343
10383	TUBB4B	tubulin beta 4B class IVb	0.712	4.408
401565	FAM166A	family with sequence similarity 166 member A	0.574	2.834
25920	NELFB	negative elongation factor complex member B	-0.196	2.403
441478	NRARP	NOTCH regulated ankyrin repeat protein	-0.435	1.408
54932	EXD3	exonuclease 3'-5' domain containing 3	-0.389	4.815
26012	NSMF	NMDA receptor synaptonuclear signaling and neuronal migration factor	0.256	2.092
116225	ZMYND19	zinc finger MYND-type containing 19	0.515	7.49
651337	LOC651337	uncharacterized LOC651337	0.55	1.877
643224	TUBBP5	tubulin beta pseudogene 5	0.748	3.535
105376333	LOC105376333	uncharacterized LOC105376333	-0.477	2.206
102724813	LOC102724813	protein FRG1B	0.519	2.61
347688	TUBB8	tubulin beta 8 class VIII	0.647	3.085
107984190	LOC107984190	uncharacterized LOC107984190	0.622	6.662
22982	DIP2C	disco interacting protein 2 homolog C	0.225	2.545
414235	DIP2C-AS1	DIP2C antisense RNA 1	0.904	2.676
107984285	LOC107984285	replaced by ID 23185	-0.707	3.928
5214	PFKP	phosphofructokinase, platelet	-0.226	1.496
10531	PITRM1	pitrilysin metallopeptidase 1	0.217	2.101
105376369	LOC105376369	uncharacterized LOC105376369	-1.268	3.504
100216001	MANCR	mitotically associated long non coding RNA	0.833	1.382
1645	AKR1C1	aldo-keto reductase family 1 member C1	0.833	3.336
1646	AKR1C2	aldo-keto reductase family 1 member C2	0.811	3.129
8644	AKR1C3	aldo-keto reductase family 1 member C3	0.748	3.59
1109	AKR1C4	aldo-keto reductase family 1 member C4	0.639	2.319
10276	NET1	neuroepithelial cell transforming 1	-0.208	1.415
54906	TASOR2	transcription activation suppressor family member 2	0.301	5.976
2665	GDI2	GDP dissociation inhibitor 2	0.247	4.952
84893	FBH1	F-box DNA helicase 1	0.479	15.024
105376384	LOC105376384	uncharacterized LOC105376384	0.24	3.323
107984200	LOC107984200	uncharacterized LOC107984200	0.474	2.124
84991	RBM17	RNA binding motif protein 17	0.407	9.952
5209	PFKFB3	6-phosphofructo-2-kinase/fructose-2,6-biphosphatase 3	0.764	4.389
5588	PRKCQ	protein kinase C theta	-0.722	1.378
80760	ITIH5	inter-alpha-trypsin inhibitor heavy chain 5	-1.152	9.707
509	ATP5F1C	ATP synthase F1 subunit gamma	0.307	1.852
83860	TAF3	TATA-box binding protein associated factor 3	0.203	1.998
414196	CELF2-AS1	CELF2 antisense RNA 1	0.591	1.383
9712	USP6NL	USP6 N-terminal like	-0.336	3.83
254427	PROSER2	proline and serine rich 2	-0.578	2.188
26019	UPF2	UPF2 regulator of nonsense mediated mRNA decay	0.502	10.454
55176	SEC61A2	SEC61 translocon subunit alpha 2	-0.199	1.669
11164	NUDT5	nudix hydrolase 5	0.45	9.124
8872	CDC123	cell division cycle 123	0.418	8.393
57118	CAMK1D	calcium/calmodulin dependent protein kinase ID	0.772	2.378
83643	CCDC3	coiled-coil domain containing 3	-1.061	4.865
10133	OPTN	optineurin	0.678	12.328
222389	BEND7	BEN domain containing 7	0.42	4.931
8559	PRPF18	pre-mRNA processing factor 18	0.236	5.436
55691	FRMD4A	FERM domain containing 4A	0.264	1.929
83641	FAM107B	family with sequence similarity 107 member B	-0.508	1.831
79723	SUV39H2	SUV39H2 histone lysine methyltransferase	-0.284	1.683
10557	RPP38	ribonuclease P/MRP subunit p38	0.224	2.063
9397	NMT2	N-myristoyltransferase 2	0.229	1.481
107984210	LOC107984210	uncharacterized LOC107984210	0.391	2.138
100192204	PPIAP30	peptidylprolyl isomerase A pseudogene 30	-0.502	1.857
8516	ITGA8	integrin subunit alpha 8	-0.706	2.299
80013	MINDY3	MINDY lysine 48 deubiquitinase 3	-0.211	1.903
9317	PTER	phosphotriesterase related	0.687	5.914
389941	C1QL3	complement C1q like 3	1.122	1.846
6251	RSU1	Ras suppressor protein 1	0.487	6.453
100507347	VIM-AS1	VIM antisense RNA 1	-0.577	3.556
9200	HACD1	3-hydroxyacyl-CoA dehydratase 1	0.313	2.565
8027	STAM	signal transducing adaptor molecule	-0.203	1.453
783	CACNB2	calcium voltage-gated channel auxiliary subunit beta 2	0.647	3.02
84898	PLXDC2	plexin domain containing 2	-0.749	3.727
10529	NEBL	nebulette	0.336	2.667
387640	SKIDA1	SKI/DACH domain containing 1	0.433	1.676
8028	MLLT10	MLLT10 histone lysine methyltransferase DOT1L cofactor	0.202	1.379
64215	DNAJC1	DnaJ heat shock protein family (Hsp40) member C1	0.453	5.082
100130992	LOC100130992	uncharacterized LOC100130992	-0.819	5.194
100532731	COMMD3-BMI1	COMMD3-BMI1 readthrough	0.123	1.528
5305	PIP4K2A	phosphatidylinositol-5-phosphate 4-kinase type 2 alpha	-0.342	1.807
256815	C10orf67	chromosome 10 open reading frame 67	-0.783	4.005
220213	OTUD1	OTU deubiquitinase 1	-1.253	3.985
56243	KIAA1217	KIAA1217	0.268	2.382
57584	ARHGAP21	Rho GTPase activating protein 21	0.343	4.145
10006	ABI1	abl interactor 1	-0.182	1.408
387644	FAM238C	family with sequence similarity 238 member C	0.619	1.652
22852	ANKRD26	ankyrin repeat domain containing 26	0.511	5.068
10730	YME1L1	YME1 like 1 ATPase	0.24	5.999
91452	ACBD5	acyl-CoA binding domain containing 5	0.391	4.285
387646	LRRC37A6P	leucine rich repeat containing 37 member A6, pseudogene	0.662	3.247
105376463	LINC02680	long intergenic non-protein coding RNA 2680	-0.743	1.606
55130	ODAD2	outer dynein arm docking complex subunit 2	-1.008	2.214
220906	WAC-AS1	WAC antisense RNA 1 (head to head)	0.263	5.936
51322	WAC	WW domain containing adaptor with coiled-coil	0.213	2.192
6840	SVIL	supervillin	-0.235	1.554
107984172	LOC107984172	uncharacterized LOC107984172	0.967	2.112
57608	JCAD	junctional cadherin 5 associated	-0.314	1.788
1326	MAP3K8	mitogen-activated protein kinase kinase kinase 8	0.546	3.739
645954	SVIL2P	supervillin family member 2, pseudogene	-0.32	2.212
220929	ZNF438	zinc finger protein 438	0.308	3.616
220930	ZEB1-AS1	ZEB1 antisense RNA 1	-0.204	1.441
94134	ARHGAP12	Rho GTPase activating protein 12	0.231	1.618
107984219	LOC107984219	uncharacterized LOC107984219	0.49	3.952
3688	ITGB1	integrin subunit beta 1	0.598	5.809
56288	PARD3	par-3 family cell polarity regulator	0.474	7.855
8453	CUL2	cullin 2	0.31	6.214
57209	ZNF248	zinc finger protein 248	0.179	1.593
7581	ZNF33A	zinc finger protein 33A	0.46	5.482
7587	ZNF37A	zinc finger protein 37A	0.339	4.408
285961	SEPTIN7P9	septin 7 pseudogene 9	-0.543	3.928
100129482	ZNF37BP	zinc finger protein 37B, pseudogene	0.385	2.633
7582	ZNF33B	zinc finger protein 33B	0.412	3.218
9790	BMS1	BMS1 ribosome biogenesis factor	0.327	11.477
55454	CSGALNACT2	chondroitin sulfate N-acetylgalactosaminyltransferase 2	-0.295	1.573
221002	RASGEF1A	RasGEF domain family member 1A	0.661	2.003
3185	HNRNPF	heterogeneous nuclear ribonucleoprotein F	0.255	6.024
105379857	LOC105379857	replaced by ID 642819	-0.789	2.787
8187	ZNF239	zinc finger protein 239	0.325	1.67
220992	ZNF485	zinc finger protein 485	0.299	2.065
7580	ZNF32	zinc finger protein 32	0.362	3.641
414208	ZNF32-AS2	ZNF32 antisense RNA 2	0.298	3.242
220980	TMEM72-AS1	TMEM72 antisense RNA 1	-1.257	4.998
240	ALOX5	arachidonate 5-lipoxygenase	0.568	1.87
220972	MARCHF8	membrane associated ring-CH-type finger 8	0.294	5.106
253725	WASHC2C	WASH complex subunit 2C	0.231	2.108
728407	PARGP1	poly(ADP-ribose) glycohydrolase pseudogene 1	0.229	1.823
100287932	TIMM23	translocase of inner mitochondrial membrane 23	0.523	8.422
728643	HNRNPA1P33	heterogeneous nuclear ribonucleoprotein A1 pseudogene 33	-0.786	10.539
414212	GLUD1P2	glutamate dehydrogenase 1 pseudogene 2	-0.314	1.47
2662	GDF10	growth differentiation factor 10	-2.587	11.37
58504	ARHGAP22	Rho GTPase activating protein 22	-0.976	7.073
100506769	C10orf71-AS1	C10orf71 antisense RNA 1	-0.545	2.643
118461	C10orf71	chromosome 10 open reading frame 71	-0.32	2.07
55753	OGDHL	oxoglutarate dehydrogenase L	-1.08	1.949
8505	PARG	poly(ADP-ribose) glycohydrolase	0.221	2.745
414189	AGAP6	ArfGAP with GTPase domain, ankyrin repeat and PH domain 6	-0.166	1.686
387680	WASHC2A	WASH complex subunit 2A	0.236	1.69
56624	ASAH2	N-acylsphingosine amidohydrolase 2	0.22	1.303
105378302	LOC105378302	uncharacterized LOC105378302	0.421	1.471
23283	CSTF2T	cleavage stimulation factor subunit 2 tau variant	-0.157	1.73
100506939	PRKG1-AS1	PRKG1 antisense RNA 1	-0.374	1.679
65217	PCDH15	protocadherin related 15	-1.281	2.526
55847	CISD1	CDGSH iron sulfur domain 1	0.333	5.899
80114	BICC1	BicC family RNA binding protein 1	-0.394	1.406
100507008	LINC00844	long intergenic non-protein coding RNA 844	1.179	3.509
220963	SLC16A9	solute carrier family 16 member 9	-2.505	17.757
288	ANK3	ankyrin 3	0.283	1.869
107987153	LOC107987153		-1.202	1.917
983	CDK1	cyclin dependent kinase 1	0.781	3.355
9886	RHOBTB1	Rho related BTB domain containing 1	-0.328	1.554
84159	ARID5B	AT-rich interaction domain 5B	-0.479	1.394
22891	ZNF365	zinc finger protein 365	-2.826	10.002
84890	ADO	2-aminoethanethiol dioxygenase	-0.349	2.352
1959	EGR2	early growth response 2	-2.142	4.765
305	ANXA2P3	annexin A2 pseudogene 3	-0.523	2.227
84665	MYPN	myopalladin	-0.352	1.568
64081	PBLD	phenazine biosynthesis like protein domain containing	-0.408	3.119
1763	DNA2	DNA replication helicase/nuclease 2	0.566	2.737
8034	SLC25A16	solute carrier family 25 member 16	-0.355	5.114
55749	CCAR1	cell division cycle and apoptosis regulator 1	0.348	3.48
219736	STOX1	storkhead box 1	0.719	1.67
9188	DDX21	DExD-box helicase 21	0.209	1.63
9559	VPS26A	VPS26 retromer complex component A	0.146	2.285
6832	SUPV3L1	Suv3 like RNA helicase	0.235	2.473
3098	HK1	hexokinase 1	0.209	2.675
219738	FAM241B	family with sequence similarity 241 member B	-0.449	2.353
84883	AIFM2	apoptosis inducing factor mitochondria associated 2	0.331	4.411
5464	PPA1	inorganic pyrophosphatase 1	0.497	6.332
1979	EIF4EBP2	eukaryotic translation initiation factor 4E binding protein 2	0.355	3.149
27143	PALD1	phosphatase domain containing paladin 1	-0.406	2.725
5551	PRF1	perforin 1	-0.871	2.117
5092	PCBD1	pterin-4 alpha-carbinolamine dehydratase 1	0.195	1.621
219699	UNC5B	unc-5 netrin receptor B	-0.478	1.317
728978	UNC5B-AS1	UNC5B antisense RNA 1	-1.057	3.05
64072	CDH23	cadherin related 23	-0.705	3.285
105378356	LOC105378356	uncharacterized LOC105378356	1.569	2.739
64115	VSIR	V-set immunoregulatory receptor	0.331	1.686
9469	CHST3	carbohydrate sulfotransferase 3	-0.381	1.795
9806	SPOCK2	SPARC (osteonectin), cwcv and kazal like domains proteoglycan 2	-0.466	1.42
54541	DDIT4	DNA damage inducible transcript 4	-0.623	1.307
10367	MICU1	mitochondrial calcium uptake 1	0.172	2.676
109617000	SNORA11F	small nucleolar RNA, H/ACA box 11F	0.608	1.577
414245	DNAJC9-AS1	DNAJC9 and MRPS16 antisense RNA 1	-0.302	2.578
51021	MRPS16	mitochondrial ribosomal protein S16	0.16	1.458
118491	CFAP70	cilia and flagella associated protein 70	-0.395	2.321
310	ANXA7	annexin A7	-0.247	4.733
118490	MSS51	MSS51 mitochondrial translational activator	-1.426	8.879
58529	MYOZ1	myozenin 1	-1.903	8.425
79933	SYNPO2L	synaptopodin 2 like	-0.503	2.87
729096	BMS1P4	BMS1 pseudogene 4	0.214	1.33
118487	CHCHD1	coiled-coil-helix-coiled-coil-helix domain containing 1	0.304	2.972
8509	NDST2	N-deacetylase and N-sulfotransferase 2	-0.172	2.567
818	CAMK2G	calcium/calmodulin dependent protein kinase II gamma	-0.178	1.31
132	ADK	adenosine kinase	0.208	1.875
102723439	LOC102723439	uncharacterized LOC102723439	0.468	3.096
23522	KAT6B	lysine acetyltransferase 6B	0.374	3.559
51207	DUSP13	dual specificity phosphatase 13	1.227	8.257
142891	SAMD8	sterile alpha motif domain containing 8	0.448	3.561
83938	LRMDA	leucine rich melanocyte differentiation associated	1.289	7.299
3778	KCNMA1	potassium calcium-activated channel subfamily M alpha 1	-1.001	3.669
6229	RPS24	ribosomal protein S24	0.6	5.379
101929506	LOC101929506	uncharacterized LOC101929506	0.627	4.763
101060691	NUTM2B-AS1	NUTM2B antisense RNA 1	0.263	1.861
8512	MBL1P	mannose binding lectin 1, pseudogene	-0.891	3.849
6441	SFTPD	surfactant protein D	-0.612	2.026
219348	PLAC9	placenta associated 9	-0.529	2.483
84293	PRXL2A	peroxiredoxin like 2A	0.642	8.258
92211	CDHR1	cadherin related family member 1	0.608	2.1
5995	RGR	retinal G protein coupled receptor	2.459	6.513
23063	WAPL	WAPL cohesin release factor	0.164	2.011
6623	SNCG	synuclein gamma	0.413	2.161
10974	ADIRF	adipogenesis regulatory factor	0.348	1.376
728190	NUTM2A-AS1	NUTM2A antisense RNA 1	0.412	1.725
9562	MINPP1	multiple inositol-polyphosphate phosphatase 1	-0.208	2.36
118932	ANKRD22	ankyrin repeat domain 22	-1.772	2.377
9023	CH25H	cholesterol 25-hydroxylase	-2.218	2.922
105378419	LOC105378419	uncharacterized LOC105378419	-1.105	5.799
101926887	LOC101926887	uncharacterized LOC101926887	-1.234	3.565
439996	IFIT1B	interferon induced protein with tetratricopeptide repeats 1B	0.563	1.466
27063	ANKRD1	ankyrin repeat domain 1	-0.694	2.644
105378427	XLOC_008559	uncharacterized LOC105378427	1.301	1.55
143279	HECTD2	HECT domain E3 ubiquitin protein ligase 2	-0.402	2.308
105378433	LOC105378433	uncharacterized LOC105378433	-1.164	4.817
143282	FGFBP3	fibroblast growth factor binding protein 3	-0.392	1.314
3416	IDE	insulin degrading enzyme	0.37	4.25
3832	KIF11	kinesin family member 11	0.514	2.068
55165	CEP55	centrosomal protein 55	2.388	8.447
118924	FRA10AC1	FRA10A associated CGG repeat 1	0.217	1.858
51196	PLCE1	phospholipase C epsilon 1	-1.18	8.041
100128054	PLCE1-AS1	PLCE1 antisense RNA 1	-0.915	3.622
9124	PDLIM1	PDZ and LIM domain 1	-0.405	3.094
26123	TCTN3	tectonic family member 3	-0.29	3.245
7093	TLL2	tolloid like 2	-0.951	3.924
105378443	LOC105378443	uncharacterized LOC105378443	0.289	1.432
118788	PIK3AP1	phosphoinositide-3-kinase adaptor protein 1	0.466	2.243
102723665	LOC102723665	uncharacterized LOC102723665	-0.394	2.171
84986	ARHGAP19	Rho GTPase activating protein 19	-0.204	1.472
23223	RRP12	ribosomal RNA processing 12 homolog	-0.643	2.729
644215	LOC644215	uncharacterized LOC644215	-0.438	1.482
5223	PGAM1	phosphoglycerate mutase 1	-0.195	1.518
84287	ZDHHC16	zinc finger DHHC-type palmitoyltransferase 16	0.497	6.726
80019	UBTD1	ubiquitin domain containing 1	0.349	2.046
112817	HOGA1	4-hydroxy-2-oxoglutarate aldolase 1	0.776	3.258
118812	MORN4	MORN repeat containing 4	-0.571	4.447
55361	PI4K2A	phosphatidylinositol 4-kinase type 2 alpha	-0.367	4.412
83742	MARVELD1	MARVEL domain containing 1	-0.723	4.59
118813	ZFYVE27	zinc finger FYVE-type containing 27	-0.66	12.289
6425	SFRP5	secreted frizzled related protein 5	-1.717	1.75
27291	R3HCC1L	R3H domain and coiled-coil containing 1 like	0.16	1.768
3257	HPS1	HPS1 biogenesis of lysosomal organelles complex 3 subunit 1	-0.257	1.394
101927300	GOT1-DT	GOT1 divergent transcript	-0.451	3.87
1355	COX15	cytochrome c oxidase assembly homolog COX15	-0.186	3.416
51076	CUTC	cutC copper transporter	0.267	1.812
1244	ABCC2	ATP binding cassette subfamily C member 2	0.745	3.784
6319	SCD	stearoyl-CoA desaturase	1.861	4.177
56652	TWNK	twinkle mtDNA helicase	0.233	2.414
84445	LZTS2	leucine zipper tumor suppressor 2	-0.174	1.536
79955	PDZD7	PDZ domain containing 7	-0.31	2.553
81621	KAZALD1	Kazal type serine peptidase inhibitor domain 1	-1.039	6.725
8945	BTRC	beta-transducin repeat containing E3 ubiquitin protein ligase	0.185	1.48
27343	POLL	DNA polymerase lambda	-0.241	2.549
100289509	KCNIP2-AS1	KCNIP2 antisense RNA 1	1.676	3.841
30819	KCNIP2	potassium voltage-gated channel interacting protein 2	1.539	3.15
79803	HPS6	HPS6 biogenesis of lysosomal organelles complex 2 subunit 3	-0.376	4.437
23082	PPRC1	PPARG related coactivator 1	-0.234	2.295
79176	FBXL15	F-box and leucine rich repeat protein 15	-0.381	2.219
10121	ACTR1A	actin related protein 1A	0.216	2.986
81603	TRIM8	tripartite motif containing 8	0.384	3.925
105378460	LOC105378460	uncharacterized LOC105378460	0.543	5.22
403	ARL3	ADP ribosylation factor like GTPase 3	0.419	7.729
100528007	BORCS7-ASMT	BORCS7-ASMT readthrough (NMD candidate)	0.341	2.158
119032	BORCS7	BLOC-1 related complex subunit 7	-0.269	1.692
57412	AS3MT	arsenite methyltransferase	0.369	2.185
54805	CNNM2	cyclin and CBS domain divalent metal cation transport mediator 2	-0.256	1.982
6877	TAF5	TATA-box binding protein associated factor 5	0.321	2.818
9148	NEURL1	neuralized E3 ubiquitin protein ligase 1	-0.892	3.008
79991	STN1	STN1 subunit of CST complex	0.307	4.269
119392	SFR1	SWI5 dependent homologous recombination repair protein 1	-0.254	1.876
119391	GSTO2	glutathione S-transferase omega 2	-0.599	2.672
85450	ITPRIP	inositol 1,4,5-trisphosphate receptor interacting protein	-0.556	2.3
159686	CFAP58	cilia and flagella associated protein 58	-0.341	1.701
4601	MXI1	MAX interactor 1, dimerization protein	0.22	1.33
10285	SMNDC1	survival motor neuron domain containing 1	-0.178	1.702
1847	DUSP5	dual specificity phosphatase 5	-1.034	3.931
9126	SMC3	structural maintenance of chromosomes 3	0.344	5.154
100616113	MIR4680	microRNA 4680	-1.088	4.513
92482	BBIP1	BBSome interacting protein 1	0.206	2.431
57678	GPAM	glycerol-3-phosphate acyltransferase, mitochondrial	0.57	3.047
143187	VTI1A	vesicle transport through interaction with t-SNAREs 1A	0.29	4.372
6934	TCF7L2	transcription factor 7 like 2	-0.205	1.551
107984270	LOC107984270	uncharacterized LOC107984270	-1.481	3.128
3026	HABP2	hyaluronan binding protein 2	-0.663	3.895
840	CASP7	caspase 7	0.323	2.111
9937	DCLRE1A	DNA cross-link repair 1A	0.335	3.041
153	ADRB1	adrenoceptor beta 1	0.708	2.037
3983	ABLIM1	actin binding LIM protein 1	0.375	4.07
142940	TRUB1	TruB pseudouridine synthase family member 1	-0.681	4.635
26033	ATRNL1	attractin like 1	-2.984	14.039
2674	GFRA1	GDNF family receptor alpha 1	0.745	2.272
105378499	HSPA12A-AS1	HSPA12A antisense RNA 1	0.659	6.809
259217	HSPA12A	heat shock protein family A (Hsp70) member 12A	0.634	6.99
57698	SHTN1	shootin 1	0.5	2.944
255082	CASC2	cancer susceptibility 2	-0.696	2.286
8661	EIF3A	eukaryotic translation initiation factor 3 subunit A	0.33	5.8
404636	DENND10	DENN domain containing 10	0.165	2.315
2869	GRK5	G protein-coupled receptor kinase 5	0.493	3.135
7073	TIAL1	TIA1 cytotoxic granule associated RNA binding protein like 1	0.161	2.676
22876	INPP5F	inositol polyphosphate-5-phosphatase F	-0.353	2.185
79892	MCMBP	minichromosome maintenance complex binding protein	0.103	1.503
11196	SEC23IP	SEC23 interacting protein	0.188	2.428
10579	TACC2	transforming acidic coiled-coil containing protein 2	0.297	2.657
387715	ARMS2	age-related maculopathy susceptibility 2	-2.193	5.244
5654	HTRA1	HtrA serine peptidase 1	-0.739	7.506
105378526	LOC105378526		-0.861	4.49
119587	CPXM2	carboxypeptidase X, M14 family member 2	-1.674	4.959
4942	OAT	ornithine aminotransferase	-0.283	5.157
101927944	FAM53B-AS1	FAM53B antisense RNA 1	0.89	3.466
399818	EEF1AKMT2	EEF1A lysine methyltransferase 2	-0.262	2.885
23172	ABRAXAS2	abraxas 2, BRISC complex subunit	0.183	4.427
54764	ZRANB1	zinc finger RANBP2-type containing 1	0.344	3.739
1488	CTBP2	C-terminal binding protein 2	0.132	1.61
399821	EDRF1-DT	EDRF1 divergent transcript	0.405	1.476
26098	EDRF1	erythroid differentiation regulatory factor 1	0.131	2.034
56647	BCCIP	BRCA2 and CDKN1A interacting protein	0.177	1.816
92565	FANK1	fibronectin type III and ankyrin repeat domains 1	-0.557	2.485
105378550	LOC105378550	uncharacterized LOC105378550	-0.663	1.319
1793	DOCK1	dedicator of cytokinesis 1	-0.274	3.72
642938	INSYN2A	inhibitory synaptic factor 2A	-1.759	6.435
4288	MKI67	marker of proliferation Ki-67	2.21	6.708
102724883	LOC102724883	uncharacterized LOC102724883	-0.54	1.703
10539	GLRX3	glutaredoxin 3	0.399	5.593
55844	PPP2R2D	protein phosphatase 2 regulatory subunit Bdelta	0.346	4.617
282973	JAKMIP3	Janus kinase and microtubule interacting protein 3	0.565	3.31
107984282	LOC107984282	uncharacterized LOC107984282	0.815	3.666
3632	INPP5A	inositol polyphosphate-5-phosphatase A	0.162	1.641
101	ADAM8	ADAM metallopeptidase domain 8	-0.78	3.572
118472	ZNF511	zinc finger protein 511	0.243	2.31
282969	FUOM	fucose mutarotase	0.348	1.497
196743	PAOX	polyamine oxidase	0.282	1.723
100133161	LINC01001	long intergenic non-protein coding RNA 1001	-0.606	3.663
101930129	LOC101930129	uncharacterized LOC101930129	0.63	3.237
51272	BET1L	Bet1 golgi vesicular membrane trafficking protein like	-0.241	3.888
5719	PSMD13	proteasome 26S subunit, non-ATPase 13	0.159	1.641
171389	NLRP6	NLR family pyrin domain containing 6	-1.184	1.615
80162	PGGHG	protein-glucosylgalactosylhydroxylysine glucosidase	-0.452	2.368
10581	IFITM2	interferon induced transmembrane protein 2	0.492	5.128
101059906	LOC101059906		-0.508	1.621
8045	RASSF7	Ras association domain family member 7	0.418	1.925
143666	LOC143666	uncharacterized LOC143666	0.525	2.139
3665	IRF7	interferon regulatory factor 7	-0.479	1.835
1815	DRD4	dopamine receptor D4	-1.822	3.676
283232	TMEM80	transmembrane protein 80	-0.576	3.998
6888	TALDO1	transaldolase 1	0.256	2.341
347862	GATD1	glutamine amidotransferase class 1 domain containing 1	-0.299	6.439
51286	CEND1	cell cycle exit and neuronal differentiation 1	0.549	1.325
79751	SLC25A22	solute carrier family 25 member 22	-0.409	4.681
7106	TSPAN4	tetraspanin 4	-0.526	5.943
66005	CHID1	chitinase domain containing 1	-0.299	3.766
54472	TOLLIP	toll interacting protein	-0.165	2.086
1850	DUSP8	dual specificity phosphatase 8	-0.681	2.66
4046	LSP1	lymphocyte specific protein 1	-0.911	3.365
100133545	MRPL23-AS1	MRPL23 antisense RNA 1	-0.98	2.828
3481	IGF2	insulin like growth factor 2	-0.672	2.743
723961	INS-IGF2	INS-IGF2 readthrough	-0.686	2.86
51214	IGF2-AS	IGF2 antisense RNA	-1.053	3.229
29125	C11orf21	chromosome 11 open reading frame 21	0.543	2.666
3784	KCNQ1	potassium voltage-gated channel subfamily Q member 1	0.209	1.525
1028	CDKN1C	cyclin dependent kinase inhibitor 1C	-0.948	5.37
5002	SLC22A18	solute carrier family 22 member 18	-0.668	5.584
114879	OSBPL5	oxysterol binding protein like 5	-0.181	1.553
7748	ZNF195	zinc finger protein 195	0.232	2.98
107984301	LOC107984301	uncharacterized LOC107984301	-1.644	3.927
116969	ART5	ADP-ribosyltransferase 5	1.013	2.595
6786	STIM1	stromal interaction molecule 1	-0.532	3.416
100616453	MIR4687	microRNA 4687	-0.958	5.119
3043	HBB	hemoglobin subunit beta	-2.511	7.292
3045	HBD	hemoglobin subunit delta	-4.302	7.991
85363	TRIM5	tripartite motif containing 5	0.288	1.552
84067	FHIP1B	FHF complex subunit HOOK interacting protein 1B	-0.451	11.734
6609	SMPD1	sphingomyelin phosphodiesterase 1	0.226	1.559
322	APBB1	amyloid beta precursor protein binding family B member 1	0.306	3.114
3263	HPX	hemopexin	-0.864	3.561
1200	TPP1	tripeptidyl peptidase 1	0.19	2.442
8642	DCHS1	dachsous cadherin-related 1	-0.626	3.982
63875	MRPL17	mitochondrial ribosomal protein L17	0.286	2.849
283298	OLFML1	olfactomedin like 1	-0.42	1.37
8495	PPFIBP2	PPFIA binding protein 2	0.258	1.486
8665	EIF3F	eukaryotic translation initiation factor 3 subunit F	-0.257	4.855
7275	TUB	TUB bipartite transcription factor	-0.301	1.76
4004	LMO1	LIM domain only 1	1.252	3.253
6157	RPL27A	ribosomal protein L27a	0.333	2.619
105376541	NRIP3-DT	NRIP3 divergent transcript	-1.533	4.773
57758	SCUBE2	signal peptide, CUB domain and EGF like domain containing 2	-2.28	11.251
440026	TMEM41B	transmembrane protein 41B	-0.276	1.513
10527	IPO7	importin 7	0.311	4.236
7702	ZNF143	zinc finger protein 143	0.345	4.528
7465	WEE1	WEE1 G2 checkpoint kinase	-0.65	5.674
81846	SBF2	SET binding factor 2	0.137	1.318
272	AMPD3	adenosine monophosphate deaminase 3	0.391	1.837
10894	LYVE1	lymphatic vessel endothelial hyaluronan receptor 1	0.982	3.403
9646	CTR9	CTR9 homolog, Paf1/RNA polymerase II complex component	0.134	1.467
729013	ZBED5-AS1	ZBED5 antisense RNA 1	0.297	1.68
374378	GALNT18	polypeptide N-acetylgalactosaminyltransferase 18	-0.273	1.411
283106	CSNK2A3	casein kinase 2 alpha 3	0.259	4.296
55031	USP47	ubiquitin specific peptidase 47	0.314	4.437
9645	MICAL2	microtubule associated monooxygenase, calponin and LIM domain containing 2	-0.471	4.542
55742	PARVA	parvin alpha	0.258	2.451
7003	TEAD1	TEA domain transcription factor 1	0.536	5.862
406	BMAL1	basic helix-loop-helix ARNT like 1	0.566	1.442
22800	RRAS2	RAS related 2	-0.994	4.222
55553	SOX6	SRY-box transcription factor 6	-0.407	4.098
4925	NUCB2	nucleobindin 2	0.348	3.895
374383	NCR3LG1	natural killer cell cytotoxicity receptor 3 ligand 1	-0.685	3.676
107984316	LOC107984316	replaced by ID 374383	-0.899	5.146
3767	KCNJ11	potassium inwardly rectifying channel subfamily J member 11	0.583	2.629
6288	SAA1	serum amyloid A1	3.654	4.943
11234	HPS5	HPS5 biogenesis of lysosomal organelles complex 2 subunit 2	-0.185	1.862
3939	LDHA	lactate dehydrogenase A	0.805	5.647
55293	UEVLD	UEV and lactate/malate dehyrogenase domains	0.415	6.987
8048	CSRP3	cysteine and glycine rich protein 3	-0.541	2.454
105376580	CSRP3-AS1	CSRP3 and E2F8 antisense RNA 1	-0.762	2.794
79733	E2F8	E2F transcription factor 8	0.513	1.625
89797	NAV2	neuron navigator 2	-0.513	4.244
100126784	NAV2-AS6	NAV2 antisense RNA 6	-1.07	8.55
10553	HTATIP2	HIV-1 Tat interactive protein 2	0.915	8.539
10196	PRMT3	protein arginine methyltransferase 3	0.424	3.95
203859	ANO5	anoctamin 5	0.345	2.001
387758	FIBIN	fin bud initiation factor homolog	-0.837	3.063
91057	CCDC34	coiled-coil domain containing 34	0.647	2.974
55366	LGR4	leucine rich repeat containing G protein-coupled receptor 4	0.745	5.193
55327	LIN7C	lin-7 homolog C, crumbs cell polarity complex component	-0.295	1.402
497258	BDNF-AS	BDNF antisense RNA	-0.437	1.807
106456574	LINC01616	long intergenic non-protein coding RNA 1616	-1.691	8.57
3739	KCNA4	potassium voltage-gated channel subfamily A member 4	-0.969	5.143
196294	IMMP1L	inner mitochondrial membrane peptidase subunit 1	0.269	2.378
26610	ELP4	elongator acetyltransferase complex subunit 4	0.19	2.118
5954	RCN1	reticulocalbin 1	0.558	5.671
10480	EIF3M	eukaryotic translation initiation factor 3 subunit M	0.319	6.725
493860	CCDC73	coiled-coil domain containing 73	0.522	6.369
105376615	LOC105376615	uncharacterized LOC105376615	0.74	3.33
966	CD59	CD59 molecule (CD59 blood group)	0.488	8.863
101929918	LOC101929918	uncharacterized LOC101929918	-0.486	1.602
25841	ABTB2	ankyrin repeat and BTB domain containing 2	-0.692	3.054
102723539	LOC102723539		-0.455	2.288
26298	EHF	ETS homologous factor	1.467	4.041
24147	FJX1	four-jointed box kinase 1	-0.652	1.828
29099	COMMD9	COMM domain containing 9	0.237	2.404
79899	PRR5L	proline rich 5 like	-0.621	1.513
119710	IFTAP	intraflagellar transport associated protein	0.396	4.379
8539	API5	apoptosis inhibitor 5	0.123	1.848
55761	TTC17	tetratricopeptide repeat domain 17	0.14	2.015
107984328	LOC107984328	uncharacterized LOC107984328	0.355	1.776
221120	ALKBH3	alkB homolog 3, alpha-ketoglutarate dependent dioxygenase	0.686	12.555
84680	ACCS	1-aminocyclopropane-1-carboxylate synthase homolog (inactive)	-0.451	2.285
2132	EXT2	exostosin glycosyltransferase 2	-0.145	1.708
57586	SYT13	synaptotagmin 13	1.018	2.663
8534	CHST1	carbohydrate sulfotransferase 1	0.421	1.618
1408	CRY2	cryptochrome circadian regulator 2	-0.415	3.874
9409	PEX16	peroxisomal biogenesis factor 16	-0.408	3.958
90993	CREB3L1	cAMP responsive element binding protein 3 like 1	0.56	3.491
4192	MDK	midkine	-1.387	10.876
55626	AMBRA1	autophagy and beclin 1 regulator 1	-0.247	5.202
9776	ATG13	autophagy related 13	-0.187	1.851
392	ARHGAP1	Rho GTPase activating protein 1	-0.753	10.58
79797	ZNF408	zinc finger protein 408	-0.502	6.492
9793	CKAP5	cytoskeleton associated protein 5	0.326	6.971
100507401	LRP4-AS1	LRP4 antisense RNA 1	0.56	3.16
4038	LRP4	LDL receptor related protein 4	0.532	4.984
79096	CSTPP1	centriolar satellite-associated tubulin polyglutamylase complex regulator 1	-0.305	4.44
107984329	LOC107984329		-0.824	5.881
1643	DDB2	damage specific DNA binding protein 2	0.257	1.516
10062	NR1H3	nuclear receptor subfamily 1 group H member 3	0.321	1.61
8567	MADD	MAP kinase activating death domain	0.295	1.878
91252	SLC39A13	solute carrier family 39 member 13	-0.257	2.455
5702	PSMC3	proteasome 26S subunit, ATPase 3	0.208	1.605
399888	FAM180B	family with sequence similarity 180 member B	-2.75	6.391
114900	C1QTNF4	C1q and TNF related 4	-0.814	2.847
23360	FNBP4	formin binding protein 4	0.532	4.981
85456	TNKS1BP1	tankyrase 1 binding protein 1	-0.25	2.272
6749	SSRP1	structure specific recognition protein 1	0.169	1.575
51075	TMX2	thioredoxin related transmembrane protein 2	0.152	1.458
9404	LPXN	leupaxin	-0.281	2.259
80829	ZFP91	ZFP91 zinc finger protein, atypical E3 ubiquitin ligase	0.274	4.069
386607	ZFP91-CNTF	ZFP91-CNTF readthrough (NMD candidate)	0.458	4.948
23220	DTX4	deltex E3 ubiquitin ligase 4	-0.767	3.703
5007	OSBP	oxysterol binding protein	0.166	2.646
219988	PATL1	PAT1 homolog 1, processing body mRNA decay factor	0.176	2.833
11251	PTGDR2	prostaglandin D2 receptor 2	-0.739	2.079
79073	TMEM109	transmembrane protein 109	-0.185	3.506
54972	TMEM132A	transmembrane protein 132A	-0.348	1.674
923	CD6	CD6 molecule	-1.378	4.486
921	CD5	CD5 molecule	-0.764	1.547
220001	VWCE	von Willebrand factor C and EGF domains	-0.465	1.467
26007	TKFC	triokinase and FMN cyclase	-0.511	8.87
79869	CPSF7	cleavage and polyadenylation specific factor 7	-0.227	2.917
54949	SDHAF2	succinate dehydrogenase complex assembly factor 2	0.421	4.96
220004	PPP1R32	protein phosphatase 1 regulatory subunit 32	-0.264	1.438
9066	SYT7	synaptotagmin 7	0.621	2.739
113157	RPLP0P2	ribosomal protein lateral stalk subunit P0 pseudogene 2	-0.497	2.316
3992	FADS1	fatty acid desaturase 1	0.327	2.37
3995	FADS3	fatty acid desaturase 3	0.27	1.415
7439	BEST1	bestrophin 1	0.82	6.406
107984334	LOC107984334	uncharacterized LOC107984334	-0.894	4.786
2495	FTH1	ferritin heavy chain 1	0.785	5.714
10647	SCGB1D2	secretoglobin family 1D member 2	1.381	2.063
64852	TUT1	terminal uridylyl transferase 1, U6 snRNA-specific	-0.334	4.861
256364	EML3	EMAP like 3	-0.272	2.381
26229	B3GAT3	beta-1,3-glucuronyltransferase 3	-0.268	2.454
80789	INTS5	integrator complex subunit 5	-0.376	4.716
79081	LBHD1	LBH domain containing 1	0.454	5.55
102288414	C11orf98	chromosome 11 open reading frame 98	0.542	6.384
751071	CSKMT	citrate synthase lysine methyltransferase	-0.353	1.471
790955	UQCC3	ubiquinol-cytochrome c reductase complex assembly factor 3	0.292	2.165
51035	UBXN1	UBX domain protein 1	0.245	2.346
221091	LRRN4CL	LRRN4 C-terminal like	-0.724	2.991
100534595	HNRNPUL2-BSCL2	HNRNPUL2-BSCL2 readthrough (NMD candidate)	0.208	3.938
2785	GNG3	G protein subunit gamma 3	-0.467	1.601
221092	HNRNPUL2	heterogeneous nuclear ribonucleoprotein U like 2	0.172	2.263
374395	TMEM179B	transmembrane protein 179B	0.152	1.568
79064	TMEM223	transmembrane protein 223	0.452	4.897
54663	WDR74	WD repeat domain 74	0.205	2.35
9297	SNORD29	small nucleolar RNA, C/D box 29	0.614	2.073
6520	SLC3A2	solute carrier family 3 member 2	-0.323	2.268
117245	PLAAT5	phospholipase A and acyltransferase 5	0.812	1.673
11145	PLAAT3	phospholipase A and acyltransferase 3	0.381	3.578
25923	ATL3	atlastin GTPase 3	-0.325	2.573
2011	MARK2	microtubule affinity regulating kinase 2	0.258	3.822
283248	RCOR2	REST corepressor 2	0.473	1.769
55611	OTUB1	OTU deubiquitinase, ubiquitin aldehyde binding 1	-0.119	1.384
101927673	LOC101927673		-0.463	2.537
10963	STIP1	stress induced phosphoprotein 1	0.294	2.372
2286	FKBP2	FKBP prolyl isomerase 2	0.608	7.583
114841035	LOC114841035	Uncharacterized protein LOC114841035	0.578	7.26
26472	PPP1R14B	protein phosphatase 1 regulatory inhibitor subunit 14B	0.857	7.27
105369340	PPP1R14B-AS1	PPP1R14B antisense RNA 1	0.858	2.315
51504	TRMT112	tRNA methyltransferase activator subunit 11-2	0.237	1.917
25824	PRDX5	peroxiredoxin 5	0.227	1.645
283234	CCDC88B	coiled-coil domain containing 88B	0.318	2.116
9379	NRXN2	neurexin 2	-1.599	6.528
5837	PYGM	glycogen phosphorylase, muscle associated	0.706	3.902
7536	SF1	splicing factor 1	-0.398	11.972
4221	MEN1	menin 1	0.147	1.333
23130	ATG2A	autophagy related 2A	-0.211	1.622
100528018	ARL2-SNX15	ARL2-SNX15 readthrough (NMD candidate)	0.204	2.2
29907	SNX15	sorting nexin 15	0.217	1.743
29901	SAC3D1	SAC3 domain containing 1	0.409	2.799
113130	CDCA5	cell division cycle associated 5	0.694	2.81
738	VPS51	VPS51 subunit of GARP complex	-0.382	6.179
741	ZNHIT2	zinc finger HIT-type containing 2	-0.308	1.453
2197	FAU	FAU ubiquitin like and ribosomal protein S30 fusion	-0.21	1.824
728975	CAPN1-AS1	CAPN1 antisense RNA 1	0.993	7.78
23649	POLA2	DNA polymerase alpha 2, accessory subunit	0.367	4.361
105369344	LOC105369344	uncharacterized LOC105369344	0.477	1.689
283130	SLC25A45	solute carrier family 25 member 45	-0.768	7.961
83786	FRMD8	FERM domain containing 8	-0.599	5.215
101927789	FAUP4	FAU pseudogene 4	0.415	1.41
378938	MALAT1	metastasis associated lung adenocarcinoma transcript 1	0.678	3.174
109136579	TALAM1	TALAM1 transcript, MALAT1 antisense RNA	0.66	3.09
109136578	MASCRNA	MALAT1-associated small cytoplasmic RNA	-1.049	3.172
57410	SCYL1	SCY1 like pseudokinase 1	0.164	1.757
4054	LTBP3	latent transforming growth factor beta binding protein 3	-0.914	13.589
23625	FAM89B	family with sequence similarity 89 member B	0.279	2.774
10089	KCNK7	potassium two pore domain channel subfamily K member 7	-0.736	1.885
4296	MAP3K11	mitogen-activated protein kinase kinase kinase 11	-0.299	4.243
399909	PCNX3	pecanex 3	-0.15	1.734
5970	RELA	RELA proto-oncogene, NF-kB subunit	-0.175	2.214
254122	SNX32	sorting nexin 32	0.189	1.639
1072	CFL1	cofilin 1	0.221	2.473
30008	EFEMP2	EGF containing fibulin extracellular matrix protein 2	-0.347	6.439
11007	CCDC85B	coiled-coil domain containing 85B	-0.568	3.457
83638	C11orf68	chromosome 11 open reading frame 68	-0.273	3.429
10589	DRAP1	DR1 associated protein 1	0.52	8.523
55690	PACS1	phosphofurin acidic cluster sorting protein 1	-0.361	1.744
64837	KLC2	kinesin light chain 2	0.372	3.956
105369352	KLC2-AS1	KLC2 antisense RNA 1	0.279	2.747
107984340	LOC107984340	uncharacterized LOC107984340	0.566	7.454
10897	YIF1A	Yip1 interacting factor homolog A, membrane trafficking protein	-0.261	1.93
9610	RIN1	Ras and Rab interactor 1	-0.507	2.863
25855	BRMS1	BRMS1 transcriptional repressor and anoikis regulator	0.268	1.757
3177	SLC29A2	solute carrier family 29 member 2	0.453	3.292
65003	MRPL11	mitochondrial ribosomal protein L11	0.274	2.509
246330	PELI3	pellino E3 ubiquitin protein ligase family member 3	0.264	1.393
10072	DPP3	dipeptidyl peptidase 3	0.443	3.31
582	BBS1	Bardet-Biedl syndrome 1	-0.256	3.359
254359	ZDHHC24	zinc finger DHHC-type containing 24	-0.302	4.383
55231	CCDC87	coiled-coil domain containing 87	-0.584	1.316
10432	RBM14	RNA binding motif protein 14	-0.429	5.198
83759	RBM4B	RNA binding motif protein 4B	0.168	1.577
6712	SPTBN2	spectrin beta, non-erythrocytic 2	-0.564	2.133
79703	C11orf80	chromosome 11 open reading frame 80	-0.958	3.571
9986	RCE1	Ras converting CAAX endopeptidase 1	-0.444	4.457
91683	SYT12	synaptotagmin 12	-1.104	1.445
29984	RHOD	ras homolog family member D	0.644	3.294
100130987	LOC100130987	uncharacterized LOC100130987	-0.596	1.85
5883	RAD9A	RAD9 checkpoint clamp component A	-0.201	1.834
5499	PPP1CA	protein phosphatase 1 catalytic subunit alpha	0.184	1.6
374403	TBC1D10C	TBC1 domain family member 10C	-0.941	4.538
57571	CARNS1	carnosine synthase 1	-0.88	5.086
6199	RPS6KB2	ribosomal protein S6 kinase B2	0.216	2.567
57010	CABP4	calcium binding protein 4	0.656	3.084
9049	AIP	aryl hydrocarbon receptor interacting protein	0.175	1.42
9600	PITPNM1	phosphatidylinositol transfer protein membrane associated 1	0.255	1.915
10263	CDK2AP2	cyclin dependent kinase 2 associated protein 2	0.402	1.645
390213	DOC2GP	double C2 domain gamma, pseudogene	0.824	2.321
105369360	LINC02754	long intergenic non-protein coding RNA 2754	-1.296	3.997
81622	UNC93B1	unc-93 homolog B1, TLR signaling regulator	-0.579	2.779
221	ALDH3B1	aldehyde dehydrogenase 3 family member B1	-0.348	2.1
10312	TCIRG1	T cell immune regulator 1, ATPase H+ transporting V0 subunit a3	-0.269	2.655
4041	LRP5	LDL receptor related protein 5	-0.27	2.565
55291	PPP6R3	protein phosphatase 6 regulatory subunit 3	0.213	4.665
9633	TESMIN	testis expressed metallothionein like protein	0.59	1.558
219927	MRPL21	mitochondrial ribosomal protein L21	0.262	1.341
116535	MRGPRF	MAS related GPR family member F	0.442	1.444
219931	TPCN2	two pore segment channel 2	-0.241	1.665
107984345	SMIM38	small integral membrane protein 38	-0.523	1.339
595	CCND1	cyclin D1	-0.622	5.446
55107	ANO1	anoctamin 1	-0.488	2.157
8500	PPFIA1	PTPRF interacting protein alpha 1	0.273	3.517
1717	DHCR7	7-dehydrocholesterol reductase	0.239	1.368
285407	ALG1L9P	ALG1 like 9, pseudogene	-0.465	1.41
100133315	XNDC1N	XRCC1 N-terminal domain containing 1, N-terminal like	-0.621	2.707
100128494	LOC100128494	uncharacterized LOC100128494	0.192	1.331
3636	INPPL1	inositol polyphosphate phosphatase like 1	0.287	4.667
81570	CLPB	caseinolytic mitochondrial matrix peptidase chaperone subunit B	0.138	1.351
10809	STARD10	StAR related lipid transfer domain containing 10	0.624	5.434
105369380	LOC105369380		-0.479	1.432
89849	ATG16L2	autophagy related 16 like 2	-0.289	2.182
5029	P2RY2	purinergic receptor P2Y2	0.403	2.718
100287837	ARHGEF17-AS1	ARHGEF17 antisense RNA 1	-0.532	1.842
58473	PLEKHB1	pleckstrin homology domain containing B1	-0.43	1.55
51642	MRPL48	mitochondrial ribosomal protein L48	0.563	5.069
51287	COA4	cytochrome c oxidase assembly factor 4 homolog	0.438	7.469
80227	PAAF1	proteasomal ATPase associated factor 1	-0.258	2.633
51400	PPME1	protein phosphatase methylesterase 1	-0.193	3.242
254225	RNF169	ring finger protein 169	0.202	1.916
10825	NEU3	neuraminidase 3	-0.437	3.853
11309	SLCO2B1	solute carrier organic anion transporter family member 2B1	-0.72	3.025
105369388	LOC105369388	uncharacterized LOC105369388	-0.427	1.366
283212	KLHL35	kelch like family member 35	-1.064	3.693
4135	MAP6	microtubule associated protein 6	-0.361	2.542
84649	DGAT2	diacylglycerol O-acyltransferase 2	0.597	2.174
7405	UVRAG	UV radiation resistance associated	0.161	2.254
5612	THAP12	THAP domain containing 12	-0.183	1.782
726	CAPN5	calpain 5	-0.488	1.6
5058	PAK1	p21 (RAC1) activated kinase 1	-0.658	2.745
100532726	NDUFC2-KCTD14	NDUFC2-KCTD14 readthrough	0.283	1.665
7069	THRSP	thyroid hormone responsive	2.63	3.543
105369401	LOC105369401	uncharacterized LOC105369401	0.743	2.06
100289388	KCTD21-AS1	KCTD21 antisense RNA 1	0.495	3.394
283219	KCTD21	potassium channel tetramerization domain containing 21	0.457	4.347
9846	GAB2	GRB2 associated binding protein 2	-0.294	1.533
79731	NARS2	asparaginyl-tRNA synthetase 2, mitochondrial	0.304	2.955
26011	TENM4	teneurin transmembrane protein 4	-1.178	5.792
220382	FAM181B	family with sequence similarity 181 member B	-1.424	4.452
100506233	RAB30-DT	RAB30 divergent transcript	0.354	2.084
106736475	PCF11-AS1	PCF11 antisense RNA 1	-0.514	3.963
55863	TMEM126B	transmembrane protein 126B	0.166	2.285
84233	TMEM126A	transmembrane protein 126A	0.327	2.086
220388	CCDC89	coiled-coil domain containing 89	-0.529	2.152
54843	SYTL2	synaptotagmin like 2	-0.775	2.33
11098	PRSS23	serine protease 23	-0.449	1.54
107984429	LOC107984429	uncharacterized LOC107984429	-0.64	2.603
107984428	LOC107984428	uncharacterized LOC107984428	-0.379	1.61
65084	TMEM135	transmembrane protein 135	-0.389	2.609
50507	NOX4	NADPH oxidase 4	-0.899	2.111
26973	CHORDC1	cysteine and histidine rich domain containing 1	0.324	1.953
120114	FAT3	FAT atypical cadherin 3	-1.29	2.27
120103	SLC36A4	solute carrier family 36 member 4	0.513	3.014
56935	SMCO4	single-pass membrane protein with coiled-coil domains 4	0.44	9.051
85459	CEP295	centrosomal protein 295	0.283	3.16
619383	SCARNA9	small Cajal body-specific RNA 9	0.889	2.207
79101	TAF1D	TATA-box binding protein associated factor, RNA polymerase I subunit D	0.255	2.037
684959	SNORA25	small nucleolar RNA, H/ACA box 25	-0.863	2.739
654320	SNORA8	small nucleolar RNA, H/ACA box 8	-0.993	6.751
677822	SNORA40	small nucleolar RNA, H/ACA box 40	0.788	3.75
9440	MED17	mediator complex subunit 17	-0.301	5.17
10888	GPR83	G protein-coupled receptor 83	-0.678	1.712
2526	FUT4	fucosyltransferase 4	-0.521	3.221
105369438	PIWIL4-AS1	PIWIL4 antisense RNA 1	-0.395	1.446
143689	PIWIL4	piwi like RNA-mediated gene silencing 4	-0.779	4.758
154810	AMOTL1	angiomotin like 1	-0.644	5.477
51503	CWC15	CWC15 spliceosome associated protein homolog	0.447	4.177
10929	SRSF8	serine and arginine rich splicing factor 8	-0.218	3.63
143686	SESN3	sestrin 3	-0.588	2.332
9702	CEP57	centrosomal protein 57	0.172	2.062
5241	PGR	progesterone receptor	0.23	1.547
253935	ANGPTL5	angiopoietin like 5	-0.708	1.41
330	BIRC3	baculoviral IAP repeat containing 3	0.78	2.395
329	BIRC2	baculoviral IAP repeat containing 2	0.192	1.972
84259	DCUN1D5	defective in cullin neddylation 1 domain containing 5	0.384	7.743
79659	DYNC2H1	dynein cytoplasmic 2 heavy chain 1	-0.394	2.339
80310	PDGFD	platelet derived growth factor D	-0.651	4.121
837	CASP4	caspase 4	0.274	1.674
440068	CARD17P	caspase recruitment domain family member 17, pseudogene	-1.88	2.882
60496	AASDHPPT	aminoadipate-semialdehyde dehydrogenase-phosphopantetheinyl transferase	-0.167	1.343
2977	GUCY1A2	guanylate cyclase 1 soluble subunit alpha 2	0.534	1.915
91801	ALKBH8	alkB homolog 8, tRNA methyltransferase	0.33	4.408
4863	NPAT	nuclear protein, coactivator of histone transcription	0.196	1.346
23086	EXPH5	exophilin 5	1.398	3.086
1662	DDX10	DEAD-box helicase 10	0.237	2.214
5962	RDX	radixin	0.383	4.596
399948	COLCA1	colorectal cancer associated 1	0.852	2.553
120376	POU2AF3	POU class 2 homeobox associating factor 3	0.61	1.699
143903	LAYN	layilin	-0.283	1.414
5519	PPP2R1B	protein phosphatase 2 scaffold subunit Abeta	-0.203	1.53
100528019	HSPB2-C11orf52	HSPB2-C11orf52 readthrough (NMD candidate)	0.408	2.458
91894	C11orf52	chromosome 11 open reading frame 52	0.831	3.204
85458	DIXDC1	DIX domain containing 1	-0.362	1.876
1737	DLAT	dihydrolipoamide S-acetyltransferase	0.367	3.207
55216	NKAPD1	NKAP domain containing 1	0.416	8.288
6392	SDHD	succinate dehydrogenase complex subunit D	-0.21	1.471
3606	IL18	interleukin 18	0.54	1.42
83875	BCO2	beta-carotene oxygenase 2	0.384	1.382
4684	NCAM1	neural cell adhesion molecule 1	0.432	5.548
100288346	NCAM1-AS1	NCAM1 antisense RNA1	0.252	1.332
9183	ZW10	zw10 kinetochore protein	0.151	1.782
57646	USP28	ubiquitin specific peptidase 28	0.247	1.963
101928875	LOC101928875		0.732	1.901
25996	REXO2	RNA exonuclease 2	0.327	4.755
283143	LINC00900	long intergenic non-protein coding RNA 900	-1.137	3.777
335	APOA1	apolipoprotein A1	-2.422	13.549
104326055	APOA1-AS	APOA1 antisense RNA	-2.154	11.098
5049	PAFAH1B2	platelet activating factor acetylhydrolase 1b catalytic subunit 2	-0.208	3.026
51092	SIDT2	SID1 transmembrane family member 2	-0.337	3.705
100652768	LOC100652768	uncharacterized LOC100652768	-0.486	5.944
257160	RNF214	ring finger protein 214	0.184	1.916
22897	CEP164	centrosomal protein 164	-0.222	1.585
57453	DSCAML1	DS cell adhesion molecule like 1	-0.554	1.627
486	FXYD2	FXYD domain containing ion transport regulator 2	0.462	1.37
53826	FXYD6	FXYD domain containing ion transport regulator 6	-0.36	3.112
6327	SCN2B	sodium voltage-gated channel beta subunit 2	-0.607	2.411
196264	MPZL3	myelin protein zero like 3	0.341	1.313
916	CD3E	CD3 epsilon subunit of T-cell receptor complex	-0.749	1.554
100131626	LOC100131626	uncharacterized LOC100131626	0.507	3.179
101929089	TTC36-AS1	TTC36 and KMT2A antisense RNA 1	-0.249	1.67
143941	TTC36	tetratricopeptide repeat domain 36	-0.831	4.067
84866	TMEM25	transmembrane protein 25	0.284	2.873
23187	PHLDB1	pleckstrin homology like domain family B member 1	-0.255	1.859
102466719	MIR6716	microRNA 6716	-0.409	1.921
11181	TREH	trehalase	-0.474	5.196
1656	DDX6	DEAD-box helicase 6	-0.167	2.431
338657	CENATAC	centrosomal AT-AC splicing factor	-0.364	5.058
6230	RPS25	ribosomal protein S25	0.566	4.644
2542	SLC37A4	solute carrier family 37 member 4	0.305	2.707
10525	HYOU1	hypoxia up-regulated 1	0.346	2.13
3145	HMBS	hydroxymethylbilane synthase	0.565	6.443
1798	DPAGT1	dolichyl-phosphate N-acetylglucosaminephosphotransferase 1	0.297	3.07
9854	C2CD2L	C2CD2 like	0.173	1.343
79671	NLRX1	NLR family member X1	-0.307	2.738
4162	MCAM	melanoma cell adhesion molecule	-0.441	1.901
114902	C1QTNF5	C1q and TNF related 5	-0.544	3.082
83552	MFRP	membrane frizzled-related protein	-0.544	3.082
5818	NECTIN1	nectin cell adhesion molecule 1	0.762	3.705
219902	TLCD5	TLC domain containing 5	-0.345	2.007
6309	SC5D	sterol-C5-desaturase	0.307	2.968
399959	MIR100HG	mir-100-let-7a-2-mir-125b-1 cluster host gene	-0.505	4.751
84959	UBASH3B	ubiquitin associated and SH3 domain containing B	0.529	1.592
341056	LOC341056	SUMO1 activating enzyme subunit 1 pseudogene	-0.347	2.331
55800	SCN3B	sodium voltage-gated channel beta subunit 3	-0.532	1.79
84897	TBRG1	transforming growth factor beta regulator 1	0.159	3.278
54414	SIAE	sialic acid acetylesterase	0.242	2.03
23584	VSIG2	V-set and immunoglobulin domain containing 2	-0.427	1.817
90952	ESAM	endothelial cell adhesion molecule	-0.286	2.32
100507283	MSANTD2-AS1	MSANTD2 antisense RNA 1	0.328	1.419
63876	PKNOX2	PBX/knotted 1 homeobox 2	0.35	1.447
9638	FEZ1	fasciculation and elongation protein zeta 1	0.49	4.182
9538	EI24	EI24 autophagy associated transmembrane protein	0.278	5.502
3703	STT3A	STT3 oligosaccharyltransferase complex catalytic subunit A	0.202	3.824
219844	HYLS1	HYLS1 centriolar and ciliogenesis associated	0.742	7.253
83480	PUS3	pseudouridine synthase 3	0.297	3.213
50937	CDON	cell adhesion associated, oncogene regulated	0.588	3.142
84623	KIRREL3	kirre like nephrin family adhesion molecule 3	-0.872	2.564
105369565	LOC105369565	uncharacterized LOC105369565	1.007	2.587
105369568	LOC105369568	uncharacterized LOC105369568	0.653	1.82
2313	FLI1	Fli-1 proto-oncogene, ETS transcription factor	0.379	2.659
9743	ARHGAP32	Rho GTPase activating protein 32	0.376	3.421
399975	LOC399975	uncharacterized LOC399975	0.457	1.565
56980	PRDM10	PR/SET domain 10	0.266	1.893
29068	ZBTB44	zinc finger and BTB domain containing 44	0.305	1.897
11095	ADAMTS8	ADAM metallopeptidase with thrombospondin type 1 motif 8	-0.945	3.647
170689	ADAMTS15	ADAM metallopeptidase with thrombospondin type 1 motif 15	0.721	2.851
399979	SNX19	sorting nexin 19	0.136	1.351
50863	NTM	neurotrimin	-0.701	1.724
100128239	LINC02731	long intergenic non-protein coding RNA 2731	-0.737	2.491
83700	JAM3	junctional adhesion molecule 3	-0.547	8.61
23310	NCAPD3	non-SMC condensin II complex subunit D3	-0.437	9.622
109623486	SNORD153	small nucleolar RNA, C/D box 153	-1.382	9.355
112936	VPS26B	VPS26 retromer complex component B	0.232	4.248
27034	ACAD8	acyl-CoA dehydrogenase family member 8	-0.277	3.352
107987374	LOC107987374	replaced by ID 100133545	-0.912	2.308
105369592	IQSEC3-AS1	IQSEC3 antisense RNA 1	0.854	2.275
6540	SLC6A13	solute carrier family 6 member 13	-0.616	3.555
283358	B4GALNT3	beta-1,4-N-acetyl-galactosaminyltransferase 3	0.477	2.633
65125	WNK1	WNK lysine deficient protein kinase 1	0.537	6.749
144699	FBXL14	F-box and leucine rich repeat protein 14	-0.31	2.844
100874235	CACNA1C-AS2	CACNA1C antisense RNA 2	0.248	1.614
2288	FKBP4	FKBP prolyl isomerase 4	0.518	5.28
2305	FOXM1	forkhead box M1	0.966	3.996
7004	TEAD4	TEA domain transcription factor 4	0.615	3.34
10867	TSPAN9	tetraspanin 9	-0.738	7.058
105369606	LINC02827	long intergenic non-protein coding RNA 2827	-2.06	6.33
57097	PARP11	poly(ADP-ribose) polymerase family member 11	-0.279	2.182
103752584	CCND2-AS1	CCND2 antisense RNA 1	-0.21	1.408
894	CCND2	cyclin D2	-0.646	4.836
57103	TIGAR	TP53 induced glycolysis regulatory phosphatase	0.343	2.49
10566	AKAP3	A-kinase anchoring protein 3	1.042	5.505
101929549	GAU1	GALNT8 antisense upstream 1	0.638	2.806
26290	GALNT8	polypeptide N-acetylgalactosaminyltransferase 8	0.641	1.674
3741	KCNA5	potassium voltage-gated channel subfamily A member 5	-1.278	7.698
4908	NTF3	neurotrophin 3	-0.576	2.153
7450	VWF	von Willebrand factor	-0.357	1.64
928	CD9	CD9 molecule	-0.683	7.21
678655	CD27-AS1	CD27 antisense RNA 1	-0.66	7.166
51258	MRPL51	mitochondrial ribosomal protein L51	0.467	6.011
25900	IFFO1	intermediate filament family orphan 1	-0.218	1.969
4839	NOP2	NOP2 nucleolar protein	0.245	2.285
57121	LPAR5	lysophosphatidic acid receptor 5	0.458	1.625
50813	COPS7A	COP9 signalosome subunit 7A	-0.138	1.841
8079	MLF2	myeloid leukemia factor 2	0.185	3.164
3902	LAG3	lymphocyte activating 3	-0.689	1.313
10536	P3H3	prolyl 3-hydroxylase 3	-0.841	7.242
2784	GNB3	G protein subunit beta 3	-0.963	6.827
83461	CDCA3	cell division cycle associated 3	-0.598	2.477
8078	USP5	ubiquitin specific peptidase 5	-0.122	1.31
171220	DSTNP2	DSTN pseudogene 2	0.635	11.498
2026	ENO2	enolase 2	-0.61	2.865
113246	C12orf57	chromosome 12 open reading frame 57	-0.346	3.506
10436	EMG1	EMG1 N1-specific pseudouridine methyltransferase	0.185	1.43
10162	LPCAT3	lysophosphatidylcholine acyltransferase 3	0.399	2.728
715	C1R	complement C1r	0.481	1.942
51279	C1RL	complement C1r subcomponent like	0.3	1.498
283316	CD163L1	CD163 molecule like 1	-0.993	3.575
144195	SLC2A14	solute carrier family 2 member 14	-0.837	2.05
6515	SLC2A3	solute carrier family 2 member 3	-0.813	2.033
25977	NECAP1	NECAP endocytosis associated 1	-0.187	1.588
50856	CLEC4A	C-type lectin domain family 4 member A	-0.451	2.084
642559	POU5F1P3	POU class 5 homeobox 1 pseudogene 3	-0.831	2.553
440078	FAM66C	family with sequence similarity 66 member C	-0.757	4.865
55138	FAM90A1	family with sequence similarity 90 member A1	-0.6	1.41
653113	FAM86FP	family with sequence similarity 86, member A pseudogene	-0.381	1.71
101927966	LOC101927966	40S ribosomal protein S24-like	-0.571	4.074
1911	PHC1	polyhomeotic homolog 1	-0.101	1.47
4074	M6PR	mannose-6-phosphate receptor, cation dependent	0.219	4.272
144571	A2M-AS1	A2M antisense RNA 1	-0.338	4.332
2	A2M	alpha-2-macroglobulin	0.285	1.99
5858	PZP	PZP alpha-2-macroglobulin like	0.348	2.55
100499405	LINC00987	long intergenic non-protein coding RNA 987	0.471	5.083
408186	LOC408186	alpha-2-macroglobulin like 1 pseudogene	1.697	5.57
3820	KLRB1	killer cell lectin like receptor B1	-1.333	3.067
969	CD69	CD69 molecule	-0.941	2.032
51267	CLEC1A	C-type lectin domain family 1 member A	-0.402	1.776
64581	CLEC7A	C-type lectin domain containing 7A	0.65	1.852
4973	OLR1	oxidized low density lipoprotein receptor 1	-1.064	2.007
3824	KLRD1	killer cell lectin like receptor D1	-1.037	8.028
100528032	KLRC4-KLRK1	KLRC4-KLRK1 readthrough	-0.668	1.338
22914	KLRK1	killer cell lectin like receptor K1	-0.671	1.339
10748	KLRA1P	killer cell lectin like receptor A1, pseudogene	-0.691	3.323
100129361	SMIM10L1	small integral membrane protein 10 like 1	0.289	2.28
118426	BORCS5	BLOC-1 related complex subunit 5	-0.297	4.221
2842	GPR19	G protein-coupled receptor 19	-0.297	1.904
81575	APOLD1	apolipoprotein L domain containing 1	-1.294	2.96
387841	RPL13AP20	ribosomal protein L13a pseudogene 20	0.329	2.292
50865	HEBP1	heme binding protein 1	0.206	2.037
79887	PLBD1	phospholipase B domain containing 1	-0.215	1.386
55766	H2AJ	H2A.J histone	0.218	1.311
51729	WBP11	WW domain binding protein 11	-0.14	1.551
397	ARHGDIB	Rho GDP dissociation inhibitor beta	0.242	1.82
2059	EPS8	epidermal growth factor receptor pathway substrate 8	0.33	3.475
102724146	LOC102724146	uncharacterized LOC102724146	0.34	2.538
11171	STRAP	serine/threonine kinase receptor associated protein	0.139	1.36
4257	MGST1	microsomal glutathione S-transferase 1	1.629	6.309
728622	SKP1P2	S-phase kinase associated protein 1 pseudogene 2	-0.289	1.665
54477	PLEKHA5	pleckstrin homology domain containing A5	0.272	2.029
105369685	LOC105369685	uncharacterized LOC105369685	0.842	3.759
105369689	LOC105369689	uncharacterized LOC105369689	0.673	6.984
10060	ABCC9	ATP binding cassette subfamily C member 9	0.46	3.699
9847	C2CD5	C2 calcium dependent domain containing 5	0.219	2.264
55500	ETNK1	ethanolamine kinase 1	-0.459	2.576
6660	SOX5	SRY-box transcription factor 5	0.379	1.34
586	BCAT1	branched chain amino acid transaminase 1	0.511	1.482
144363	ETFRF1	electron transfer flavoprotein regulatory factor 1	0.378	3.082
8082	SSPN	sarcospan	-0.53	3.306
55726	INTS13	integrator complex subunit 13	0.404	5.659
51768	TM7SF3	transmembrane 7 superfamily member 3	-0.253	2.938
23012	STK38L	serine/threonine kinase 38 like	-0.58	2.53
341346	SMCO2	single-pass membrane protein with coiled-coil domains 2	0.47	1.423
55297	CCDC91	coiled-coil domain containing 91	0.344	4.83
101928705	LOC101928705		0.364	1.952
100506606	LOC100506606	uncharacterized LOC100506606	0.614	3.164
51290	ERGIC2	ERGIC and golgi 2	0.366	5.098
65981	CAPRIN2	caprin family member 2	0.37	6.334
144203	OVOS2	alpha-2-macroglobulin like 1 pseudogene	3.064	6.13
160518	DENND5B	DENN domain containing 5B	0.379	2.576
196394	AMN1	antagonist of mitotic exit network 1 homolog	0.328	3.662
440093	H3-5	H3.5 histone	-0.281	3.154
105369725	LOC105369725	uncharacterized LOC105369725	0.841	4.993
55196	RESF1	retroelement silencing factor 1	0.458	3.537
636	BICD1	BICD cargo adaptor 1	-0.582	2.795
10059	DNM1L	dynamin 1 like	0.237	3.096
5318	PKP2	plakophilin 2	0.274	1.886
84920	ALG10	ALG10 alpha-1,2-glucosyltransferase	-0.33	1.505
144245	ALG10B	ALG10 alpha-1,2-glucosyltransferase B	-0.396	1.738
55605	KIF21A	kinesin family member 21A	0.323	2.178
101927019	LOC101927019	uncharacterized LOC101927019	0.481	2.32
10138	YAF2	YY1 associated factor 2	-0.326	2.247
85437	ZCRB1	zinc finger CCHC-type and RNA binding motif containing 1	0.358	7.152
144165	PRICKLE1	prickle planar cell polarity protein 1	-0.456	2.376
196527	ANO6	anoctamin 6	0.213	2.219
81539	SLC38A1	solute carrier family 38 member 1	0.655	4.175
55089	SLC38A4	solute carrier family 38 member 4	1.964	5.175
347902	AMIGO2	adhesion molecule with Ig like domain 2	-0.352	1.31
91523	PCED1B	PC-esterase domain containing 1B	-0.364	1.409
100233209	PCED1B-AS1	PCED1B antisense RNA 1	0.448	1.318
79657	RPAP3	RNA polymerase II associated protein 3	0.336	5.538
51564	HDAC7	histone deacetylase 7	-0.437	8.961
5213	PFKM	phosphofructokinase, muscle	0.284	1.647
140461	ASB8	ankyrin repeat and SOCS box containing 8	0.223	2.5
904	CCNT1	cyclin T1	-0.213	2.946
255411	TEX49	testis expressed 49	-0.595	6.751
112	ADCY6	adenylate cyclase 6	-0.336	2.205
9416	DDX23	DEAD-box helicase 23	0.119	1.641
85478	CCDC65	coiled-coil domain containing 65	-0.624	1.427
377	ARF3	ADP ribosylation factor 3	-0.164	2.33
7480	WNT10B	Wnt family member 10B	-1.403	3.641
23109	DDN	dendrin	1.41	4.385
5571	PRKAG1	protein kinase AMP-activated non-catalytic subunit gamma 1	0.189	1.536
55716	LMBR1L	limb development membrane protein 1 like	-0.388	5.106
10376	TUBA1B	tubulin alpha 1b	0.373	2.328
84790	TUBA1C	tubulin alpha 1c	0.692	5.548
10024	TROAP	trophinin associated protein	1.793	5.292
79962	DNAJC22	DnaJ heat shock protein family (Hsp40) member C22	-1.349	3.164
23416	KCNH3	potassium voltage-gated channel subfamily H member 3	0.301	1.599
91010	FMNL3	formin like 3	-0.341	2.576
100286844	BCDIN3D-AS1	BCDIN3D antisense RNA 1	-0.425	3.855
23017	FAIM2	Fas apoptotic inhibitory molecule 2	1.025	2.114
29127	RACGAP1	Rac GTPase activating protein 1	0.595	3.981
2819	GPD1	glycerol-3-phosphate dehydrogenase 1	1.39	4.052
91012	CERS5	ceramide synthase 5	-0.472	6.628
107984505	LOC107984505	uncharacterized LOC107984505	-0.605	1.671
4891	SLC11A2	solute carrier family 11 member 2	0.301	4.015
25875	LETMD1	LETM1 domain containing 1	-0.319	3.391
9802	DAZAP2	DAZ associated protein 2	-0.19	2.797
11226	GALNT6	polypeptide N-acetylgalactosaminyltransferase 6	0.661	1.951
9498	SLC4A8	solute carrier family 4 member 8	-1.609	4.253
692159	TAMALIN-AS1	TAMALIN antisense RNA 1	-1.729	9.168
160622	TAMALIN	trafficking regulator and scaffold protein tamalin	-0.96	4.493
60673	ATG101	autophagy related 101	0.347	4.208
113523638	SMIM41	small integral membrane protein 41	-1.408	3.11
26628	OR7E47P	olfactory receptor family 7 subfamily E member 47 pseudogene	-1.468	3.404
3875	KRT18	keratin 18	1.193	3.77
283335	TNS2-AS1	TNS2 antisense RNA 1	-0.416	2.432
84926	SPRYD3	SPRY domain containing 3	-0.189	2.274
3489	IGFBP6	insulin like growth factor binding protein 6	-0.502	2.121
51380	CSAD	cysteine sulfinic acid decarboxylase	-0.459	7.643
3695	ITGB7	integrin subunit beta 7	-0.53	1.308
5916	RARG	retinoic acid receptor gamma	-0.331	1.773
9700	ESPL1	extra spindle pole bodies like 1, separase	1.313	3.666
8086	AAAS	aladin WD repeat nucleoporin	-0.196	3.188
5094	PCBP2	poly(rC) binding protein 2	-0.157	2.393
102157401	PCBP2-OT1	PCBP2 overlapping transcript 1	-0.176	1.666
7786	MAP3K12	mitogen-activated protein kinase kinase kinase 12	-0.213	2.049
8620	NPFF	neuropeptide FF-amide peptide precursor	-0.593	4.243
517	ATP5MC2	ATP synthase membrane subunit c locus 2	-0.199	1.409
100616400	MIR3198-2	microRNA 3198-2	-1.358	9.672
112935960	SCAT2	S-phase cancer associated transcript 2	-0.651	1.322
3178	HNRNPA1	heterogeneous nuclear ribonucleoprotein A1	-0.252	4.827
25946	ZNF385A	zinc finger protein 385A	0.617	5.297
3678	ITGA5	integrin subunit alpha 5	0.46	2.003
5502	PPP1R1A	protein phosphatase 1 regulatory inhibitor subunit 1A	1.313	7.939
9840	TESPA1	thymocyte expressed, positive selection associated 1	-0.925	2.767
196410	METTL7B	methyltransferase like 7B	1.308	7.683
100528022	BLOC1S1-RDH5	BLOC1S1-RDH5 readthrough	0.302	2.151
967	CD63	CD63 molecule	0.494	4.927
105369779	CD63-AS1	CD63 antisense RNA 1	0.467	5.493
29095	ORMDL2	ORMDL sphingolipid biosynthesis regulator 2	0.256	2.2
85406	DNAJC14	DnaJ heat shock protein family (Hsp40) member C14	0.178	2.899
440104	TMEM198B	transmembrane protein 198B (pseudogene)	-0.621	6.379
4327	MMP19	matrix metallopeptidase 19	-0.393	1.496
5869	RAB5B	RAB5B, member RAS oncogene family	0.185	3.614
5036	PA2G4	proliferation-associated 2G4	0.349	4.84
6171	RPL41	ribosomal protein L41	0.304	2.12
4637	MYL6	myosin light chain 6	0.239	1.419
10193	RNF41	ring finger protein 41	0.208	1.756
79035	NABP2	nucleic acid binding protein 2	0.192	2.235
283373	ANKRD52	ankyrin repeat domain 52	0.164	1.705
93058	COQ10A	coenzyme Q10A	0.472	2.765
10330	CNPY2	canopy FGF signaling regulator 2	0.192	1.936
8914	TIMELESS	timeless circadian regulator	0.539	6.149
27165	GLS2	glutaminase 2	-0.403	2.256
106635541	SNORA105C	small nucleolar RNA, H/ACA box 105C	-0.767	6.087
5939	RBMS2	RNA binding motif single stranded interacting protein 2	-0.279	6.556
26789	SNORD59A	small nucleolar RNA, C/D box 59A	-0.481	1.444
5557	PRIM1	DNA primase subunit 1	0.469	3.782
8608	RDH16	retinol dehydrogenase 16	-0.52	2.537
11247	NXPH4	neurexophilin 4	-1.312	4.136
6472	SHMT2	serine hydroxymethyltransferase 2	0.184	1.878
22864	R3HDM2	R3H domain containing 2	-0.488	5.81
2735	GLI1	GLI family zinc finger 1	-0.808	2.284
10540	DCTN2	dynactin subunit 2	0.133	1.952
196403	DTX3	deltex E3 ubiquitin ligase 3	-0.159	2.065
6302	TSPAN31	tetraspanin 31	-0.158	2.181
1019	CDK4	cyclin dependent kinase 4	-0.253	2.912
25895	EEF1AKMT3	EEF1A lysine methyltransferase 3	-0.576	5.596
283387	LOC283387	uncharacterized LOC283387	-0.637	1.352
91419	ATP23	ATP23 metallopeptidase and ATP synthase assembly factor homolog	0.803	2.518
11260	XPOT	exportin for tRNA	0.292	3.97
29110	TBK1	TANK binding kinase 1	0.211	3.287
283349	RASSF3	Ras association domain family member 3	0.364	2.268
2799	GNS	glucosamine (N-acetyl)-6-sulfatase	0.385	6.297
100507065	MSRB3-AS1	MSRB3 antisense RNA 1	-1.589	5.004
105369809	LOC105369809	uncharacterized LOC105369809	0.709	3.489
84298	LLPH	LLP homolog, long-term synaptic facilitation factor	0.277	2.64
51643	TMBIM4	transmembrane BAX inhibitor motif containing 4	-0.187	1.93
23426	GRIP1	glutamate receptor interacting protein 1	2.086	6.254
55832	CAND1	cullin associated and neddylation dissociated 1	-0.151	1.865
56890	MDM1	Mdm1 nuclear protein	0.319	4.177
10818	FRS2	fibroblast growth factor receptor substrate 2	-0.219	1.437
10576	CCT2	chaperonin containing TCP1 subunit 2	0.288	1.321
117177	RAB3IP	RAB3A interacting protein	0.508	4.553
4848	CNOT2	CCR4-NOT transcription complex subunit 2	0.158	2.923
5801	PTPRR	protein tyrosine phosphatase receptor type R	-0.832	1.628
7103	TSPAN8	tetraspanin 8	-0.791	1.54
8549	LGR5	leucine rich repeat containing G protein-coupled receptor 5	-1.543	2.829
23011	RAB21	RAB21, member RAS oncogene family	-0.248	1.404
64786	TBC1D15	TBC1 domain family member 15	0.122	1.461
11010	GLIPR1	GLI pathogenesis related 1	0.259	1.309
11103	KRR1	KRR1 small subunit processome component homolog	0.162	1.591
22822	PHLDA1	pleckstrin homology like domain family A member 1	-1.768	7.298
79738	BBS10	Bardet-Biedl syndrome 10	-0.194	1.379
1466	CSRP2	cysteine and glycine rich protein 2	0.757	4.791
89795	NAV3	neuron navigator 3	0.481	1.966
283310	OTOGL	otogelin like	0.71	2.33
79611	ACSS3	acyl-CoA synthetase short chain family member 3	0.363	2.783
29080	CCDC59	coiled-coil domain containing 59	0.335	3.04
400058	MKRN9P	makorin ring finger protein 9, pseudogene	0.347	1.392
1848	DUSP6	dual specificity phosphatase 6	-0.706	7.411
282809	POC1B	POC1 centriolar protein B	0.171	1.654
338758	ATP2B1-AS1	ATP2B1 antisense RNA 1	-0.674	2.611
4060	LUM	lumican	-1.678	8.214
694	BTG1	BTG anti-proliferation factor 1	-0.316	1.451
643339	LOC643339	uncharacterized LOC643339	0.938	2.908
11163	NUDT4	nudix hydrolase 4	0.592	3.822
144481	SOCS2-AS1	SOCS2 antisense RNA 1	-1.636	9.404
8835	SOCS2	suppressor of cytokine signaling 2	-1.136	11.513
8738	CRADD	CASP2 and RIPK1 domain containing adaptor with death domain	-0.677	15.461
101928731	CRADD-AS1	CRADD antisense RNA 1	-1.947	5.611
105369911	LOC105369911	uncharacterized LOC105369911	-0.878	4.962
57458	TMCC3	transmembrane and coiled-coil domain family 3	-0.708	2.538
55967	NDUFA12	NADH:ubiquinone oxidoreductase subunit A12	0.551	5.371
55785	FGD6	FYVE, RhoGEF and PH domain containing 6	0.396	1.613
100132594	PGAM1P5	phosphoglycerate mutase 1 pseudogene 5	-0.557	3.343
144193	AMDHD1	amidohydrolase domain containing 1	0.658	1.53
4048	LTA4H	leukotriene A4 hydrolase	0.134	1.323
196475	RMST	rhabdomyosarcoma 2 associated transcript	-1.133	2.494
121456	SLC9A7P1	solute carrier family 9 member 7 pseudogene 1	-1.372	2.18
643770	LINC02453	long intergenic non-protein coding RNA 2453	-0.954	3.406
56899	ANKS1B	ankyrin repeat and sterile alpha motif domain containing 1B	-0.407	2.566
55592	GOLGA2P5	GOLGA2 pseudogene 5	0.517	3.159
27340	UTP20	UTP20 small subunit processome component	0.312	4.015
56994	CHPT1	choline phosphotransferase 1	0.258	1.57
79158	GNPTAB	N-acetylglucosamine-1-phosphate transferase subunits alpha and beta	0.226	3.399
55332	DRAM1	DNA damage regulated autophagy modulator 1	0.302	1.604
51019	WASHC3	WASH complex subunit 3	0.33	3.559
3479	IGF1	insulin like growth factor 1	-0.846	2.978
7184	HSP90B1	heat shock protein 90 beta family member 1	0.427	2.386
728568	UQCC6	ubiquinol-cytochrome c reductase complex assembly factor 6	0.237	1.853
6996	TDG	thymine DNA glycosylase	-0.223	2.549
83468	GLT8D2	glycosyltransferase 8 domain containing 2	-0.82	8.42
4801	NFYB	nuclear transcription factor Y subunit beta	0.622	9.168
7296	TXNRD1	thioredoxin reductase 1	0.746	4.284
493861	EID3	EP300 interacting inhibitor of differentiation 3	-0.599	1.641
50515	CHST11	carbohydrate sulfotransferase 11	-0.581	4.348
105369950	LOC105369950		1.484	7.553
387882	C12orf75	chromosome 12 open reading frame 75	-1.006	2.698
55703	POLR3B	RNA polymerase III subunit B	0.285	3.028
55188	RIC8B	RIC8 guanine nucleotide exchange factor B	0.383	3.956
121551	ABTB3	ankyrin repeat and BTB domain containing 3	1.085	3.553
728739	LOC728739	programmed cell death 2 pseudogene	0.457	1.969
9671	WSCD2	WSC domain containing 2	1.883	2.494
1240	CMKLR1	chemerin chemokine-like receptor 1	-0.924	5.083
9733	SART3	spliceosome associated factor 3, U4/U6 recycling protein	-0.17	3.342
338773	TMEM119	transmembrane protein 119	-1.288	2.237
101929204	LOC101929204	uncharacterized LOC101929204	-0.577	1.585
32	ACACB	acetyl-CoA carboxylase beta	0.373	1.661
105369974	LOC105369974	uncharacterized LOC105369974	-0.765	3.387
84915	FAM222A	family with sequence similarity 222 member A	0.676	1.844
84260	TCHP	trichoplein keratin filament binding	0.185	3.216
88455	ANKRD13A	ankyrin repeat domain 13A	0.532	5.119
400073	C12orf76	chromosome 12 open reading frame 76	-0.282	1.783
28981	IFT81	intraflagellar transport 81	0.528	7.15
488	ATP2A2	ATPase sarcoplasmic/endoplasmic reticulum Ca2+ transporting 2	0.75	5.817
51434	ANAPC7	anaphase promoting complex subunit 7	0.241	5.793
10094	ARPC3	actin related protein 2/3 complex subunit 3	0.272	2.6
51699	VPS29	VPS29 retromer complex component	0.411	11.37
160760	PPTC7	protein phosphatase targeting COQ7	0.319	1.672
84329	HVCN1	hydrogen voltage gated channel 1	0.474	2.542
5501	PPP1CC	protein phosphatase 1 catalytic subunit gamma	0.527	6.846
160762	CCDC63	coiled-coil domain containing 63	-0.946	1.876
23316	CUX2	cut like homeobox 2	-2.47	3.802
6311	ATXN2	ataxin 2	0.151	1.532
80724	ACAD10	acyl-CoA dehydrogenase family member 10	-0.291	2.977
10961	ERP29	endoplasmic reticulum protein 29	0.405	4.108
6128	RPL6	ribosomal protein L6	0.338	2.98
387885	CFAP73	cilia and flagella associated protein 73	-0.284	2.779
84934	RITA1	RBPJ interacting and tubulin associated 1	0.377	5.178
196463	PLBD2	phospholipase B domain containing 2	0.229	1.622
113675	SDSL	serine dehydratase like	-1.351	10.156
105369998	LOC105369998	uncharacterized LOC105369998	-1.801	2.311
6926	TBX3	T-box transcription factor 3	0.354	1.429
643246	MAP1LC3B2	microtubule associated protein 1 light chain 3 beta 2	-0.175	1.454
79794	SPRING1	SREBF pathway regulator in golgi 1	-0.179	1.309
8739	HRK	harakiri, BCL2 interacting protein	-2.129	7.01
26259	FBXW8	F-box and WD repeat domain containing 8	-0.367	4.237
100506551	LOC100506551	uncharacterized LOC100506551	0.68	3.114
23014	FBXO21	F-box protein 21	-0.53	7.989
5985	RFC5	replication factor C subunit 5	0.192	1.617
55884	WSB2	WD repeat and SOCS box containing 2	0.286	2.958
51347	TAOK3	TAO kinase 3	0.255	4.696
64426	SUDS3	SDS3 homolog, SIN3A corepressor complex component	-0.152	1.588
84530	SRRM4	serine/arginine repetitive matrix 4	-0.443	1.784
26353	HSPB8	heat shock protein family B (small) member 8	-0.313	2.848
105370027	LOC105370027	uncharacterized LOC105370027	-0.732	4.727
387890	TMEM233	transmembrane protein 233	-1.525	4.252
5564	PRKAB1	protein kinase AMP-activated non-catalytic subunit beta 1	-0.469	6.182
6175	RPLP0	ribosomal protein lateral stalk subunit P0	0.399	3.188
100506649	PXN-AS1	PXN antisense RNA 1	-0.343	3.444
5829	PXN	paxillin	-0.328	2.872
23409	SIRT4	sirtuin 4	0.436	2.315
4440	MSI1	musashi RNA binding protein 1	-0.466	1.921
51499	TRIAP1	TP53 regulated inhibitor of apoptosis 1	0.166	1.42
100506668	NRAV	negative regulator of antiviral response	0.422	2.872
9921	RNF10	ring finger protein 10	0.185	2.037
9761	MLEC	malectin	0.383	4.085
121665	SPPL3	signal peptide peptidase like 3	-0.172	2.311
283385	MORN3	MORN repeat containing 3	-0.833	2.068
144404	TMEM120B	transmembrane protein 120B	0.348	3.926
54509	RHOF	ras homolog family member F, filopodia associated	0.465	3.934
338799	LINC01089	long intergenic non-protein coding RNA 1089	-0.416	3.713
144406	CFAP251	cilia and flagella associated protein 251	-1.397	7.574
6249	CLIP1	CAP-Gly domain containing linker protein 1	0.494	8.405
65117	RSRC2	arginine and serine rich coiled-coil 2	0.389	5.014
9735	KNTC1	kinetochore associated 1	0.389	3.344
9026	HIP1R	huntingtin interacting protein 1 related	0.42	2.806
57605	PITPNM2	phosphatidylinositol transfer protein membrane associated 2	0.263	1.529
10198	MPHOSPH9	M-phase phosphoprotein 9	0.182	1.952
91574	MTRFR	mitochondrial translation release factor in rescue	0.173	1.498
8099	CDK2AP1	cyclin dependent kinase 2 associated protein 1	0.202	1.555
55206	SBNO1	strawberry notch homolog 1	0.145	1.407
387893	KMT5A	lysine methyltransferase 5A	0.403	7.343
11066	SNRNP35	small nuclear ribonucleoprotein U11/U12 subunit 35	0.483	9.263
353116	RILPL1	Rab interacting lysosomal protein like 1	0.565	9.163
10959	TMED2	transmembrane p24 trafficking protein 2	0.156	1.916
57696	DDX55	DEAD-box helicase 55	-0.213	1.968
2967	GTF2H3	general transcription factor IIH subunit 3	-0.32	2.986
196385	DNAH10	dynein axonemal heavy chain 10	0.388	1.352
80212	CCDC92	coiled-coil domain containing 92	0.386	7.223
144348	ZNF664	zinc finger protein 664	0.298	5.253
105370047	LOC105370047	uncharacterized LOC105370047	-0.617	1.772
65985	AACS	acetoacetyl-CoA synthetase	0.309	2.177
114795	TMEM132B	transmembrane protein 132B	1.927	7.409
121260	SLC15A4	solute carrier family 15 member 4	-0.26	1.338
440119	FZD10-AS1	FZD10 antisense divergent transcript	-1.163	2.958
105755954	ADGRD1-AS1	ADGRD1 antisense RNA 1	0.648	2.519
4326	MMP17	matrix metallopeptidase 17	-0.487	1.736
8408	ULK1	unc-51 like autophagy activating kinase 1	-0.305	1.503
80324	PUS1	pseudouridine synthase 1	-0.19	1.829
57634	EP400	E1A binding protein p400	-0.175	2.19
347918	EP400P1	EP400 pseudogene 1	-0.224	1.327
317781	DDX51	DEAD-box helicase 51	-0.288	3.673
79050	NOC4L	nucleolar complex associated 4 homolog	-0.314	2.528
5827	PXMP2	peroxisomal membrane protein 2	0.429	2.041
100289635	ZNF605	zinc finger protein 605	0.401	5.129
7574	ZNF26	zinc finger protein 26	-0.276	3.568
7699	ZNF140	zinc finger protein 140	-0.15	1.895
101060200	ZNF891	zinc finger protein 891	0.27	1.436
7556	ZNF10	zinc finger protein 10	-0.191	1.405
10795	ZNF268	zinc finger protein 268	-0.203	1.894
7278	TUBA3C	tubulin alpha 3c	1.292	2.108
55269	PSPC1	paraspeckle component 1	0.145	1.762
7750	ZMYM2	zinc finger MYM-type containing 2	0.222	1.847
53342	IL17D	interleukin 17D	-0.745	4.378
64328	XPO4	exportin 4	-0.414	1.841
26524	LATS2	large tumor suppressor kinase 2	-0.3	1.755
10284	SAP18	Sin3A associated protein 18	-0.166	1.615
101928764	LOC101928764	coiled-coil domain-containing protein 144B	-0.922	5.328
221154	MICU2	mitochondrial calcium uptake 2	0.366	5.611
100506622	LINC00540	long intergenic non-protein coding RNA 540	0.929	2.108
542767	PCOTH	prostate and testis expressed opposite C1QTNF9B and MIPEP	0.364	1.336
221178	SPATA13	spermatogenesis associated 13	0.367	2.086
143	PARP4	poly(ADP-ribose) polymerase family member 4	0.187	2.24
55835	CENPJ	centromere protein J	0.308	3.732
646405	TPTE2P1	TPTE2 pseudogene 1	-0.58	1.577
5042	PABPC3	poly(A) binding protein cytoplasmic 3	-0.331	2.94
387914	SHISA2	shisa family member 2	-3.524	11.017
6049	RNF6	ring finger protein 6	0.236	2.575
6144	RPL21	ribosomal protein L21	0.566	3.253
2971	GTF3A	general transcription factor IIIA	0.64	8.466
219402	MTIF3	mitochondrial translational initiation factor 3	0.772	12.903
51082	POLR1D	RNA polymerase I and III subunit D	0.396	6.398
255967	PAN3	poly(A) specific ribonuclease subunit PAN3	-0.258	1.792
100288730	PAN3-AS1	PAN3 antisense RNA 1	-0.317	1.529
23281	MTUS2	microtubule associated scaffold protein 2	0.772	7.323
6541	SLC7A1	solute carrier family 7 member 1	0.44	1.773
5412	UBL3	ubiquitin like 3	-0.243	1.437
171222	UBE2L5	ubiquitin conjugating enzyme E2 L5	0.615	4.482
241	ALOX5AP	arachidonate 5-lipoxygenase activating protein	0.677	2.931
105370152	LOC105370152	uncharacterized LOC105370152	-1.277	3.781
100507099	FRY-AS1	FRY antisense RNA 1	-0.739	1.757
10129	FRY	FRY microtubule binding protein	-0.259	2.549
675	BRCA2	BRCA2 DNA repair associated	0.768	2.991
90634	N4BP2L1	NEDD4 binding protein 2 like 1	-0.214	1.521
10443	N4BP2L2	NEDD4 binding protein 2 like 2	0.258	3.625
23047	PDS5B	PDS5 cohesin associated factor B	0.208	1.655
26960	NBEA	neurobeachin	0.413	3.616
8900	CCNA1	cyclin A1	-1.5	3.095
400120	SERTM1	serine rich and transmembrane domain containing 1	1.065	1.327
4093	SMAD9	SMAD family member 9	-0.783	2.77
29880	ALG5	ALG5 dolichyl-phosphate beta-glucosyltransferase	0.326	4.687
55578	SUPT20H	SPT20 homolog, SAGA complex component	0.143	3.046
7223	TRPC4	transient receptor potential cation channel subfamily C member 4	1.809	5.224
101929077	LINC02334	long intergenic non-protein coding RNA 2334	2.046	6.454
100874188	LINC00571	long intergenic non-protein coding RNA 571	0.946	2.727
387921	NHLRC3	NHL repeat containing 3	-0.279	2.132
10186	LHFPL6	LHFPL tetraspan subfamily member 6	-0.291	2.388
2308	FOXO1	forkhead box O1	-0.534	4.483
10240	MRPS31	mitochondrial ribosomal protein S31	0.449	6.461
10166	SLC25A15	solute carrier family 25 member 15	0.491	2.762
100616668	TPTE2P5	TPTE2 pseudogene 5	-0.344	1.439
11193	WBP4	WW domain binding protein 4	0.257	1.875
9617	MTRF1	mitochondrial translation release factor 1	0.451	7.3
23078	VWA8	von Willebrand factor A domain containing 8	0.455	5.479
105370183	LINC00390	long intergenic non-protein coding RNA 390	1.231	3.577
101929212	SMIM2-AS1	SMIM2 antisense RNA 1	0.836	2.864
79024	SMIM2	small integral membrane protein 2	0.727	2.466
2963	GTF2F2	general transcription factor IIF subunit 2	0.187	1.828
7178	TPT1	tumor protein, translationally-controlled 1	0.473	5.477
100190939	TPT1-AS1	TPT1 antisense RNA 1	-0.479	4.768
100874259	SLC25A30-AS1	SLC25A30 antisense RNA 1	0.689	2.931
23091	ZC3H13	zinc finger CCCH-type containing 13	0.292	3.118
3936	LCP1	lymphocyte cytosolic protein 1	0.483	1.406
2098	ESD	esterase D	0.373	5.968
3356	HTR2A	5-hydroxytryptamine receptor 2A	-2.156	3.687
107984570	LINC00444	long intergenic non-protein coding RNA 444	0.312	1.358
8803	SUCLA2	succinate-CoA ligase ADP-forming subunit beta	0.245	2.137
55270	NUDT15	nudix hydrolase 15	0.277	4.211
29079	MED4	mediator complex subunit 4	0.221	3.997
9445	ITM2B	integral membrane protein 2B	-0.257	3.164
10161	LPAR6	lysophosphatidic acid receptor 6	0.416	1.519
57105	CYSLTR2	cysteinyl leukotriene receptor 2	0.385	1.486
81602	CDADC1	cytidine and dCMP deaminase domain containing 1	0.173	2.567
107303344	SETDB2-PHF11	SETDB2-PHF11 readthrough	0.202	2.469
283518	KCNRG	potassium channel regulator	0.255	1.43
10301	DLEU1	deleted in lymphocytic leukemia 1	0.715	6.849
220108	FAM124A	family with sequence similarity 124 member A	0.508	1.464
26512	INTS6	integrator complex subunit 6	0.252	2.296
540	ATP7B	ATPase copper transporting beta	-0.584	7.478
341676	NEK5	NIMA related kinase 5	-0.577	2.491
101929657	LOC101929657	uncharacterized LOC101929657	-0.687	1.802
100887750	MRPS31P5	mitochondrial ribosomal protein S31 pseudogene 5	-0.237	1.757
55901	THSD1	thrombospondin type 1 domain containing 1	-0.228	1.483
51028	VPS36	vacuolar protein sorting 36 homolog	0.203	1.905
81550	TDRD3	tudor domain containing 3	0.322	4.688
64881	PCDH20	protocadherin 20	1.446	2.785
5101	PCDH9	protocadherin 9	-0.344	1.466
440145	MZT1	mitotic spindle organizing protein 1	-0.678	3.655
22894	DIS3	DIS3 homolog, exosome endoribonuclease and 3'-5' exoribonuclease	0.23	3.43
10464	PIBF1	progesterone immunomodulatory binding factor 1	0.235	2.033
647288	CTAGE11P	CTAGE family member 11, pseudogene	0.713	3.079
9882	TBC1D4	TBC1 domain family member 4	0.268	1.73
7347	UCHL3	ubiquitin C-terminal hydrolase L3	0.325	2.54
23077	MYCBP2	MYC binding protein 2	0.293	2.806
100874212	MYCBP2-AS1	MYCBP2 antisense RNA 1	0.552	5.625
100874222	OBI1-AS1	OBI1 antisense RNA 1	0.254	2.052
10253	SPRY2	sprouty RTK signaling antagonist 2	-0.38	4.212
103724386	LINC00377	long intergenic non-protein coding RNA 377	-2.099	7.505
2262	GPC5	glypican 5	1.231	2.296
160897	GPR180	G protein-coupled receptor 180	0.454	2.574
22873	DZIP1	DAZ interacting zinc finger protein 1	-0.312	1.852
5611	DNAJC3	DnaJ heat shock protein family (Hsp40) member C3	0.225	2.878
5911	RAP2A	RAP2A, member of RAS oncogene family	-0.264	1.409
10160	FARP1	FERM, ARH/RhoGEF and pleckstrin domain protein 1	-0.353	2.486
8428	STK24	serine/threonine kinase 24	0.17	1.73
100861541	DOCK9-DT	DOCK9 divergent transcript	-0.48	1.895
100289373	UBAC2-AS1	UBAC2 antisense RNA 1	-0.463	1.471
337867	UBAC2	UBA domain containing 2	-0.258	2.237
5095	PCCA	propionyl-CoA carboxylase subunit alpha	0.488	7.465
9358	ITGBL1	integrin subunit beta like 1	-1.379	2.99
2259	FGF14	fibroblast growth factor 14	-0.701	2.105
7174	TPP2	tripeptidyl peptidase 2	0.269	2.555
54841	BIVM	basic, immunoglobulin-like variable motif containing	0.18	1.823
100533467	BIVM-ERCC5	BIVM-ERCC5 readthrough	0.299	6.226
2073	ERCC5	ERCC excision repair 5, endonuclease	0.195	2.259
121952	METTL21EP	methyltransferase like 21E, pseudogene	-1.299	5.756
112268109	LOC112268109		-0.291	1.43
55082	ARGLU1	arginine and glutamate rich 1	-0.29	3.136
728215	NALF1	NALCN channel auxiliary factor 1	-0.884	2.11
3981	LIG4	DNA ligase 4	0.341	2.631
112268112	LOC112268112		-0.746	1.971
101927646	LOC101927646	uncharacterized LOC101927646	-0.888	1.927
100874203	COL4A2-AS1	COL4A2 antisense RNA 1	-0.753	4.462
55647	RAB20	RAB20, member RAS oncogene family	-0.675	4.569
3621	ING1	inhibitor of growth family member 1	0.213	1.48
8451	CUL4A	cullin 4A	0.156	1.361
107984583	LOC107984583		0.743	2.784
113622	ADPRHL1	ADP-ribosylhydrolase like 1	-0.404	3.204
55002	TMCO3	transmembrane and coiled-coil domains 3	-0.288	2.104
7027	TFDP1	transcription factor Dp-1	0.159	1.316
650669	GAS6-AS1	GAS6 antisense RNA 1	0.221	1.589
2621	GAS6	growth arrest specific 6	-0.241	2.285
8881	CDC16	cell division cycle 16	0.221	3.862
503638	DUXAP9	double homeobox A pseudogene 9	-0.961	2.477
503639	DUXAP10	double homeobox A pseudogene 10	-1.106	2.808
91875	TTC5	tetratricopeptide repeat domain 5	-0.354	5.815
328	APEX1	apurinic/apyrimidinic endodeoxyribonuclease 1	0.359	8.409
90809	PIP4P1	phosphatidylinositol-4,5-bisphosphate 4-phosphatase 1	-0.16	1.515
6035	RNASE1	ribonuclease A family member 1, pancreatic	0.518	3.199
6036	RNASE2	ribonuclease A family member 2	3.26	9.942
64745	METTL17	methyltransferase like 17	0.23	2.943
57447	NDRG2	NDRG family member 2	0.205	1.823
102465428	MIR6717	microRNA 6717	0.559	5.187
107984643	LOC107984643	uncharacterized LOC107984643	-0.215	1.308
57680	CHD8	chromodomain helicase DNA binding protein 8	0.149	2.514
84932	RAB2B	RAB2B, member RAS oncogene family	-0.224	3.376
28755	TRAC	T cell receptor alpha constant	1.724	4.136
1603	DAD1	defender against cell death 1	0.266	3.225
63874	ABHD4	abhydrolase domain containing 4, N-acyl phospholipase B	0.326	2.462
122704	MRPL52	mitochondrial ribosomal protein L52	0.292	1.561
26020	LRP10	LDL receptor related protein 10	0.183	1.36
161253	REM2	RRAD and GEM like GTPase 2	-0.723	1.624
10419	PRMT5	protein arginine methyltransferase 5	0.231	2.876
5693	PSMB5	proteasome 20S subunit beta 5	0.259	2.881
55017	C14orf119	chromosome 14 open reading frame 119	0.168	1.804
51310	SLC22A17	solute carrier family 22 member 17	-0.538	4.314
10278	EFS	embryonal Fyn-associated substrate	-0.565	4.406
116173	CMTM5	CKLF like MARVEL transmembrane domain containing 5	1.203	3.126
4624	MYH6	myosin heavy chain 6	0.942	7.299
80344	DCAF11	DDB1 and CUL4 associated factor 11	0.34	6.323
5721	PSME2	proteasome activator subunit 2	0.395	2.785
102465801	MIR7703	microRNA 7703	0.855	7.026
9985	REC8	REC8 meiotic recombination protein	-0.501	3.992
100528064	NEDD8-MDP1	NEDD8-MDP1 readthrough	0.471	4.124
145553	MDP1	magnesium dependent phosphatase 1	-0.289	1.734
4738	NEDD8	NEDD8 ubiquitin like modifier	0.224	2.031
5875	RABGGTA	Rab geranylgeranyltransferase subunit alpha	0.266	3.565
115817	DHRS1	dehydrogenase/reductase 1	-0.432	3.171
56413	LTB4R2	leukotriene B4 receptor 2	-0.362	1.491
1241	LTB4R	leukotriene B4 receptor	-0.301	1.567
4776	NFATC4	nuclear factor of activated T cells 4	0.244	1.444
57523	NYNRIN	NYN domain and retroviral integrase containing	-0.495	4.635
1215	CMA1	chymase 1	-1.723	3.824
1511	CTSG	cathepsin G	-0.872	1.422
2999	GZMH	granzyme H	-1.049	1.561
29091	STXBP6	syntaxin binding protein 6	0.582	2.587
5587	PRKD1	protein kinase D1	-0.34	3.868
23256	SCFD1	sec1 family domain containing 1	0.216	3.517
25831	HECTD1	HECT domain E3 ubiquitin protein ligase 1	0.375	6.498
394	ARHGAP5	Rho GTPase activating protein 5	0.465	2.548
84837	ARHGAP5-AS1	ARHGAP5 antisense RNA 1 (head to head)	0.364	2.281
64067	NPAS3	neuronal PAS domain protein 3	-0.808	4.766
112399	EGLN3	egl-9 family hypoxia inducible factor 3	-0.787	3.389
107987210	LOC107987210	replaced by ID 102724945	-1.45	4.092
105370446	LOC105370446	uncharacterized LOC105370446	-1.969	6.492
11177	BAZ1A	bromodomain adjacent to zinc finger domain 1A	0.309	2.522
280655	IGBP1P1	immunoglobulin (CD79A) binding protein 1 pseudogene 1	0.469	2.054
6729	SRP54	signal recognition particle 54	0.161	2.483
9692	PRORP	protein only RNase P catalytic subunit	0.328	5.554
5687	PSMA6	proteasome 20S subunit alpha 6	0.164	1.556
253959	RALGAPA1	Ral GTPase activating protein catalytic subunit alpha 1	0.301	3.223
84312	BRMS1L	BRMS1 like transcriptional repressor	0.27	2.664
145282	MIPOL1	mirror-image polydactyly 1	0.244	1.716
10484	SEC23A	SEC23 homolog A, COPII coat complex component	0.365	2.826
105370458	SEC23A-AS1	SEC23A antisense RNA 1	0.917	4.488
4253	MIA2	MIA SH3 domain ER export factor 2	0.432	3.945
105370469	LRFN5-DT	LRFN5 divergent transcript	-0.718	2.646
122525	C14orf28	chromosome 14 open reading frame 28	0.247	1.391
55015	PRPF39	pre-mRNA processing factor 39	0.185	3.251
2287	FKBP3	FKBP prolyl isomerase 3	0.577	8.061
6235	RPS29	ribosomal protein S29	-0.476	4.998
107987206	LOC107987206	replaced by ID 6029	-0.987	3.002
6029	RN7SL1	RNA component of signal recognition particle 7SL1	-0.994	2.932
6166	RPL36AL	ribosomal protein L36a like	0.419	3.135
4247	MGAT2	alpha-1,6-mannosyl-glycoprotein 2-beta-N-acetylglucosaminyltransferase	-0.265	2.565
23588	KLHDC2	kelch domain containing 2	0.107	1.327
9147	NEMF	nuclear export mediator factor	0.12	1.417
105378179	LOC105378179	uncharacterized LOC105378179	-0.607	1.897
378706	RN7SL2	RNA component of signal recognition particle 7SL2	-0.831	2.27
79609	VCPKMT	valosin containing protein lysine methyltransferase	-0.361	3.223
27109	DMAC2L	distal membrane arm assembly component 2 like	-0.387	2.749
8814	CDKL1	cyclin dependent kinase like 1	-0.207	1.625
5836	PYGL	glycogen phosphorylase L	0.504	3.735
114088	TRIM9	tripartite motif containing 9	-0.602	2.051
51637	RTRAF	RNA transcription, translation and transport factor	0.418	7.05
105378180	LOC105378180	uncharacterized LOC105378180	-0.455	2.262
283554	GPR137C	G protein-coupled receptor 137C	-0.505	1.528
10979	FERMT2	FERM domain containing kindlin 2	0.32	7.509
652	BMP4	bone morphogenetic protein 4	-1.212	12.841
1033	CDKN3	cyclin dependent kinase inhibitor 3	1.483	12.664
729451	SAMD4A-AS1	SAMD4A antisense RNA 1	1.047	3.587
93487	MAPK1IP1L	mitogen-activated protein kinase 1 interacting protein 1 like	-0.228	3.375
3958	LGALS3	galectin 3	0.273	1.829
22863	ATG14	autophagy related 14	-0.169	1.462
100129075	KTN1-AS1	KTN1 antisense RNA 1	-0.444	2.132
3895	KTN1	kinectin 1	0.481	5.84
102723670	LOC102723670	uncharacterized LOC102723670	0.687	1.699
57161	PELI2	pellino E3 ubiquitin protein ligase family member 2	-0.371	1.353
55745	AP5M1	adaptor related protein complex 5 subunit mu 1	0.171	1.345
5684	PSMA3	proteasome 20S subunit alpha 3	0.294	3.952
5926	ARID4A	AT-rich interaction domain 4A	0.259	1.98
26520	TIMM9	translocase of inner mitochondrial membrane 9	0.232	1.904
23002	DAAM1	dishevelled associated activator of morphogenesis 1	0.43	3.33
105370524	PCNX4-DT	PCNX4 divergent transcript	-0.685	3.739
64430	PCNX4	pecanex 4	-0.351	2.982
4331	MNAT1	MNAT1 component of CDK activating kinase	0.169	1.714
57570	TRMT5	tRNA methyltransferase 5	-0.198	2.732
161291	TMEM30B	transmembrane protein 30B	-2.29	7.983
3091	HIF1A	hypoxia inducible factor 1 subunit alpha	0.353	3.469
6617	SNAPC1	small nuclear RNA activating complex polypeptide 1	0.326	2.577
105370531	LOC105370531	LINE-1 retrotransposable element ORF1 protein-like	0.295	1.979
57381	RHOJ	ras homolog family member J	0.31	1.539
5529	PPP2R5E	protein phosphatase 2 regulatory subunit B'epsilon	0.18	2.515
23224	SYNE2	spectrin repeat containing nuclear envelope protein 2	0.421	2.244
2100	ESR2	estrogen receptor 2	0.47	1.643
4522	MTHFD1	methylenetetrahydrofolate dehydrogenase, cyclohydrolase and formyltetrahydrofolate synthetase 1	0.324	3.835
9495	AKAP5	A-kinase anchoring protein 5	-0.577	2.09
102465841	MIR7855	microRNA 7855	0.506	3.401
107984655	LOC107984655	uncharacterized LOC107984655	0.335	1.395
100506321	LOC100506321	uncharacterized LOC100506321	0.689	5.797
64398	PALS1	protein associated with LIN7 1, MAGUK p55 family member	0.231	1.901
1965	EIF2S1	eukaryotic translation initiation factor 2 subunit alpha	0.239	6.545
57475	PLEKHH1	pleckstrin homology, MyTH4 and FERM domain containing H1	0.661	6.36
5283	PIGH	phosphatidylinositol glycan anchor biosynthesis class H	0.223	1.926
10490	VTI1B	vesicle transport through interaction with t-SNAREs 1B	0.339	8.206
8816	DCAF5	DDB1 and CUL4 associated factor 5	0.23	4.026
55218	EXD2	exonuclease 3'-5' domain containing 2	0.179	3.389
55334	SLC39A9	solute carrier family 39 member 9	-0.216	4.653
9766	SUSD6	sushi domain containing 6	-0.51	12.923
100289511	LOC100289511	uncharacterized LOC100289511	0.448	1.93
6430	SRSF5	serine and arginine rich splicing factor 5	-0.284	2.922
64093	SMOC1	SPARC related modular calcium binding 1	-1.364	1.605
55333	SYNJ2BP	synaptojanin 2 binding protein	0.277	4.03
8747	ADAM21	ADAM metallopeptidase domain 21	-0.608	1.614
8748	ADAM20	ADAM metallopeptidase domain 20	-0.435	1.534
10001	MED6	mediator complex subunit 6	0.198	2.746
23508	TTC9	tetratricopeptide repeat domain 9	-0.829	3.377
4293	MAP3K9	mitogen-activated protein kinase kinase kinase 9	0.425	1.963
22990	PCNX1	pecanex 1	0.219	1.739
26037	SIPA1L1	signal induced proliferation associated 1 like 1	-0.381	3.7
58517	RBM25	RNA binding motif protein 25	0.144	1.445
5663	PSEN1	presenilin 1	0.185	4.056
89932	PAPLN	papilin, proteoglycan like sulfated glycoprotein	-0.811	3.402
8650	NUMB	NUMB endocytic adaptor protein	0.161	3.65
122970	ACOT4	acyl-CoA thioesterase 4	-0.508	2.513
641372	ACOT6	acyl-CoA thioesterase 6	0.556	2.817
83544	DNAL1	dynein axonemal light chain 1	-0.241	2.947
91748	MIDEAS	mitotic deacetylase associated SANT domain protein	-0.312	3.819
145482	PTGR2	prostaglandin reductase 2	0.24	2.104
57862	ZNF410	zinc finger protein 410	-0.237	3.023
5826	ABCD4	ATP binding cassette subfamily D member 4	-0.214	3.643
10577	NPC2	NPC intracellular cholesterol transporter 2	0.294	1.771
4053	LTBP2	latent transforming growth factor beta binding protein 2	-1.361	3.584
9870	AREL1	apoptosis resistant E3 ubiquitin protein ligase 1	0.187	2.56
283571	PROX2	prospero homeobox 2	-0.522	4.59
83694	RPS6KL1	ribosomal protein S6 kinase like 1	-0.237	1.351
8892	EIF2B2	eukaryotic translation initiation factor 2B subunit beta	0.306	3.162
27030	MLH3	mutL homolog 3	0.195	2.503
79696	ZC2HC1C	zinc finger C2HC-type containing 1C	0.421	4.397
10972	TMED10	transmembrane p24 trafficking protein 10	0.169	1.555
731223	LINC01220	long intergenic non-protein coding RNA 1220	-0.988	2.091
23093	TTLL5	tubulin tyrosine ligase like 5	0.323	5.412
112752	IFT43	intraflagellar transport 43	-0.59	7.578
105370573	LOC105370573	uncharacterized LOC105370573	-0.871	10.627
57156	TMEM63C	transmembrane protein 63C	1.989	4.221
10598	AHSA1	activator of HSP90 ATPase activity 1	0.316	2.913
81892	SLIRP	SRA stem-loop interacting RNA binding protein	0.358	2.196
22938	SNW1	SNW domain containing 1	0.204	2.126
1734	DIO2	iodothyronine deiodinase 2	-1.173	5.459
145508	CEP128	centrosomal protein 128	0.565	5.837
85439	STON2	stonin 2	-0.541	2.077
6400	SEL1L	SEL1L adaptor subunit of ERAD E3 ubiquitin ligase	0.284	2.868
55812	SPATA7	spermatogenesis associated 7	0.3	4.585
79882	ZC3H14	zinc finger CCCH-type containing 14	0.324	5.943
123016	TTC8	tetratricopeptide repeat domain 8	-0.277	1.972
1112	FOXN3	forkhead box N3	0.565	11.513
5700	PSMC1	proteasome 26S subunit, ATPase 1	0.187	2.029
9252	RPS6KA5	ribosomal protein S6 kinase A5	0.399	1.489
55671	PPP4R3A	protein phosphatase 4 regulatory subunit 3A	0.3	5.118
123036	TC2N	tandem C2 domains, nuclear	1.027	3.391
9321	TRIP11	thyroid hormone receptor interactor 11	0.29	2.112
4287	ATXN3	ataxin 3	-0.288	2.456
53981	CPSF2	cleavage and polyadenylation specific factor 2	0.234	2.989
9950	GOLGA5	golgin A5	0.288	4.667
3705	ITPK1	inositol-tetrakisphosphate 1-kinase	0.602	8.763
64112	MOAP1	modulator of apoptosis 1	-0.203	2.099
26175	LYSET	lysosomal enzyme trafficking factor	0.456	6.153
84520	GON7	GON7 subunit of KEOPS complex	0.467	7.105
51676	ASB2	ankyrin repeat and SOCS box containing 2	0.893	7.023
107984663	LOC107984663	uncharacterized LOC107984663	1.13	4.733
122509	IFI27L1	interferon alpha inducible protein 27 like 1	-0.21	2.022
5104	SERPINA5	serpin family A member 5	1.786	7.551
112268127	LOC112268127	uncharacterized LOC112268127	1.274	4.134
12	SERPINA3	serpin family A member 3	2.503	7.39
283596	SNHG10	small nucleolar RNA host gene 10	-0.379	3.635
51218	GLRX5	glutaredoxin 5	0.372	4.072
56967	C14orf132	chromosome 14 open reading frame 132	-2.253	12.723
10914	PAPOLA	poly(A) polymerase alpha	0.413	5.054
388011	LINC01550	long intergenic non-protein coding RNA 1550	0.972	3.384
64919	BCL11B	BCL11 transcription factor B	-1.109	2.549
84193	SETD3	SET domain containing 3, actin histidine methyltransferase	0.209	3.275
317762	CCDC85C	coiled-coil domain containing 85C	0.284	3.993
84439	HHIPL1	HHIP like 1	-0.499	1.859
10858	CYP46A1	cytochrome P450 family 46 subfamily A member 1	-0.76	5.792
2009	EML1	EMAP like 1	0.46	3.959
102724682	LOC102724682	uncharacterized LOC102724682	0.275	1.835
51466	EVL	Enah/Vasp-like	-0.353	3.066
123099	DEGS2	delta 4-desaturase, sphingolipid 2	-0.71	9.273
7528	YY1	YY1 transcription factor	0.247	4.849
123096	SLC25A29	solute carrier family 25 member 29	-0.323	2.528
7453	WARS1	tryptophanyl-tRNA synthetase 1	0.291	1.301
57596	BEGAIN	brain enriched guanylate kinase associated	-1.362	6.911
55384	MEG3	maternally expressed 3	-0.883	9.14
5527	PPP2R5C	protein phosphatase 2 regulatory subunit B'gamma	0.379	6.765
107984658	LOC107984658	uncharacterized LOC107984658	0.244	1.878
3320	HSP90AA1	heat shock protein 90 alpha family class A member 1	0.259	1.345
91833	WDR20	WD repeat domain 20	0.174	2.645
5891	MOK	MOK protein kinase	-0.203	1.574
55778	ZNF839	zinc finger protein 839	-0.136	1.345
51550	CINP	cyclin dependent kinase 2 interacting protein	0.507	8.279
81693	AMN	amnion associated transmembrane protein	-0.252	3.293
91828	EXOC3L4	exocyst complex component 3 like 4	-0.9	2.337
105370687	LOC105370687	uncharacterized LOC105370687	-0.315	1.425
4140	MARK3	microtubule affinity regulating kinase 3	0.859	5
84334	COA8	cytochrome c oxidase assembly factor 8	0.478	6.336
3831	KLC1	kinesin light chain 1	0.207	2.738
7517	XRCC3	X-ray repair cross complementing 3	-0.581	12.923
79038	ZFYVE21	zinc finger FYVE-type containing 21	-0.243	5.178
23368	PPP1R13B	protein phosphatase 1 regulatory subunit 13B	0.384	2.732
9556	ATP5MJ	ATP synthase membrane subunit j	0.396	2.626
647286	RD3L	RD3 like	0.637	6.069
26153	KIF26A	kinesin family member 26A	-0.746	4.598
107987209	LOC107987209	uncharacterized LOC107987209	-0.472	6.305
10572	SIVA1	SIVA1 apoptosis inducing factor	-0.43	4.528
122618	PLD4	phospholipase D family member 4	-0.932	3.07
55038	CDCA4	cell division cycle associated 4	-0.344	2.573
102723354	LINC02298	long intergenic non-protein coding RNA 2298	-0.817	2.034
2972	BRF1	BRF1 RNA polymerase III transcription initiation factor subunit	-0.142	1.491
90135	BTBD6	BTB domain containing 6	0.376	7.505
23241	PACS2	phosphofurin acidic cluster sorting protein 2	0.26	7.94
1397	CRIP2	cysteine rich protein 2	-0.271	2.756
283643	TEDC1	tubulin epsilon and delta complex 1	-0.392	1.698
80757	TMEM121	transmembrane protein 121	-0.616	2.009
3493	IGHA1	immunoglobulin heavy constant alpha 1	-1.037	1.329
283755	HERC2P3	HERC2 pseudogene 3	0.894	6.294
646396	REREP3	arginine-glutamic acid dipeptide repeats pseudogene 3	0.646	2.806
400322	HERC2P2	HERC2 pseudogene 2	0.656	4.138
339005	WHAMMP3	WHAMM pseudogene 3	0.209	1.309
123606	NIPA1	NIPA magnesium transporter 1	0.34	3.792
114791	TUBGCP5	tubulin gamma complex associated protein 5	0.243	2.047
653061	GOLGA8S	golgin A8 family member S	-0.25	1.416
105370728	LOC105370728	uncharacterized LOC105370728	0.84	3.275
4692	NDN	necdin, MAGE family member	-0.474	7.409
100033432	SNORD116-21	small nucleolar RNA, C/D box 116-21	0.882	3.115
3653	IPW	imprinted in Prader-Willi syndrome	-0.248	1.515
7337	UBE3A	ubiquitin protein ligase E3A	0.189	2.486
57194	ATP10A	ATPase phospholipid transporting 10A (putative)	-1.061	4.643
107984780	LINC02248	long intergenic non-protein coding RNA 2248	1.69	1.564
105370740	LOC105370740	uncharacterized LOC105370740	1.626	1.57
8924	HERC2	HECT and RLD domain containing E3 ubiquitin protein ligase 2	0.404	8.241
283768	GOLGA8G	golgin A8 family member G	-0.596	1.82
440248	HERC2P9	HERC2 pseudogene 9	0.687	6.307
646278	PDCD6IPP2	PDCD6IP pseudogene 2	0.478	7.707
56160	NSMCE3	NSE3 homolog, SMC5-SMC6 complex component	0.211	1.542
101927788	LOC101927788	uncharacterized LOC101927788	-0.359	1.307
105376704	LOC105376704	uncharacterized LOC105376704	-0.683	2.688
727909	GOLGA8Q	golgin A8 family member Q	0.341	1.43
102725021	ARHGAP11B-DT	ARHGAP11B divergent transcript	0.288	1.41
89839	ARHGAP11B	Rho GTPase activating protein 11B	0.6	2.092
390561	HERC2P10	HERC2 pseudogene 10	0.38	1.656
22909	FAN1	FANCD2 and FANCI associated nuclease 1	0.173	1.492
54893	MTMR10	myotubularin related protein 10	0.291	4.665
105376710	LOC105376710	uncharacterized LOC105376710	-0.546	1.672
9824	ARHGAP11A	Rho GTPase activating protein 11A	0.402	1.563
6263	RYR3	ryanodine receptor 3	-0.591	1.624
57099	AVEN	apoptosis and caspase activation inhibitor	0.637	9.273
56851	EMC7	ER membrane protein complex subunit 7	0.444	9.067
9990	SLC12A6	solute carrier family 12 member 6	0.447	7.033
55505	NOP10	NOP10 ribonucleoprotein	0.492	5.082
254531	LPCAT4	lysophosphatidylcholine acyltransferase 4	0.668	3.902
9716	AQR	aquarius intron-binding spliceosomal factor	0.111	1.473
54989	ZNF770	zinc finger protein 770	0.37	2.84
102724214	LOC102724214	uncharacterized LOC102724214	-1.157	1.601
4212	MEIS2	Meis homeobox 2	0.325	3.117
161742	SPRED1	sprouty related EVH1 domain containing 1	-0.382	1.479
10125	RASGRP1	RAS guanyl releasing protein 1	-0.619	1.408
440275	EIF2AK4	eukaryotic translation initiation factor 2 alpha kinase 4	0.297	3.118
6727	SRP14	signal recognition particle 14	0.419	6.73
701	BUB1B	BUB1 mitotic checkpoint serine/threonine kinase B	1.06	3.917
100131244	ANKRD63	ankyrin repeat domain 63	1.723	3.238
388115	CCDC9B	coiled-coil domain containing 9B	0.353	4.579
90417	KNSTRN	kinetochore localized astrin (SPAG5) binding protein	0.36	1.63
3712	IVD	isovaleryl-CoA dehydrogenase	-0.314	2.356
22893	BAHD1	bromo adjacent homology domain containing 1	-0.187	2.133
113189	CHST14	carbohydrate sulfotransferase 14	-0.459	7.251
57082	KNL1	kinetochore scaffold 1	1.082	2.708
5888	RAD51	RAD51 recombinase	0.523	1.314
2644	GCHFR	GTP cyclohydrolase I feedback regulator	0.567	3.026
643338	C15orf62	chromosome 15 open reading frame 62	-0.249	1.702
84936	ZFYVE19	zinc finger FYVE-type containing 19	0.384	3.913
6692	SPINT1	serine peptidase inhibitor, Kunitz type 1	1.235	4.004
57617	VPS18	VPS18 core subunit of CORVET and HOPS complexes	-0.214	2.214
54567	DLL4	delta like canonical Notch ligand 4	-0.662	4.059
54617	INO80	INO80 complex ATPase subunit	0.26	7.927
51203	NUSAP1	nucleolar and spindle associated protein 1	0.739	1.806
51103	NDUFAF1	NADH:ubiquinone oxidoreductase complex assembly factor 1	0.412	1.331
8681	JMJD7-PLA2G4B	JMJD7-PLA2G4B readthrough	-0.24	2.56
100137049	PLA2G4B	phospholipase A2 group IVB	-0.359	3.964
30844	EHD4	EH domain containing 4	0.276	1.468
255189	PLA2G4F	phospholipase A2 group IVF	2.414	6.624
25963	TMEM87A	transmembrane protein 87A	-0.16	2.603
825	CAPN3	calpain 3	-0.553	5.65
8773	SNAP23	synaptosome associated protein 23	-0.331	3.237
146059	CDAN1	codanin 1	-0.325	4.529
197131	UBR1	ubiquitin protein ligase E3 component n-recognin 1	-0.319	2.428
80021	TMEM62	transmembrane protein 62	0.297	3.797
27229	TUBGCP4	tubulin gamma complex associated protein 4	0.193	2.711
7158	TP53BP1	tumor protein p53 binding protein 1	0.246	2.403
117155	CATSPER2	cation channel sperm associated 2	-0.502	1.885
80237	ELL3	elongation factor for RNA polymerase II 3	0.317	1.944
10169	SERF2	small EDRK-rich factor 2	0.231	2.009
100529067	SERF2-C15ORF63	SERF2-C15orf63 readthrough	0.788	9.705
100302254	MIR1282	microRNA 1282	0.869	10.805
619189	SERINC4	serine incorporator 4	-0.146	1.389
25764	HYPK	huntingtin interacting protein K	0.53	5.081
79968	WDR76	WD repeat domain 76	0.312	1.366
8669	EIF3J	eukaryotic translation initiation factor 3 subunit J	0.409	8.353
113218500	MIR10393	microRNA 10393	-0.587	4.524
100419583	LOC100419583	ring finger protein 4 pseudogene	0.221	2.217
653381	SORD2P	sorbitol dehydrogenase 2, pseudogene	0.528	3.18
6652	SORD	sorbitol dehydrogenase	0.579	3.922
50506	DUOX2	dual oxidase 2	-1.019	3.517
90527	DUOXA1	dual oxidase maturation factor 1	-0.64	1.818
53905	DUOX1	dual oxidase 1	-0.885	6.228
2628	GATM	glycine amidinotransferase	-0.874	2.029
79029	SPATA5L1	spermatogenesis associated 5 like 1	-0.301	2.108
283651	HMGN2P46	high mobility group nucleosomal binding domain 2 pseudogene 46	-0.957	13.404
58472	SQOR	sulfide quinone oxidoreductase	0.284	3.211
80031	SEMA6D	semaphorin 6D	0.357	1.482
283652	SLC24A5	solute carrier family 24 member 5	-0.548	3.687
50804	MYEF2	myelin expression factor 2	-0.437	4.191
1854	DUT	deoxyuridine triphosphatase	-0.326	4.848
22995	CEP152	centrosomal protein 152	0.487	2.204
9728	SECISBP2L	SECIS binding protein 2 like	0.204	1.474
9318	COPS2	COP9 signalosome subunit 2	0.259	3.775
2585	GALK2	galactokinase 2	0.302	5.571
100306975	NDUFAF4P1	NADH:ubiquinone oxidoreductase complex assembly factor 4 pseudogene 1	0.443	1.617
196951	FAM227B	family with sequence similarity 227 member B	0.182	1.312
2252	FGF7	fibroblast growth factor 7	1.307	9.374
56986	DTWD1	DTW domain containing 1	0.194	2.434
3067	HDC	histidine decarboxylase	-1.06	2.71
9101	USP8	ubiquitin specific peptidase 8	0.402	7.665
54822	TRPM7	transient receptor potential cation channel subfamily M member 7	0.377	2.207
100422556	LOC100422556	LEO1 homolog, Paf1/RNA polymerase II complex component pseudogene	0.637	1.885
112268148	LOC112268148	uncharacterized LOC112268148	0.451	1.751
123169	LEO1	LEO1 homolog, Paf1/RNA polymerase II complex component	0.305	3.935
10681	GNB5	G protein subunit beta 5	-0.346	2.214
51187	RSL24D1	ribosomal L24 domain containing 1	-0.219	2.93
100533483	DNAAF4-CCPG1	DNAAF4-CCPG1 readthrough (NMD candidate)	0.169	1.671
145788	PIERCE2	piercer of microtubule wall 2	0.895	12.318
26108	PYGO1	pygopus family PHD finger 1	0.562	2.065
374618	TEX9	testis expressed 9	-0.951	4.008
55329	MNS1	meiosis specific nuclear structural 1	-0.575	2.214
145783	TCF12-DT	TCF12 divergent transcript	0.333	4.32
84952	CGNL1	cingulin like 1	-0.658	2.855
145781	GCOM1	GCOM1, MYZAP-POLR2M combined locus	0.253	1.439
81488	POLR2M	RNA polymerase II subunit M	-0.505	7.073
8854	ALDH1A2	aldehyde dehydrogenase 1 family member A2	-0.637	2.732
79811	SLTM	SAFB like transcription modulator	0.545	7.373
9133	CCNB2	cyclin B2	1.577	5.033
145773	FAM81A	family with sequence similarity 81 member A	1.224	4.367
2958	GTF2A2	general transcription factor IIA subunit 2	0.308	3.895
302	ANXA2	annexin A2	0.307	1.756
101928784	RORA-AS1	RORA antisense RNA 1	-0.62	2.71
54832	VPS13C	vacuolar protein sorting 13 homolog C	0.254	1.98
388125	C2CD4B	C2 calcium dependent domain containing 4B	-0.907	2.674
105370854	LOC105370854	uncharacterized LOC105370854	-0.352	1.313
7168	TPM1	tropomyosin 1	0.301	2.259
114294	LACTB	lactamase beta	0.647	9.051
51065	RPS27L	ribosomal protein S27 like	0.423	4.383
84191	CIAO2A	cytosolic iron-sulfur assembly component 2A	0.389	5.921
79856	SNX22	sorting nexin 22	0.274	1.747
5479	PPIB	peptidylprolyl isomerase B	0.313	1.936
23060	ZNF609	zinc finger protein 609	0.226	2.648
4947	OAZ2	ornithine decarboxylase antizyme 2	-0.244	2.087
348093	RBPMS2	RNA binding protein, mRNA processing factor 2	0.362	4.547
80301	PLEKHO2	pleckstrin homology domain containing O2	-0.238	1.385
348094	ANKDD1A	ankyrin repeat and death domain containing 1A	-0.396	2.24
123263	MTFMT	mitochondrial methionyl-tRNA formyltransferase	0.184	1.49
51285	RASL12	RAS like family 12	0.499	4.486
390594	KBTBD13	kelch repeat and BTB domain containing 13	0.853	4.031
10081	PDCD7	programmed cell death 7	-0.187	1.989
10845	CLPX	caseinolytic mitochondrial matrix peptidase chaperone subunit X	0.19	3.285
54878	DPP8	dipeptidyl peptidase 8	0.373	4.668
10260	DENND4A	DENN domain containing 4A	0.319	4.622
84465	MEGF11	multiple EGF like domains 11	-0.282	2.548
115752	DIS3L	DIS3 like exosome 3'-5' exoribonuclease	0.346	3.925
4091	SMAD6	SMAD family member 6	-0.622	2.809
105376718	LOC105376718	uncharacterized LOC105376718	-1.21	4.748
54982	CLN6	CLN6 transmembrane ER protein	-0.435	5.47
22801	ITGA11	integrin subunit alpha 11	0.593	1.964
55323	LARP6	La ribonucleoprotein 6, translational regulator	0.462	3.885
56906	THAP10	THAP domain containing 10	-0.369	2.544
196993	CT62	cancer/testis associated 62	0.658	3.227
79875	THSD4	thrombospondin type 1 domain containing 4	-0.407	3.18
4649	MYO9A	myosin IXA	0.316	3.095
5315	PKM	pyruvate kinase M1/2	0.291	4.286
56965	PARP6	poly(ADP-ribose) polymerase family member 6	0.462	9.742
60677	CELF6	CUGBP Elav-like family member 6	-0.497	3.412
80381	CD276	CD276 molecule	0.498	4.259
388135	INSYN1	inhibitory synaptic factor 1	0.952	8.337
4016	LOXL1	lysyl oxidase like 1	-0.681	1.545
5371	PML	PML nuclear body scaffold	-0.437	9.608
57611	ISLR2	immunoglobulin superfamily containing leucine rich repeat 2	-1.144	4.66
283731	LOC283731	uncharacterized LOC283731	-0.652	1.489
3671	ISLR	immunoglobulin superfamily containing leucine rich repeat	-1.46	12.272
1583	CYP11A1	cytochrome P450 family 11 subfamily A member 1	-1.329	5.804
84993	UBL7	ubiquitin like 7	-0.225	3.405
10620	ARID3B	AT-rich interaction domain 3B	-0.235	2.164
102723750	LOC102723750	uncharacterized LOC102723750	-1.036	7.237
1445	CSK	C-terminal Src kinase	0.407	4.769
79748	LMAN1L	lectin, mannose binding 1 like	1.562	4.714
594855	CPLX3	complexin 3	2.016	6.5
25989	ULK3	unc-51 like kinase 3	0.271	4.591
4351	MPI	mannose phosphate isomerase	0.265	2.115
57184	FAM219B	family with sequence similarity 219 member B	0.246	1.876
192683	SCAMP5	secretory carrier membrane protein 5	-1.287	6.492
54939	COMMD4	COMM domain containing 4	-0.336	3.966
79661	NEIL1	nei like DNA glycosylase 1	-0.393	7.073
4123	MAN2C1	mannosidase alpha class 2C member 1	-0.532	8.406
5780	PTPN9	protein tyrosine phosphatase non-receptor type 9	-0.443	3.742
105370902	LOC105370902	uncharacterized LOC105370902	-0.586	2.193
1464	CSPG4	chondroitin sulfate proteoglycan 4	-0.564	3.057
92912	UBE2Q2	ubiquitin conjugating enzyme E2 Q2	-0.326	2.234
26263	FBXO22	F-box protein 22	0.26	4.739
2108	ETFA	electron transfer flavoprotein subunit alpha	0.213	1.855
49855	SCAPER	S-phase cyclin A associated protein in the ER	0.4	6.452
9051	PSTPIP1	proline-serine-threonine phosphatase interacting protein 1	0.645	3.128
3419	IDH3A	isocitrate dehydrogenase (NAD(+)) 3 catalytic subunit alpha	0.518	4.197
23205	ACSBG1	acyl-CoA synthetase bubblegum family member 1	0.449	3.323
5685	PSMA4	proteasome 20S subunit alpha 4	0.436	4.924
1136	CHRNA3	cholinergic receptor nicotinic alpha 3 subunit	-2.083	6.147
11173	ADAMTS7	ADAM metallopeptidase with thrombospondin type 1 motif 7	0.485	1.408
390616	ANKRD34C	ankyrin repeat domain 34C	-1.666	4.531
23423	TMED3	transmembrane p24 trafficking protein 3	0.332	1.458
100528021	ST20-MTHFS	ST20-MTHFS readthrough	0.256	1.584
10588	MTHFS	methenyltetrahydrofolate synthetase	0.239	1.338
2184	FAH	fumarylacetoacetate hydrolase	0.296	1.831
100996492	CTXND1	cortexin domain containing 1	0.729	1.339
107984749	LOC107984749		-0.452	1.327
23184	MESD	mesoderm development LRP chaperone	0.247	4.192
59274	TLNRD1	talin rod domain containing 1	-0.447	3.669
3603	IL16	interleukin 16	-0.416	1.898
80765	STARD5	StAR related lipid transfer domain containing 5	-0.412	2.043
79631	EFL1	elongation factor like GTPase 1	0.525	7.939
642402	GOLGA6L17P	golgin A6 family like 17, pseudogene	0.323	1.69
6218	RPS17	ribosomal protein S17	0.546	5.269
64506	CPEB1	cytoplasmic polyadenylation element binding protein 1	-0.933	3.622
283693	ACTG1P17	actin gamma 1 pseudogene 17	-0.635	1.529
100505616	SNHG21	small nucleolar RNA host gene 21	0.41	2.143
123722	FSD2	fibronectin type III and SPRY domain containing 2	0.775	4.387
9455	HOMER2	homer scaffold protein 2	0.262	2.39
83640	RAMAC	RNA guanine-7 methyltransferase activating subunit	0.249	4.289
53346	TM6SF1	transmembrane 6 superfamily member 1	-0.297	1.622
57188	ADAMTSL3	ADAMTS like 3	-0.322	1.595
648809	EFL1P1	elongation factor like GTPase 1 pseudogene 1	0.483	5.003
440299	DNM1P41	dynamin 1 pseudogene 41	-0.481	2.375
100505679	UBE2Q2P16	UBE2Q2 pseudogene 16	-0.776	2.633
440300	LOC440300	chondroitin sulfate proteoglycan 4 pseudogene	-0.478	1.894
102724093	LOC102724093	golgin subfamily A member 6-like protein 4	-0.232	1.461
105376722	LOC105376722	uncharacterized LOC105376722	-1.244	6.653
112267869	LOC112267869		-0.586	1.521
388165	UBE2Q2P1	UBE2Q2 pseudogene 1	0.337	1.621
54993	ZSCAN2	zinc finger and SCAN domain containing 2	0.252	3.139
54581	SCAND2P	SCAN domain containing 2 pseudogene	-0.254	3.847
84942	WDR73	WD repeat domain 73	-0.222	3.713
23478	SEC11A	SEC11 homolog A, signal peptidase complex subunit	0.174	2.59
57538	ALPK3	alpha kinase 3	-0.505	3.665
100133220	GOLGA6L3P	golgin A6 family like 3, pseudogene	0.272	1.309
102724393	LOC102724393		-0.968	2.212
26589	MRPL46	mitochondrial ribosomal protein L46	0.33	2.383
64963	MRPS11	mitochondrial ribosomal protein S11	0.211	2.302
176	ACAN	aggrecan	-1.418	2.749
145864	HAPLN3	hyaluronan and proteoglycan link protein 3	-0.835	3.648
55215	FANCI	FA complementation group I	0.274	3.158
5428	POLG	DNA polymerase gamma, catalytic subunit	0.203	2.548
254559	MIR9-3HG	MIR9-3 host gene	-1.149	6.906
51458	RHCG	Rh family C glycoprotein	-2.806	6.491
374654	KIF7	kinesin family member 7	-0.768	7.171
3418	IDH2	isocitrate dehydrogenase (NADP(+)) 2	0.436	2.444
10509	SEMA4B	semaphorin 4B	0.413	2.132
390637	GDPGP1	GDP-D-glucose phosphorylase 1	-0.351	2.09
51335	NGRN	neugrin, neurite outgrowth associated	0.373	5.69
8826	IQGAP1	IQ motif containing GTPase activating protein 1	0.232	1.506
64784	CRTC3	CREB regulated transcription coactivator 3	-0.176	2.647
641	BLM	BLM RecQ like helicase	1.664	6.088
5045	FURIN	furin, paired basic amino acid cleaving enzyme	0.429	4.54
4122	MAN2A2	mannosidase alpha class 2A member 2	0.771	9.942
374659	HDDC3	HD domain containing 3	0.456	7.116
55898	UNC45A	unc-45 myosin chaperone A	-0.233	3.039
26276	VPS33B	VPS33B late endosome and lysosome associated	-0.137	1.309
28232	SLCO3A1	solute carrier organic anion transporter family member 3A1	0.358	8.739
8128	ST8SIA2	ST8 alpha-N-acetyl-neuraminide alpha-2,8-sialyltransferase 2	-0.844	2.975
100507217	CHASERR	CHD2 adjacent suppressive regulatory RNA	-0.242	2.363
1106	CHD2	chromodomain helicase DNA binding protein 2	0.177	2.002
56963	RGMA	repulsive guidance molecule BMP co-receptor a	0.406	2.471
440311	LOC440311	NOP53 ribosome biogenesis factor pseudogene	-0.422	3.802
145820	LINC00924	long intergenic non-protein coding RNA 924	0.645	3.118
104472848	IRAIN	IGF1R antisense imprinted non-protein coding RNA	-0.859	2.96
3480	IGF1R	insulin like growth factor 1 receptor	-0.365	2.758
145814	PGPEP1L	pyroglutamyl-peptidase I like	-0.638	1.604
107984740	LOC107984740		-1.215	2.742
55180	LINS1	lines homolog 1	-0.164	1.345
79705	LRRK1	leucine rich repeat kinase 1	-0.391	2.337
55829	SELENOS	selenoprotein S	0.211	1.433
6627	SNRPA1	small nuclear ribonucleoprotein polypeptide A'	0.379	5.711
5046	PCSK6	proprotein convertase subtilisin/kexin type 6	-0.414	2.194
107984751	LOC107984751		0.655	1.687
107987228	LOC107987228	uncharacterized LOC107987228	0.678	2.224
105371028	LOC105371028		1.436	2.092
101927505	LINC02348	long intergenic non-protein coding RNA 2348	1.001	1.701
123283	TARS3	threonyl-tRNA synthetase 3	0.441	5.629
100128108	UBE2Q2P13	UBE2Q2 pseudogene 13	-0.752	3.402
105371030	LOC105371030		-0.981	2.282
100288486	DDX11L9	DEAD/H-box helicase 11 like 9 (pseudogene)	0.962	2.138
100287029	DDX11L10	DEAD/H-box helicase 11 like 10 (pseudogene)	0.89	2.166
64285	RHBDF1	rhomboid 5 homolog 1	-0.386	2.757
8131	NPRL3	NPR3 like, GATOR1 complex subunit	-0.285	3.377
3040	HBA2	hemoglobin subunit alpha 2	-2.273	7.856
3039	HBA1	hemoglobin subunit alpha 1	-2.177	7.248
55692	LUC7L	LUC7 like	-0.312	4.29
8786	RGS11	regulator of G protein signaling 11	-0.699	4.347
8312	AXIN1	axin 1	0.249	2.154
4833	NME4	NME/NM23 nucleoside diphosphate kinase 4	-0.184	1.474
26063	DECR2	2,4-dienoyl-CoA reductase 2	-0.404	2.501
9727	RAB11FIP3	RAB11 family interacting protein 3	-0.364	4.282
6650	CAPN15	calpain 15	-0.317	4.283
283948	NHLRC4	NHL repeat containing 4	-0.718	2.448
9091	PIGQ	phosphatidylinositol glycan anchor biosynthesis class Q	-0.428	4.4
84326	METTL26	methyltransferase like 26	-0.216	1.529
105371038	LOC105371038	uncharacterized LOC105371038	1.055	10.53
197335	WDR90	WD repeat domain 90	-0.705	10.685
89941	RHOT2	ras homolog family member T2	-0.24	3.546
9028	RHBDL1	rhomboid like 1	-0.529	2.55
146330	FBXL16	F-box and leucine rich repeat protein 16	-1.585	4.518
79006	METRN	meteorin, glial cell differentiation regulator	-0.665	9.236
65990	ANTKMT	adenine nucleotide translocase lysine methyltransferase	-0.518	3.607
124093	CCDC78	coiled-coil domain containing 78	-0.672	3.306
63922	CHTF18	chromosome transmission fidelity factor 18	-0.556	5.568
64788	LMF1	lipase maturation factor 1	-0.733	8.501
30812	SOX8	SRY-box transcription factor 8	-1.598	11.078
146336	SSTR5-AS1	SSTR5 antisense RNA 1	1.358	1.832
6755	SSTR5	somatostatin receptor 5	1.223	1.379
64499	TPSB2	tryptase beta 2	-0.64	1.687
7177	TPSAB1	tryptase alpha/beta 1	-0.512	1.458
23430	TPSD1	tryptase delta 1	-0.85	1.963
7329	UBE2I	ubiquitin conjugating enzyme E2 I	0.197	3.197
105371044	LOC105371044	uncharacterized LOC105371044	-0.681	1.636
645811	CCDC154	coiled-coil domain containing 154	-0.741	4.155
9894	TELO2	telomere maintenance 2	-0.487	4.674
79652	TMEM204	transmembrane protein 204	-0.781	5.297
57585	CRAMP1	cramped chromatin regulator homolog 1	-0.19	2.474
23162	MAPK8IP3	mitogen-activated protein kinase 8 interacting protein 3	-0.291	2.331
4832	NME3	NME/NM23 nucleoside diphosphate kinase 3	-0.734	7.891
65993	MRPS34	mitochondrial ribosomal protein S34	0.481	7.486
10101	NUBP2	NUBP iron-sulfur cluster assembly factor 2, cytosolic	-0.211	1.928
81889	FAHD1	fumarylacetoacetate hydrolase domain containing 1	0.517	3.59
6123	RPL3L	ribosomal protein L3 like	0.206	1.551
4716	NDUFB10	NADH:ubiquinone oxidoreductase subunit B10	0.377	2.81
6187	RPS2	ribosomal protein S2	0.295	1.809
10607	TBL3	transducin beta like 3	-0.267	2.601
7249	TSC2	TSC complex subunit 2	-0.286	6.866
5310	PKD1	polycystin 1, transient receptor potential channel interacting	-0.432	5.094
105371049	PKD1-AS1	PKD1 antisense RNA 1	-0.757	7.048
100507303	SNHG19	small nucleolar RNA host gene 19	-0.51	2.294
57524	CASKIN1	CASK interacting protein 1	0.77	5.648
64223	MLST8	MTOR associated protein, LST8 homolog	0.174	1.916
283870	BRICD5	BRICHOS domain containing 5	-0.437	3.661
283871	PGP	phosphoglycolate phosphatase	0.202	1.345
1877	E4F1	E4F transcription factor 1	-0.22	2.91
1775	DNASE1L2	deoxyribonuclease 1 like 2	-0.621	1.401
107984839	LOC107984839	uncharacterized LOC107984839	-1.459	5.649
51005	AMDHD2	amidohydrolase domain containing 2	-0.365	2.829
752014	CEMP1	cementum protein 1	-0.388	2.942
84256	FLYWCH1	FLYWCH-type zinc finger 1	-0.335	3.275
9088	PKMYT1	protein kinase, membrane associated tyrosine/threonine 1	0.369	1.535
64386	MMP25	matrix metallopeptidase 25	-0.921	3.262
100507419	MMP25-AS1	MMP25 antisense RNA 1	-0.735	5.095
9235	IL32	interleukin 32	-0.469	1.522
81854	ZNF205-AS1	ZNF205 antisense RNA 1	0.257	1.615
7760	ZNF213	zinc finger protein 213	-0.245	2.339
7752	ZNF200	zinc finger protein 200	-0.194	1.931
7727	ZNF174	zinc finger protein 174	0.407	5.752
146434	ZNF597	zinc finger protein 597	-0.226	1.717
197358	NLRC3	NLR family CARD domain containing 3	-0.383	2.642
101929732	LOC101929732	uncharacterized LOC101929732	-0.451	1.343
102724927	LINC02861	long intergenic non-protein coding RNA 2861	0.471	1.367
115	ADCY9	adenylate cyclase 9	0.547	11.513
6345	SRL	sarcalumenin	0.314	3.069
84662	GLIS2	GLIS family zinc finger 2	-0.604	3.037
100529144	CORO7-PAM16	CORO7-PAM16 readthrough	-0.173	1.712
79585	CORO7	coronin 7	-0.476	5.447
9093	DNAJA3	DnaJ heat shock protein family (Hsp40) member A3	0.236	2.248
3163	HMOX2	heme oxygenase 2	0.919	10.443
29965	CDIP1	cell death inducing p53 target 1	-0.193	1.814
124401	ANKS3	ankyrin repeat and sterile alpha motif domain containing 3	-0.272	3.031
26048	ZNF500	zinc finger protein 500	-0.327	4.22
84656	GLYR1	glyoxylate reductase 1 homolog	0.263	3.26
29855	UBN1	ubinuclein 1	0.26	1.348
5493	PPL	periplakin	1.182	12.061
105371064	LOC105371064	uncharacterized LOC105371064	1.27	8.997
9717	SEC14L5	SEC14 like lipid binding 5	1.37	2.996
146556	C16orf89	chromosome 16 open reading frame 89	-1.285	3.402
54715	RBFOX1	RNA binding fox-1 homolog 1	0.341	1.68
7874	USP7	ubiquitin specific peptidase 7	0.355	8.419
101927009	LINC02177	long intergenic non-protein coding RNA 2177	2.49	6.01
2903	GRIN2A	glutamate ionotropic receptor NMDA type subunit 2A	2.045	6.421
4682	NUBP1	NUBP iron-sulfur cluster assembly factor 1, cytosolic	0.325	4.925
780776	TVP23A	trans-golgi network vesicle protein 23 homolog A	0.298	5.179
4261	CIITA	class II major histocompatibility complex transactivator	0.257	1.323
28955	DEXI	Dexi homolog	0.344	3.079
23274	CLEC16A	C-type lectin domain containing 16A	0.333	3.335
8651	SOCS1	suppressor of cytokine signaling 1	-0.803	2.149
116028	RMI2	RecQ mediated genome instability 2	-0.819	1.87
400499	LOC400499	putative uncharacterized protein LOC400499	-0.695	2.249
105371084	RSL1D1-DT	RSL1D1 divergent transcript	0.532	9.691
2935	GSPT1	G1 to S phase transition 1	0.351	11.165
55313	CPPED1	calcineurin like phosphoesterase domain containing 1	0.19	1.321
101927311	LINC02185	long intergenic non-protein coding RNA 2185	0.842	3.046
100129781	MIR193BHG	MIR193b-365a host gene	-0.43	1.849
105371094	LOC105371094	uncharacterized LOC105371094	0.932	3.308
23420	NOMO1	NODAL modulator 1	0.284	1.617
109951030	PKD1P3-NPIPA1	PKD1P3-NPIPA1 readthrough	-0.323	2.843
100288162	LOC100288162	uncharacterized LOC100288162	-0.436	3.775
23042	PDXDC1	pyridoxal dependent decarboxylase domain containing 1	0.242	5.656
123803	NTAN1	N-terminal asparagine amidase	0.757	9.77
54700	RRN3	RRN3 homolog, RNA polymerase I transcription factor	-0.464	4.999
100505915	LOC100505915	uncharacterized LOC100505915	0.285	1.678
9665	MARF1	meiosis regulator and mRNA stability factor 1	0.195	2.095
54820	NDE1	nudE neurodevelopment protein 1	-0.529	6.656
4629	MYH11	myosin heavy chain 11	-0.861	3.063
123811	CEP20	centrosomal protein 20	0.15	2.61
4363	ABCC1	ATP binding cassette subfamily C member 1	0.195	1.329
339044	PKD1P1	polycystin 1, transient receptor potential channel interacting pseudogene 1	-0.293	2.738
110006323	PKD1P4-NPIPA8	PKD1P4-NPIPA8 readthrough	-0.35	3.863
110006322	PKD1P5-LOC105376752	PKD1P5-LOC105376752 readthrough	-0.304	3.232
283820	NOMO2	NODAL modulator 2	0.284	1.422
162073	ITPRIPL2	ITPRIP like 2	-0.368	1.997
51760	SYT17	synaptotagmin 17	-0.725	2.458
51573	GDE1	glycerophosphodiester phosphodiesterase 1	0.367	7.228
57020	VPS35L	VPS35 endosomal protein sorting factor like	-0.216	5.344
400506	KNOP1	lysine rich nucleolar protein 1	0.602	3.142
124152	IQCK	IQ motif containing K	0.247	1.664
51704	GPRC5B	G protein-coupled receptor class C group 5 member B	0.377	2.898
57149	LYRM1	LYR motif containing 1	0.471	6.484
1428	CRYM	crystallin mu	-0.956	5.715
51108	METTL9	methyltransferase like 9	0.121	1.43
10261	IGSF6	immunoglobulin superfamily member 6	0.783	2.235
730092	RRN3P1	RRN3 pseudogene 1	-0.265	2.777
255762	PDZD9	PDZ domain containing 9	0.334	2.549
105371129	LOC105371129	uncharacterized LOC105371129	0.369	2.671
55718	POLR3E	RNA polymerase III subunit E	0.182	2.571
1039	CDR2	cerebellar degeneration related protein 2	-0.321	2.021
100131998	RRN3P3	RRN3 pseudogene 3	-0.305	2.733
91949	COG7	component of oligomeric golgi complex 7	-0.199	2.533
4706	NDUFAB1	NADH:ubiquinone oxidoreductase subunit AB1	0.322	1.752
79728	PALB2	partner and localizer of BRCA2	0.229	2.257
5347	PLK1	polo like kinase 1	0.387	1.436
50615	IL21R	interleukin 21 receptor	-0.919	1.751
23247	KATNIP	katanin interacting protein	-0.58	8.602
100128079	LOC100128079	uncharacterized LOC100128079	-0.38	1.305
146395	GSG1L	GSG1 like	-3.62	7.57
23214	XPO6	exportin 6	-0.215	6.346
1201	CLN3	CLN3 lysosomal/endosomal transmembrane protein, battenin	0.206	1.452
26471	NUPR1	nuclear protein 1, transcriptional regulator	0.609	2.572
6799	SULT1A2	sulfotransferase family 1A member 2	-0.34	1.767
100507607	NPIPB9	nuclear pore complex interacting protein family member B9	-0.339	3.702
100616256	MIR4721	microRNA 4721	-0.388	2.875
25970	SH2B1	SH2B adaptor protein 1	-0.134	1.384
487	ATP2A1	ATPase sarcoplasmic/endoplasmic reticulum Ca2+ transporting 1	-0.662	5.749
27040	LAT	linker for activation of T cells	-0.552	3.617
653390	RRN3P2	RRN3 pseudogene 2	-0.279	2.732
107984833	LOC107984833		-0.768	1.352
552900	BOLA2	bolA family member 2	0.48	4.945
388242	LOC388242	SAGA complex associated factor 29 pseudogene	-0.713	3.755
6693	SPN	sialophorin	-1.122	6.754
4150	MAZ	MYC associated zinc finger protein	0.466	4.786
112268170	LOC112268170	translation initiation factor IF-2-like	0.451	4.921
112476	PRRT2	proline rich transmembrane protein 2	-0.659	2.798
10423	CDIPT	CDP-diacylglycerol--inositol 3-phosphatidyltransferase	-0.371	5.784
26470	SEZ6L2	seizure related 6 homolog like 2	-1.138	3.841
253980	KCTD13	potassium channel tetramerization domain containing 13	-0.311	4.127
9344	TAOK2	TAO kinase 2	-0.184	3.419
8479	HIRIP3	HIRA interacting protein 3	0.199	2.98
283899	INO80E	INO80 complex subunit E	-0.233	2.414
5531	PPP4C	protein phosphatase 4 catalytic subunit	-0.21	3.061
6911	TBX6	T-box transcription factor 6	0.449	1.513
654483	BOLA2B	bolA family member 2B	0.668	6.772
613038	LOC613038	SAGA complex associated factor 29 pseudogene	-0.744	4.086
1731	SEPTIN1	septin 1	-0.589	3.449
22928	SEPHS2	selenophosphate synthetase 2	0.241	3.676
79724	ZNF768	zinc finger protein 768	0.449	8.481
65988	ZNF747	zinc finger protein 747	-0.231	2.429
107984875	ZNF747-DT	ZNF747 divergent transcript	0.363	3.319
115509	ZNF689	zinc finger protein 689	-0.246	2.912
730183	LOC730183	uncharacterized LOC730183	0.412	2.064
100862671	TMEM265	transmembrane protein 265	-0.324	2.554
90835	CFAP119	cilia and flagella associated protein 119	0.366	3.369
101928736	MIR762HG	MIR762 host gene	0.212	2.08
1489	CTF1	cardiotrophin 1	-0.822	11.036
112755	STX1B	syntaxin 1B	-1.395	7.501
6810	STX4	syntaxin 4	0.314	4.843
101928762	LOC101928762	uncharacterized LOC101928762	-0.499	3.998
9726	ZNF646	zinc finger protein 646	-0.242	3.581
339105	PRSS53	serine protease 53	-0.509	3.159
283933	ZNF843	zinc finger protein 843	-0.751	4.365
79798	ARMC5	armadillo repeat containing 5	-0.423	4.503
7041	TGFB1I1	transforming growth factor beta 1 induced transcript 1	-0.405	2.428
6524	SLC5A2	solute carrier family 5 member 2	-0.6	10.187
64755	RUSF1	RUS family member 1	-0.539	8.591
107983990	LOC107983990	uncharacterized LOC107983990	0.435	2.885
10308	ZNF267	zinc finger protein 267	0.306	1.935
100289574	HERC2P4	HERC2 pseudogene 4	0.487	1.57
55737	VPS35	VPS35 retromer complex component	0.121	1.315
84706	GPT2	glutamic--pyruvic transaminase 2	0.966	6.729
81533	ITFG1	integrin alpha FG-GAP repeat containing 1	0.223	1.953
5257	PHKB	phosphorylase kinase regulatory subunit beta	0.257	3.385
83752	LONP2	lon peptidase 2, peroxisomal	0.174	2.796
6477	SIAH1	siah E3 ubiquitin protein ligase 1	-0.145	2.449
9683	N4BP1	NEDD4 binding protein 1	0.26	4.327
869	CBLN1	cerebellin 1 precursor	-0.834	2.912
102724859	LOC102724859	uncharacterized LOC102724859	-0.569	1.352
23090	ZNF423	zinc finger protein 423	-0.415	1.443
255919	CNEP1R1	CTD nuclear envelope phosphatase 1 regulatory subunit 1	-0.159	1.351
29117	BRD7	bromodomain containing 7	0.173	2.009
64127	NOD2	nucleotide binding oligomerization domain containing 2	0.543	1.608
5934	RBL2	RB transcriptional corepressor like 2	0.173	1.852
643911	CRNDE	colorectal neoplasia differentially expressed	-0.8	3.473
79190	IRX6	iroquois homeobox 6	-1.456	4.923
4313	MMP2	matrix metallopeptidase 2	-0.638	4.077
2775	GNAO1	G protein subunit alpha o1	0.582	1.334
4493	MT1E	metallothionein 1E	-0.674	1.955
4498	MT1JP	metallothionein 1J, pseudogene	-0.958	1.915
4495	MT1G	metallothionein 1G	-1.129	2.017
9688	NUP93	nucleoporin 93	-0.143	2.405
80011	PSME3IP1	proteasome activator subunit 3 interacting protein 1	0.256	9.023
89970	RSPRY1	ring finger and SPRY domain containing 1	0.153	2.124
6376	CX3CL1	C-X3-C motif chemokine ligand 1	-0.79	7.326
57017	COQ9	coenzyme Q9	0.486	6.603
5432	POLR2C	RNA polymerase II subunit C	-0.208	2.555
57567	ZNF319	zinc finger protein 319	-0.257	2.555
29070	CCDC113	coiled-coil domain containing 113	-0.757	5.083
221191	PRSS54	serine protease 54	-0.894	5.902
105371295	LINC02137	long intergenic non-protein coding RNA 2137	1.679	5.13
23019	CNOT1	CCR4-NOT transcription complex subunit 1	0.204	2.532
644649	APOOP5	apolipoprotein O pseudogene 5	-0.441	1.886
146227	BEAN1	brain expressed associated with NEDD4 1	0.758	3.233
7084	TK2	thymidine kinase 2	-0.39	10.807
123920	CMTM3	CKLF like MARVEL transmembrane domain containing 3	-0.485	3.22
1783	DYNC1LI2	dynein cytoplasmic 1 light intermediate chain 2	-0.182	2.002
8883	NAE1	NEDD8 activating enzyme E1 subunit 1	0.293	8.409
57546	PDP2	pyruvate dehydrogenase phosphatase catalytic subunit 2	0.416	3.23
107984821	LOC107984821	uncharacterized LOC107984821	0.631	2.315
8824	CES2	carboxylesterase 2	0.633	3.215
865	CBFB	core-binding factor subunit beta	-0.449	2.162
80262	PHAF1	phagosome assembly factor 1	-0.131	2.348
84752	B3GNT9	UDP-GlcNAc:betaGal beta-1,3-N-acetylglucosaminyltransferase 9	-0.434	3.635
55336	FBXL8	F-box and leucine rich repeat protein 8	-0.483	2.601
79767	ELMO3	engulfment and cell motility 3	-0.361	2.009
26231	FBXL9P	F-box and leucine rich repeat protein, pseudogene	-0.709	3.996
25894	PLEKHG4	pleckstrin homology and RhoGEF domain containing G4	-0.407	1.435
29800	ZDHHC1	zinc finger DHHC-type containing 1	-0.482	5.429
3291	HSD11B2	hydroxysteroid 11-beta dehydrogenase 2	-0.882	2.128
101927837	ATP6V0D1-DT	ATP6V0D1 divergent transcript	-0.521	4.827
10664	CTCF	CCCTC-binding factor	0.204	3.036
65057	ACD	ACD shelterin complex subunit and telomerase recruitment factor	-0.493	8.181
84080	ENKD1	enkurin domain containing 1	-0.254	2.098
388284	C16orf86	chromosome 16 open reading frame 86	-0.382	3.088
57610	RANBP10	RAN binding protein 10	-0.453	6.479
80152	CENPT	centromere protein T	-0.181	2.202
5699	PSMB10	proteasome 20S subunit beta 10	-0.542	6.729
3931	LCAT	lecithin-cholesterol acyltransferase	-0.597	11.984
6560	SLC12A4	solute carrier family 12 member 4	-0.24	3.064
64174	DPEP2	dipeptidase 2	-0.79	2.67
55794	DDX28	DEAD-box helicase 28	-0.293	2.243
54496	PRMT7	protein arginine methyltransferase 7	-0.225	2.494
146198	ZFP90	ZFP90 zinc finger protein	-0.158	1.43
3038	HAS3	hyaluronan synthase 3	-0.212	1.706
113455421	DERPC	DERPC proline and glycine rich nuclear protein	-0.172	2.565
54921	CHTF8	chromosome transmission fidelity factor 8	-0.172	2.565
6645	SNTB2	syntrophin beta 2	-0.281	1.481
27183	VPS4A	vacuolar protein sorting 4 homolog A	0.21	2.278
64146	PDF	peptide deformylase, mitochondrial	0.142	1.318
7014	TERF2	telomeric repeat binding factor 2	-0.153	1.963
1728	NQO1	NAD(P)H quinone dehydrogenase 1	1.765	25.791
11060	WWP2	WW domain containing E3 ubiquitin protein ligase 2	-0.207	2.459
283970	PDXDC2P-NPIPB14P	PDXDC2P-NPIPB14P readthrough	0.204	1.764
118460	EXOSC6	exosome component 6	-0.369	1.77
16	AARS1	alanyl-tRNA synthetase 1	0.264	3.925
55308	DDX19A	DEAD-box helicase 19A	0.12	1.809
197258	FCSK	fucose kinase	-0.377	5.565
92154	MTSS2	MTSS I-BAR domain containing 2	0.579	6.163
794	CALB2	calbindin 2	2.358	4.337
23035	PHLPP2	PH domain and leucine rich repeat protein phosphatase 2	-0.255	1.458
342371	ATXN1L	ataxin 1 like	-0.334	3.223
55565	ZNF821	zinc finger protein 821	-0.569	3.183
9798	IST1	IST1 factor associated with ESCRT-III	-0.154	1.969
3240	HP	haptoglobin	1.257	3.03
3250	HPR	haptoglobin-related protein	1.195	2.757
5713	PSMD7	proteasome 26S subunit, non-ATPase 7	0.437	9.556
2734	GLG1	golgi glycoprotein 1	-0.157	1.755
55159	RFWD3	ring finger and WD repeat domain 3	-0.193	1.944
84937	ZNRF1	zinc and ring finger 1	0.427	4.899
9564	BCAR1	BCAR1 scaffold protein, Cas family member	-0.178	1.404
10428	CFDP1	craniofacial development protein 1	0.195	1.454
124491	TMEM170A	transmembrane protein 170A	-0.277	2.279
4166	CHST6	carbohydrate sulfotransferase 6	-1.12	1.729
23563	CHST5	carbohydrate sulfotransferase 5	-0.884	4.756
79583	TMEM231	transmembrane protein 231	-0.581	4.368
11345	GABARAPL2	GABA type A receptor associated protein like 2	-0.307	5.237
3735	KARS1	lysyl-tRNA synthetase 1	0.203	2.016
57687	VAT1L	vesicle amine transport 1 like	-1.005	3.176
100996425	ARLNC1	androgen receptor regulated long noncoding RNA 1	-0.695	2
56942	CMC2	C-X9-C motif containing 2	0.336	2.819
123775	C16orf46	chromosome 16 open reading frame 46	0.326	2.186
2653	GCSH	glycine cleavage system protein H	0.309	2.937
10200	MPHOSPH6	M-phase phosphoprotein 6	0.377	3.02
23417	MLYCD	malonyl-CoA decarboxylase	-0.33	1.454
123872	DNAAF1	dynein axonemal assembly factor 1	-0.336	2.389
9013	TAF1C	TATA-box binding protein associated factor, RNA polymerase I subunit C	-0.23	1.595
9914	ATP2C2	ATPase secretory pathway Ca2+ transporting 2	-0.493	2.674
23406	COTL1	coactosin like F-actin binding protein 1	0.378	1.375
9100	USP10	ubiquitin specific peptidase 10	0.198	2.625
101928474	LOC101928474	uncharacterized LOC101928474	-1.053	1.749
55625	ZDHHC7	zinc finger DHHC-type palmitoyltransferase 7	0.189	2.569
23199	GSE1	Gse1 coiled-coil protein	0.221	1.665
107984830	LOC107984830	uncharacterized LOC107984830	0.897	3.847
64779	MTHFSD	methenyltetrahydrofolate synthetase domain containing	-0.173	2.217
2303	FOXC2	forkhead box C2	-0.4	1.941
79791	FBXO31	F-box protein 31	-0.193	1.603
81631	MAP1LC3B	microtubule associated protein 1 light chain 3 beta	0.26	3.755
54758	KLHDC4	kelch domain containing 4	-0.179	1.548
161882	ZFPM1	zinc finger protein, FOG family member 1	-0.477	3.713
333929	SNAI3	snail family transcriptional repressor 3	0.71	2.531
115992	RNF166	ring finger protein 166	-0.311	3.72
9780	PIEZO1	piezo type mechanosensitive ion channel component 1	-0.408	2.839
100289580	LOC100289580	uncharacterized LOC100289580	-0.487	1.963
100129697	LOC100129697	uncharacterized LOC100129697	-0.724	3.59
197322	ACSF3	acyl-CoA synthetase family member 3	-0.191	1.521
29123	ANKRD11	ankyrin repeat domain containing 11	0.362	7.176
105371414	LOC105371414	uncharacterized LOC105371414	0.371	1.326
100287036	LOC100287036	uncharacterized LOC100287036	1.442	3.77
6687	SPG7	SPG7 matrix AAA peptidase subunit, paraplegin	0.212	2.625
5119	CHMP1A	charged multivesicular body protein 1A	-0.227	3.078
8558	CDK10	cyclin dependent kinase 10	-0.231	1.562
124044	SPATA2L	spermatogenesis associated 2 like	-0.511	2.422
9605	VPS9D1	VPS9 domain containing 1	0.153	1.313
100128881	VPS9D1-AS1	VPS9D1 antisense RNA 1	0.292	2.661
92822	ZNF276	zinc finger protein 276	-0.203	2.977
22980	TCF25	transcription factor 25	-0.193	3.689
4157	MC1R	melanocortin 1 receptor	-0.549	2.43
10381	TUBB3	tubulin beta 3 class III	0.638	4.666
54849	DEF8	differentially expressed in FDCP 8 homolog	-0.323	6.126
79007	DBNDD1	dysbindin domain containing 1	0.534	1.701
100130015	URAHP	urate (hydroxyiso-) hydrolase, pseudogene	-0.354	2.908
101927999	LOC101927999	putative uncharacterized protein FLJ44672	-0.685	2.009
102723753	LOC102723753	HECT and RLD domain containing E3 ubiquitin protein ligase 2 pseudogene	0.69	3.568
105377826	LINC02887	long intergenic non-protein coding RNA 2887	-0.384	1.836
101929828	LOC101929828	uncharacterized LOC101929828	0.511	1.803
8447	DOC2B	double C2 domain beta	-0.538	2.747
79850	TLCD3A	TLC domain containing 3A	-0.463	3.674
50628	GEMIN4	gem nuclear organelle associated protein 4	-0.253	2.405
51031	GLOD4	glyoxalase domain containing 4	-0.26	3.101
64359	NXN	nucleoredoxin	0.525	3.086
29	ABR	ABR activator of RhoGEF and GTPase	0.264	3.575
105371481	LOC105371481	uncharacterized LOC105371481	0.576	6.321
105371480	LOC105371480	uncharacterized LOC105371480	0.478	2.562
1398	CRK	CRK proto-oncogene, adaptor protein	-0.213	1.53
5306	PITPNA	phosphatidylinositol transfer protein alpha	0.183	2.84
124935	SLC43A2	solute carrier family 43 member 2	-1.028	7.235
8578	SCARF1	scavenger receptor class F member 1	-0.348	3.517
83547	RILP	Rab interacting lysosomal protein	0.24	1.486
727910	TLCD2	TLC domain containing 2	0.773	5.381
407004	MIR22	microRNA 22	-0.56	1.502
124997	WDR81	WD repeat domain 81	-0.3	2.217
6117	RPA1	replication protein A1	-0.248	1.569
1801	DPH1	diphthamide biosynthesis 1	-0.148	1.454
9905	SGSM2	small G protein signaling modulator 2	-0.332	6.755
101927864	LOC101927864	uncharacterized LOC101927864	-0.189	1.549
5048	PAFAH1B1	platelet activating factor acetylhydrolase 1b regulatory subunit 1	0.101	1.312
23108	RAP1GAP2	RAP1 GTPase activating protein 2	0.245	1.406
101927911	LOC101927911	uncharacterized LOC101927911	0.687	4.247
443	ASPA	aspartoacylase	-0.574	2.123
7442	TRPV1	transient receptor potential cation channel subfamily V member 1	-0.473	5.082
1497	CTNS	cystinosin, lysosomal cystine transporter	-0.19	1.871
105371493	LOC105371493	uncharacterized LOC105371493	-0.323	1.349
105371492	CTNS-AS1	CTNS antisense RNA 1	-0.349	1.809
30851	TAX1BP3	Tax1 binding protein 3	-0.36	4.178
83460	EMC6	ER membrane protein complex subunit 6	0.551	6.834
5026	P2RX5	purinergic receptor P2X 5	0.644	2.433
55421	NCBP3	nuclear cap binding subunit 3	-0.334	6.772
5023	P2RX1	purinergic receptor P2X 1	-1.068	2.744
489	ATP2A3	ATPase sarcoplasmic/endoplasmic reticulum Ca2+ transporting 3	-0.562	4.048
23140	ZZEF1	zinc finger ZZ-type and EF-hand domain containing 1	0.265	5.415
201305	SPNS3	SPNS lysolipid transporter 3, sphingosine-1-phosphate (putative)	-1.03	3.828
10514	MYBBP1A	MYB binding protein 1a	-0.176	1.932
342527	SMTNL2	smoothelin like 2	1.327	8.78
27043	PELP1	proline, glutamate and leucine rich protein 1	-0.497	9.875
409	ARRB2	arrestin beta 2	0.578	4.077
400569	MED11	mediator complex subunit 11	0.456	10.484
58191	CXCL16	C-X-C motif chemokine ligand 16	-0.367	1.424
84225	ZMYND15	zinc finger MYND-type containing 15	-1.037	3.487
5694	PSMB6	proteasome 20S subunit beta 6	0.252	2.956
50488	MINK1	misshapen like kinase 1	0.288	5.436
1145	CHRNE	cholinergic receptor nicotinic epsilon subunit	-0.704	2.832
100130311	C17orf107	chromosome 17 open reading frame 107	-1.472	5.119
26001	RNF167	ring finger protein 167	0.397	9.006
5216	PFN1	profilin 1	0.296	3.055
9552	SPAG7	sperm associated antigen 7	0.215	1.382
388324	INCA1	inhibitor of CDK, cyclin A1 interacting protein 1	0.249	1.876
10749	KIF1C	kinesin family member 1C	0.544	13.169
102724009	KIF1C-AS1	KIF1C antisense RNA 1	0.727	19.148
105371502	LOC105371502		-0.759	3.514
105371501	LOC105371501	uncharacterized LOC105371501	-1.21	5.025
9135	RABEP1	rabaptin, RAB GTPase binding effector protein 1	0.173	1.78
708	C1QBP	complement C1q binding protein	0.202	1.52
728392	LOC728392	uncharacterized LOC728392	-0.403	1.816
23302	WSCD1	WSC domain containing 1	0.759	4.316
83394	PITPNM3	PITPNM family member 3	-0.554	1.768
9851	KIAA0753	KIAA0753	-0.159	1.51
239	ALOX12	arachidonate 12-lipoxygenase, 12S type	-0.242	1.451
100529209	RNASEK-C17orf49	RNASEK-C17orf49 readthrough	0.159	1.608
440400	RNASEK	ribonuclease K	0.185	1.698
255877	BCL6B	BCL6B transcription repressor	-0.87	3.062
37	ACADVL	acyl-CoA dehydrogenase very long chain	0.355	2.603
442898	MIR324	microRNA 324	-0.853	5.444
79142	PHF23	PHD finger protein 23	0.294	2.978
23399	CTDNEP1	CTD nuclear envelope phosphatase 1	0.152	1.865
1366	CLDN7	claudin 7	0.695	2.008
6517	SLC2A4	solute carrier family 2 member 4	0.292	1.573
51087	YBX2	Y-box binding protein 2	0.436	2.698
1984	EIF5A	eukaryotic translation initiation factor 5A	0.284	3.895
2874	GPS2	G protein pathway suppressor 2	0.495	8.164
9744	ACAP1	ArfGAP with coiled-coil, ankyrin repeat and PH domains 1	-0.252	1.821
284114	TMEM102	transmembrane protein 102	0.393	1.889
2256	FGF11	fibroblast growth factor 11	0.504	1.959
1140	CHRNB1	cholinergic receptor nicotinic beta 1 subunit	0.301	1.634
5430	POLR2A	RNA polymerase II subunit A	-0.344	4.616
8742	TNFSF12	TNF superfamily member 12	-0.199	2.048
26168	SENP3	SUMO specific peptidase 3	0.154	1.572
652965	SNORA48	small nucleolar RNA, H/ACA box 48	-0.654	1.647
652966	SNORD10	small nucleolar RNA, C/D box 10	-1.036	5.799
26781	SNORA67	small nucleolar RNA, H/ACA box 67	-0.811	4.572
100996842	LOC100996842	uncharacterized LOC100996842	0.391	2.634
9526	MPDU1	mannose-P-dolichol utilization defect 1	0.324	3.727
6665	SOX15	SRY-box transcription factor 15	-0.862	3.634
9513	FXR2	FMR1 autosomal homolog 2	0.315	3.536
112483	SAT2	spermidine/spermine N1-acetyltransferase family member 2	0.326	2.548
482	ATP1B2	ATPase Na+/K+ transporting subunit beta 2	-0.551	2.907
118432	RPL29P2	ribosomal protein L29 pseudogene 2	-0.552	1.73
284023	RNF227	ring finger protein 227	-0.461	3.65
3000	GUCY2D	guanylate cyclase 2D, retinal	0.765	2.047
5187	PER1	period circadian regulator 1	-0.66	1.964
6844	VAMP2	vesicle associated membrane protein 2	-0.385	8.028
84314	TMEM107	transmembrane protein 107	-0.409	2.643
80169	CTC1	CST telomere replication complex component 1	-0.197	1.662
5198	PFAS	phosphoribosylformylglycinamidine synthase	-0.152	1.407
6154	RPL26	ribosomal protein L26	0.466	3.867
107987245	LOC107987245	uncharacterized LOC107987245	-0.39	2.113
9482	STX8	syntaxin 8	0.435	4.051
201140	DHRS7C	dehydrogenase/reductase 7C	2.485	4.501
9340	GLP2R	glucagon like peptide 2 receptor	1.178	1.633
8522	GAS7	growth arrest specific 7	-0.392	1.418
100128560	MYHAS	myosin heavy chain gene cluster antisense RNA	-0.987	1.852
388335	TMEM220	transmembrane protein 220	0.407	3.527
100506898	MAGOH2P	mago homolog 2, pseudogene	0.599	2.78
6416	MAP2K4	mitogen-activated protein kinase kinase 4	0.157	1.915
284034	LINC00670	long intergenic non-protein coding RNA 670	-1.922	9.374
93649	MYOCD	myocardin	-0.504	1.47
9912	ARHGAP44	Rho GTPase activating protein 44	0.32	3.983
60528	ELAC2	elaC ribonuclease Z 2	0.171	1.852
107985014	LOC107985014	uncharacterized LOC107985014	-0.664	1.987
5376	PMP22	peripheral myelin protein 22	0.314	3.411
201158	TVP23C	trans-golgi network vesicle protein 23 homolog C	-0.194	2.069
374286	FBXW10B	F-box and WD repeat domain containing 10B	0.473	4.721
10626	TRIM16	tripartite motif containing 16	0.757	4.883
9611	NCOR1	nuclear receptor corepressor 1	0.248	4.749
9487	PIGL	phosphatidylinositol glycan anchor biosynthesis class L	-0.221	1.309
201161	CENPV	centromere protein V	0.579	2.067
7314	UBB	ubiquitin B	-0.358	4.046
51393	TRPV2	transient receptor potential cation channel subfamily V member 2	-0.309	2.127
388341	LRRC75A	leucine rich repeat containing 75A	-0.446	8.004
9720	CCDC144A	coiled-coil domain containing 144A	0.648	1.761
201164	PLD6	phospholipase D family member 6	0.457	1.818
8533	COPS3	COP9 signalosome subunit 3	0.321	4.96
10743	RAI1	retinoic acid induced 1	0.278	1.384
6720	SREBF1	sterol regulatory element binding transcription factor 1	0.602	2.865
146691	TOM1L2	target of myb1 like 2 membrane trafficking protein	-0.356	4.749
83450	DRC3	dynein regulatory complex subunit 3	-0.432	4.839
91647	ATPAF2	ATP synthase mitochondrial F1 complex assembly factor 2	0.187	1.656
79018	GID4	GID complex subunit 4 homolog	0.332	5.828
1819	DRG2	developmentally regulated GTP binding protein 2	-0.223	3.145
105371566	LOC105371566	uncharacterized LOC105371566	-0.564	5.232
3996	LLGL1	LLGL scribble cell polarity complex component 1	-0.323	3.55
2314	FLII	FLII actin remodeling protein	0.306	4.195
125170	MIEF2	mitochondrial elongation factor 2	-0.529	3.246
7156	TOP3A	DNA topoisomerase III alpha	-0.247	4.664
140775	SMCR8	SMCR8-C9orf72 complex subunit	0.225	2.669
6470	SHMT1	serine hydroxymethyltransferase 1	0.397	1.988
654346	LGALS9C	galectin 9C	-0.539	1.614
220594	USP32P2	ubiquitin specific peptidase 32 pseudogene 2	-0.464	1.415
147166	TRIM16L	tripartite motif containing 16 like	0.927	5.047
10517	FBXW10	F-box and WD repeat domain containing 10	0.755	2.906
644815	FAM83G	family with sequence similarity 83 member G	0.536	1.843
22905	EPN2	epsin 2	0.307	2.373
5598	MAPK7	mitogen-activated protein kinase 7	-0.386	4.035
4239	MFAP4	microfibril associated protein 4	-1.486	8.892
92521	SPECC1	sperm antigen with calponin homology and coiled-coil domains 1	-0.375	2.454
105371582	LINC02088	long intergenic non-protein coding RNA 2088	-0.457	1.662
100287072	LOC100287072	ribosomal protein S6 kinase B1 pseudogene	0.312	2.208
23326	USP22	ubiquitin specific peptidase 22	-0.513	13.404
8834	TMEM11	transmembrane protein 11	0.524	8.256
23666	UBBP4	ubiquitin B pseudogene 4	-0.335	2.904
105371705	LOC105371705	uncharacterized LOC105371705	-0.619	3.031
8844	KSR1	kinase suppressor of ras 1	-0.321	2.056
201229	LYRM9	LYR motif containing 9	-0.437	2.906
7448	VTN	vitronectin	-0.896	4.264
23098	SARM1	sterile alpha and TIR motif containing 1	-0.418	7.173
113235	SLC46A1	solute carrier family 46 member 1	-0.278	2.542
9094	UNC119	unc-119 lipid binding chaperone	0.347	2.741
94005	PIGS	phosphatidylinositol glycan anchor biosynthesis class S	0.178	1.475
10615	SPAG5	sperm associated antigen 5	0.546	1.758
124923	RSKR	ribosomal protein S6 kinase related	-0.556	5.316
9703	BLTP2	bridge-like lipid transfer protein family member 2	0.432	13.734
83871	RAB34	RAB34, member RAS oncogene family	-0.431	4.401
116238	TLCD1	TLC domain containing 1	0.413	2.144
55731	FAM222B	family with sequence similarity 222 member B	0.297	3.81
2319	FLOT2	flotillin 2	0.197	3.132
147015	DHRS13	dehydrogenase/reductase 13	0.398	2.118
9220	TIAF1	replaced by ID 399687	-0.405	7.991
116236	ABHD15	abhydrolase domain containing 15	0.484	4.791
90313	TP53I13	tumor protein p53 inducible protein 13	-0.24	2.113
85464	SSH2	slingshot protein phosphatase 2	0.257	2.823
6532	SLC6A4	solute carrier family 6 member 4	-2.089	5.059
9527	GOSR1	golgi SNAP receptor complex member 1	-0.294	4.237
55803	ADAP2	ArfGAP with dual PH domains 2	0.566	3.085
84440	RAB11FIP4	RAB11 family interacting protein 4	0.537	1.925
55352	COPRS	coordinator of PRMT5 and differentiation stimulator	0.168	1.369
105371730	LOC105371730	uncharacterized LOC105371730	0.731	2.312
55288	RHOT1	ras homolog family member T1	0.531	7.347
8851	CDK5R1	cyclin dependent kinase 5 regulatory subunit 1	-0.689	7.063
4642	MYO1D	myosin ID	-0.733	2.516
26022	TMEM98	transmembrane protein 98	-0.443	2.664
107985038	LOC107985038	uncharacterized LOC107985038	1.54	2.996
6347	CCL2	C-C motif chemokine ligand 2	1.031	1.669
6356	CCL11	C-C motif chemokine ligand 11	2.157	7.212
5892	RAD51D	RAD51 paralog D	-0.248	2.677
54475	NLE1	notchless homolog 1	-0.482	6.668
105371932	LOC105371932	uncharacterized LOC105371932	-0.707	4.532
79148	MMP28	matrix metallopeptidase 28	-0.889	4.331
6352	CCL5	C-C motif chemokine ligand 5	-1.132	3.213
6348	CCL3	C-C motif chemokine ligand 3	-1.276	1.476
6351	CCL4	C-C motif chemokine ligand 4	-0.792	1.409
102724862	TBC1D3I	TBC1 domain family member 3I	0.355	2.327
101060321	TBC1D3G	TBC1 domain family member 3G	0.303	1.728
84218	TBC1D3F	TBC1 domain family member 3F	0.355	2.007
80179	MYO19	myosin XIX	0.209	2.961
79154	DHRS11	dehydrogenase/reductase 11	-0.507	4.94
107985031	LOC107985031	uncharacterized LOC107985031	-0.671	3.076
79922	MRM1	mitochondrial rRNA methyltransferase 1	0.255	1.943
26574	AATF	apoptosis antagonizing transcription factor	0.203	1.514
31	ACACA	acetyl-CoA carboxylase alpha	0.337	3.143
11056	DDX52	DExD-box helicase 52	0.245	2.699
101060389	TBC1D3D	TBC1 domain family member 3D	0.306	1.797
414060	TBC1D3C	TBC1 domain family member 3C	0.321	2.049
101929950	LOC101929950	puromycin-sensitive aminopeptidase-like protein	0.363	5.175
102723859	TBC1D3E	TBC1 domain family member 3E	0.323	6.115
729873	TBC1D3	TBC1 domain family member 3	0.329	1.792
440434	NPEPPSP1	NPEPPS pseudogene 1	0.289	4.456
30837	SOCS7	suppressor of cytokine signaling 7	-0.248	3.072
80725	SRCIN1	SRC kinase signaling inhibitor 1	-1.53	6.721
284106	CISD3	CDGSH iron sulfur domain 3	0.333	4.733
7703	PCGF2	polycomb group ring finger 2	-0.121	1.32
9349	RPL23	ribosomal protein L23	0.452	4.293
100505576	LINC00672	long intergenic non-protein coding RNA 672	-1.212	4.555
105371767	LOC105371767	uncharacterized LOC105371767	-1.392	2.945
57125	PLXDC1	plexin domain containing 1	-0.494	2.38
6143	RPL19	ribosomal protein L19	0.183	1.373
342667	STAC2	SH3 and cysteine rich domain 2	2.726	7.965
84961	FBXL20	F-box and leucine rich repeat protein 20	-0.266	3.032
5469	MED1	mediator complex subunit 1	0.248	3.51
51755	CDK12	cyclin dependent kinase 12	0.181	2.07
10948	STARD3	StAR related lipid transfer domain containing 3	-0.378	3.752
93210	PGAP3	post-GPI attachment to proteins phospholipase 3	-0.643	11.998
2064	ERBB2	erb-b2 receptor tyrosine kinase 2	0.225	1.915
84299	MIEN1	migration and invasion enhancer 1	0.577	8.765
2886	GRB7	growth factor receptor bound protein 7	1.01	2.349
22806	IKZF3	IKAROS family zinc finger 3	-0.758	1.462
55876	GSDMB	gasdermin B	-0.607	3.723
94103	ORMDL3	ORMDL sphingolipid biosynthesis regulator 3	-0.587	8.64
339287	MSL1	MSL complex subunit 1	0.158	1.63
22794	CASC3	CASC3 exon junction complex subunit	-0.147	2.383
51195	RAPGEFL1	Rap guanine nucleotide exchange factor like 1	0.449	2.674
5914	RARA	retinoic acid receptor alpha	-0.363	1.999
105371934	LOC105371934	uncharacterized LOC105371934	-0.645	2.1
101929693	RARA-AS1	RARA antisense RNA 1	-0.337	1.386
125111	GJD3	gap junction protein delta 3	-0.404	1.338
7153	TOP2A	DNA topoisomerase II alpha	2.001	5.339
1236	CCR7	C-C motif chemokine receptor 7	0.721	1.598
3728	JUP	junction plakoglobin	0.391	3.088
55175	KLHL11	kelch like family member 11	-0.425	4.602
83538	ODAD4	outer dynein arm docking complex subunit 4	-0.443	1.763
7266	DNAJC7	DnaJ heat shock protein family (Hsp40) member C7	0.232	3.341
201181	ZNF385C	zinc finger protein 385C	-0.536	4.046
110806298	C17orf113	chromosome 17 open reading frame 113	-0.718	3.917
79132	DHX58	DExH-box helicase 58	-0.393	1.442
2648	KAT2A	lysine acetyltransferase 2A	-0.333	4.228
84514	GHDC	GH3 domain containing	-0.472	4.501
6777	STAT5B	signal transducer and activator of transcription 5B	-0.173	3.047
6776	STAT5A	signal transducer and activator of transcription 5A	-0.205	2.346
6774	STAT3	signal transducer and activator of transcription 3	0.76	7.499
284119	CAVIN1	caveolae associated protein 1	-0.324	2.985
4669	NAGLU	N-acetyl-alpha-glucosaminidase	0.271	1.704
108783654	HSD17B1-AS1	HSD17B1 antisense RNA 1	0.18	1.868
80347	COASY	Coenzyme A synthase	0.205	1.659
6945	MLX	MAX dimerization protein MLX	0.579	6.322
29893	PSMC3IP	PSMC3 interacting protein	0.377	3.135
162427	RETREG3	reticulophagy regulator family member 3	-0.186	1.654
7283	TUBG1	tubulin gamma 1	0.511	6.874
2826	CCR10	C-C motif chemokine receptor 10	-0.499	1.817
100190938	RAMP2-AS1	RAMP2 antisense RNA 1	-0.776	3.442
10266	RAMP2	receptor activity modifying protein 2	-0.577	3.68
65266	WNK4	WNK lysine deficient protein kinase 4	-0.756	2.767
124817	CNTD1	cyclin N-terminal domain containing 1	0.198	2.643
8678	BECN1	beclin 1	0.235	4.475
10197	PSME3	proteasome activator subunit 3	0.173	2.595
8639	AOC3	amine oxidase copper containing 3	-0.412	1.338
90586	AOC4P	amine oxidase copper containing 4, pseudogene	-0.736	2.533
1659	DHX8	DEAH-box helicase 8	-0.093	1.38
2118	ETV4	ETS variant transcription factor 4	-0.82	1.927
84336	TMEM101	transmembrane protein 101	-0.194	1.396
124801	LSM12	LSM12 homolog	0.267	4.692
78995	HROB	homologous recombination factor with OB-fold	0.544	1.395
339201	ASB16-AS1	ASB16 antisense RNA 1	-0.458	6.887
10900	RUNDC3A	RUN domain containing 3A	-0.878	2.872
2896	GRN	granulin precursor	-0.237	1.405
124808	CCDC43	coiled-coil domain containing 43	0.301	5.178
105371792	LOC105371792	uncharacterized LOC105371792	0.284	1.443
80174	DBF4B	DBF4 zinc finger B	-0.42	4.785
4185	ADAM11	ADAM metallopeptidase domain 11	1.529	3.402
105371793	LOC105371793	uncharacterized LOC105371793	0.69	1.399
146909	KIF18B	kinesin family member 18B	2.162	8.669
10882	C1QL1	complement C1q like 1	1.585	4.808
79877	DCAKD	dephospho-CoA kinase domain containing	-0.468	6.443
4836	NMT1	N-myristoyltransferase 1	0.16	2.393
113026	PLCD3	phospholipase C delta 3	0.626	6.829
79777	ACBD4	acyl-CoA binding domain containing 4	-0.417	4.691
147081	LINC02210	long intergenic non-protein coding RNA 2210	0.193	1.385
104909134	LINC02210-CRHR1	LINC02210-CRHR1 readthrough	0.595	4.757
7473	WNT3	Wnt family member 3	0.443	1.353
996	CDC27	cell division cycle 27	0.208	2.187
653479	MRPL45P2	mitochondrial ribosomal protein L45 pseudogene 2	0.29	2.814
9520	NPEPPS	aminopeptidase puromycin sensitive	0.334	6.645
112268184	KPNB1-DT	KPNB1 divergent transcript	0.283	5.134
3837	KPNB1	karyopherin subunit beta 1	0.306	9.199
114881	OSBPL7	oxysterol binding protein like 7	-0.589	10.432
90506	LRRC46	leucine rich repeat containing 46	-0.33	1.318
90507	SCRN2	secernin 2	-0.49	4.306
80320	SP6	Sp6 transcription factor	-1.293	1.719
80279	CDK5RAP3	CDK5 regulatory subunit associated protein 3	-0.148	1.352
51226	COPZ2	COPI coat complex subunit zeta 2	-0.534	6.606
10951	CBX1	chromobox 1	0.185	2.864
10241	CALCOCO2	calcium binding and coiled-coil domain 2	0.645	6.301
105371814	LOC105371814	uncharacterized LOC105371814	0.38	3.268
516	ATP5MC1	ATP synthase membrane subunit c locus 1	0.303	2.232
65264	UBE2Z	ubiquitin conjugating enzyme E2 Z	-0.162	2.749
11267	SNF8	SNF8 subunit of ESCRT-II	0.268	3.804
162466	PHOSPHO1	phosphoethanolamine/phosphocholine phosphatase 1	-1.015	3.873
105371816	LOC105371816		-0.718	2.046
5245	PHB1	prohibitin 1	0.204	2.282
11143	KAT7	lysine acetyltransferase 7	-0.134	1.537
255061	TAC4	tachykinin precursor 4	-1.279	2.937
729220	FLJ45513	uncharacterized LOC729220	-0.52	1.454
3675	ITGA3	integrin subunit alpha 3	0.732	3.858
105371818	LOC105371818	uncharacterized LOC105371818	0.358	2.033
51264	MRPL27	mitochondrial ribosomal protein L27	0.392	4.167
55379	LRRC59	leucine rich repeat containing 59	0.203	1.439
1101	CHAD	chondroadherin	-0.546	1.304
55040	EPN3	epsin 3	1.15	4.894
64847	SPATA20	spermatogenesis associated 20	-0.34	2.191
91369	ANKRD40	ankyrin repeat domain 40	0.255	2.804
654364	NME1-NME2	NME1-NME2 readthrough	0.599	10.354
4830	NME1	NME/NM23 nucleoside diphosphate kinase 1	0.415	2.545
4831	NME2	NME/NM23 nucleoside diphosphate kinase 2	0.606	10.66
252983	STXBP4	syntaxin binding protein 4	0.216	1.348
58488	PCTP	phosphatidylcholine transfer protein	0.2	2.053
8161	COIL	coilin	0.124	1.316
8165	AKAP1	A-kinase anchoring protein 1	0.468	4.757
51649	MRPS23	mitochondrial ribosomal protein S23	0.311	2.074
404093	CUEDC1	CUE domain containing 1	0.292	4.06
101929185	LOC101929185	uncharacterized LOC101929185	-0.554	8.316
140735	DYNLL2	dynein light chain LC8-type 2	-0.194	1.75
54903	MKS1	MKS transition zone complex subunit 1	-0.191	1.895
4353	MPO	myeloperoxidase	-0.816	1.364
100506779	TSPOAP1-AS1	TSPOAP1, SUPT4H1 and RNF43 antisense RNA 1	0.326	5.186
101927688	SEPTIN4-AS1	SEPTIN4 antisense RNA 1	0.53	3.917
5414	SEPTIN4	septin 4	0.621	7.05
5889	RAD51C	RAD51 paralog C	0.263	2.573
4591	TRIM37	tripartite motif containing 37	0.527	9.658
55771	PRR11	proline rich 11	0.603	2.549
284161	GDPD1	glycerophosphodiester phosphodiesterase domain containing 1	0.423	2.158
51651	PTRH2	peptidyl-tRNA hydrolase 2	0.436	4.757
653653	LOC653653	adaptor related protein complex 1 subunit sigma 2 pseudogene	0.649	6.39
762	CA4	carbonic anhydrase 4	-0.807	3.417
84669	USP32	ubiquitin specific peptidase 32	0.475	8.684
103689912	TBX2-AS1	TBX2 antisense RNA 1	-0.776	6.098
57508	INTS2	integrator complex subunit 2	-0.269	1.83
11011	TLK2	tousled like kinase 2	0.294	7.457
112268202	LOC112268202		-0.843	2.735
107985020	LOC107985020	uncharacterized LOC107985020	-1.367	4.879
9902	MRC2	mannose receptor C type 2	-1.114	5.593
26115	TANC2	tetratricopeptide repeat, ankyrin repeat and coiled-coil containing 2	-0.572	2.804
1534	CYB561	cytochrome b561	0.371	1.508
1636	ACE	angiotensin I converting enzyme	-0.828	1.728
81033	KCNH6	potassium voltage-gated channel subfamily H member 6	0.476	1.481
51204	TACO1	translational activator of cytochrome c oxidase I	0.239	2.284
4215	MAP3K3	mitogen-activated protein kinase kinase kinase 3	-0.506	4.552
80774	LIMD2	LIM domain containing 2	-0.474	3.723
57003	CCDC47	coiled-coil domain containing 47	0.342	7.205
117246	FTSJ3	FtsJ RNA 2'-O-methyltransferase 3	0.231	2.243
107984986	LOC107984986		-0.393	1.688
92340	PRR29	proline rich 29	-0.572	2.617
3384	ICAM2	intercellular adhesion molecule 2	-0.394	1.612
2081	ERN1	endoplasmic reticulum to nucleus signaling 1	-0.724	2.938
105376843	SNHG25	small nucleolar RNA host gene 25	-0.664	2.408
55852	TEX2	testis expressed 2	0.346	6.515
284021	MILR1	mast cell immunoglobulin like receptor 1	0.642	2.456
100616387	MIR3064	microRNA 3064	-0.492	2.912
101929240	LOC101929240	U5 small nuclear ribonucleoprotein 200 kDa helicase-like	-0.402	4.161
146880	ARHGAP27P1	Rho GTPase activating protein 27 pseudogene 1	-0.304	2.527
440456	PLEKHM1P1	pleckstrin homology and RUN domain containing M1 pseudogene 1	-0.156	1.319
100507002	LOC100507002	uncharacterized LOC100507002	0.642	1.658
201134	CEP112	centrosomal protein 112	0.66	10.683
5718	PSMD12	proteasome 26S subunit, non-ATPase 12	0.245	4.048
25926	NOL11	nucleolar protein 11	0.151	1.647
2186	BPTF	bromodomain PHD finger transcription factor	0.243	2.57
284018	C17orf58	chromosome 17 open reading frame 58	0.423	2.196
51321	AMZ2	archaelysin family metallopeptidase 2	0.208	2.445
9120	SLC16A6	solute carrier family 16 member 6	-1.799	7.901
693220	MIR635	microRNA 635	-0.574	2.452
54757	FAM20A	FAM20A golgi associated secretory pathway pseudokinase	-0.527	4.68
105371874	LOC105371874	uncharacterized LOC105371874	-0.667	3.635
10350	ABCA9	ATP binding cassette subfamily A member 9	0.402	2.143
104355297	ABCA9-AS1	ABCA9 antisense RNA 1	0.661	3.353
5608	MAP2K6	mitogen-activated protein kinase kinase 6	0.462	1.346
6752	SSTR2	somatostatin receptor 2	1.021	4.582
9382	COG1	component of oligomeric golgi complex 1	0.197	2.605
84923	FAM104A	family with sequence similarity 104 member A	0.283	6.118
55028	C17orf80	chromosome 17 open reading frame 80	0.156	2.553
6169	RPL38	ribosomal protein L38	0.385	2.748
85001	MGC16275	uncharacterized protein MGC16275	-0.281	1.46
94015	TTYH2	tweety family member 2	0.5	5.174
342510	CD300E	CD300e molecule	1.208	2.737
9368	NHERF1	NHERF family PDZ scaffold protein 1	1.01	6.5
54868	TMEM104	transmembrane protein 104	0.266	2.405
2905	GRIN2C	glutamate ionotropic receptor NMDA type subunit 2C	-0.715	3.216
283987	HID1	HID1 domain containing	-0.484	4.729
3396	MRPL58	mitochondrial ribosomal protein L58	0.375	3.128
23510	KCTD2	potassium channel tetramerization domain containing 2	-0.307	2.147
9121	SLC16A5	solute carrier family 16 member 5	-0.7	4.845
79637	ARMC7	armadillo repeat containing 7	-0.229	1.802
107985034	LOC107985034	uncharacterized LOC107985034	0.264	1.405
51155	JPT1	Jupiter microtubule associated homolog 1	0.45	3.243
6613	SUMO2	small ubiquitin like modifier 2	0.254	4.886
23163	GGA3	golgi associated, gamma adaptin ear containing, ARF binding protein 3	0.16	2.039
100287042	MIF4GD-DT	MIF4GD divergent transcript	0.26	2.381
60386	SLC25A19	solute carrier family 25 member 19	0.643	8.287
2885	GRB2	growth factor receptor bound protein 2	0.286	1.905
57513	CASKIN2	CASK interacting protein 2	-0.266	1.808
283989	TSEN54	tRNA splicing endonuclease subunit 54	-0.245	1.565
80022	MYO15B	myosin XVB	-0.539	6.688
9400	RECQL5	RecQ like helicase 5	-0.242	2.095
643008	SMIM5	small integral membrane protein 5	0.814	2.659
3691	ITGB4	integrin subunit beta 4	-0.409	2.074
2584	GALK1	galactokinase 1	0.471	3.586
3021	H3-3B	H3.3 histone B	-0.31	3.865
201294	UNC13D	unc-13 homolog D	-0.758	5.012
91107	TRIM47	tripartite motif containing 47	0.524	3.368
85302	FBF1	Fas binding factor 1	-0.469	4.012
1018	CDK3	cyclin dependent kinase 3	-0.379	2.177
100507218	RNF157-AS1	RNF157 antisense RNA 1	1.16	3.574
114804	RNF157	ring finger protein 157	1.325	4.834
105371896	LOC105371896	uncharacterized LOC105371896	-3.49	9.102
5635	PRPSAP1	phosphoribosyl pyrophosphate synthetase associated protein 1	0.28	3.895
768206	PRCD	photoreceptor disc component	-0.533	3.841
10610	ST6GALNAC2	ST6 N-acetylgalactosaminide alpha-2,6-sialyltransferase 2	0.517	5.174
6427	SRSF2	serine and arginine rich splicing factor 2	-0.302	3.97
693221	MIR636	microRNA 636	-1.241	4.597
79157	MFSD11	major facilitator superfamily domain containing 11	-0.214	2.499
654434	SNHG20	small nucleolar RNA host gene 20	-0.507	5.684
100131096	TNRC6C-AS1	replaced by ID 11322	-0.831	3.371
11322	TMC6	transmembrane channel like 6	-0.425	1.488
125061	AFMID	arylformamidase	0.292	2.127
332	BIRC5	baculoviral IAP repeat containing 5	1.928	5.238
9489	PGS1	phosphatidylglycerophosphate synthase 1	-0.205	3.089
8632	DNAH17	dynein axonemal heavy chain 17	-0.294	2.201
112268196	LOC112268196		-0.208	1.327
57602	USP36	ubiquitin specific peptidase 36	-0.423	6.078
7077	TIMP2	TIMP metallopeptidase inhibitor 2	-0.904	11.498
3959	LGALS3BP	galectin 3 binding protein	-0.432	3.005
64772	ENGASE	endo-beta-N-acetylglucosaminidase	-0.242	2.745
2548	GAA	alpha glucosidase	-0.307	3.507
9775	EIF4A3	eukaryotic translation initiation factor 4A3	-0.194	3.431
6448	SGSH	N-sulfoglucosamine sulfohydrolase	-0.343	3.953
284129	SLC26A11	solute carrier family 26 member 11	-0.397	3.09
57521	RPTOR	regulatory associated protein of MTOR complex 1	-0.205	2.197
400627	LOC400627	uncharacterized LOC400627	0.483	1.68
79643	CHMP6	charged multivesicular body protein 6	-0.237	2.197
107987250	LOC107987250		-0.817	2.382
146705	TEPSIN	TEPSIN adaptor related protein complex 4 accessory protein	-0.25	1.927
71	ACTG1	actin gamma 1	-0.338	2.419
80233	FAAP100	FA core complex associated protein 100	-0.158	1.563
339229	OXLD1	oxidoreductase like domain containing 1	-0.221	2.153
9146	HGS	hepatocyte growth factor-regulated tyrosine kinase substrate	-0.201	1.915
6182	MRPL12	mitochondrial ribosomal protein L12	0.242	1.348
348262	MCRIP1	MAPK regulated corepressor interacting protein 1	-0.239	2.526
5034	P4HB	prolyl 4-hydroxylase subunit beta	0.218	1.715
5831	PYCR1	pyrroline-5-carboxylate reductase 1	0.597	2.087
79058	ASPSCR1	ASPSCR1 tether for SLC2A4, UBX domain containing	0.163	1.354
201254	CENPX	centromere protein X	0.313	1.864
201255	LRRC45	leucine rich repeat containing 45	0.285	1.634
113523640	DCXR-DT	DCXR divergent transcript	1.502	5.234
64118	DUS1L	dihydrouridine synthase 1 like	0.185	1.885
9123	SLC16A3	solute carrier family 16 member 3	-0.434	1.792
1453	CSNK1D	casein kinase 1 delta	-0.248	4.993
924	CD7	CD7 molecule	-0.734	1.578
26502	NARF	nuclear prelamin A recognition factor	0.226	2.576
3607	FOXK2	forkhead box K2	0.237	2.355
79672	FN3KRP	fructosamine 3 kinase related protein	-0.186	1.537
388574	RPL23AP87	ribosomal protein L23a pseudogene 87	0.661	2.923
105379280	LOC105379280	uncharacterized LOC105379280	-1.16	3.609
260334	TUBB8B	tubulin beta 8B	0.616	2.439
9097	USP14	ubiquitin specific peptidase 14	0.19	3.121
81035	COLEC12	collectin subfamily member 12	-0.331	1.557
116	ADCYAP1	adenylate cyclase activating polypeptide 1	-1.826	3.87
84034	EMILIN2	elastin microfibril interfacer 2	0.511	1.406
9663	LPIN2	lipin 2	0.274	1.812
727896	CHORDC1P4	CHORDC1 pseudogene 4	0.306	1.322
10627	MYL12A	myosin light chain 12A	-0.725	3.607
104968399	MYL12-AS1	MYL12A and MYL12B antisense RNA 1	-0.504	1.579
9229	DLGAP1	DLG associated protein 1	-2.193	6.95
649446	DLGAP1-AS1	DLGAP1 antisense RNA 1	0.529	3.243
339290	LINC00667	long intergenic non-protein coding RNA 667	0.245	3.953
7541	ZBTB14	zinc finger and BTB domain containing 14	0.216	1.859
91133	L3MBTL4	L3MBTL histone methyl-lysine binding protein 4	-0.524	1.692
105371976	LOC105371976	uncharacterized LOC105371976	-0.583	2.086
23255	MTCL1	microtubule crosslinking factor 1	-0.462	1.709
4729	NDUFV2	NADH:ubiquinone oxidoreductase core subunit V2	0.486	4.759
57045	TWSG1	twisted gastrulation BMP signaling modulator 1	-0.609	4.354
10928	RALBP1	ralA binding protein 1	0.267	4.582
11031	RAB31	RAB31, member RAS oncogene family	-0.746	6.608
9218	VAPA	VAMP associated protein A	-0.128	1.398
147495	APCDD1	APC down-regulated 1	0.442	1.745
2774	GNAL	G protein subunit alpha L	0.242	1.365
101927511	LOC101927511	uncharacterized LOC101927511	-0.81	1.716
3613	IMPA2	inositol monophosphatase 2	0.897	7.928
10939	AFG3L2	AFG3 like matrix AAA peptidase subunit 2	0.29	2.633
107985154	LOC107985154	uncharacterized LOC107985154	0.303	2.166
10650	PRELID3A	PRELI domain containing 3A	-0.369	1.826
105371998	LOC105371998	uncharacterized LOC105371998	0.253	1.343
56984	PSMG2	proteasome assembly chaperone 2	-0.174	1.999
5771	PTPN2	protein tyrosine phosphatase non-receptor type 2	0.323	4.162
8731	RNMT	RNA guanine-7 methyltransferase	-0.178	1.823
114799	ESCO1	establishment of sister chromatid cohesion N-acetyltransferase 1	0.278	3.005
100128893	GATA6-AS1	GATA6 antisense RNA 1 (head to head)	-0.364	2.259
2627	GATA6	GATA binding protein 6	-0.455	5.599
105372018	LOC105372018	uncharacterized LOC105372018	-0.731	1.64
85019	TMEM241	transmembrane protein 241	-0.507	3.868
8780	RIOK3	RIO kinase 3	-0.197	2.019
114876	OSBPL1A	oxysterol binding protein like 1A	0.231	2.473
284252	KCTD1	potassium channel tetramerization domain containing 1	0.553	2.954
361	AQP4	aquaporin 4	2.672	5.381
83539	CHST9	carbohydrate sulfotransferase 9	1.328	2.023
1824	DSC2	desmocollin 2	0.328	2.1
1828	DSG1	desmoglein 1	1.048	4.33
1829	DSG2	desmoglein 2	0.248	1.654
100652770	DSG2-AS1	DSG2 antisense RNA 1	0.517	3.491
9331	B4GALT6	beta-1,4-galactosyltransferase 6	0.632	2.92
22878	TRAPPC8	trafficking protein particle complex subunit 8	0.351	5.732
64762	GAREM1	GRB2 associated regulator of MAPK1 subtype 1	0.593	3.29
105372061	LOC105372061	uncharacterized LOC105372061	0.487	2.286
10982	MAPRE2	microtubule associated protein RP/EB family member 2	-0.427	2.943
100101467	ZSCAN30	zinc finger and SCAN domain containing 30	-0.18	2.042
10778	ZNF271P	zinc finger protein 271, pseudogene	0.454	9.067
107985139	LOC107985139		0.444	2.995
7572	ZNF24	zinc finger protein 24	0.223	2.29
2589	GALNT1	polypeptide N-acetylgalactosaminyltransferase 1	0.415	5.42
83608	C18orf21	chromosome 18 open reading frame 21	0.44	6.723
55197	RPRD1A	regulation of nuclear pre-mRNA domain containing 1A	0.263	3.314
55250	ELP2	elongator acetyltransferase complex subunit 2	-0.173	2.276
25941	TPGS2	tubulin polyglutamylase complex subunit 2	-0.346	4.364
101927943	SETBP1-DT	SETBP1 divergent transcript	-0.64	2.317
26040	SETBP1	SET binding protein 1	-0.381	1.58
29906	ST8SIA5	ST8 alpha-N-acetyl-neuraminide alpha-2,8-sialyltransferase 5	-0.764	2.938
9063	PIAS2	protein inhibitor of activated STAT 2	-0.239	2.855
105372098	LOC105372098	uncharacterized LOC105372098	0.362	1.348
84064	HDHD2	haloacid dehalogenase like hydrolase domain containing 2	0.345	7.93
51124	IER3IP1	immediate early response 3 interacting protein 1	0.159	1.305
105372106	LOC105372106	uncharacterized LOC105372106	-1.303	2.999
4092	SMAD7	SMAD family member 7	-0.992	9.168
54808	DYM	dymeclin	0.183	4.06
100526842	RPL17-C18orf32	RPL17-C18orf32 readthrough	0.402	2.993
6139	RPL17	ribosomal protein L17	0.489	3.041
100124516	SNORD58C	small nucleolar RNA, C/D box 58C	-0.574	2.143
26791	SNORD58A	small nucleolar RNA, C/D box 58A	-0.612	1.439
26790	SNORD58B	small nucleolar RNA, C/D box 58B	0.886	5.487
10449	ACAA2	acetyl-CoA acyltransferase 2	0.391	2.885
677769	SCARNA17	small Cajal body-specific RNA 17	0.649	1.605
83876	MRO	maestro	0.675	1.484
4200	ME2	malic enzyme 2	0.392	3.386
4089	SMAD4	SMAD family member 4	-0.211	1.835
8932	MBD2	methyl-CpG binding domain protein 2	0.616	20.151
9352	TXNL1	thioredoxin like 1	0.368	6.759
23335	WDR7	WD repeat domain 7	0.284	3.019
5205	ATP8B1	ATPase phospholipid transporting 8B1	-0.423	1.713
105372141	LOC105372141	uncharacterized LOC105372141	0.375	1.477
115701	ALPK2	alpha kinase 2	0.443	2.457
10892	MALT1	MALT1 paracaspase	0.337	3.026
55205	ZNF532	zinc finger protein 532	0.293	4.052
90701	SEC11C	SEC11 homolog C, signal peptidase complex subunit	0.515	5.572
54877	ZCCHC2	zinc finger CCHC-type containing 2	0.221	1.401
23239	PHLPP1	PH domain and leucine rich repeat protein phosphatase 1	-0.184	1.607
2531	KDSR	3-ketodihydrosphingosine reductase	-0.215	2.248
9525	VPS4B	vacuolar protein sorting 4 homolog B	-0.191	1.56
101927404	LOC101927404	uncharacterized LOC101927404	0.355	1.466
92126	DSEL	dermatan sulfate epimerase like	-0.611	3.24
10666	CD226	CD226 molecule	-0.47	1.559
29090	TIMM21	translocase of inner mitochondrial membrane 21	0.331	4.085
1528	CYB5A	cytochrome b5 type A	0.351	3.347
284273	PTGR3	prostaglandin reductase 3	0.411	8.021
105372208	LOC105372208		-3.4	14.22
105372210	LOC105372210	uncharacterized LOC105372210	-3.447	14.701
9658	ZNF516	zinc finger protein 516	-0.312	2.823
100131655	ZNF236-DT	ZNF236 divergent transcript	-0.84	3.437
7776	ZNF236	zinc finger protein 236	0.318	2.668
2587	GALR1	galanin receptor 1	-2.183	3.94
374868	ATP9B	ATPase phospholipid transporting 9B (putative)	-0.248	3.773
284240	LOC284240	uncharacterized LOC284240	-1.555	3.592
26251	KCNG2	potassium voltage-gated channel modifier subfamily G member 2	-0.524	8.129
80148	SLC66A2	solute carrier family 66 member 2	-0.432	7.68
440498	HSBP1L1	heat shock factor binding protein 1 like 1	0.385	2.054
10907	TXNL4A	thioredoxin like 4A	0.383	3.794
22850	ADNP2	ADNP homeobox 2	-0.368	4.861
84552	PARD6G	par-6 family cell polarity regulator gamma	-0.424	3.315
399844	LINC01002	long intergenic non-protein coding RNA 1002	-0.732	3.985
107985295	LOC107985295	uncharacterized LOC107985295	0.572	2.583
25759	SHC2	SHC adaptor protein 2	-0.58	6.988
91978	TPGS1	tubulin polyglutamylase complex subunit 1	-0.456	1.896
5442	POLRMT	RNA polymerase mitochondrial	-0.242	1.931
10272	FSTL3	follistatin like 3	-0.854	3.189
79948	PLPPR3	phospholipid phosphatase related 3	-0.248	3.287
1991	ELANE	elastase, neutrophil expressed	1.449	8.703
91300	R3HDM4	R3H domain containing 4	-0.241	3.265
116444	GRIN3B	glutamate ionotropic receptor NMDA type subunit 3B	-0.339	2.961
105372235	LOC105372235	uncharacterized LOC105372235	-0.755	1.957
91304	TMEM259	transmembrane protein 259	-0.19	2.656
10347	ABCA7	ATP binding cassette subfamily A member 7	0.388	1.642
2879	GPX4	glutathione peroxidase 4	0.39	5.993
513	ATP5F1D	ATP synthase F1 subunit delta	-0.258	1.906
90007	MIDN	midnolin	-0.46	2.358
1153	CIRBP	cold inducible RNA binding protein	-0.347	2.552
2593	GAMT	guanidinoacetate N-methyltransferase	-0.286	1.954
26528	DAZAP1	DAZ associated protein 1	0.484	8.422
148223	C19orf25	chromosome 19 open reading frame 25	-0.289	2.134
339366	ADAMTSL5	ADAMTS like 5	-0.893	7.904
399664	MEX3D	mex-3 RNA binding family member D	-0.697	7.476
148229	ATP8B3	ATPase phospholipid transporting 8B3	0.675	2.173
100288123	LOC100288123	uncharacterized LOC100288123	-0.34	1.914
81926	ABHD17A	abhydrolase domain containing 17A, depalmitoylase	-0.366	5.791
113178	SCAMP4	secretory carrier membrane protein 4	-0.299	5.224
113179	ADAT3	adenosine deaminase tRNA specific 3	-0.502	1.732
8943	AP3D1	adaptor related protein complex 3 subunit delta 1	0.18	1.804
8175	SF3A2	splicing factor 3a subunit 2	-0.302	3.208
374872	PEAK3	PEAK family member 3	-1.173	2.921
56928	SPPL2B	signal peptide peptidase like 2B	-0.456	7.151
360200	TMPRSS9	transmembrane serine protease 9	-1.064	8.719
148252	DIRAS1	DIRAS family GTPase 1	0.65	4.884
148254	ZNF555	zinc finger protein 555	0.298	3.435
79816	TLE6	TLE family member 6, subcortical maternal complex member	0.63	1.695
7089	TLE2	TLE family member 2, transcriptional corepressor	0.155	1.673
2769	GNA15	G protein subunit alpha 15	0.427	1.46
8698	S1PR4	sphingosine-1-phosphate receptor 4	-0.745	1.9
51343	FZR1	fizzy and cell division cycle 20 related 1	-0.425	9.748
100128569	TEKTIP1	tektin bundle interacting protein 1	-0.546	4.369
10362	HMG20B	high mobility group 20B	0.44	6.95
6915	TBXA2R	thromboxane A2 receptor	-0.67	3.327
404665	CACTIN-AS1	CACTIN antisense RNA 1	-0.187	1.52
23396	PIP5K1C	phosphatidylinositol-4-phosphate 5-kinase type 1 gamma	-0.199	1.379
1613	DAPK3	death associated protein kinase 3	-0.732	4.436
693222	MIR637	microRNA 637	-0.988	4.984
51588	PIAS4	protein inhibitor of activated STAT 4	0.171	1.618
5605	MAP2K2	mitogen-activated protein kinase kinase 2	0.2	2.296
51548	SIRT6	sirtuin 6	-0.269	2.835
170961	ANKRD24	ankyrin repeat domain 24	-1.122	2.695
10036	CHAF1A	chromatin assembly factor 1 subunit A	0.262	2.526
80700	UBXN6	UBX domain protein 6	0.274	2.66
440503	PLIN5	perilipin 5	0.409	1.658
10501	SEMA6B	semaphorin 6B	0.775	4.356
56005	MYDGF	myeloid derived growth factor	0.286	1.94
91039	DPP9	dipeptidyl peptidase 9	0.237	2.977
10226	PLIN3	perilipin 3	0.404	2.835
29128	UHRF1	ubiquitin like with PHD and ring finger domains 1	1.062	2.655
23030	KDM4B	lysine demethylase 4B	0.232	2.109
25873	RPL36	ribosomal protein L36	0.275	1.323
163154	PRR22	proline rich 22	-0.5	1.864
56931	DUS3L	dihydrouridine synthase 3 like	-0.223	1.652
828	CAPS	calcyphosine	-0.46	3.072
8498	RANBP3	RAN binding protein 3	0.201	3.817
84266	ALKBH7	alkB homolog 7	-0.585	4.915
2962	GTF2F1	general transcription factor IIF subunit 1	0.199	1.983
100500888	MIR3940	microRNA 3940	0.623	5.784
10382	TUBB4A	tubulin beta 4A class IVa	0.728	4.002
8740	TNFSF14	TNF superfamily member 14	1.408	3.948
718	C3	complement C3	1.121	3.275
9322	TRIP10	thyroid hormone receptor interactor 10	0.597	7.825
107985302	LOC107985302		0.252	1.406
7409	VAV1	vav guanine nucleotide exchange factor 1	0.445	1.382
79230	ZNF557	zinc finger protein 557	-0.403	3.573
23370	ARHGEF18	Rho/Rac guanine nucleotide exchange factor 18	-0.304	4.986
92960	PEX11G	peroxisomal biogenesis factor 11 gamma	-0.846	5.057
57192	MCOLN1	mucolipin TRP cation channel 1	0.219	1.383
57662	CAMSAP3	calmodulin regulated spectrin associated protein family member 3	1.191	1.608
56949	XAB2	XPA binding protein 2	-0.208	2.138
100131801	PET100	PET100 cytochrome c oxidase chaperone	0.748	5.044
126006	PCP2	Purkinje cell protein 2	0.947	2.911
6813	STXBP2	syntaxin binding protein 2	0.593	1.748
199675	MCEMP1	mast cell expressed membrane protein 1	1.745	4.649
115704	EVI5L	ecotropic viral integration site 5 like	0.333	3.927
80131	LRRC8E	leucine rich repeat containing 8 VRAC subunit E	0.841	1.798
100507588	TGFBR3L	transforming growth factor beta receptor 3 like	0.811	2.622
10469	TIMM44	translocase of inner mitochondrial membrane 44	0.44	5.895
84467	FBN3	fibrillin 3	-1.737	1.878
256949	KANK3	KN motif and ankyrin repeat domains 3	-0.418	2.666
9230	RAB11B	RAB11B, member RAS oncogene family	-0.315	3.993
84330	ZNF414	zinc finger protein 414	-0.306	2.991
374879	ZNF699	zinc finger protein 699	-0.316	1.931
100529215	ZNF559-ZNF177	ZNF559-ZNF177 readthrough	-0.307	3.953
7730	ZNF177	zinc finger protein 177	-0.333	4.12
112268250	LOC112268250	uncharacterized LOC112268250	-0.829	3.493
79088	ZNF426	zinc finger protein 426	-0.136	1.932
101928238	ZNF426-DT	ZNF426 divergent transcript	-0.755	3.661
7675	ZNF121	zinc finger protein 121	-0.271	3.149
729648	ZNF812P	zinc finger protein 812, pseudogene	-0.615	1.726
105372270	LOC105372270	uncharacterized LOC105372270	-1.102	1.628
54850	FBXL12	F-box and leucine rich repeat protein 12	-0.497	9.11
5300	PIN1	peptidylprolyl cis/trans isomerase, NIMA-interacting 1	-0.196	1.766
55337	SHFL	shiftless antiviral inhibitor of ribosomal frameshifting	-0.401	3.136
83854	ANGPTL6	angiopoietin like 6	-0.51	4.092
5032	P2RY11	purinergic receptor P2Y11	-0.224	1.773
8666	EIF3G	eukaryotic translation initiation factor 3 subunit G	0.207	1.316
1786	DNMT1	DNA methyltransferase 1	0.234	3.781
7087	ICAM5	intercellular adhesion molecule 5	-1.06	2.201
100125288	ZGLP1	zinc finger GATA like protein 1	-0.555	2.571
125950	RAVER1	ribonucleoprotein, PTB binding 1	-0.278	3.507
3385	ICAM3	intercellular adhesion molecule 3	0.55	4.907
7297	TYK2	tyrosine kinase 2	0.137	1.763
11140	CDC37	cell division cycle 37, HSP90 cochaperone	0.334	6.412
100302213	MIR1181	microRNA 1181	1.025	6.083
5141	PDE4A	phosphodiesterase 4A	0.73	4.793
9817	KEAP1	kelch like ECH associated protein 1	0.183	1.635
53637	S1PR5	sphingosine-1-phosphate receptor 5	-0.958	1.674
65095	KRI1	KRI1 homolog	0.169	1.451
1032	CDKN2D	cyclin dependent kinase inhibitor 2D	0.596	11.319
3609	ILF3	interleukin enhancer binding factor 3	0.105	1.838
81890	QTRT1	queuine tRNA-ribosyltransferase catalytic subunit 1	-0.471	9.707
1785	DNM2	dynamin 2	0.357	5.253
11018	TMED1	transmembrane p24 trafficking protein 1	0.227	1.898
10498	CARM1	coactivator associated arginine methyltransferase 1	0.139	1.789
6597	SMARCA4	SWI/SNF related, matrix associated, actin dependent regulator of chromatin, subfamily a, member 4	0.144	1.769
147841	SPC24	SPC24 component of NDC80 kinetochore complex	1.206	10.463
25959	KANK2	KN motif and ankyrin repeat domains 2	0.433	4.207
57572	DOCK6	dedicator of cytokinesis 6	-0.256	1.317
374882	TMEM205	transmembrane protein 205	0.223	2.612
126075	CCDC159	coiled-coil domain containing 159	-0.191	1.553
64748	PLPPR2	phospholipid phosphatase related 2	-0.284	1.669
57139	RGL3	ral guanine nucleotide dissociation stimulator like 3	0.396	1.539
51295	ECSIT	ECSIT signaling integrator	0.247	1.868
199692	ZNF627	zinc finger protein 627	-0.358	5.238
126068	ZNF441	zinc finger protein 441	-0.451	3.026
7620	ZNF69	zinc finger protein 69	0.495	4.857
101928464	ZNF433-AS1	ZNF433 and ZNF878 antisense RNA 1	0.361	2.191
284391	ZNF844	zinc finger protein 844	-0.491	5.132
388507	ZNF788P	zinc finger family member 788, pseudogene	-0.337	2.531
7695	ZNF136	zinc finger protein 136	-0.211	1.651
51710	ZNF44	zinc finger protein 44	-0.183	2.244
79973	ZNF442	zinc finger protein 442	-0.861	9.456
163051	ZNF709	zinc finger protein 709	-0.431	4.438
57474	ZNF490	zinc finger protein 490	-0.351	4.141
105372279	LOC105372279	uncharacterized LOC105372279	-0.553	6.098
4125	MAN2B1	mannosidase alpha class 2B member 1	0.296	1.792
51398	WDR83OS	WD repeat domain 83 opposite strand	-0.386	5.842
30000	TNPO2	transportin 2	-0.3	5.789
79002	TRIR	telomerase RNA component interacting RNase	0.27	2.499
439	GET3	guided entry of tail-anchored proteins factor 3, ATPase	0.149	1.644
2639	GCDH	glutaryl-CoA dehydrogenase	0.273	1.819
811	CALR	calreticulin	0.302	1.654
5886	RAD23A	RAD23 homolog A, nucleotide excision repair protein	0.233	3.114
90480	GADD45GIP1	GADD45G interacting protein 1	0.219	1.922
112939	NACC1	nucleus accumbens associated 1	0.381	3.302
8677	STX10	syntaxin 10	0.448	9.729
9592	IER2	immediate early response 2	-1.126	9.229
84245	MRI1	methylthioribose-1-phosphate isomerase 1	-0.246	2.034
284454	MIR23AHG	miR-23a/27a/24-2 cluster host gene	-0.775	5.663
90379	DCAF15	DDB1 and CUL4 associated factor 15	-0.282	3.776
5989	RFX1	regulatory factor X1	-0.345	3.743
342979	PALM3	paralemmin 3	-0.977	1.98
90378	SAMD1	sterile alpha motif domain containing 1	0.349	2.872
55723	ASF1B	anti-silencing function 1B histone chaperone	0.852	3.001
100507373	ADGRL1-AS1	ADGRL1 antisense RNA 1	0.279	2.218
22859	ADGRL1	adhesion G protein-coupled receptor L1	0.461	2.673
5585	PKN1	protein kinase N1	0.257	2.837
84449	ZNF333	zinc finger protein 333	-0.163	1.378
85360	SYDE1	synapse defective Rho GTPase homolog 1	-0.272	2.528
26993	AKAP8L	A-kinase anchoring protein 8 like	0.239	2.065
4051	CYP4F3	cytochrome P450 family 4 subfamily F member 3	-1.963	4.795
388514	CYP4F24P	cytochrome P450 family 4 subfamily F member 24, pseudogene	-1.152	1.638
7171	TPM4	tropomyosin 4	0.409	2.516
84941	HSH2D	hematopoietic SH2 domain containing	-1.049	3.451
26017	FAM32A	family with sequence similarity 32 member A	0.379	5.224
8907	AP1M1	adaptor related protein complex 1 subunit mu 1	-0.2	3.028
10365	KLF2	KLF transcription factor 2	-0.866	4.854
58513	EPS15L1	epidermal growth factor receptor pathway substrate 15 like 1	0.521	6.114
84167	C19orf44	chromosome 19 open reading frame 44	-0.247	3.304
10523	CHERP	calcium homeostasis endoplasmic reticulum protein	-0.287	6.653
9441	MED26	mediator complex subunit 26	-0.268	2.414
23309	SIN3B	SIN3 transcription regulator family member B	-0.283	3.159
9002	F2RL3	F2R like thrombin or trypsin receptor 3	-1.341	1.339
93323	HAUS8	HAUS augmin like complex subunit 8	0.334	2.268
4650	MYO9B	myosin IXB	0.238	2.915
55850	USE1	unconventional SNARE in the ER 1	0.227	1.388
79629	OCEL1	occludin/ELL domain containing 1	0.53	3.682
2063	NR2F6	nuclear receptor subfamily 2 group F member 6	0.302	1.632
83878	USHBP1	USH1 protein network component harmonin binding protein 1	-0.344	1.989
29086	BABAM1	BRISC and BRCA1 A complex member 1	0.265	3.131
126549	ANKLE1	ankyrin repeat and LEM domain containing 1	-0.578	1.743
64981	MRPL34	mitochondrial ribosomal protein L34	0.461	3.446
79016	DDA1	DET1 and DDB1 associated 1	0.214	2.783
83483	PLVAP	plasmalemma vesicle associated protein	-0.997	2.646
115861	NXNL1	nucleoredoxin like 1	-0.794	1.99
55201	MAP1S	microtubule associated protein 1S	-0.477	7.207
115098	CCDC124	coiled-coil domain containing 124	0.238	2.173
23031	MAST3	microtubule associated serine/threonine kinase 3	-0.285	1.59
5296	PIK3R2	phosphoinositide-3-kinase regulatory subunit 2	0.26	1.829
10437	IFI30	IFI30 lysosomal thiol reductase	1.219	6.743
80726	IQCN	IQ motif containing N	-1.112	3.673
3727	JUND	JunD proto-oncogene, AP-1 transcription factor subunit	-0.363	1.5
25804	LSM4	LSM4 homolog, U6 small nuclear RNA and mRNA degradation associated	0.188	1.547
9518	GDF15	growth differentiation factor 15	-1.508	3.291
170463	SSBP4	single stranded DNA binding protein 4	-0.302	2.721
8178	ELL	elongation factor for RNA polymerase II	-0.412	4.1
23770	FKBP8	FKBP prolyl isomerase 8	-0.245	3.802
55049	REX1BD	required for excision 1-B domain containing	-0.661	6.826
25789	TMEM59L	transmembrane protein 59 like	-0.683	1.609
55295	KLHL26	kelch like family member 26	-0.499	4.057
23373	CRTC1	CREB regulated transcription coactivator 1	-0.359	4.703
1311	COMP	cartilage oligomeric matrix protein	-3.139	6.529
5976	UPF1	UPF1 RNA helicase and ATPase	-0.156	1.853
10715	CERS1	ceramide synthase 1	-1.47	9.543
2657	GDF1	growth differentiation factor 1	-1.51	7.683
10147	SUGP2	SURP and G-patch domain containing 2	0.141	2.862
93436	ARMC6	armadillo repeat containing 6	-0.262	3.292
54929	TMEM161A	transmembrane protein 161A	-0.378	2.03
4207	BORCS8-MEF2B	BORCS8-MEF2B readthrough	-0.36	4.236
100271849	MEF2B	myocyte enhancer factor 2B	-0.57	3.136
729991	BORCS8	BLOC-1 related complex subunit 8	-0.261	2.393
126382	NR2C2AP	nuclear receptor 2C2 associated protein	-0.241	1.726
404037	HAPLN4	hyaluronan and proteoglycan link protein 4	-1.28	3.655
53345	TM6SF2	transmembrane 6 superfamily member 2	-1.352	7.248
23383	MAU2	MAU2 sister chromatid cohesion factor	-0.425	9.447
374887	YJEFN3	YjeF N-terminal domain containing 3	-0.427	2.312
9170	LPAR2	lysophosphatidic acid receptor 2	-0.641	2.182
57130	ATP13A1	ATPase 13A1	-0.168	2.133
7561	ZNF14	zinc finger protein 14	-0.331	3.8
284440	LINC00663	long intergenic non-protein coding RNA 663	-0.391	4.026
112267872	LOC112267872		-0.25	1.31
56242	ZNF253	zinc finger protein 253	0.242	1.823
81931	ZNF93	zinc finger protein 93	0.46	2.737
91120	ZNF682	zinc finger protein 682	0.603	3.089
105372310	LOC105372310	uncharacterized LOC105372310	0.373	1.762
199777	ZNF626	zinc finger protein 626	-0.292	2.251
148203	ZNF738	zinc finger protein 738	-0.287	1.859
353088	ZNF429	zinc finger protein 429	-0.172	1.306
7594	ZNF43	zinc finger protein 43	0.25	1.31
112268249	LOC112268249		0.504	1.641
388523	ZNF728	zinc finger protein 728	0.418	1.782
100132815	IPO5P1	importin 5 pseudogene 1	-0.487	2.951
100101266	HAVCR1P1	hepatitis A virus cellular receptor 1 pseudogene 1	-0.567	3.021
105372352	UQCRFS1-DT	UQCRFS1 divergent transcript	-0.552	1.833
10775	POP4	POP4 homolog, ribonuclease P/MRP subunit	0.402	4.329
898	CCNE1	cyclin E1	0.694	4.355
8725	URI1	URI1 prefoldin like chaperone	0.258	6.371
9745	ZNF536	zinc finger protein 536	-1.062	5.838
57616	TSHZ3	teashirt zinc finger homeobox 3	-0.405	2.506
9141	PDCD5	programmed cell death 5	0.531	7.961
388531	RGS9BP	regulator of G protein signaling 9 binding protein	1.307	8.175
91442	FAAP24	FA core complex associated protein 24	0.472	1.467
85415	RHPN2	rhophilin Rho GTPase binding protein 2	0.586	2.744
55094	GPATCH1	G-patch domain containing 1	0.163	1.314
4037	LRP3	LDL receptor related protein 3	-0.461	4.893
1054	CEBPG	CCAAT enhancer binding protein gamma	0.28	3.369
9710	GARRE1	granule associated Rac and RHOG effector 1	-0.285	3.371
126374	WTIP	WT1 interacting protein	-0.578	5.079
100129800	ZNF807P	zinc finger protein 807, pseudogene	0.203	2.237
55900	ZNF302	zinc finger protein 302	0.197	1.832
339318	ZNF181	zinc finger protein 181	0.28	4.214
5349	FXYD3	FXYD domain containing ion transport regulator 3	0.634	1.951
5348	FXYD1	FXYD domain containing ion transport regulator 1	-0.657	12.328
7392	USF2	upstream transcription factor 2, c-fos interacting	0.159	1.786
933	CD22	CD22 molecule	-0.922	1.656
26330	GAPDHS	glyceraldehyde-3-phosphate dehydrogenase, spermatogenic	-0.763	9.067
100506469	TMEM147-AS1	TMEM147 antisense RNA 1	-0.407	6.928
79171	RBM42	RNA binding motif protein 42	-0.23	2.338
79713	IGFLR1	IGF like family receptor 1	0.327	1.434
199746	U2AF1L4	U2 small nuclear RNA auxiliary factor 1 like 4	-0.362	2.087
148137	PROSER3	proline and serine rich 3	-0.369	2.746
115703	ARHGAP33	Rho GTPase activating protein 33	-0.737	8.152
333	APLP1	amyloid beta precursor like protein 1	-0.545	1.932
101927572	LOC101927572	uncharacterized LOC101927572	-0.61	1.961
25999	CLIP3	CAP-Gly domain containing linker protein 3	-0.464	1.771
199745	THAP8	THAP domain containing 8	0.497	2.932
284403	WDR62	WD repeat domain 62	0.823	2.18
7705	ZNF146	zinc finger protein 146	0.267	3.403
107985304	LOC107985304	uncharacterized LOC107985304	0.352	4.181
339324	ZNF260	zinc finger protein 260	0.2	1.553
84911	ZNF382	zinc finger protein 382	0.234	2.097
92283	ZNF461	zinc finger protein 461	-0.188	2.43
163081	ZNF567	zinc finger protein 567	0.268	2.268
388536	ZNF790	zinc finger protein 790	0.19	1.75
92285	ZNF585B	zinc finger protein 585B	-0.165	1.82
101927720	ZNF793-AS1	ZNF793 antisense RNA 1 (head to head)	0.562	3.938
100507433	ZNF571-AS1	ZNF571 antisense RNA 1	-0.558	2.516
163255	ZNF540	zinc finger protein 540	-0.295	1.5
644554	LOC644554	uncharacterized LOC644554	0.349	1.656
10653	SPINT2	serine peptidase inhibitor, Kunitz type 2	-0.895	5.535
64073	C19orf33	chromosome 19 open reading frame 33	0.857	1.773
9424	KCNK6	potassium two pore domain channel subfamily K member 6	-0.768	3.179
57828	CATSPERG	cation channel sperm associated auxiliary subunit gamma	-0.536	1.67
5714	PSMD8	proteasome 26S subunit, non-ATPase 8	0.349	2.1
147965	FAM98C	family with sequence similarity 98 member C	-0.348	3.508
81	ACTN4	actinin alpha 4	-0.247	1.63
107985291	LOC107985291	uncharacterized LOC107985291	-0.529	1.645
147968	CAPN12	calpain 12	-0.771	6.916
3960	LGALS4	galectin 4	-1.369	6.659
3191	HNRNPL	heterogeneous nuclear ribonucleoprotein L	-0.182	2.911
22933	SIRT2	sirtuin 2	0.25	2.315
6183	MRPS12	mitochondrial ribosomal protein S12	0.279	1.767
115290	FBXO17	F-box protein 17	-0.615	4.103
10298	PAK4	p21 (RAC1) activated kinase 4	-0.219	2.011
57622	LRFN1	leucine rich repeat and fibronectin type III domain containing 1	-0.535	1.535
55095	SAMD4B	sterile alpha motif domain containing 4B	-0.282	4.711
7538	ZFP36	ZFP36 ring finger protein	-0.746	1.627
9149	DYRK1B	dual specificity tyrosine phosphorylation regulated kinase 1B	-0.703	8.451
8857	FCGBP	Fc gamma binding protein	2.132	6.018
339327	ZNF546	zinc finger protein 546	-0.309	4.195
4294	MAP3K10	mitogen-activated protein kinase kinase kinase 10	0.344	3.481
208	AKT2	AKT serine/threonine kinase 2	0.077	1.343
126526	C19orf47	chromosome 19 open reading frame 47	0.303	3.495
23646	PLD3	phospholipase D family member 3	-0.285	4.527
147746	HIPK4	homeodomain interacting protein kinase 4	-0.592	1.771
8425	LTBP4	latent transforming growth factor beta binding protein 4	-1.478	23.303
9253	NUMBL	NUMB like endocytic adaptor protein	-0.286	1.992
100529262	MIA-RAB4B	MIA-RAB4B readthrough (NMD candidate)	-0.264	2.049
100529264	RAB4B-EGLN2	RAB4B-EGLN2 readthrough (NMD candidate)	0.201	2.049
53916	RAB4B	RAB4B, member RAS oncogene family	-0.239	1.679
112398	EGLN2	egl-9 family hypoxia inducible factor 2	0.25	2.74
55101	DMAC2	distal membrane arm assembly component 2	0.237	2.508
1089	CEACAM4	CEA cell adhesion molecule 4	-1.261	2.142
10567	RABAC1	Rab acceptor 1	-0.314	1.92
2901	GRIK5	glutamate ionotropic receptor kainate type subunit 5	0.62	1.889
64763	ZNF574	zinc finger protein 574	-0.245	2.243
2077	ERF	ETS2 repressor factor	-0.414	4.88
1954	MEGF8	multiple EGF like domains 8	-0.213	1.996
57126	CD177	CD177 molecule	1.266	1.343
126298	IRGQ	immunity related GTPase Q	-0.28	5.211
126299	ZNF428	zinc finger protein 428	-0.316	4.579
199731	CADM4	cell adhesion molecule 4	0.484	6.343
7596	ZNF45	zinc finger protein 45	0.166	1.969
7638	ZNF221	zinc finger protein 221	0.296	1.514
101928063	ZNF230-DT	ZNF230 divergent transcript	0.273	1.502
10780	ZNF234	zinc finger protein 234	0.268	3.925
7770	ZNF227	zinc finger protein 227	0.166	1.35
353355	ZNF233	zinc finger protein 233	0.428	6.635
7771	ZNF112	zinc finger protein 112	0.317	4.562
26974	ZNF285	zinc finger protein 285	0.341	4.527
7772	ZNF229	zinc finger protein 229	0.412	7.222
5817	PVR	PVR cell adhesion molecule	0.83	6.459
4059	BCAM	basal cell adhesion molecule (Lutheran blood group)	-0.438	5.412
10452	TOMM40	translocase of outer mitochondrial membrane 40	0.159	1.439
1209	CLPTM1	CLPTM1 regulator of GABA type A receptor forward trafficking	0.191	2.167
79090	TRAPPC6A	trafficking protein particle complex subunit 6A	-0.406	3.381
388552	BLOC1S3	biogenesis of lysosomal organelles complex 1 subunit 3	-0.435	4.603
90332	EXOC3L2	exocyst complex component 3 like 2	-1.065	4.589
1158	CKM	creatine kinase, M-type	0.448	2.288
147700	KLC3	kinesin light chain 3	0.315	1.497
10849	POLR1G	RNA polymerase I subunit G	0.294	4.668
2067	ERCC1	ERCC excision repair 1, endonuclease non-catalytic subunit	0.374	5.768
6253	RTN2	reticulon 2	0.484	4.469
7408	VASP	vasodilator stimulated phosphoprotein	0.251	1.604
80207	OPA3	outer mitochondrial membrane lipid metabolism regulator OPA3	0.357	5.178
24139	EML2	EMAP like 2	-0.371	4.615
147912	SIX5	SIX homeobox 5	-0.263	2.456
109729182	DM1-AS	DM1 locus antisense RNA	0.388	2.864
1760	DMPK	DM1 protein kinase	0.311	2.024
8189	SYMPK	symplekin scaffold protein	-0.277	3.342
26145	IRF2BP1	interferon regulatory factor 2 binding protein 1	-0.279	2.248
339344	MYPOP	Myb related transcription factor, partner of profilin	0.385	3.835
4858	NOVA2	NOVA alternative splicing regulator 2	-0.482	3.93
729440	CCDC61	coiled-coil domain containing 61	-0.238	1.779
5536	PPP5C	protein phosphatase 5 catalytic subunit	0.142	1.403
105372426	LOC105372426	uncharacterized LOC105372426	-0.575	7.167
57469	PNMA8B	PNMA family member 8B	-0.843	4.177
94235	GNG8	G protein subunit gamma 8	-0.711	1.324
25865	PRKD2	protein kinase D2	-0.421	5.253
79147	FKRP	fukutin related protein	-0.319	2.829
2909	ARHGAP35	Rho GTPase activating protein 35	0.199	1.881
54958	TMEM160	transmembrane protein 160	-1.113	7.904
23211	ZC3H4	zinc finger CCCH-type containing 4	-0.263	3.298
255783	INAFM1	InaF motif containing 1	-0.577	6.293
105372427	LOC105372427		-1.775	8.358
11133	KPTN	kaptin, actin binding protein	0.297	1.976
100505681	NAPA-AS1	NAPA antisense RNA 1	0.323	4.543
84215	ZNF541	zinc finger protein 541	-0.935	3.609
29998	BICRA	BRD4 interacting chromatin remodeling complex associated protein	-0.27	3.156
29997	NOP53	NOP53 ribosome biogenesis factor	-0.219	1.312
106144593	NOP53-AS1	NOP53 antisense RNA 1	-1.072	4.491
56344	CABP5	calcium binding protein 5	-0.785	6.649
8605	PLA2G4C	phospholipase A2 group IVC	-0.392	2.659
106144526	PLA2G4C-AS1	PLA2G4C antisense RNA 1	-0.427	2.27
3978	LIG1	DNA ligase 1	-0.272	1.608
100505812	CARD8-AS1	CARD8 antisense RNA 1	0.279	1.362
2014	EMP3	epithelial membrane protein 3	0.4	1.927
107984140	LOC107984140		-1.511	5.488
770	CA11	carbonic anhydrase 11	0.702	3.535
126147	NTN5	netrin 5	-1.033	3.309
54922	RASIP1	Ras interacting protein 1	-0.823	6.847
2523	FUT1	fucosyltransferase 1 (H blood group)	-0.73	2.809
51171	HSD17B14	hydroxysteroid 17-beta dehydrogenase 14	-0.685	2.706
23645	PPP1R15A	protein phosphatase 1 regulatory subunit 15A	-0.434	4.002
100874085	NUCB1-AS1	NUCB1 antisense RNA 1	0.238	1.823
2512	FTL	ferritin light chain	0.565	4.42
3743	KCNA7	potassium voltage-gated channel subfamily A member 7	2.287	7.083
64130	LIN7B	lin-7 homolog B, crumbs cell polarity complex component	-0.275	1.782
8541	PPFIA3	PTPRF interacting protein alpha 3	-0.567	5.601
54795	TRPM4	transient receptor potential cation channel subfamily M member 4	-0.548	5.569
8463	TEAD2	TEA domain transcription factor 2	0.665	9.739
57030	SLC17A7	solute carrier family 17 member 7	0.382	1.662
6205	RPS11	ribosomal protein S11	0.205	1.479
2217	FCGRT	Fc gamma receptor and transporter	-0.406	4.009
5639	PRRG2	proline rich and Gla domain 2	0.758	2.711
57479	PRR12	proline rich 12	-0.19	1.507
58506	SCAF1	SR-related CTD associated factor 1	-0.433	9.173
3661	IRF3	interferon regulatory factor 3	-0.229	2.362
60385	TSKS	testis specific serine kinase substrate	-0.557	1.509
100506033	PTOV1-AS1	PTOV1 antisense RNA 1	0.293	1.431
101928378	PTOV1-AS2	PTOV1 antisense RNA 2	-0.185	2.506
84335	AKT1S1	AKT1 substrate 1	0.218	2.2
79735	TBC1D17	TBC1 domain family member 17	-0.298	2.978
259307	IL4I1	interleukin 4 induced 1	0.39	2.631
114132	SIGLEC11	sialic acid binding Ig like lectin 11	0.695	2.024
400709	SIGLEC16	sialic acid binding Ig like lectin 16	0.96	2.831
3748	KCNC3	potassium voltage-gated channel subfamily C member 3	0.291	1.66
256236	NAPSB	napsin B aspartic peptidase, pseudogene	-1.296	3.395
284361	EMC10	ER membrane protein complex subunit 10	-0.459	3.121
342918	C19orf81	chromosome 19 open reading frame 81	-0.956	1.427
50944	SHANK1	SH3 and multiple ankyrin repeat domains 1	-0.833	1.667
6320	CLEC11A	C-type lectin domain containing 11A	-0.93	3.787
84798	C19orf48	multidrug resistance-related protein	-0.398	3.535
90353	CTU1	cytosolic thiouridylase subunit 1	-0.549	2.491
27180	SIGLEC9	sialic acid binding Ig like lectin 9	1.147	6.002
27036	SIGLEC7	sialic acid binding Ig like lectin 7	0.707	1.712
945	CD33	CD33 molecule	0.555	1.614
125875	CLDND2	claudin domain containing 2	-0.522	2.404
4818	NKG7	natural killer cell granule protein 7	-1.345	3.348
946	SIGLEC6	sialic acid binding Ig like lectin 6	-0.861	1.769
147650	SPACA6	sperm acrosome associated 6	0.328	2.491
84765	ZNF577	zinc finger protein 577	0.213	1.677
79898	ZNF613	zinc finger protein 613	0.183	1.501
5518	PPP2R1A	protein phosphatase 2 scaffold subunit Aalpha	-0.451	9.722
147657	ZNF480	zinc finger protein 480	0.401	3.519
84436	ZNF528	zinc finger protein 528	-0.245	2.11
147658	ZNF534	zinc finger protein 534	-0.601	1.767
147660	ZNF578	zinc finger protein 578	-0.812	11.859
125893	ZNF816	zinc finger protein 816	0.199	1.439
4696	NDUFA3	NADH:ubiquinone oxidoreductase subunit A3	0.274	1.477
29844	TFPT	TCF3 fusion partner	0.216	1.479
147798	TMC4	transmembrane channel like 4	-0.486	1.982
79042	TSEN34	tRNA splicing endonuclease subunit 34	-0.404	4.932
6203	RPS9	ribosomal protein S9	-0.194	1.308
79168	LILRA6	leukocyte immunoglobulin like receptor A6	0.667	2.379
104355426	LENG8-AS1	LENG8 antisense RNA 1	-0.291	1.474
114823	LENG8	leukocyte receptor cluster member 8	-0.415	6.929
94059	LENG9	leukocyte receptor cluster member 9	-0.418	4.111
148170	CDC42EP5	CDC42 effector protein 5	-0.544	3.75
10859	LILRB1	leukocyte immunoglobulin like receptor B1	0.459	1.343
112724	RDH13	retinol dehydrogenase 13	-0.251	1.824
7138	TNNT1	troponin T1, slow skeletal type	-0.505	1.725
352909	DNAAF3	dynein axonemal assembly factor 3	-1.749	10.757
101930593	DNAAF3-AS1	DNAAF3 antisense RNA 1	-1.716	9.108
5794	PTPRH	protein tyrosine phosphatase receptor type H	-1.226	2.379
255043	TMEM86B	transmembrane protein 86B	-0.7	7.417
22870	PPP6R1	protein phosphatase 6 regulatory subunit 1	0.185	2.487
23640	HSPBP1	HSPA (Hsp70) binding protein 1	-0.273	2.42
84446	BRSK1	BR serine/threonine kinase 1	-1.292	10.074
84787	KMT5C	lysine methyltransferase 5C	-0.41	4.407
57106	NAT14	N-acetyltransferase 14 (putative)	-0.412	3.011
284297	SSC5D	scavenger receptor cysteine rich family member with 5 domains	-1.774	9.437
147807	ZNF524	zinc finger protein 524	0.235	2.232
107983998	LOC107983998	uncharacterized LOC107983998	-0.544	3.713
51157	ZNF580	zinc finger protein 580	-0.375	4.562
29924	EPN1	epsin 1	0.347	3.214
55311	ZNF444	zinc finger protein 444	-0.3	3.399
79149	ZSCAN5A	zinc finger and SCAN domain containing 5A	0.435	4.281
112268243	ZSCAN5A-AS1	ZSCAN5A antisense RNA 1	-0.954	3.684
100128252	ZNF667-AS1	ZNF667 antisense RNA 1 (head to head)	-0.177	2.003
101928982	ZFP28-DT	ZFP28 divergent transcript	-0.709	2.531
388566	ZNF470	zinc finger protein 470	-0.184	1.408
58491	ZNF71	zinc finger protein 71	0.192	2.092
23619	ZIM2	zinc finger imprinted 2	0.799	2.485
9422	ZNF264	zinc finger protein 264	-0.361	5.119
6795	AURKC	aurora kinase C	-0.46	2.164
390980	ZNF805	zinc finger protein 805	-0.417	6.718
105372476	ZNF460-AS1	ZNF460 antisense RNA 1	-0.409	1.483
10794	ZNF460	zinc finger protein 460	-0.475	2.218
57343	ZNF304	zinc finger protein 304	-0.183	1.49
147694	ZNF548	zinc finger protein 548	-0.26	1.8
256051	ZNF549	zinc finger protein 549	-0.283	5.897
90233	ZNF551	zinc finger protein 551	-0.211	1.644
2282	FKBP1AP1	FKBP prolyl isomerase 1A pseudogene 1	0.51	1.851
100874260	UBE2CP5	ubiquitin conjugating enzyme E2 C pseudogene 5	-0.231	1.57
730051	ZNF814	zinc finger protein 814	-0.36	6.484
65982	ZSCAN18	zinc finger and SCAN domain containing 18	-0.609	10.322
79673	ZNF329	zinc finger protein 329	0.171	2.192
10782	ZNF274	zinc finger protein 274	-0.204	1.608
105372482	ZNF8-DT	ZNF8 divergent transcript	0.282	3.538
7554	ZNF8	zinc finger protein 8	-0.192	1.719
108903150	ZNF8-ERVK3-1	ZNF8-ERVK3-1 readthrough	0.136	1.425
1	A1BG	alpha-1-B glycoprotein	-0.667	2.764
162968	ZNF497	zinc finger protein 497	-0.624	3.476
113218487	MIR10394	microRNA 10394	-0.298	2.033
7691	ZNF132	zinc finger protein 132	-0.201	1.381
388569	ZNF324B	zinc finger protein 324B	-0.348	3.155
84878	ZBTB45	zinc finger and BTB domain containing 45	-0.42	7.069
10155	TRIM28	tripartite motif containing 28	-0.201	1.845
100131691	MZF1-AS1	MZF1 antisense RNA 1	0.32	3.167
7593	MZF1	myeloid zinc finger 1	-0.416	4.568
65996	CENPBD2P	CENPB DNA-binding domains containing 2, pseudogene	0.19	1.825
85364	ZCCHC3	zinc finger CCHC-type containing 3	-0.177	1.533
6666	SOX12	SRY-box transcription factor 12	0.864	6.179
10616	RBCK1	RANBP2-type and C3HC4-type zinc finger containing 1	-0.144	1.715
1457	CSNK2A1	casein kinase 2 alpha 1	0.207	4.546
140809	SRXN1	sulfiredoxin 1	0.336	1.41
400831	C20orf202	chromosome 20 open reading frame 202	0.875	3.684
100507495	SDCBP2-AS1	SDCBP2 antisense RNA 1	0.392	2.579
107984088	LOC107984088	uncharacterized LOC107984088	-0.75	1.41
102724545	LOC102724545	uncharacterized LOC102724545	-1.143	5.106
100134015	UBOX5-AS1	UBOX5 antisense RNA 1	-0.689	3.253
22888	UBOX5	U-box domain containing 5	-0.449	4.716
60493	FASTKD5	FAST kinase domains 5	0.405	3.743
9762	LZTS3	leucine zipper tumor suppressor family member 3	0.603	5.741
65992	DDRGK1	DDRGK domain containing 1	0.375	5.52
8455	ATRN	attractin	0.162	2.515
1059	CENPB	centromere protein B	-0.204	2.027
57506	MAVS	mitochondrial antiviral signaling protein	0.302	3.758
80025	PANK2	pantothenate kinase 2	0.171	2.454
54498	SMOX	spermine oxidase	-0.367	2.126
5621	PRNP	prion protein	0.2	1.436
9962	SLC23A2	solute carrier family 23 member 2	-0.358	3.514
5111	PCNA	proliferating cell nuclear antigen	0.377	5.316
56261	GPCPD1	glycerophosphocholine phosphodiesterase 1	-0.833	10.538
1114	CHGB	chromogranin B	0.682	1.485
51605	TRMT6	tRNA methyltransferase 6 non-catalytic subunit	0.319	4.567
84515	MCM8	minichromosome maintenance 8 homologous recombination repair factor	0.482	6.398
54675	CRLS1	cardiolipin synthase 1	0.251	1.781
164312	LRRN4	leucine rich repeat neuronal 4	0.649	5.611
650	BMP2	bone morphogenetic protein 2	-0.979	4.036
56255	TMX4	thioredoxin related transmembrane protein 4	0.415	2.931
24141	LAMP5	lysosomal associated membrane protein family member 5	-2.029	3.948
8195	MKKS	MKKS centrosomal shuttling protein	0.498	7.799
55617	TASP1	taspase 1	-0.184	1.388
51575	ESF1	ESF1 nucleolar pre-rRNA processing protein homolog	0.221	1.415
79133	NDUFAF5	NADH:ubiquinone oxidoreductase complex assembly factor 5	0.198	1.805
140733	MACROD2	mono-ADP ribosylhydrolase 2	0.462	1.777
55614	KIF16B	kinesin family member 16B	0.298	3.335
6629	SNRPB2	small nuclear ribonucleoprotein polypeptide B2	0.255	4.745
5126	PCSK2	proprotein convertase subtilisin/kexin type 2	-1.098	2.619
11034	DSTN	destrin, actin depolymerizing factor	0.206	2.145
92667	MGME1	mitochondrial genome maintenance exonuclease 1	0.282	2.81
100303755	PET117	PET117 cytochrome c oxidase chaperone	0.362	5.114
57325	KAT14	lysine acetyltransferase 14	0.206	2.547
55184	DZANK1	double zinc ribbon and ankyrin repeat domains 1	-0.245	1.365
51126	NAA20	N-alpha-acetyltransferase 20, NatB catalytic subunit	0.177	2.483
57186	RALGAPA2	Ral GTPase activating protein catalytic subunit alpha 2	0.333	3.967
55857	KIZ	kizuna centrosomal protein	0.248	1.477
22803	XRN2	5'-3' exoribonuclease 2	0.322	10.738
7056	THBD	thrombomodulin	-0.616	2.645
63908	NAPB	NSF attachment protein beta	-0.201	2.894
79953	SYNDIG1	synapse differentiation inducing 1	-0.324	1.415
30813	VSX1	visual system homeobox 1	-0.734	1.366
955	ENTPD6	ectonucleoside triphosphate diphosphohydrolase 6	0.449	3.831
5834	PYGB	glycogen phosphorylase B	-0.362	2.467
22981	NINL	ninein like	0.64	2.058
26152	ZNF337	zinc finger protein 337	-0.205	2.696
107985400	LOC107985400	uncharacterized LOC107985400	-0.592	2.769
101926935	LOC101926935	uncharacterized LOC101926935	-0.521	2.035
81502	HM13	histocompatibility minor 13	0.176	2.086
3397	ID1	inhibitor of DNA binding 1	-0.423	1.927
84701	COX4I2	cytochrome c oxidase subunit 4I2	-0.296	1.309
22974	TPX2	TPX2 microtubule nucleation factor	1.436	4.751
128853	DUSP15	dual specificity phosphatase 15	-1.282	8.102
140706	CCM2L	CCM2 like scaffold protein	-0.352	2.523
3055	HCK	HCK proto-oncogene, Src family tyrosine kinase	0.522	1.957
107985403	LOC107985403		-0.324	4.051
128854	TSPY26P	testis specific protein Y-linked 26, pseudogene	-1.149	8.593
5326	PLAGL2	PLAG1 like zinc finger 2	-0.331	3.091
23509	POFUT1	protein O-fucosyltransferase 1	0.122	1.391
100302183	MIR1825	microRNA 1825	0.315	1.898
149951	COMMD7	COMM domain containing 7	0.186	1.904
1789	DNMT3B	DNA methyltransferase 3 beta	-0.361	1.468
388795	EFCAB8	EF-hand calcium binding domain 8	-0.567	3.86
63941	NECAB3	N-terminal EF-hand calcium binding protein 3	-0.449	5.446
11264	PXMP4	peroxisomal membrane protein 4	-0.21	1.641
128866	CHMP4B	charged multivesicular body protein 4B	0.283	3.221
101926888	RALY-AS1	RALY antisense RNA 1	-0.667	1.393
22913	RALY	RALY heterogeneous nuclear ribonucleoprotein	0.217	2.356
8894	EIF2S2	eukaryotic translation initiation factor 2 subunit beta	0.48	7.939
191	AHCY	adenosylhomocysteinase	0.436	4.341
83737	ITCH	itchy E3 ubiquitin protein ligase	0.229	2.958
83658	DYNLRB1	dynein light chain roadblock-type 1	0.186	1.42
23054	NCOA6	nuclear receptor coactivator 6	0.151	1.556
55902	ACSS2	acyl-CoA synthetase short chain family member 2	0.439	5.297
26133	TRPC4AP	transient receptor potential cation channel subfamily C member 4 associated protein	-0.182	3.649
10544	PROCR	protein C receptor	0.435	2.098
10893	MMP24	matrix metallopeptidase 24	-0.338	1.675
11190	CEP250	centrosomal protein 250	0.435	7.573
102725201	CEP250-AS1	CEP250 antisense RNA 1	0.316	1.302
8904	CPNE1	copine 1	-0.129	1.356
51282	SCAND1	SCAN domain containing 1	-0.513	4.291
25980	AAR2	AAR2 splicing factor	-0.185	2.068
22839	DLGAP4	DLG associated protein 4	-0.462	3.791
10398	MYL9	myosin light chain 9	0.195	1.342
60436	TGIF2	TGFB induced factor homeobox 2	-0.263	2.182
100527943	TGIF2-RAB5IF	TGIF2-RAB5IF readthrough	0.297	3.714
55969	RAB5IF	RAB5 interacting factor	0.244	2.198
57446	NDRG3	NDRG family member 3	0.21	1.674
5933	RBL1	RB transcriptional corepressor like 1	0.218	1.374
6185	RPN2	ribophorin II	0.42	5.45
56259	CTNNBL1	catenin beta like 1	0.328	4.317
85449	KIAA1755	KIAA1755	-1.185	3.538
388796	SNHG17	small nucleolar RNA host gene 17	-0.426	1.75
128439	SNHG11	small nucleolar RNA host gene 11	-0.253	1.62
57148	RALGAPB	Ral GTPase activating protein non-catalytic subunit beta	0.221	4.075
101927117	PLCG1-AS1	PLCG1 antisense RNA 1	0.219	1.57
5335	PLCG1	phospholipase C gamma 1	-0.143	1.371
23051	ZHX3	zinc fingers and homeoboxes 3	0.253	3.953
90187	EMILIN3	elastin microfibril interfacer 3	-0.841	3.511
11122	PTPRT	protein tyrosine phosphatase receptor type T	-1.283	6.638
6431	SRSF6	serine and arginine rich splicing factor 6	-0.271	4.636
10110	SGK2	serum/glucocorticoid regulated kinase 2	0.827	2.118
51098	IFT52	intraflagellar transport 52	-0.301	3.089
4605	MYBL2	MYB proto-oncogene like 2	1.101	2.096
140730	RIMS4	regulating synaptic membrane exocytosis 4	-2.148	4.564
80336	PABPC1L	poly(A) binding protein cytoplasmic 1 like	-0.471	2.469
10953	TOMM34	translocase of outer mitochondrial membrane 34	-0.273	2.486
6385	SDC4	syndecan 4	-0.443	2.093
767557	SYS1-DBNDD2	SYS1-DBNDD2 readthrough (NMD candidate)	0.295	1.532
55861	DBNDD2	dysbindin domain containing 2	0.288	1.447
107985405	LOC107985405	uncharacterized LOC107985405	-0.334	2.008
7125	TNNC2	troponin C2, fast skeletal type	-0.657	1.576
140831	ZSWIM3	zinc finger SWIM-type containing 3	-0.245	2.076
90204	ZSWIM1	zinc finger SWIM-type containing 1	-0.19	2.403
63935	PCIF1	phosphorylated CTD interacting factor 1	-0.326	6.314
64405	CDH22	cadherin 22	1.476	5.156
63916	ELMO2	engulfment and cell motility 2	0.222	2.648
102723442	LINC01754	long intergenic non-protein coding RNA 1754	-1.666	5.392
57169	ZNFX1	zinc finger NFX1-type containing 1	-0.11	1.316
101927486	LOC101927486	uncharacterized LOC101927486	-0.854	1.538
23315	SLC9A8	solute carrier family 9 member A8	-0.331	3.983
6615	SNAI1	snail family transcriptional repressor 1	-1.056	2.429
387522	PEDS1-UBE2V1	PEDS1-UBE2V1 readthrough	0.412	9.398
7335	UBE2V1	ubiquitin conjugating enzyme E2 V1	0.404	9.041
387521	PEDS1	plasmanylethanolamine desaturase 1	0.527	5.853
101927512	LINC01275	long intergenic non-protein coding RNA 1275	0.644	2.197
284751	LINC01270	long intergenic non-protein coding RNA 1270	-0.566	2.174
101927586	LINC01271	long intergenic non-protein coding RNA 1271	-0.781	2.567
5770	PTPN1	protein tyrosine phosphatase non-receptor type 1	-0.433	2.744
140876	RIPOR3	RIPOR family member 3	0.717	4.865
55653	BCAS4	breast carcinoma amplified sequence 4	-0.494	1.887
4773	NFATC2	nuclear factor of activated T cells 2	-0.418	1.622
5203	PFDN4	prefoldin subunit 4	0.382	2.98
55816	DOK5	docking protein 5	-1.004	3.034
116151	FAM210B	family with sequence similarity 210 member B	0.469	9.188
6790	AURKA	aurora kinase A	0.503	3.966
57091	CASS4	Cas scaffold protein family member 4	-0.486	1.396
655	BMP7	bone morphogenetic protein 7	2.142	6.079
55544	RBM38	RNA binding motif protein 38	0.355	1.965
5105	PCK1	phosphoenolpyruvate carboxykinase 1	2.188	2.289
81030	ZBP1	Z-DNA binding protein 1	-0.91	1.622
105416157	NKILA	NF-kappaB interacting lncRNA	-0.397	1.462
164284	APCDD1L	APC down-regulated 1 like	-2.094	4.662
100534593	STX16-NPEPL1	STX16-NPEPL1 readthrough (NMD candidate)	-0.171	2.134
8675	STX16	syntaxin 16	-0.422	7.991
79716	NPEPL1	aminopeptidase like 1	-0.315	4.595
2778	GNAS	GNAS complex locus	-0.118	1.589
1522	CTSZ	cathepsin Z	0.414	3.128
514	ATP5F1E	ATP synthase F1 subunit epsilon	0.283	1.563
100533975	SLMO2-ATP5E	SLMO2-ATP5E readthrough	0.288	1.729
128611	ZNF831	zinc finger protein 831	-1.032	2.173
116154	PHACTR3	phosphatase and actin regulator 3	1.533	4.077
10388	SYCP2	synaptonemal complex protein 2	0.455	2.11
60437	CDH26	cadherin 26	0.382	1.622
149986	LSM14B	LSM family member 14B	0.281	5.434
81928	CABLES2	Cdk5 and Abl enzyme substrate 2	0.264	1.502
140628	GATA5	GATA binding protein 5	1.28	2.237
253868	CRMA	cardiomyocyte maturation associated lncRNA	-0.642	3.311
128826	MIR1-1HG	MIR1-1 host gene	-0.596	2.754
55257	MRGBP	MRG domain binding protein	0.215	1.707
100132911	DPH3P1	diphthamide biosynthesis 3 pseudogene 1	-0.413	2.731
105372717	LOC105372717	uncharacterized LOC105372717	-0.736	2.752
63910	SLC17A9	solute carrier family 17 member 9	0.649	2.08
768096	HAR1A	highly accelerated region 1A	-1.987	7.077
55738	ARFGAP1	ADP ribosylation factor GTPase activating protein 1	-0.212	3.073
79144	PPDPF	pancreatic progenitor cell differentiation and proliferation factor	-1.061	11.011
5753	PTK6	protein tyrosine kinase 6	-0.604	1.402
85441	HELZ2	helicase with zinc finger 2	-0.734	5.142
50861	STMN3	stathmin 3	-0.763	8.527
8771	TNFRSF6B	TNF receptor superfamily member 6b	-0.464	2.903
84619	ZGPAT	zinc finger CCCH-type and G-patch domain containing	0.179	1.867
54923	LIME1	Lck interacting transmembrane adaptor 1	-0.364	4.606
140685	ZBTB46	zinc finger and BTB domain containing 46	-0.246	2.456
140701	ABHD16B	abhydrolase domain containing 16B	-0.492	2.459
57473	ZNF512B	zinc finger protein 512B	-0.225	2.484
140700	SAMD10	sterile alpha motif domain containing 10	0.3	1.317
6919	TCEA2	transcription elongation factor A2	-0.661	13.018
54345	SOX18	SRY-box transcription factor 18	-0.785	5.13
102723996	LOC102723996	ICOS ligand	-0.684	3.193
105379487	LINC01670	long intergenic non-protein coding RNA 1670	-1.039	2.916
102724219	LOC102724219	uncharacterized LOC102724219	-0.57	1.311
102724334	LOC102724334	histone H2B type F-S-like	0.436	2.092
102724428	LOC102724428	salt inducible kinase 1B (putative)	-1.218	2.086
102724701	LOC102724701	uncharacterized LOC102724701	-0.677	2.3
102724843	LOC102724843	uncharacterized LOC102724843	-0.7	3.043
105379493	CH507-145C22.1	uncharacterized CH507-145C22.1	-1.259	4.06
102724560	LOC102724560	cystathionine beta-synthase like	0.94	3.134
105379499	LOC105379499	uncharacterized LOC105379499	-1.237	5.167
102723360	LOC102723360	uncharacterized LOC102723360	-0.588	1.359
102723553	LOC102723553	small integral membrane protein 11B	0.182	1.321
109864282	RNA28SN2	RNA, 28S ribosomal N2	-0.7	1.709
105379506	LOC105379506		-0.815	2.909
102723570	CDC27P9	cell division cycle 27 pseudogene 9	-1.069	3.565
109910382	RNA28SN3	RNA, 28S ribosomal N3	-0.702	1.713
105379508	LOC105379508		-0.896	3.413
102723584	CDC27P10	cell division cycle 27 pseudogene 10	-1.066	3.561
106632264	RNA28SN1	RNA, 28S ribosomal N1	-0.691	1.676
105379507	LOC105379507	uncharacterized LOC105379507	-0.89	3.441
102723603	CDC27P11	cell division cycle 27 pseudogene 11	-1.138	4.213
101930100	LOC101930100	uncharacterized LOC101930100	-0.452	1.419
85319	BAGE2	BAGE family member 2, pseudogene	0.736	2.612
107987295	LINC02246	long intergenic non-protein coding RNA 2246	0.321	1.365
29761	USP25	ubiquitin specific peptidase 25	0.39	7.085
54149	C21orf91	chromosome 21 open reading frame 91	-0.592	4.064
140578	CHODL	chondrolectin	-0.812	1.767
54148	MRPL39	mitochondrial ribosomal protein L39	0.277	2.619
522	ATP5PF	ATP synthase peripheral stalk subunit F6	0.465	3.464
351	APP	amyloid beta precursor protein	-0.172	2.912
107985474	LOC107985474	uncharacterized LOC107985474	0.707	1.987
116159	CYYR1	cysteine and tyrosine rich 1	0.41	3.322
9510	ADAMTS1	ADAM metallopeptidase with thrombospondin type 1 motif 1	-0.513	1.322
10069	RWDD2B	RWD domain containing 2B	0.344	2.728
10600	USP16	ubiquitin specific peptidase 16	0.184	2.037
10694	CCT8	chaperonin containing TCP1 subunit 8	0.207	2.456
56911	MAP3K7CL	MAP3K7 C-terminal like	-2.021	5.665
193629	LINC00189	long intergenic non-protein coding RNA 189	-0.962	2.071
7074	TIAM1	TIAM Rac1 associated GEF 1	-0.57	1.654
6647	SOD1	superoxide dismutase 1	0.248	2.746
84996	URB1-AS1	URB1 antisense RNA 1 (head to head)	0.353	2.844
110091775	CFAP298-TCP10L	CFAP298-TCP10L readthrough	0.166	1.763
3454	IFNAR1	interferon alpha and beta receptor subunit 1	0.212	2.515
757	TMEM50B	transmembrane protein 50B	-0.275	3.48
54943	DNAJC28	DnaJ heat shock protein family (Hsp40) member C28	0.801	8.021
2618	GART	phosphoribosylglycinamide formyltransferase, phosphoribosylglycinamide synthetase, phosphoribosylaminoimidazole synthetase	0.213	3.174
107985481	LOC107985481		0.271	2.411
6453	ITSN1	intersectin 1	0.448	5.535
539	ATP5PO	ATP synthase peripheral stalk subunit OSCP	0.252	1.316
101928126	LOC101928126	uncharacterized LOC101928126	1.042	5.638
64968	MRPS6	mitochondrial ribosomal protein S6	0.508	2.823
114036	LINC00310	long intergenic non-protein coding RNA 310	0.764	1.696
54065	SMIM11	small integral membrane protein 11	0.353	3.036
1827	RCAN1	regulator of calcineurin 1	-0.758	2.5
54093	SETD4	SET domain containing 4	-0.185	2.873
100133286	CBR1-AS1	CBR1 antisense RNA 1	0.428	1.964
873	CBR1	carbonyl reductase 1	0.578	4.848
100506428	CBR3-AS1	CBR3 antisense RNA 1	-0.291	1.657
9980	DOP1B	DOP1 leucine zipper like protein B	0.573	5.458
23515	MORC3	MORC family CW-type zinc finger 3	0.256	2.593
3141	HLCS	holocarboxylase synthetase	0.494	6.95
10311	VPS26C	VPS26 endosomal protein sorting factor C	0.218	3.314
2078	ERG	ETS transcription factor ERG	0.257	2.15
102724740	LINC02940	long intergenic non-protein coding RNA 2940	0.795	3.083
8624	PSMG1	proteasome assembly chaperone 1	0.198	1.381
103091865	BRWD1-AS2	BRWD1 antisense RNA 2	-0.487	1.313
3150	HMGN1	high mobility group nucleosome binding domain 1	-0.561	8.122
7485	GET1	guided entry of tail-anchored proteins factor 1	-0.395	3.33
150082	LCA5L	lebercilin LCA5 like	-0.487	1.557
10317	B3GALT5	beta-1,3-galactosyltransferase 5	-2.134	4.296
5121	PCP4	Purkinje cell protein 4	0.642	2.677
49854	ZBTB21	zinc finger and BTB domain containing 21	-0.446	1.57
7033	TFF3	trefoil factor 3	-0.927	3.218
101928284	PDE9A-AS1	PDE9A antisense RNA 1	-1.073	2.488
4731	NDUFV3	NADH:ubiquinone oxidoreductase subunit V3	0.461	5.247
5316	PKNOX1	PBX/knotted 1 homeobox 1	-0.376	3.739
875	CBS	cystathionine beta-synthase	0.974	3.412
101928399	LINC01679	long intergenic non-protein coding RNA 1679	-0.578	1.41
150094	SIK1	salt inducible kinase 1	-1.293	2.32
54145	H2BC12L	H2B clustered histone 12 like	0.446	2.207
105372824	LOC105372824	uncharacterized LOC105372824	-0.923	3.848
1476	CSTB	cystatin B	0.457	6.251
56894	AGPAT3	1-acylglycerol-3-phosphate O-acyltransferase 3	0.353	4.557
7109	TRAPPC10	trafficking protein particle complex subunit 10	0.217	3.376
23308	ICOSLG	inducible T cell costimulator ligand	-0.626	2.764
5211	PFKL	phosphofructokinase, liver type	-0.376	7.137
755	CFAP410	cilia and flagella associated protein 410	-0.503	12.889
54082	TSPEAR-AS1	TSPEAR antisense RNA 1	1.337	2.854
114043	TSPEAR-AS2	TSPEAR antisense RNA 2	1.677	3.949
6612	SUMO3	small ubiquitin like modifier 3	0.228	4.916
754	PTTG1IP	PTTG1 interacting protein	0.25	3.285
84536	LINC01547	long intergenic non-protein coding RNA 1547	-0.805	3.56
85395	SLX9	SLX9 ribosome biogenesis factor	0.227	1.512
80781	COL18A1	collagen type XVIII alpha 1 chain	-0.567	3.683
1292	COL6A2	collagen type VI alpha 2 chain	-0.498	3.004
4047	LSS	lanosterol synthase	0.259	1.594
114044	MCM3AP-AS1	MCM3AP antisense RNA 1	0.203	2.249
8888	MCM3AP	minichromosome maintenance complex component 3 associated protein	0.208	3.024
23181	DIP2A	disco interacting protein 2 homolog A	-0.215	2.188
3275	PRMT2	protein arginine methyltransferase 2	-0.211	1.328
102723780	FRG1FP	FSHD region gene 1 family member F, pseudogene	0.351	2.606
503637	DUXAP8	double homeobox A pseudogene 8	-1.009	2.738
100130418	CECR7	cat eye syndrome chromosome region, candidate 7	0.625	1.492
23786	BCL2L13	BCL2 like 13	0.383	3.662
637	BID	BH3 interacting domain death agonist	0.281	1.471
51807	TUBA8	tubulin alpha 8	0.462	1.852
728229	TMEM191B	transmembrane protein 191B	-1.115	2.873
728233	PI4KAP1	phosphatidylinositol 4-kinase alpha pseudogene 1	-0.304	1.359
5625	PRODH	proline dehydrogenase 1	1.378	5.288
9993	DGCR2	DiGeorge syndrome critical region gene 2	-0.193	2.395
8220	ESS2	ess-2 splicing factor homolog	-0.144	1.361
8218	CLTCL1	clathrin heavy chain like 1	-0.398	1.927
112268289	LOC112268289	uncharacterized LOC112268289	-0.58	2.54
128977	C22orf39	chromosome 22 open reading frame 39	-0.265	2.484
7353	UFD1	ubiquitin recognition factor in ER associated degradation 1	0.297	4.044
7122	CLDN5	claudin 5	-1.227	3.338
421	ARVCF	ARVCF delta catenin family member	-0.393	2.027
5902	RANBP1	RAN binding protein 1	0.181	1.944
65078	RTN4R	reticulon 4 receptor	-0.942	3.559
91179	SCARF2	scavenger receptor class F member 2	-1.14	8.166
51586	MED15	mediator complex subunit 15	-0.275	6.424
5297	PI4KA	phosphatidylinositol 4-kinase alpha	0.171	2.695
9127	P2RX6	purinergic receptor P2X 6	-0.82	2.262
29797	POM121L8P	POM121 transmembrane nucleoporin like 8, pseudogene	0.721	5.224
23119	HIC2	HIC ZBTB transcriptional repressor 2	-0.54	6.528
7332	UBE2L3	ubiquitin conjugating enzyme E2 L3	0.292	5.001
150223	YDJC	YdjC chitooligosaccharide deacetylase homolog	-0.387	2.047
29799	YPEL1	yippee like 1	-0.395	3.45
100286925	PPM1F-AS1	PPM1F antisense RNA 1	-0.476	1.695
101929255	LOC101929255	uncharacterized LOC101929255	-0.631	1.825
25812	POM121L1P	POM121 transmembrane nucleoporin like 1, pseudogene	0.553	3.145
9609	RAB36	RAB36, member RAS oncogene family	-0.691	2.806
613	BCR	BCR activator of RhoGEF and GTPase	0.19	1.761
26226	FBXW4P1	F-box and WD repeat domain containing 4 pseudogene 1	-0.508	3.336
150248	C22orf15	chromosome 22 open reading frame 15	0.315	1.888
400916	CHCHD10	coiled-coil-helix-coiled-coil-helix domain containing 10	0.349	2.434
4320	MMP11	matrix metallopeptidase 11	0.894	4.816
653689	GSTT2B	glutathione S-transferase theta 2B	0.832	1.997
2953	GSTT2	glutathione S-transferase theta 2 (gene/pseudogene)	0.699	1.515
29774	POM121L9P	POM121 transmembrane nucleoporin like 9, pseudogene	1.276	12.191
101730217	SPECC1L-ADORA2A	SPECC1L-ADORA2A readthrough (NMD candidate)	0.225	2.459
83606	GUCD1	guanylyl cyclase domain containing 1	0.295	1.831
6634	SNRPD3	small nuclear ribonucleoprotein D3 polypeptide	0.279	3.925
388886	LRRC75B	leucine rich repeat containing 75B	-0.293	1.626
644165	BCRP3	BCR pseudogene 3	0.323	1.679
646074	POM121L10P	POM121 transmembrane nucleoporin like 10, pseudogene	0.509	4.533
100128531	KIAA1671-AS1	KIAA1671 antisense RNA 1	0.838	2.864
91355	LRP5L	LDL receptor related protein 5 like (pseudogene)	-0.629	4.467
84700	MYO18B	myosin XVIIIB	-0.389	1.987
23544	SEZ6L	seizure related 6 homolog like	-4.466	21.01
402055	SRRD	SRR1 domain containing	0.188	2.885
8459	TPST2	tyrosylprotein sulfotransferase 2	0.465	3.078
4330	MN1	MN1 proto-oncogene, transcriptional regulator	-0.973	7.38
23760	PITPNB	phosphatidylinositol transfer protein beta	-0.396	3.145
284900	TTC28-AS1	TTC28 antisense RNA 1	-0.379	2.869
83999	KREMEN1	kringle containing transmembrane protein 1	-0.418	2.947
25807	RHBDD3	rhomboid domain containing 3	-0.285	3.302
10633	RASL10A	RAS like family 10 member A	-1.093	4.008
8563	THOC5	THO complex subunit 5	0.338	3.335
29796	UQCR10	ubiquinol-cytochrome c reductase, complex III subunit X	0.315	2.637
8897	MTMR3	myotubularin related protein 3	-0.335	6.078
3976	LIF	LIF interleukin 6 family cytokine	0.878	1.348
83874	TBC1D10A	TBC1 domain family member 10A	-0.372	2.272
10291	SF3A1	splicing factor 3a subunit 1	-0.176	2.099
200312	RNF215	ring finger protein 215	-0.287	1.56
23541	SEC14L2	SEC14 like lipid binding 2	0.37	1.446
51537	MTFP1	mitochondrial fission process 1	1.058	6.528
150290	DUSP18	dual specificity phosphatase 18	-0.283	1.312
105372995	LOC105372995	uncharacterized LOC105372995	0.733	2.706
3985	LIMK2	LIM domain kinase 2	-0.205	1.748
113791	PIK3IP1	phosphoinositide-3-kinase interacting protein 1	-0.775	4.18
23598	PATZ1	POZ/BTB and AT hook containing zinc finger 1	-0.495	8.081
9814	SFI1	SFI1 centrin binding protein	-0.255	1.524
6523	SLC5A1	solute carrier family 5 member 1	0.545	1.701
51493	RTCB	RNA 2',3'-cyclic phosphate and 5'-OH ligase	0.136	2.008
10043	TOM1	target of myb1 membrane trafficking protein	0.315	2.671
23551	RASD2	RASD family member 2	0.801	6.003
23543	RBFOX2	RNA binding fox-1 homolog 2	0.139	1.388
23780	APOL2	apolipoprotein L2	0.296	3.359
8542	APOL1	apolipoprotein L1	0.398	1.733
25828	TXN2	thioredoxin 2	0.211	1.606
4689	NCF4	neutrophil cytosolic factor 4	0.625	2.829
4357	MPST	mercaptopyruvate sulfurtransferase	0.36	2.252
4242	MFNG	MFNG O-fucosylpeptide 3-beta-N-acetylglucosaminyltransferase	-0.292	1.329
29775	CARD10	caspase recruitment domain family member 10	-0.596	4.132
11135	CDC42EP1	CDC42 effector protein 1	-0.44	5.001
11078	TRIOBP	TRIO and F-actin binding protein	0.144	1.34
3005	H1-0	H1.0 linker histone	0.715	7.534
23464	GCAT	glycine C-acetyltransferase	0.369	1.8
51386	EIF3L	eukaryotic translation initiation factor 3 subunit L	-0.22	3.044
85377	MICALL1	MICAL like 1	0.219	1.919
5435	POLR2F	RNA polymerase II, I and III subunit F	0.306	2.434
23539	SLC16A8	solute carrier family 16 member 8	-0.839	3.582
80115	BAIAP2L2	BAR/IMD domain containing adaptor protein 2 like 2	-0.799	4.569
8398	PLA2G6	phospholipase A2 group VI	-0.419	3.538
23764	MAFF	MAF bZIP transcription factor F	-0.702	1.567
25829	TMEM184B	transmembrane protein 184B	-0.266	4.292
102800317	TPTEP2-CSNK1E	TPTEP2-CSNK1E readthrough	-0.269	4.488
1454	CSNK1E	casein kinase 1 epsilon	-0.277	4.709
3761	KCNJ4	potassium inwardly rectifying channel subfamily J member 4	-0.994	5.94
10521	DDX17	DEAD-box helicase 17	-0.242	5.807
11144	DMC1	DNA meiotic recombinase 1	-1.522	7.004
646851	FAM227A	family with sequence similarity 227 member A	-0.671	4.223
9567	GTPBP1	GTP binding protein 1	-0.26	3.733
9582	APOBEC3B	apolipoprotein B mRNA editing enzyme catalytic subunit 3B	0.524	2.36
23492	CBX7	chromobox 7	-0.272	2.459
5155	PDGFB	platelet derived growth factor subunit B	-0.229	1.325
116936	SNORD139	small nucleolar RNA, C/D box 139	-0.719	2.133
468	ATF4	activating transcription factor 4	0.55	3.986
91582	RPS19BP1	ribosomal protein S19 binding protein 1	0.297	2.044
113828	FAM83F	family with sequence similarity 83 member F	1.149	4.673
27352	SGSM3	small G protein signaling modulator 3	-0.151	1.841
10478	SLC25A17	solute carrier family 25 member 17	-0.456	7.768
9978	RBX1	ring-box 1	-0.306	2.917
101927279	EP300-AS1	EP300 antisense RNA 1	1.084	3.34
83746	L3MBTL2	L3MBTL histone methyl-lysine binding protein 2	-0.145	1.735
100506544	L3MBTL2-AS1	L3MBTL2 antisense RNA 1	0.185	1.328
5905	RANGAP1	Ran GTPase activating protein 1	0.191	1.46
105373044	LOC105373044	uncharacterized LOC105373044	0.805	2.522
27351	DESI1	desumoylating isopeptidase 1	0.583	7.247
2547	XRCC6	X-ray repair cross complementing 6	0.183	2.368
107985567	LOC107985567	protein LLP homolog	0.24	1.49
150365	MEI1	meiotic double-stranded break formation protein 1	-1.442	5.05
112637020	SREBF2-AS1	SREBF2 antisense RNA 1	0.62	2.167
4700	NDUFA6	NADH:ubiquinone oxidoreductase subunit A6	0.465	5.248
1565	CYP2D6	cytochrome P450 family 2 subfamily D member 6	-0.536	2.198
1564	CYP2D7	cytochrome P450 family 2 subfamily D member 7 (gene/pseudogene)	-0.396	1.747
6942	TCF20	transcription factor 20	0.225	2.994
94009	SERHL	serine hydrolase like (pseudogene)	-0.401	3.744
101927372	LOC101927372	uncharacterized LOC101927372	-0.816	6.574
253190	SERHL2	serine hydrolase like 2	-0.373	2.925
91695	RRP7BP	ribosomal RNA processing 7 homolog B, pseudogene	-0.211	1.546
84271	POLDIP3	DNA polymerase delta interacting protein 3	-0.153	2.483
26286	ARFGAP3	ADP ribosylation factor GTPase activating protein 3	0.157	1.33
706	TSPO	translocator protein	-0.376	2.732
29780	PARVB	parvin beta	0.561	4.602
64098	PARVG	parvin gamma	0.396	1.759
55615	PRR5	proline rich 5	-0.541	2.255
112885	PHF21B	PHD finger protein 21B	-2.022	10.56
55007	FAM118A	family with sequence similarity 118 member A	0.69	1.612
2192	FBLN1	fibulin 1	-0.976	5.356
5465	PPARA	peroxisome proliferator activated receptor alpha	0.319	3.017
150383	CDPF1	cysteine rich DPF motif domain containing 1	-0.249	2.603
51512	GTSE1	G2 and S-phase expressed 1	1.066	5.315
55687	TRMU	tRNA mitochondrial 2-thiouridylase	0.205	1.476
105373075	LOC105373075	uncharacterized LOC105373075	1.256	5.187
415116	PIM3	Pim-3 proto-oncogene, serine/threonine kinase	0.315	1.384
54456	MOV10L1	Mov10 like RISC complex RNA helicase 1	-1.227	1.695
83642	SELENOO	selenoprotein O	-0.264	2.158
105373095	SELENOO-AS1	SELENOO antisense RNA 1	-0.268	3.569
85378	TUBGCP6	tubulin gamma complex associated protein 6	-0.242	4.198
83933	HDAC10	histone deacetylase 10	-0.578	7.573
6300	MAPK12	mitogen-activated protein kinase 12	-0.388	2.312
414918	DENND6B	DENN domain containing 6B	-0.729	7.715
91289	LMF2	lipase maturation factor 2	-0.324	5.192
29781	NCAPH2	non-SMC condensin II complex subunit H2	-0.246	3.282
440836	ODF3B	outer dense fiber of sperm tails 3B	-0.923	4.621
107985568	LOC107985568	uncharacterized LOC107985568	-0.741	5.448
386593	CHKB-CPT1B	CHKB-CPT1B readthrough (NMD candidate)	-0.371	2.438
1375	CPT1B	carnitine palmitoyltransferase 1B	-0.384	2.377
410	ARSA	arylsulfatase A	-0.42	6.971
85358	SHANK3	SH3 and multiple ankyrin repeat domains 3	-0.265	1.465
284942	RPL23AP82	ribosomal protein L23a pseudogene 82	0.78	4.512
107987388	LOC107987388	replaced by ID 102724151	0.409	1.518
109864272	RNA28SN4	RNA, 28S ribosomal N4	-0.689	1.666
102724621	LOC102724621	cell division cycle protein 27 homolog	-1.13	3.939
102724865	LOC102724865	replaced by ID 100420178	-0.259	1.958
102724788	LOC102724788	replaced by ID 5625	1.365	5.164
8225	GTPBP6	GTP binding protein 6 (putative)	0.297	2.729
283981	LINC00685	long intergenic non-protein coding RNA 685	-0.611	3.017
101928032	LOC101928032	uncharacterized LOC101928032	-1.429	6.942
101928055	LOC101928055	replaced by ID 101928032	-0.498	3.389
751580	LINC00106	long intergenic non-protein coding RNA 106	-0.548	1.658
80161	ASMTL-AS1	ASMTL antisense RNA 1	-0.264	1.323
8623	ASMTL	acetylserotonin O-methyltransferase like	-0.339	2.968
286530	P2RY8	P2Y receptor family member 8	-1.322	5.128
8227	AKAP17A	A-kinase anchoring protein 17A	-0.248	2.913
438	ASMT	acetylserotonin O-methyltransferase	0.443	2.693
101928092	LOC101928092	uncharacterized LOC101928092	-0.679	2.276
4267	CD99	CD99 molecule (Xg blood group)	0.506	5.548
7499	XG	Xg glycoprotein (Xg blood group)	-2.473	7.205
8908	GYG2	glycogenin 2	1.31	2.673
414	ARSD	arylsulfatase D	-0.313	1.694
25878	MXRA5	matrix remodeling associated 5	-1.452	2.97
5613	PRKX	protein kinase cAMP-dependent X-linked catalytic subunit	-0.329	1.408
101928228	LOC101928228	uncharacterized LOC101928228	1.423	4.193
107985675	LOC107985675	uncharacterized LOC107985675	0.259	1.671
3730	ANOS1	anosmin 1	-0.404	1.649
357	SHROOM2	shroom family member 2	-0.596	1.764
1183	CLCN4	chloride voltage-gated channel 4	0.312	3.096
4281	MID1	midline 1	-0.77	2.688
10943	MSL3	MSL complex subunit 3	0.194	3.074
9367	RAB9A	RAB9A, member RAS oncogene family	0.513	4.819
6399	TRAPPC2	trafficking protein particle complex subunit 2	-0.447	8.284
54960	GEMIN8	gem nuclear organelle associated protein 8	-0.212	1.624
140462	ASB9	ankyrin repeat and SOCS box containing 9	-1.243	2.694
140456	ASB11	ankyrin repeat and SOCS box containing 11	0.526	2.568
100532742	PIR-FIGF	PIR-FIGF readthrough	0.484	1.393
8544	PIR	pirin	0.691	5.729
660	BMX	BMX non-receptor tyrosine kinase	-0.849	3.001
114004397	CA5BP1-CA5B	CA5BP1-CA5B readthrough	-0.275	1.444
11238	CA5B	carbonic anhydrase 5B	-0.514	2.889
8551	INE2	inactivation escape 2	-0.786	3.254
94056	SYAP1	synapse associated protein 1	0.195	2.128
5931	RBBP7	RB binding protein 7, chromatin remodeling factor	0.192	2.98
9185	REPS2	RALBP1 associated Eps domain containing 2	0.761	2.799
6322	SCML1	Scm polycomb group protein like 1	0.281	1.482
5256	PHKA2	phosphorylase kinase regulatory subunit alpha 2	0.357	2.951
101928415	LOC101928415	uncharacterized LOC101928415	-0.514	5.301
5160	PDHA1	pyruvate dehydrogenase E1 subunit alpha 1	0.483	6.79
30011	SH3KBP1	SH3 domain containing kinase binding protein 1	0.968	7.598
256714	MAP7D2	MAP7 domain containing 2	0.814	2.03
6197	RPS6KA3	ribosomal protein S6 kinase A3	0.408	3.503
22866	CNKSR2	connector enhancer of kinase suppressor of Ras 2	-0.549	2.367
23676	SMPX	small muscle protein X-linked	0.352	2.899
23597	ACOT9	acyl-CoA thioesterase 9	-0.214	1.368
105373148	LOC105373148	uncharacterized LOC105373148	-0.939	3.741
6303	SAT1	spermidine/spermine N1-acetyltransferase 1	0.417	2.289
79135	APOO	apolipoprotein O	0.438	4.129
100130302	SUPT20HL1	SUPT20H like 1	-1.434	2.357
5422	POLA1	DNA polymerase alpha 1, catalytic subunit	0.216	3.402
11141	IL1RAPL1	interleukin 1 receptor accessory protein like 1	0.605	1.5
2710	GK	glycerol kinase	-0.21	1.323
1536	CYBB	cytochrome b-245 beta chain	0.797	3.066
94122	SYTL5	synaptotagmin like 5	-3.293	10.24
105373174	LOC105373174		-1.243	3.891
100874211	MID1IP1-AS1	MID1IP1 antisense RNA 1	1.041	8.129
58526	MID1IP1	MID1 interacting protein 1	0.916	8.734
10159	ATP6AP2	ATPase H+ transporting accessory protein 2	-0.284	3.532
159013	CXorf38	chromosome X open reading frame 38	-0.244	3.503
9282	MED14	mediator complex subunit 14	-0.157	1.384
100873985	MED14OS	MED14 opposite strand	-0.477	1.516
80258	EFHC2	EF-hand domain containing 2	0.862	5.263
139341	FUNDC1	FUN14 domain containing 1	0.233	1.587
79742	DIPK2B	divergent protein kinase domain 2B	0.388	2.808
84679	SLC9A7	solute carrier family 9 member A7	0.628	3.89
9767	JADE3	jade family PHD finger 3	0.313	1.727
107985720	LOC107985720	uncharacterized LOC107985720	-0.401	1.714
7317	UBA1	ubiquitin like modifier activating enzyme 1	-0.215	3.744
8552	INE1	inactivation escape 1	-0.606	3.806
5127	CDK16	cyclin dependent kinase 16	0.255	4.259
8237	USP11	ubiquitin specific peptidase 11	-0.862	22.054
7592	ZNF41	zinc finger protein 41	0.159	1.337
203414	LINC01560	long intergenic non-protein coding RNA 1560	-0.335	2.573
7076	TIMP1	TIMP metallopeptidase inhibitor 1	0.447	1.331
8409	UXT	ubiquitously expressed prefoldin like chaperone	0.201	1.695
100133957	UXT-AS1	UXT antisense RNA 1	0.439	3.773
7569	ZNF182	zinc finger protein 182	0.246	2.666
24140	FTSJ1	FtsJ RNA 2'-O-methyltransferase 1	0.255	3.902
10682	EBP	EBP cholestenol delta-isomerase	0.279	1.963
107985695	LOC107985695	uncharacterized LOC107985695	-0.886	1.97
10084	PQBP1	polyglutamine binding protein 1	0.291	2.202
7355	SLC35A2	solute carrier family 35 member A2	-0.214	2.935
11040	PIM2	Pim-2 proto-oncogene, serine/threonine kinase	-0.303	1.961
55593	OTUD5	OTU deubiquitinase 5	-0.134	1.42
7030	TFE3	transcription factor binding to IGHM enhancer 3	0.265	3.868
90060	CCDC120	coiled-coil domain containing 120	-0.312	1.629
79917	MAGIX	MAGI family member, X-linked	0.352	2.181
5355	PLP2	proteolipid protein 2	0.694	6.715
4007	PRICKLE3	prickle planar cell polarity protein 3	0.344	3.531
28952	CCDC22	coiled-coil domain containing 22	-0.376	6.201
50943	FOXP3	forkhead box P3	-0.865	4.453
158572	USP27X-DT	USP27X divergent transcript	-0.313	1.635
1184	CLCN5	chloride voltage-gated channel 5	0.268	2.193
170685	NUDT10	nudix hydrolase 10	-0.935	2.057
9500	MAGED1	MAGE family member D1	-0.324	3.511
727866	FAM156B	family with sequence similarity 156 member B	-0.445	8.964
29057	FAM156A	family with sequence similarity 156 member A	-0.465	8.964
54328	GPR173	G protein-coupled receptor 173	-1.188	7.995
102723508	KANTR	KANTR integral membrane protein	-0.467	4.725
8243	SMC1A	structural maintenance of chromosomes 1A	0.249	2.108
3028	HSD17B10	hydroxysteroid 17-beta dehydrogenase 10	0.229	2.289
23133	PHF8	PHD finger protein 8	-0.145	1.615
65267	WNK3	WNK lysine deficient protein kinase 3	0.699	1.657
90121	TSR2	TSR2 ribosome maturation factor	-0.191	2.951
10916	MAGED2	MAGE family member D2	-0.313	2.977
7216	TRO	trophinin	-0.432	2.23
212	ALAS2	5'-aminolevulinate synthase 2	-2.714	5.205
90736	FAM104B	family with sequence similarity 104 member B	0.36	3.419
100463488	MTRNR2L10	MT-RNR2 like 10 (pseudogene)	-1.672	9.623
106635544	SNORA109	small nucleolar RNA, H/ACA box 109	0.391	1.632
158880	USP51	ubiquitin specific peptidase 51	-0.349	1.466
29978	UBQLN2	ubiquilin 2	-0.152	1.334
550643	NBDY	negative regulator of P-body association	-0.312	2.634
158584	FAAH2	fatty acid amide hydrolase 2	0.318	2.165
158586	ZXDB	zinc finger X-linked duplicated B	-0.422	3.779
7789	ZXDA	zinc finger X-linked duplicated A	-0.269	1.933
105377211	LOC105377211	uncharacterized LOC105377211	0.588	1.608
139886	SPIN4	spindlin family member 4	-0.77	2.722
23229	ARHGEF9	Cdc42 guanine nucleotide exchange factor 9	-0.392	6.619
142689	ASB12	ankyrin repeat and SOCS box containing 12	0.463	2.049
340554	ZC3H12B	zinc finger CCCH-type containing 12B	-0.727	2.833
81887	LAS1L	LAS1 like ribosome biogenesis factor	-0.227	3.405
11326	VSIG4	V-set and immunoglobulin domain containing 4	1.127	3.664
9843	HEPH	hephaestin	-0.973	9.232
60401	EDA2R	ectodysplasin A2 receptor	-1.28	5.289
4983	OPHN1	oligophrenin 1	0.215	1.628
286451	YIPF6	Yip1 domain family member 6	0.211	2.684
1896	EDA	ectodysplasin A	0.594	3.517
347517	RAB41	RAB41, member RAS oncogene family	0.355	1.462
24137	KIF4A	kinesin family member 4A	0.81	1.791
105373244	LOC105373244	uncharacterized LOC105373244	-1.225	9.308
1741	DLG3	discs large MAGUK scaffold protein 3	0.392	5.448
4303	FOXO4	forkhead box O4	0.366	4.036
9968	MED12	mediator complex subunit 12	-0.309	4.453
54413	NLGN3	neuroligin 3	-0.849	4.015
340526	RTL5	retrotransposon Gag like 5	-0.28	1.423
5303	PIN4	peptidylprolyl cis/trans isomerase, NIMA-interacting 4	0.305	1.861
55869	HDAC8	histone deacetylase 8	0.139	1.345
4674	NAP1L2	nucleosome assembly protein 1 like 2	-0.4	2.056
100302692	FTX	FTX transcript, XIST regulator	-0.338	3.094
22	ABCB7	ATP binding cassette subfamily B member 7	0.172	1.717
646127	TERF1P7	TERF1 pseudogene 7	-0.437	3.8
51260	PBDC1	polysaccharide biosynthesis domain containing 1	0.342	2.815
546	ATRX	ATRX chromatin remodeler	0.32	2.261
84061	MAGT1	magnesium transporter 1	-0.227	1.671
1349	COX7B	cytochrome c oxidase subunit 7B	0.433	3.245
51616	TAF9B	TATA-box binding protein associated factor 9b	-0.317	3.164
10800	CYSLTR1	cysteinyl leukotriene receptor 1	-0.581	1.546
203430	RTL3	retrotransposon Gag like 3	-1.938	7.232
2846	LPAR4	lysophosphatidic acid receptor 4	-0.747	1.427
79366	HMGN5	high mobility group nucleosome binding domain 5	0.55	2.999
27330	RPS6KA6	ribosomal protein S6 kinase A6	0.858	1.97
7552	ZNF711	zinc finger protein 711	-0.83	3.11
140886	PABPC5	poly(A) binding protein cytoplasmic 5	-0.525	1.641
4675	NAP1L3	nucleosome assembly protein 1 like 3	-1.761	9.285
286499	FAM133A	family with sequence similarity 133 member A	-1.67	3.041
1730	DIAPH2	diaphanous related formin 2	0.395	9.232
57526	PCDH19	protocadherin 19	-0.92	3.954
64102	TNMD	tenomodulin	-4.854	12.018
7105	TSPAN6	tetraspanin 6	-0.286	2.18
79979	TRMT2B	tRNA methyltransferase 2 homolog B	0.282	3.011
59353	TMEM35A	transmembrane protein 35A	-0.811	2.441
2491	CENPI	centromere protein I	0.398	1.882
1821	DRP2	dystrophin related protein 2	-1.057	2.227
100529097	RPL36A-HNRNPH2	RPL36A-HNRNPH2 readthrough	0.254	4.546
6173	RPL36A	ribosomal protein L36a	0.412	2.938
3188	HNRNPH2	heterogeneous nuclear ribonucleoprotein H2	0.161	2.091
100131755	ARMCX4	armadillo repeat containing X-linked 4	-0.301	1.303
84460	ZMAT1	zinc finger matrin-type 1	-0.431	2.361
340542	BEX5	brain expressed X-linked 5	0.635	1.34
100528062	ARMCX5-GPRASP2	ARMCX5-GPRASP2 readthrough	-0.246	3.162
9737	GPRASP1	G protein-coupled receptor associated sorting protein 1	-0.722	6.502
114928	GPRASP2	G protein-coupled receptor associated sorting protein 2	-0.356	4.138
55859	BEX1	brain expressed X-linked 1	-1.246	2.037
90843	TCEAL8	transcription elongation factor A like 8	0.168	1.688
56849	TCEAL7	transcription elongation factor A like 7	-0.361	1.493
51186	TCEAL9	transcription elongation factor A like 9	0.225	2.336
79921	TCEAL4	transcription elongation factor A like 4	0.365	5.269
105373302	LOC105373302		0.828	7.205
85012	TCEAL3	transcription elongation factor A like 3	0.261	1.759
9338	TCEAL1	transcription elongation factor A like 1	0.354	5.716
644353	ZCCHC18	zinc finger CCHC-type containing 18	-0.357	4.5
203447	NRK	Nik related kinase	-1.014	3.377
139221	PWWP3B	PWWP domain containing 3B	-0.432	1.579
55086	RADX	RPA1 related single stranded DNA binding protein, X-linked	-1.001	3.188
79710	MORC4	MORC family CW-type zinc finger 4	-0.307	2.266
55285	RBM41	RNA binding motif protein 41	0.525	5.8
54830	NUP62CL	nucleoporin 62 C-terminal like	-1.267	7.528
1831	TSC22D3	TSC22 domain family member 3	-0.857	2.102
5716	PSMD10	proteasome 26S subunit, non-ATPase 10	-0.277	3.403
115201	ATG4A	autophagy related 4A cysteine peptidase	0.296	4.243
1287	COL4A5	collagen type IV alpha 5 chain	-0.592	2.831
105373312	LOC105373312	uncharacterized LOC105373312	0.558	2.329
91851	CHRDL1	chordin like 1	-1.483	3.54
79868	ALG13	ALG13 UDP-N-acetylglucosaminyltransferase subunit	-0.199	2.408
154796	AMOT	angiomotin	-0.423	1.989
90293	KLHL13	kelch like family member 13	-0.678	7.943
54521	WDR44	WD repeat domain 44	0.167	2.486
3597	IL13RA1	interleukin 13 receptor subunit alpha 1	0.288	2.049
100303728	SLC25A5-AS1	SLC25A5 antisense RNA 1	-0.254	2.022
292	SLC25A5	solute carrier family 25 member 5	-0.433	3.228
23157	SEPTIN6	septin 6	-0.457	2.639
65109	UPF3B	UPF3B regulator of nonsense mediated mRNA decay	0.244	1.643
7737	RNF113A	ring finger protein 113A	0.231	2.043
4694	NDUFA1	NADH:ubiquinone oxidoreductase subunit A1	0.505	3.147
23439	ATP1B4	ATPase Na+/K+ transporting family member beta 4	-3.171	8.527
2892	GRIA3	glutamate ionotropic receptor AMPA type subunit 3	-1.545	3.868
57187	THOC2	THO complex subunit 2	0.277	3.333
10178	TENM1	teneurin transmembrane protein 1	-0.807	3.024
6594	SMARCA1	SWI/SNF related, matrix associated, actin dependent regulator of chromatin, subfamily a, member 1	0.225	3.015
4952	OCRL	OCRL inositol polyphosphate-5-phosphatase	0.205	1.567
51114	ZDHHC9	zinc finger DHHC-type palmitoyltransferase 9	0.597	4.223
10813	UTP14A	UTP14A small subunit processome component	0.198	1.798
9131	AIFM1	apoptosis inducing factor mitochondria associated 1	0.338	3.365
10495	ENOX2	ecto-NOX disulfide-thiol exchanger 2	-0.242	2.209
3547	IGSF1	immunoglobulin superfamily member 1	-1.283	3.056
90167	FRMD7	FERM domain containing 7	-1.102	2.666
90161	HS6ST2	heparan sulfate 6-O-sulfotransferase 2	-1.172	1.943
2239	GPC4	glypican 4	0.276	1.373
2719	GPC3	glypican 3	-0.561	1.38
3251	HPRT1	hypoxanthine phosphoribosyltransferase 1	-0.322	3.128
100506757	LINC00629	long intergenic non-protein coding RNA 629	0.877	3.034
159090	PABIR2	PABIR family member 2	-0.238	2.03
8933	RTL8C	retrotransposon Gag like 8C	-0.182	1.886
26071	RTL8A	retrotransposon Gag like 8A	0.387	7.212
7626	ZNF75D	zinc finger protein 75D	0.32	5.152
203523	ZNF449	zinc finger protein 449	0.403	3.228
399668	SMIM10L2A	small integral membrane protein 10 like 2A	0.78	3.512
93380	MMGT1	membrane magnesium transporter 1	-0.167	1.684
10479	SLC9A6	solute carrier family 9 member A6	0.184	1.825
27336	HTATSF1	HIV-1 Tat specific factor 1	0.172	1.716
23641	LDOC1	LDOC1 regulator of NFKB signaling	-0.677	4.42
139065	SLITRK4	SLIT and NTRK like family member 4	-2.423	7.163
389898	UBE2NL	ubiquitin conjugating enzyme E2 N like (gene/pseudogene)	-0.358	2.387
2334	AFF2	ALF transcription elongation factor 2	-0.928	1.61
100131434	EOLA1-DT	EOLA1 divergent transcript	-0.693	5.91
100506164	HSFX1	heat shock transcription factor family, X-linked 1	-0.312	1.339
100272228	EOLA2-DT	EOLA2 divergent transcript	-0.301	1.671
4534	MTM1	myotubularin 1	0.291	2.686
8776	MTMR1	myotubularin related protein 1	0.13	1.55
83692	CD99L2	CD99 molecule like 2	0.237	2.213
203547	VMA21	vacuolar ATPase assembly factor VMA21	-0.221	2.678
2564	GABRE	gamma-aminobutyric acid type A receptor subunit epsilon	-0.492	1.431
50814	NSDHL	NAD(P) dependent steroid dehydrogenase-like	0.525	2.742
29944	PNMA3	PNMA family member 3	0.809	1.998
84968	PNMA6A	PNMA family member 6A	0.627	1.794
139735	ZFP92	ZFP92 zinc finger protein	0.528	3.023
633	BGN	biglycan	-0.753	1.865
92002	CCNQ	cyclin Q	0.641	5.194
139728	PNCK	pregnancy up-regulated nonubiquitous CaM kinase	0.434	1.578
5365	PLXNB3	plexin B3	-0.407	1.479
26576	SRPK3	SRSF protein kinase 3	-0.359	2.801
3421	IDH3G	isocitrate dehydrogenase (NAD(+)) 3 non-catalytic subunit gamma	0.142	1.328
57595	PDZD4	PDZ domain containing 4	-1.072	9.593
554	AVPR2	arginine vasopressin receptor 2	-0.53	2.68
8260	NAA10	N-alpha-acetyltransferase 10, NatA catalytic subunit	0.344	3.634
3654	IRAK1	interleukin 1 receptor associated kinase 1	0.537	5.367
4204	MECP2	methyl-CpG binding protein 2	-0.142	1.395
105373386	LOC105373386	uncharacterized LOC105373386	-0.661	2.094
2010	EMD	emerin	-0.19	1.741
6134	RPL10	ribosomal protein L10	-0.212	1.748
26778	SNORA70	small nucleolar RNA, H/ACA box 70	-0.963	13.043
9130	FAM50A	family with sequence similarity 50 member A	0.482	7.934
8266	UBL4A	ubiquitin like 4A	0.228	2.213
2539	G6PD	glucose-6-phosphate dehydrogenase	0.404	2.622
139716	GAB3	GRB2 associated binding protein 3	-0.456	1.604
4354	MPP1	MAGUK p55 scaffold protein 1	0.195	1.562
8263	F8A1	coagulation factor VIII associated 1	0.321	2.332
65991	FUNDC2	FUN14 domain containing 2	0.509	5.44
100272147	CMC4	C-X9-C motif containing 4	0.197	1.352
4515	MTCP1	mature T cell proliferation 1	0.282	3.311
79184	BRCC3	BRCA1/BRCA2-containing complex subunit 3	0.331	6.662
116442	RAB39B	RAB39B, member RAS oncogene family	-0.714	2.105
474383	F8A2	coagulation factor VIII associated 2	-0.255	1.341
474384	F8A3	coagulation factor VIII associated 3	-0.26	1.37
727856	DDX11L16	DEAD/H-box helicase 11 like 16 (pseudogene)	0.757	2.5
107987337	ZFY-AS1	ZFY antisense RNA 1	-1.3	1.763
283788	LOC283788	FSHD region gene 1 pseudogene	0.624	1.569
100507412	LOC100507412	uncharacterized LOC100507412	-0.77	3.558
100008589	RNA28SN5	RNA, 28S ribosomal N5	-0.692	1.676
112268313	LOC112268313		-1.302	4.883
112268317	LOC112268317	extensin-like	-1.635	2.822
101929819	LOC101929819	putative uncharacterized protein FLJ44672	-0.562	1.515
107987399	LOC107987399	replaced by ID 101929819	-0.642	1.303
107987398	LOC107987398	replaced by ID 101929819	-0.408	1.727
4549	RNR1	s-rRNA	0.431	1.998
4577	TRNV	tRNA-Val	1.469	8.004
4535	ND1	NADH dehydrogenase subunit 1	0.61	4.291
4565	TRNI	tRNA-Ile	-0.74	1.724
4572	TRNQ	tRNA-Gln	1.03	3.624
4569	TRNM	tRNA-Met	1.645	8.205
4536	ND2	NADH dehydrogenase subunit 2	0.724	6.187
4578	TRNW	tRNA-Trp	-1.395	4.659
4553	TRNA	tRNA-Ala	0.608	1.579
4512	COX1	cytochrome c oxidase subunit I	0.471	2.563
4555	TRND	tRNA-Asp	-1.281	5.525
4513	COX2	cytochrome c oxidase subunit II	0.85	7.341
4566	TRNK	tRNA-Lys	0.833	7.136
4509	ATP8	ATP synthase F0 subunit 8	0.99	7.568
4508	ATP6	ATP synthase F0 subunit 6	0.598	5.108
4514	COX3	cytochrome c oxidase subunit III	0.393	2.043
4563	TRNG	tRNA-Gly	-1.227	3.879
4537	ND3	NADH dehydrogenase subunit 3	0.462	2.849
4539	ND4L	NADH dehydrogenase subunit 4L	0.647	4.951
4538	ND4	NADH dehydrogenase subunit 4	0.409	2.69
4564	TRNH	tRNA-His	0.875	4.562
4575	TRNS2	tRNA-Ser	0.991	5.506
4568	TRNL2	tRNA-Leu	1.058	6.278
4540	ND5	NADH dehydrogenase subunit 5	0.471	2.745
4519	CYTB	cytochrome b	0.43	2.884
